2025-12-27 14:18:51 - 20251227_141851_ab25a214 - root - INFO - logger._configure_programmatic_logging:343 - Logging configured programmatically. Session ID: 20251227_141851_ab25a214. File log: D:\Coding\SafeAppeals2.0\python\logs\python\app_session_20251227_141851_ab25a214.log
2025-12-27 14:18:51 - 20251227_141851_ab25a214 - aichemist_codex.electron_bridge - INFO - electron_bridge.main:40 - Electron bridge starting
2025-12-27 14:18:51 - 20251227_141851_ab25a214 - aichemist_codex.electron_bridge - DEBUG - argument_parser.validate:62 - Validating arguments for mode: convert
2025-12-27 14:18:51 - 20251227_141851_ab25a214 - aichemist_codex.electron_bridge - DEBUG - argument_parser._validate_convert:84 - Validating convert mode arguments
2025-12-27 14:18:51 - 20251227_141851_ab25a214 - aichemist_codex.electron_bridge - DEBUG - base.validate_file_exists:150 - Validating file exists: d:\Steve\Documents\HumanRights\Donna\Dictation_Donna_Nov_28_2024.md
2025-12-27 14:18:51 - 20251227_141851_ab25a214 - aichemist_codex.electron_bridge - DEBUG - base.validate_file_exists:160 - File validation passed: d:\Steve\Documents\HumanRights\Donna\Dictation_Donna_Nov_28_2024.md
2025-12-27 14:18:51 - 20251227_141851_ab25a214 - aichemist_codex.electron_bridge - DEBUG - base.validate_output_directory:178 - Validating output directory: d:\Steve\Documents\HumanRights
2025-12-27 14:18:51 - 20251227_141851_ab25a214 - aichemist_codex.electron_bridge - DEBUG - base.validate_output_directory:188 - Output directory is writable: d:\Steve\Documents\HumanRights
2025-12-27 14:18:51 - 20251227_141851_ab25a214 - aichemist_codex.electron_bridge - DEBUG - argument_parser.validate:74 - Argument validation passed
2025-12-27 14:18:51 - 20251227_141851_ab25a214 - aichemist_codex.electron_bridge - INFO - electron_bridge.main:45 - Bridge mode: convert, type: md2pdf
2025-12-27 14:18:51 - 20251227_141851_ab25a214 - aichemist_codex.electron_bridge - DEBUG - progress_reporter.report:55 - Reporting progress: 0/100 - Initializing conversion...
2025-12-27 14:18:51 - 20251227_141851_ab25a214 - aichemist_codex.electron_bridge - DEBUG - base.send_json_message:49 - Sending PROGRESS message: {"current": 0, "total": 100, "message": "Initializing conversion...", "type": "single_progress", "filename": ""}...
2025-12-27 14:18:51 - 20251227_141851_ab25a214 - aichemist_codex.electron_bridge - DEBUG - progress_reporter.report:55 - Reporting progress: 10/100 - Loading converter...
2025-12-27 14:18:51 - 20251227_141851_ab25a214 - aichemist_codex.electron_bridge - DEBUG - base.send_json_message:49 - Sending PROGRESS message: {"current": 10, "total": 100, "message": "Loading converter...", "type": "single_progress", "filename": ""}...
2025-12-27 14:18:51 - 20251227_141851_ab25a214 - aichemist_codex.electron_bridge - DEBUG - conversion_handler.handle_single_conversion:41 - Importing plugins to trigger auto-registration
2025-12-27 14:18:52 - 20251227_141851_ab25a214 - aichemist_codex.converters.md2html - DEBUG - to_html.<module>:38 - Markdown library available
2025-12-27 14:18:52 - 20251227_141851_ab25a214 - aichemist_codex.plugins - DEBUG - __init__.<module>:20 - Markdown to HTML converter loaded
2025-12-27 14:18:52 - 20251227_141851_ab25a214 - aichemist_codex.plugins - DEBUG - __init__.<module>:29 - Markdown to PDF converter loaded
2025-12-27 14:18:52 - 20251227_141851_ab25a214 - aichemist_codex.plugins - DEBUG - __init__.<module>:38 - Markdown to DOCX converter loaded
2025-12-27 14:18:52 - 20251227_141851_ab25a214 - aichemist_codex.plugins - WARNING - __init__.<module>:55 - PDF to Markdown converters not available: No module named 'ocrmypdf'
2025-12-27 14:18:52 - 20251227_141851_ab25a214 - aichemist_codex.plugins - WARNING - __init__.<module>:64 - PDF to HTML converter not available: No module named 'ocrmypdf'
2025-12-27 14:18:52 - 20251227_141851_ab25a214 - aichemist_codex.plugins - WARNING - __init__.<module>:73 - PDF to Editable converter not available: No module named 'ocrmypdf'
2025-12-27 14:18:52 - 20251227_141851_ab25a214 - aichemist_codex.plugins - DEBUG - __init__.<module>:81 - DOCX to Markdown converter loaded
2025-12-27 14:18:52 - 20251227_141851_ab25a214 - aichemist_codex.plugins - DEBUG - __init__.<module>:90 - DOCX to PDF converter loaded
2025-12-27 14:18:52 - 20251227_141851_ab25a214 - aichemist_codex.plugins - DEBUG - __init__.<module>:100 - HTML to PDF converter loaded
2025-12-27 14:18:52 - 20251227_141851_ab25a214 - aichemist_codex.plugins - WARNING - __init__.<module>:112 - TXT to PDF converter not available: No module named 'reportlab'
2025-12-27 14:18:52 - 20251227_141851_ab25a214 - aichemist_codex.plugins - DEBUG - __init__.<module>:125 - Excel converters loaded
2025-12-27 14:18:52 - 20251227_141851_ab25a214 - aichemist_codex.plugins - DEBUG - __init__.<module>:136 - CSV converters loaded
2025-12-27 14:18:52 - 20251227_141851_ab25a214 - aichemist_codex.plugins - DEBUG - __init__.<module>:150 - PowerPoint converters loaded
2025-12-27 14:18:52 - 20251227_141851_ab25a214 - aichemist_codex.plugins - DEBUG - __init__.<module>:162 - Image converters loaded
2025-12-27 14:18:52 - 20251227_141851_ab25a214 - aichemist_codex.plugins - WARNING - __init__.<module>:174 - PDF to Excel converter not available: No module named 'ocrmypdf'
2025-12-27 14:18:52 - 20251227_141851_ab25a214 - aichemist_codex.plugins - WARNING - __init__.<module>:184 - PDF to Images converter not available: No module named 'ocrmypdf'
2025-12-27 14:18:52 - 20251227_141851_ab25a214 - aichemist_codex.plugins - WARNING - __init__.<module>:199 - Advanced PDF operations not available: No module named 'ocrmypdf'
2025-12-27 14:18:52 - 20251227_141851_ab25a214 - aichemist_codex.plugins - DEBUG - __init__.<module>:211 - EPUB converters loaded
2025-12-27 14:18:52 - 20251227_141851_ab25a214 - aichemist_codex.plugins - ERROR - __init__.<module>:227 - EPUB creation converters failed: name 'Document' is not defined
Traceback (most recent call last):
  File "D:\Coding\SafeAppeals2.0\python\transmutation_codex\plugins\__init__.py", line 219, in <module>
    from .docx.to_epub import convert_docx_to_epub
  File "D:\Coding\SafeAppeals2.0\python\transmutation_codex\plugins\docx\to_epub.py", line 248, in <module>
    def _docx_to_html(doc: Document) -> str:
                           ^^^^^^^^
NameError: name 'Document' is not defined
2025-12-27 14:18:52 - 20251227_141851_ab25a214 - aichemist_codex.plugins - INFO - __init__.<module>:229 - Plugin package initialized - all converters registered
2025-12-27 14:18:52 - 20251227_141851_ab25a214 - aichemist_codex.electron_bridge - DEBUG - conversion_handler.handle_single_conversion:44 - Successfully imported plugins
2025-12-27 14:18:52 - 20251227_141851_ab25a214 - aichemist_codex.electron_bridge - DEBUG - conversion_handler.handle_single_conversion:54 - Parsing conversion type: md2pdf
2025-12-27 14:18:52 - 20251227_141851_ab25a214 - aichemist_codex.electron_bridge - DEBUG - conversion_handler.handle_single_conversion:64 - Parsed conversion: md -> pdf
2025-12-27 14:18:52 - 20251227_141851_ab25a214 - aichemist_codex.electron_bridge - DEBUG - progress_reporter.report:55 - Reporting progress: 20/100 - Finding converter for md2pdf...
2025-12-27 14:18:52 - 20251227_141851_ab25a214 - aichemist_codex.electron_bridge - DEBUG - base.send_json_message:49 - Sending PROGRESS message: {"current": 20, "total": 100, "message": "Finding converter for md2pdf...", "type": "single_progress", "filename": ""}...
2025-12-27 14:18:52 - 20251227_141851_ab25a214 - aichemist_codex.electron_bridge - DEBUG - conversion_handler.handle_single_conversion:68 - Looking up converter in registry: md -> pdf
2025-12-27 14:18:52 - 20251227_141851_ab25a214 - aichemist_codex.electron_bridge - INFO - conversion_handler.handle_single_conversion:88 - Using converter: md_to_pdf_convert_md_to_pdf (priority: 10, version: 1.0.0)
2025-12-27 14:18:52 - 20251227_141851_ab25a214 - aichemist_codex.electron_bridge - DEBUG - progress_reporter.report:55 - Reporting progress: 30/100 - Converting Dictation_Donna_Nov_28_2024.md...
2025-12-27 14:18:52 - 20251227_141851_ab25a214 - aichemist_codex.electron_bridge - DEBUG - base.send_json_message:49 - Sending PROGRESS message: {"current": 30, "total": 100, "message": "Converting Dictation_Donna_Nov_28_2024.md...", "type": "single_progress", "filename": "Dictation_Donna_Nov_28_2024.md"}...
2025-12-27 14:18:52 - 20251227_141851_ab25a214 - aichemist_codex.electron_bridge - INFO - conversion_handler.handle_single_conversion:107 - Executing conversion: Dictation_Donna_Nov_28_2024.md -> Dictation_Donna_Nov_28_2024.pdf
2025-12-27 14:18:52 - 20251227_141851_ab25a214 - aichemist_codex.electron_bridge - DEBUG - conversion_handler.handle_single_conversion:108 - Converter options: {'force_ocr': False, 'include_charts': False, 'preserve_formatting': False, 'include_notes': False, 'include_images': False, 'use_lossless_compression': False, 'reduce_image_resolution': False, 'export_bookmarks': False, 'export_notes': False, 'pdfa': False, 'deskew': False, 'clean': False, 'redo_ocr': False}
2025-12-27 14:18:52 - 20251227_141851_ab25a214 - aichemist_codex.electron_bridge - DEBUG - conversion_handler.handle_single_conversion:115 - Calling converter function
2025-12-27 14:18:52 - 20251227_141851_ab25a214 - aichemist_codex.transmutation_codex.utils.validators - DEBUG - validators.validate_file_path:51 - Validating file path: d:\Steve\Documents\HumanRights\Donna\Dictation_Donna_Nov_28_2024.md
2025-12-27 14:18:52 - 20251227_141851_ab25a214 - aichemist_codex.transmutation_codex.utils.validators - DEBUG - validators.validate_file_path:89 - File path validation passed: d:\Steve\Documents\HumanRights\Donna\Dictation_Donna_Nov_28_2024.md
2025-12-27 14:18:52 - 20251227_141851_ab25a214 - aichemist_codex.transmutation_codex.utils.validators - DEBUG - validators.validate_file_size:193 - Validating file size: d:\Steve\Documents\HumanRights\Donna\Dictation_Donna_Nov_28_2024.md (max: 50MB)
2025-12-27 14:18:52 - 20251227_141851_ab25a214 - aichemist_codex.transmutation_codex.utils.validators - DEBUG - validators.validate_file_size:214 - File size: 0.02MB
2025-12-27 14:18:52 - 20251227_141851_ab25a214 - aichemist_codex.transmutation_codex.utils.validators - DEBUG - validators.validate_file_size:221 - File size validation passed: 0.02MB
2025-12-27 14:18:52 - 20251227_141851_ab25a214 - aichemist_codex.converters.md2pdf - INFO - to_pdf.convert_md_to_pdf:127 - Starting Markdown to PDF conversion: d:\Steve\Documents\HumanRights\Donna\Dictation_Donna_Nov_28_2024.md
2025-12-27 14:18:52 - 20251227_141851_ab25a214 - aichemist_codex.converters.md2pdf - DEBUG - to_pdf.convert_md_to_pdf:132 - Feature access check passed for md2pdf
2025-12-27 14:18:52 - 20251227_141851_ab25a214 - aichemist_codex.converters.md2pdf - DEBUG - to_pdf.convert_md_to_pdf:139 - Resolved input path: D:\Steve\Documents\HumanRights\Donna\Dictation_Donna_Nov_28_2024.md
2025-12-27 14:18:52 - 20251227_141851_ab25a214 - aichemist_codex.converters.md2pdf - DEBUG - to_pdf.convert_md_to_pdf:144 - File size check passed
2025-12-27 14:18:52 - 20251227_141851_ab25a214 - aichemist_codex.converters.md2pdf - INFO - to_pdf.convert_md_to_pdf:182 - Converting D:\Steve\Documents\HumanRights\Donna\Dictation_Donna_Nov_28_2024.md to PDF using marker: '<!-- pagebreak -->'
2025-12-27 14:18:52 - 20251227_141851_ab25a214 - aichemist_codex.converters.md2pdf - DEBUG - to_pdf.convert_md_to_pdf:188 - Reading markdown file content
2025-12-27 14:18:52 - 20251227_141851_ab25a214 - aichemist_codex.converters.md2pdf - DEBUG - to_pdf.convert_md_to_pdf:193 - Successfully read 16149 characters from markdown file
2025-12-27 14:18:52 - 20251227_141851_ab25a214 - aichemist_codex.converters.md2pdf - DEBUG - to_pdf.convert_md_to_pdf:208 - Using title: Dictation_Donna_Nov_28_2024.md
2025-12-27 14:18:52 - 20251227_141851_ab25a214 - aichemist_codex.converters.md2pdf - DEBUG - to_pdf.convert_md_to_pdf:228 - Injected default table styles.
2025-12-27 14:18:52 - 20251227_141851_ab25a214 - aichemist_codex.converters.md2pdf - INFO - to_pdf.convert_md_to_pdf:252 - No page breaks found.
2025-12-27 14:18:52 - 20251227_141851_ab25a214 - markdown_it.rules_block.code - DEBUG - code.code:10 - entering code: StateBlock(line=1,level=0,tokens=0), 1, 296, False
2025-12-27 14:18:52 - 20251227_141851_ab25a214 - markdown_it.rules_block.fence - DEBUG - fence.fence:10 - entering fence: StateBlock(line=1,level=0,tokens=0), 1, 296, False
2025-12-27 14:18:52 - 20251227_141851_ab25a214 - markdown_it.rules_block.blockquote - DEBUG - blockquote.blockquote:13 - entering blockquote: StateBlock(line=1,level=0,tokens=0), 1, 296, False
2025-12-27 14:18:52 - 20251227_141851_ab25a214 - markdown_it.rules_block.hr - DEBUG - hr.hr:14 - entering hr: StateBlock(line=1,level=0,tokens=0), 1, 296, False
2025-12-27 14:18:52 - 20251227_141851_ab25a214 - markdown_it.rules_block.list - DEBUG - list.list_block:102 - entering list: StateBlock(line=1,level=0,tokens=0), 1, 296, False
2025-12-27 14:18:52 - 20251227_141851_ab25a214 - markdown_it.rules_block.reference - DEBUG - reference.reference:10 - entering reference: StateBlock(line=1,level=0,tokens=0), 1, 296, False
2025-12-27 14:18:52 - 20251227_141851_ab25a214 - markdown_it.rules_block.html_block - DEBUG - html_block.html_block:35 - entering html_block: StateBlock(line=1,level=0,tokens=0), 1, 296, False
2025-12-27 14:18:52 - 20251227_141851_ab25a214 - markdown_it.rules_block.code - DEBUG - code.code:10 - entering code: StateBlock(line=23,level=0,tokens=1), 23, 296, False
2025-12-27 14:18:52 - 20251227_141851_ab25a214 - markdown_it.rules_block.fence - DEBUG - fence.fence:10 - entering fence: StateBlock(line=23,level=0,tokens=1), 23, 296, False
2025-12-27 14:18:52 - 20251227_141851_ab25a214 - markdown_it.rules_block.blockquote - DEBUG - blockquote.blockquote:13 - entering blockquote: StateBlock(line=23,level=0,tokens=1), 23, 296, False
2025-12-27 14:18:52 - 20251227_141851_ab25a214 - markdown_it.rules_block.hr - DEBUG - hr.hr:14 - entering hr: StateBlock(line=23,level=0,tokens=1), 23, 296, False
2025-12-27 14:18:52 - 20251227_141851_ab25a214 - markdown_it.rules_block.list - DEBUG - list.list_block:102 - entering list: StateBlock(line=23,level=0,tokens=1), 23, 296, False
2025-12-27 14:18:52 - 20251227_141851_ab25a214 - markdown_it.rules_block.reference - DEBUG - reference.reference:10 - entering reference: StateBlock(line=23,level=0,tokens=1), 23, 296, False
2025-12-27 14:18:52 - 20251227_141851_ab25a214 - markdown_it.rules_block.html_block - DEBUG - html_block.html_block:35 - entering html_block: StateBlock(line=23,level=0,tokens=1), 23, 296, False
2025-12-27 14:18:52 - 20251227_141851_ab25a214 - markdown_it.rules_block.heading - DEBUG - heading.heading:13 - entering heading: StateBlock(line=23,level=0,tokens=1), 23, 296, False
2025-12-27 14:18:52 - 20251227_141851_ab25a214 - markdown_it.rules_block.lheading - DEBUG - lheading.lheading:10 - entering lheading: StateBlock(line=23,level=0,tokens=1), 23, 296, False
2025-12-27 14:18:52 - 20251227_141851_ab25a214 - markdown_it.rules_block.fence - DEBUG - fence.fence:10 - entering fence: StateBlock(line=23,level=0,tokens=1), 24, 296, True
2025-12-27 14:18:52 - 20251227_141851_ab25a214 - markdown_it.rules_block.blockquote - DEBUG - blockquote.blockquote:13 - entering blockquote: StateBlock(line=23,level=0,tokens=1), 24, 296, True
2025-12-27 14:18:52 - 20251227_141851_ab25a214 - markdown_it.rules_block.hr - DEBUG - hr.hr:14 - entering hr: StateBlock(line=23,level=0,tokens=1), 24, 296, True
2025-12-27 14:18:52 - 20251227_141851_ab25a214 - markdown_it.rules_block.list - DEBUG - list.list_block:102 - entering list: StateBlock(line=23,level=0,tokens=1), 24, 296, True
2025-12-27 14:18:52 - 20251227_141851_ab25a214 - markdown_it.rules_block.html_block - DEBUG - html_block.html_block:35 - entering html_block: StateBlock(line=23,level=0,tokens=1), 24, 296, True
2025-12-27 14:18:52 - 20251227_141851_ab25a214 - markdown_it.rules_block.heading - DEBUG - heading.heading:13 - entering heading: StateBlock(line=23,level=0,tokens=1), 24, 296, True
2025-12-27 14:18:52 - 20251227_141851_ab25a214 - markdown_it.rules_block.fence - DEBUG - fence.fence:10 - entering fence: StateBlock(line=23,level=0,tokens=1), 25, 296, True
2025-12-27 14:18:52 - 20251227_141851_ab25a214 - markdown_it.rules_block.blockquote - DEBUG - blockquote.blockquote:13 - entering blockquote: StateBlock(line=23,level=0,tokens=1), 25, 296, True
2025-12-27 14:18:52 - 20251227_141851_ab25a214 - markdown_it.rules_block.hr - DEBUG - hr.hr:14 - entering hr: StateBlock(line=23,level=0,tokens=1), 25, 296, True
2025-12-27 14:18:52 - 20251227_141851_ab25a214 - markdown_it.rules_block.list - DEBUG - list.list_block:102 - entering list: StateBlock(line=23,level=0,tokens=1), 25, 296, True
2025-12-27 14:18:52 - 20251227_141851_ab25a214 - markdown_it.rules_block.html_block - DEBUG - html_block.html_block:35 - entering html_block: StateBlock(line=23,level=0,tokens=1), 25, 296, True
2025-12-27 14:18:52 - 20251227_141851_ab25a214 - markdown_it.rules_block.heading - DEBUG - heading.heading:13 - entering heading: StateBlock(line=23,level=0,tokens=1), 25, 296, True
2025-12-27 14:18:52 - 20251227_141851_ab25a214 - markdown_it.rules_block.paragraph - DEBUG - paragraph.paragraph:10 - entering paragraph: StateBlock(line=23,level=0,tokens=1), 23, 296, False
2025-12-27 14:18:52 - 20251227_141851_ab25a214 - markdown_it.rules_block.fence - DEBUG - fence.fence:10 - entering fence: StateBlock(line=23,level=0,tokens=1), 24, 296, True
2025-12-27 14:18:52 - 20251227_141851_ab25a214 - markdown_it.rules_block.blockquote - DEBUG - blockquote.blockquote:13 - entering blockquote: StateBlock(line=23,level=0,tokens=1), 24, 296, True
2025-12-27 14:18:52 - 20251227_141851_ab25a214 - markdown_it.rules_block.hr - DEBUG - hr.hr:14 - entering hr: StateBlock(line=23,level=0,tokens=1), 24, 296, True
2025-12-27 14:18:52 - 20251227_141851_ab25a214 - markdown_it.rules_block.list - DEBUG - list.list_block:102 - entering list: StateBlock(line=23,level=0,tokens=1), 24, 296, True
2025-12-27 14:18:52 - 20251227_141851_ab25a214 - markdown_it.rules_block.html_block - DEBUG - html_block.html_block:35 - entering html_block: StateBlock(line=23,level=0,tokens=1), 24, 296, True
2025-12-27 14:18:52 - 20251227_141851_ab25a214 - markdown_it.rules_block.heading - DEBUG - heading.heading:13 - entering heading: StateBlock(line=23,level=0,tokens=1), 24, 296, True
2025-12-27 14:18:52 - 20251227_141851_ab25a214 - markdown_it.rules_block.fence - DEBUG - fence.fence:10 - entering fence: StateBlock(line=23,level=0,tokens=1), 25, 296, True
2025-12-27 14:18:52 - 20251227_141851_ab25a214 - markdown_it.rules_block.blockquote - DEBUG - blockquote.blockquote:13 - entering blockquote: StateBlock(line=23,level=0,tokens=1), 25, 296, True
2025-12-27 14:18:52 - 20251227_141851_ab25a214 - markdown_it.rules_block.hr - DEBUG - hr.hr:14 - entering hr: StateBlock(line=23,level=0,tokens=1), 25, 296, True
2025-12-27 14:18:52 - 20251227_141851_ab25a214 - markdown_it.rules_block.list - DEBUG - list.list_block:102 - entering list: StateBlock(line=23,level=0,tokens=1), 25, 296, True
2025-12-27 14:18:52 - 20251227_141851_ab25a214 - markdown_it.rules_block.html_block - DEBUG - html_block.html_block:35 - entering html_block: StateBlock(line=23,level=0,tokens=1), 25, 296, True
2025-12-27 14:18:52 - 20251227_141851_ab25a214 - markdown_it.rules_block.heading - DEBUG - heading.heading:13 - entering heading: StateBlock(line=23,level=0,tokens=1), 25, 296, True
2025-12-27 14:18:52 - 20251227_141851_ab25a214 - markdown_it.rules_block.code - DEBUG - code.code:10 - entering code: StateBlock(line=27,level=0,tokens=4), 27, 296, False
2025-12-27 14:18:52 - 20251227_141851_ab25a214 - markdown_it.rules_block.fence - DEBUG - fence.fence:10 - entering fence: StateBlock(line=27,level=0,tokens=4), 27, 296, False
2025-12-27 14:18:52 - 20251227_141851_ab25a214 - markdown_it.rules_block.blockquote - DEBUG - blockquote.blockquote:13 - entering blockquote: StateBlock(line=27,level=0,tokens=4), 27, 296, False
2025-12-27 14:18:52 - 20251227_141851_ab25a214 - markdown_it.rules_block.hr - DEBUG - hr.hr:14 - entering hr: StateBlock(line=27,level=0,tokens=4), 27, 296, False
2025-12-27 14:18:52 - 20251227_141851_ab25a214 - markdown_it.rules_block.code - DEBUG - code.code:10 - entering code: StateBlock(line=29,level=0,tokens=5), 29, 296, False
2025-12-27 14:18:52 - 20251227_141851_ab25a214 - markdown_it.rules_block.fence - DEBUG - fence.fence:10 - entering fence: StateBlock(line=29,level=0,tokens=5), 29, 296, False
2025-12-27 14:18:52 - 20251227_141851_ab25a214 - markdown_it.rules_block.blockquote - DEBUG - blockquote.blockquote:13 - entering blockquote: StateBlock(line=29,level=0,tokens=5), 29, 296, False
2025-12-27 14:18:52 - 20251227_141851_ab25a214 - markdown_it.rules_block.hr - DEBUG - hr.hr:14 - entering hr: StateBlock(line=29,level=0,tokens=5), 29, 296, False
2025-12-27 14:18:52 - 20251227_141851_ab25a214 - markdown_it.rules_block.list - DEBUG - list.list_block:102 - entering list: StateBlock(line=29,level=0,tokens=5), 29, 296, False
2025-12-27 14:18:52 - 20251227_141851_ab25a214 - markdown_it.rules_block.reference - DEBUG - reference.reference:10 - entering reference: StateBlock(line=29,level=0,tokens=5), 29, 296, False
2025-12-27 14:18:52 - 20251227_141851_ab25a214 - markdown_it.rules_block.html_block - DEBUG - html_block.html_block:35 - entering html_block: StateBlock(line=29,level=0,tokens=5), 29, 296, False
2025-12-27 14:18:52 - 20251227_141851_ab25a214 - markdown_it.rules_block.heading - DEBUG - heading.heading:13 - entering heading: StateBlock(line=29,level=0,tokens=5), 29, 296, False
2025-12-27 14:18:52 - 20251227_141851_ab25a214 - markdown_it.rules_block.lheading - DEBUG - lheading.lheading:10 - entering lheading: StateBlock(line=29,level=0,tokens=5), 29, 296, False
2025-12-27 14:18:52 - 20251227_141851_ab25a214 - markdown_it.rules_block.paragraph - DEBUG - paragraph.paragraph:10 - entering paragraph: StateBlock(line=29,level=0,tokens=5), 29, 296, False
2025-12-27 14:18:52 - 20251227_141851_ab25a214 - markdown_it.rules_block.code - DEBUG - code.code:10 - entering code: StateBlock(line=31,level=0,tokens=8), 31, 296, False
2025-12-27 14:18:52 - 20251227_141851_ab25a214 - markdown_it.rules_block.fence - DEBUG - fence.fence:10 - entering fence: StateBlock(line=31,level=0,tokens=8), 31, 296, False
2025-12-27 14:18:52 - 20251227_141851_ab25a214 - markdown_it.rules_block.blockquote - DEBUG - blockquote.blockquote:13 - entering blockquote: StateBlock(line=31,level=0,tokens=8), 31, 296, False
2025-12-27 14:18:52 - 20251227_141851_ab25a214 - markdown_it.rules_block.hr - DEBUG - hr.hr:14 - entering hr: StateBlock(line=31,level=0,tokens=8), 31, 296, False
2025-12-27 14:18:52 - 20251227_141851_ab25a214 - markdown_it.rules_block.list - DEBUG - list.list_block:102 - entering list: StateBlock(line=31,level=0,tokens=8), 31, 296, False
2025-12-27 14:18:52 - 20251227_141851_ab25a214 - markdown_it.rules_block.reference - DEBUG - reference.reference:10 - entering reference: StateBlock(line=31,level=0,tokens=8), 31, 296, False
2025-12-27 14:18:52 - 20251227_141851_ab25a214 - markdown_it.rules_block.html_block - DEBUG - html_block.html_block:35 - entering html_block: StateBlock(line=31,level=0,tokens=8), 31, 296, False
2025-12-27 14:18:52 - 20251227_141851_ab25a214 - markdown_it.rules_block.heading - DEBUG - heading.heading:13 - entering heading: StateBlock(line=31,level=0,tokens=8), 31, 296, False
2025-12-27 14:18:52 - 20251227_141851_ab25a214 - markdown_it.rules_block.lheading - DEBUG - lheading.lheading:10 - entering lheading: StateBlock(line=31,level=0,tokens=8), 31, 296, False
2025-12-27 14:18:52 - 20251227_141851_ab25a214 - markdown_it.rules_block.paragraph - DEBUG - paragraph.paragraph:10 - entering paragraph: StateBlock(line=31,level=0,tokens=8), 31, 296, False
2025-12-27 14:18:52 - 20251227_141851_ab25a214 - markdown_it.rules_block.code - DEBUG - code.code:10 - entering code: StateBlock(line=33,level=0,tokens=11), 33, 296, False
2025-12-27 14:18:52 - 20251227_141851_ab25a214 - markdown_it.rules_block.fence - DEBUG - fence.fence:10 - entering fence: StateBlock(line=33,level=0,tokens=11), 33, 296, False
2025-12-27 14:18:52 - 20251227_141851_ab25a214 - markdown_it.rules_block.blockquote - DEBUG - blockquote.blockquote:13 - entering blockquote: StateBlock(line=33,level=0,tokens=11), 33, 296, False
2025-12-27 14:18:52 - 20251227_141851_ab25a214 - markdown_it.rules_block.hr - DEBUG - hr.hr:14 - entering hr: StateBlock(line=33,level=0,tokens=11), 33, 296, False
2025-12-27 14:18:52 - 20251227_141851_ab25a214 - markdown_it.rules_block.list - DEBUG - list.list_block:102 - entering list: StateBlock(line=33,level=0,tokens=11), 33, 296, False
2025-12-27 14:18:52 - 20251227_141851_ab25a214 - markdown_it.rules_block.reference - DEBUG - reference.reference:10 - entering reference: StateBlock(line=33,level=0,tokens=11), 33, 296, False
2025-12-27 14:18:52 - 20251227_141851_ab25a214 - markdown_it.rules_block.html_block - DEBUG - html_block.html_block:35 - entering html_block: StateBlock(line=33,level=0,tokens=11), 33, 296, False
2025-12-27 14:18:52 - 20251227_141851_ab25a214 - markdown_it.rules_block.heading - DEBUG - heading.heading:13 - entering heading: StateBlock(line=33,level=0,tokens=11), 33, 296, False
2025-12-27 14:18:52 - 20251227_141851_ab25a214 - markdown_it.rules_block.lheading - DEBUG - lheading.lheading:10 - entering lheading: StateBlock(line=33,level=0,tokens=11), 33, 296, False
2025-12-27 14:18:52 - 20251227_141851_ab25a214 - markdown_it.rules_block.paragraph - DEBUG - paragraph.paragraph:10 - entering paragraph: StateBlock(line=33,level=0,tokens=11), 33, 296, False
2025-12-27 14:18:52 - 20251227_141851_ab25a214 - markdown_it.rules_block.code - DEBUG - code.code:10 - entering code: StateBlock(line=35,level=0,tokens=14), 35, 296, False
2025-12-27 14:18:52 - 20251227_141851_ab25a214 - markdown_it.rules_block.fence - DEBUG - fence.fence:10 - entering fence: StateBlock(line=35,level=0,tokens=14), 35, 296, False
2025-12-27 14:18:52 - 20251227_141851_ab25a214 - markdown_it.rules_block.blockquote - DEBUG - blockquote.blockquote:13 - entering blockquote: StateBlock(line=35,level=0,tokens=14), 35, 296, False
2025-12-27 14:18:52 - 20251227_141851_ab25a214 - markdown_it.rules_block.hr - DEBUG - hr.hr:14 - entering hr: StateBlock(line=35,level=0,tokens=14), 35, 296, False
2025-12-27 14:18:52 - 20251227_141851_ab25a214 - markdown_it.rules_block.list - DEBUG - list.list_block:102 - entering list: StateBlock(line=35,level=0,tokens=14), 35, 296, False
2025-12-27 14:18:52 - 20251227_141851_ab25a214 - markdown_it.rules_block.reference - DEBUG - reference.reference:10 - entering reference: StateBlock(line=35,level=0,tokens=14), 35, 296, False
2025-12-27 14:18:52 - 20251227_141851_ab25a214 - markdown_it.rules_block.html_block - DEBUG - html_block.html_block:35 - entering html_block: StateBlock(line=35,level=0,tokens=14), 35, 296, False
2025-12-27 14:18:52 - 20251227_141851_ab25a214 - markdown_it.rules_block.heading - DEBUG - heading.heading:13 - entering heading: StateBlock(line=35,level=0,tokens=14), 35, 296, False
2025-12-27 14:18:52 - 20251227_141851_ab25a214 - markdown_it.rules_block.lheading - DEBUG - lheading.lheading:10 - entering lheading: StateBlock(line=35,level=0,tokens=14), 35, 296, False
2025-12-27 14:18:52 - 20251227_141851_ab25a214 - markdown_it.rules_block.paragraph - DEBUG - paragraph.paragraph:10 - entering paragraph: StateBlock(line=35,level=0,tokens=14), 35, 296, False
2025-12-27 14:18:52 - 20251227_141851_ab25a214 - markdown_it.rules_block.code - DEBUG - code.code:10 - entering code: StateBlock(line=37,level=0,tokens=17), 37, 296, False
2025-12-27 14:18:52 - 20251227_141851_ab25a214 - markdown_it.rules_block.fence - DEBUG - fence.fence:10 - entering fence: StateBlock(line=37,level=0,tokens=17), 37, 296, False
2025-12-27 14:18:52 - 20251227_141851_ab25a214 - markdown_it.rules_block.blockquote - DEBUG - blockquote.blockquote:13 - entering blockquote: StateBlock(line=37,level=0,tokens=17), 37, 296, False
2025-12-27 14:18:52 - 20251227_141851_ab25a214 - markdown_it.rules_block.hr - DEBUG - hr.hr:14 - entering hr: StateBlock(line=37,level=0,tokens=17), 37, 296, False
2025-12-27 14:18:52 - 20251227_141851_ab25a214 - markdown_it.rules_block.list - DEBUG - list.list_block:102 - entering list: StateBlock(line=37,level=0,tokens=17), 37, 296, False
2025-12-27 14:18:52 - 20251227_141851_ab25a214 - markdown_it.rules_block.reference - DEBUG - reference.reference:10 - entering reference: StateBlock(line=37,level=0,tokens=17), 37, 296, False
2025-12-27 14:18:52 - 20251227_141851_ab25a214 - markdown_it.rules_block.html_block - DEBUG - html_block.html_block:35 - entering html_block: StateBlock(line=37,level=0,tokens=17), 37, 296, False
2025-12-27 14:18:52 - 20251227_141851_ab25a214 - markdown_it.rules_block.heading - DEBUG - heading.heading:13 - entering heading: StateBlock(line=37,level=0,tokens=17), 37, 296, False
2025-12-27 14:18:52 - 20251227_141851_ab25a214 - markdown_it.rules_block.lheading - DEBUG - lheading.lheading:10 - entering lheading: StateBlock(line=37,level=0,tokens=17), 37, 296, False
2025-12-27 14:18:52 - 20251227_141851_ab25a214 - markdown_it.rules_block.paragraph - DEBUG - paragraph.paragraph:10 - entering paragraph: StateBlock(line=37,level=0,tokens=17), 37, 296, False
2025-12-27 14:18:52 - 20251227_141851_ab25a214 - markdown_it.rules_block.code - DEBUG - code.code:10 - entering code: StateBlock(line=39,level=0,tokens=20), 39, 296, False
2025-12-27 14:18:52 - 20251227_141851_ab25a214 - markdown_it.rules_block.fence - DEBUG - fence.fence:10 - entering fence: StateBlock(line=39,level=0,tokens=20), 39, 296, False
2025-12-27 14:18:52 - 20251227_141851_ab25a214 - markdown_it.rules_block.blockquote - DEBUG - blockquote.blockquote:13 - entering blockquote: StateBlock(line=39,level=0,tokens=20), 39, 296, False
2025-12-27 14:18:52 - 20251227_141851_ab25a214 - markdown_it.rules_block.hr - DEBUG - hr.hr:14 - entering hr: StateBlock(line=39,level=0,tokens=20), 39, 296, False
2025-12-27 14:18:52 - 20251227_141851_ab25a214 - markdown_it.rules_block.list - DEBUG - list.list_block:102 - entering list: StateBlock(line=39,level=0,tokens=20), 39, 296, False
2025-12-27 14:18:52 - 20251227_141851_ab25a214 - markdown_it.rules_block.reference - DEBUG - reference.reference:10 - entering reference: StateBlock(line=39,level=0,tokens=20), 39, 296, False
2025-12-27 14:18:52 - 20251227_141851_ab25a214 - markdown_it.rules_block.html_block - DEBUG - html_block.html_block:35 - entering html_block: StateBlock(line=39,level=0,tokens=20), 39, 296, False
2025-12-27 14:18:52 - 20251227_141851_ab25a214 - markdown_it.rules_block.heading - DEBUG - heading.heading:13 - entering heading: StateBlock(line=39,level=0,tokens=20), 39, 296, False
2025-12-27 14:18:52 - 20251227_141851_ab25a214 - markdown_it.rules_block.lheading - DEBUG - lheading.lheading:10 - entering lheading: StateBlock(line=39,level=0,tokens=20), 39, 296, False
2025-12-27 14:18:52 - 20251227_141851_ab25a214 - markdown_it.rules_block.paragraph - DEBUG - paragraph.paragraph:10 - entering paragraph: StateBlock(line=39,level=0,tokens=20), 39, 296, False
2025-12-27 14:18:52 - 20251227_141851_ab25a214 - markdown_it.rules_block.code - DEBUG - code.code:10 - entering code: StateBlock(line=41,level=0,tokens=23), 41, 296, False
2025-12-27 14:18:52 - 20251227_141851_ab25a214 - markdown_it.rules_block.fence - DEBUG - fence.fence:10 - entering fence: StateBlock(line=41,level=0,tokens=23), 41, 296, False
2025-12-27 14:18:52 - 20251227_141851_ab25a214 - markdown_it.rules_block.blockquote - DEBUG - blockquote.blockquote:13 - entering blockquote: StateBlock(line=41,level=0,tokens=23), 41, 296, False
2025-12-27 14:18:52 - 20251227_141851_ab25a214 - markdown_it.rules_block.hr - DEBUG - hr.hr:14 - entering hr: StateBlock(line=41,level=0,tokens=23), 41, 296, False
2025-12-27 14:18:52 - 20251227_141851_ab25a214 - markdown_it.rules_block.list - DEBUG - list.list_block:102 - entering list: StateBlock(line=41,level=0,tokens=23), 41, 296, False
2025-12-27 14:18:52 - 20251227_141851_ab25a214 - markdown_it.rules_block.reference - DEBUG - reference.reference:10 - entering reference: StateBlock(line=41,level=0,tokens=23), 41, 296, False
2025-12-27 14:18:52 - 20251227_141851_ab25a214 - markdown_it.rules_block.html_block - DEBUG - html_block.html_block:35 - entering html_block: StateBlock(line=41,level=0,tokens=23), 41, 296, False
2025-12-27 14:18:52 - 20251227_141851_ab25a214 - markdown_it.rules_block.heading - DEBUG - heading.heading:13 - entering heading: StateBlock(line=41,level=0,tokens=23), 41, 296, False
2025-12-27 14:18:52 - 20251227_141851_ab25a214 - markdown_it.rules_block.lheading - DEBUG - lheading.lheading:10 - entering lheading: StateBlock(line=41,level=0,tokens=23), 41, 296, False
2025-12-27 14:18:52 - 20251227_141851_ab25a214 - markdown_it.rules_block.paragraph - DEBUG - paragraph.paragraph:10 - entering paragraph: StateBlock(line=41,level=0,tokens=23), 41, 296, False
2025-12-27 14:18:52 - 20251227_141851_ab25a214 - markdown_it.rules_block.code - DEBUG - code.code:10 - entering code: StateBlock(line=43,level=0,tokens=26), 43, 296, False
2025-12-27 14:18:52 - 20251227_141851_ab25a214 - markdown_it.rules_block.fence - DEBUG - fence.fence:10 - entering fence: StateBlock(line=43,level=0,tokens=26), 43, 296, False
2025-12-27 14:18:52 - 20251227_141851_ab25a214 - markdown_it.rules_block.blockquote - DEBUG - blockquote.blockquote:13 - entering blockquote: StateBlock(line=43,level=0,tokens=26), 43, 296, False
2025-12-27 14:18:52 - 20251227_141851_ab25a214 - markdown_it.rules_block.hr - DEBUG - hr.hr:14 - entering hr: StateBlock(line=43,level=0,tokens=26), 43, 296, False
2025-12-27 14:18:52 - 20251227_141851_ab25a214 - markdown_it.rules_block.list - DEBUG - list.list_block:102 - entering list: StateBlock(line=43,level=0,tokens=26), 43, 296, False
2025-12-27 14:18:52 - 20251227_141851_ab25a214 - markdown_it.rules_block.reference - DEBUG - reference.reference:10 - entering reference: StateBlock(line=43,level=0,tokens=26), 43, 296, False
2025-12-27 14:18:52 - 20251227_141851_ab25a214 - markdown_it.rules_block.html_block - DEBUG - html_block.html_block:35 - entering html_block: StateBlock(line=43,level=0,tokens=26), 43, 296, False
2025-12-27 14:18:52 - 20251227_141851_ab25a214 - markdown_it.rules_block.heading - DEBUG - heading.heading:13 - entering heading: StateBlock(line=43,level=0,tokens=26), 43, 296, False
2025-12-27 14:18:52 - 20251227_141851_ab25a214 - markdown_it.rules_block.lheading - DEBUG - lheading.lheading:10 - entering lheading: StateBlock(line=43,level=0,tokens=26), 43, 296, False
2025-12-27 14:18:52 - 20251227_141851_ab25a214 - markdown_it.rules_block.paragraph - DEBUG - paragraph.paragraph:10 - entering paragraph: StateBlock(line=43,level=0,tokens=26), 43, 296, False
2025-12-27 14:18:52 - 20251227_141851_ab25a214 - markdown_it.rules_block.code - DEBUG - code.code:10 - entering code: StateBlock(line=45,level=0,tokens=29), 45, 296, False
2025-12-27 14:18:52 - 20251227_141851_ab25a214 - markdown_it.rules_block.fence - DEBUG - fence.fence:10 - entering fence: StateBlock(line=45,level=0,tokens=29), 45, 296, False
2025-12-27 14:18:52 - 20251227_141851_ab25a214 - markdown_it.rules_block.blockquote - DEBUG - blockquote.blockquote:13 - entering blockquote: StateBlock(line=45,level=0,tokens=29), 45, 296, False
2025-12-27 14:18:52 - 20251227_141851_ab25a214 - markdown_it.rules_block.hr - DEBUG - hr.hr:14 - entering hr: StateBlock(line=45,level=0,tokens=29), 45, 296, False
2025-12-27 14:18:52 - 20251227_141851_ab25a214 - markdown_it.rules_block.list - DEBUG - list.list_block:102 - entering list: StateBlock(line=45,level=0,tokens=29), 45, 296, False
2025-12-27 14:18:52 - 20251227_141851_ab25a214 - markdown_it.rules_block.reference - DEBUG - reference.reference:10 - entering reference: StateBlock(line=45,level=0,tokens=29), 45, 296, False
2025-12-27 14:18:52 - 20251227_141851_ab25a214 - markdown_it.rules_block.html_block - DEBUG - html_block.html_block:35 - entering html_block: StateBlock(line=45,level=0,tokens=29), 45, 296, False
2025-12-27 14:18:52 - 20251227_141851_ab25a214 - markdown_it.rules_block.heading - DEBUG - heading.heading:13 - entering heading: StateBlock(line=45,level=0,tokens=29), 45, 296, False
2025-12-27 14:18:52 - 20251227_141851_ab25a214 - markdown_it.rules_block.lheading - DEBUG - lheading.lheading:10 - entering lheading: StateBlock(line=45,level=0,tokens=29), 45, 296, False
2025-12-27 14:18:52 - 20251227_141851_ab25a214 - markdown_it.rules_block.paragraph - DEBUG - paragraph.paragraph:10 - entering paragraph: StateBlock(line=45,level=0,tokens=29), 45, 296, False
2025-12-27 14:18:52 - 20251227_141851_ab25a214 - markdown_it.rules_block.code - DEBUG - code.code:10 - entering code: StateBlock(line=47,level=0,tokens=32), 47, 296, False
2025-12-27 14:18:52 - 20251227_141851_ab25a214 - markdown_it.rules_block.fence - DEBUG - fence.fence:10 - entering fence: StateBlock(line=47,level=0,tokens=32), 47, 296, False
2025-12-27 14:18:52 - 20251227_141851_ab25a214 - markdown_it.rules_block.blockquote - DEBUG - blockquote.blockquote:13 - entering blockquote: StateBlock(line=47,level=0,tokens=32), 47, 296, False
2025-12-27 14:18:52 - 20251227_141851_ab25a214 - markdown_it.rules_block.hr - DEBUG - hr.hr:14 - entering hr: StateBlock(line=47,level=0,tokens=32), 47, 296, False
2025-12-27 14:18:52 - 20251227_141851_ab25a214 - markdown_it.rules_block.list - DEBUG - list.list_block:102 - entering list: StateBlock(line=47,level=0,tokens=32), 47, 296, False
2025-12-27 14:18:52 - 20251227_141851_ab25a214 - markdown_it.rules_block.reference - DEBUG - reference.reference:10 - entering reference: StateBlock(line=47,level=0,tokens=32), 47, 296, False
2025-12-27 14:18:52 - 20251227_141851_ab25a214 - markdown_it.rules_block.html_block - DEBUG - html_block.html_block:35 - entering html_block: StateBlock(line=47,level=0,tokens=32), 47, 296, False
2025-12-27 14:18:52 - 20251227_141851_ab25a214 - markdown_it.rules_block.heading - DEBUG - heading.heading:13 - entering heading: StateBlock(line=47,level=0,tokens=32), 47, 296, False
2025-12-27 14:18:52 - 20251227_141851_ab25a214 - markdown_it.rules_block.lheading - DEBUG - lheading.lheading:10 - entering lheading: StateBlock(line=47,level=0,tokens=32), 47, 296, False
2025-12-27 14:18:52 - 20251227_141851_ab25a214 - markdown_it.rules_block.paragraph - DEBUG - paragraph.paragraph:10 - entering paragraph: StateBlock(line=47,level=0,tokens=32), 47, 296, False
2025-12-27 14:18:52 - 20251227_141851_ab25a214 - markdown_it.rules_block.code - DEBUG - code.code:10 - entering code: StateBlock(line=49,level=0,tokens=35), 49, 296, False
2025-12-27 14:18:52 - 20251227_141851_ab25a214 - markdown_it.rules_block.fence - DEBUG - fence.fence:10 - entering fence: StateBlock(line=49,level=0,tokens=35), 49, 296, False
2025-12-27 14:18:52 - 20251227_141851_ab25a214 - markdown_it.rules_block.blockquote - DEBUG - blockquote.blockquote:13 - entering blockquote: StateBlock(line=49,level=0,tokens=35), 49, 296, False
2025-12-27 14:18:52 - 20251227_141851_ab25a214 - markdown_it.rules_block.hr - DEBUG - hr.hr:14 - entering hr: StateBlock(line=49,level=0,tokens=35), 49, 296, False
2025-12-27 14:18:52 - 20251227_141851_ab25a214 - markdown_it.rules_block.list - DEBUG - list.list_block:102 - entering list: StateBlock(line=49,level=0,tokens=35), 49, 296, False
2025-12-27 14:18:52 - 20251227_141851_ab25a214 - markdown_it.rules_block.reference - DEBUG - reference.reference:10 - entering reference: StateBlock(line=49,level=0,tokens=35), 49, 296, False
2025-12-27 14:18:52 - 20251227_141851_ab25a214 - markdown_it.rules_block.html_block - DEBUG - html_block.html_block:35 - entering html_block: StateBlock(line=49,level=0,tokens=35), 49, 296, False
2025-12-27 14:18:52 - 20251227_141851_ab25a214 - markdown_it.rules_block.heading - DEBUG - heading.heading:13 - entering heading: StateBlock(line=49,level=0,tokens=35), 49, 296, False
2025-12-27 14:18:52 - 20251227_141851_ab25a214 - markdown_it.rules_block.lheading - DEBUG - lheading.lheading:10 - entering lheading: StateBlock(line=49,level=0,tokens=35), 49, 296, False
2025-12-27 14:18:52 - 20251227_141851_ab25a214 - markdown_it.rules_block.paragraph - DEBUG - paragraph.paragraph:10 - entering paragraph: StateBlock(line=49,level=0,tokens=35), 49, 296, False
2025-12-27 14:18:52 - 20251227_141851_ab25a214 - markdown_it.rules_block.code - DEBUG - code.code:10 - entering code: StateBlock(line=51,level=0,tokens=38), 51, 296, False
2025-12-27 14:18:52 - 20251227_141851_ab25a214 - markdown_it.rules_block.fence - DEBUG - fence.fence:10 - entering fence: StateBlock(line=51,level=0,tokens=38), 51, 296, False
2025-12-27 14:18:52 - 20251227_141851_ab25a214 - markdown_it.rules_block.blockquote - DEBUG - blockquote.blockquote:13 - entering blockquote: StateBlock(line=51,level=0,tokens=38), 51, 296, False
2025-12-27 14:18:52 - 20251227_141851_ab25a214 - markdown_it.rules_block.hr - DEBUG - hr.hr:14 - entering hr: StateBlock(line=51,level=0,tokens=38), 51, 296, False
2025-12-27 14:18:52 - 20251227_141851_ab25a214 - markdown_it.rules_block.list - DEBUG - list.list_block:102 - entering list: StateBlock(line=51,level=0,tokens=38), 51, 296, False
2025-12-27 14:18:52 - 20251227_141851_ab25a214 - markdown_it.rules_block.reference - DEBUG - reference.reference:10 - entering reference: StateBlock(line=51,level=0,tokens=38), 51, 296, False
2025-12-27 14:18:52 - 20251227_141851_ab25a214 - markdown_it.rules_block.html_block - DEBUG - html_block.html_block:35 - entering html_block: StateBlock(line=51,level=0,tokens=38), 51, 296, False
2025-12-27 14:18:52 - 20251227_141851_ab25a214 - markdown_it.rules_block.heading - DEBUG - heading.heading:13 - entering heading: StateBlock(line=51,level=0,tokens=38), 51, 296, False
2025-12-27 14:18:52 - 20251227_141851_ab25a214 - markdown_it.rules_block.lheading - DEBUG - lheading.lheading:10 - entering lheading: StateBlock(line=51,level=0,tokens=38), 51, 296, False
2025-12-27 14:18:52 - 20251227_141851_ab25a214 - markdown_it.rules_block.paragraph - DEBUG - paragraph.paragraph:10 - entering paragraph: StateBlock(line=51,level=0,tokens=38), 51, 296, False
2025-12-27 14:18:52 - 20251227_141851_ab25a214 - markdown_it.rules_block.code - DEBUG - code.code:10 - entering code: StateBlock(line=53,level=0,tokens=41), 53, 296, False
2025-12-27 14:18:52 - 20251227_141851_ab25a214 - markdown_it.rules_block.fence - DEBUG - fence.fence:10 - entering fence: StateBlock(line=53,level=0,tokens=41), 53, 296, False
2025-12-27 14:18:52 - 20251227_141851_ab25a214 - markdown_it.rules_block.blockquote - DEBUG - blockquote.blockquote:13 - entering blockquote: StateBlock(line=53,level=0,tokens=41), 53, 296, False
2025-12-27 14:18:52 - 20251227_141851_ab25a214 - markdown_it.rules_block.hr - DEBUG - hr.hr:14 - entering hr: StateBlock(line=53,level=0,tokens=41), 53, 296, False
2025-12-27 14:18:52 - 20251227_141851_ab25a214 - markdown_it.rules_block.list - DEBUG - list.list_block:102 - entering list: StateBlock(line=53,level=0,tokens=41), 53, 296, False
2025-12-27 14:18:52 - 20251227_141851_ab25a214 - markdown_it.rules_block.reference - DEBUG - reference.reference:10 - entering reference: StateBlock(line=53,level=0,tokens=41), 53, 296, False
2025-12-27 14:18:52 - 20251227_141851_ab25a214 - markdown_it.rules_block.html_block - DEBUG - html_block.html_block:35 - entering html_block: StateBlock(line=53,level=0,tokens=41), 53, 296, False
2025-12-27 14:18:52 - 20251227_141851_ab25a214 - markdown_it.rules_block.heading - DEBUG - heading.heading:13 - entering heading: StateBlock(line=53,level=0,tokens=41), 53, 296, False
2025-12-27 14:18:52 - 20251227_141851_ab25a214 - markdown_it.rules_block.lheading - DEBUG - lheading.lheading:10 - entering lheading: StateBlock(line=53,level=0,tokens=41), 53, 296, False
2025-12-27 14:18:52 - 20251227_141851_ab25a214 - markdown_it.rules_block.paragraph - DEBUG - paragraph.paragraph:10 - entering paragraph: StateBlock(line=53,level=0,tokens=41), 53, 296, False
2025-12-27 14:18:52 - 20251227_141851_ab25a214 - markdown_it.rules_block.code - DEBUG - code.code:10 - entering code: StateBlock(line=55,level=0,tokens=44), 55, 296, False
2025-12-27 14:18:52 - 20251227_141851_ab25a214 - markdown_it.rules_block.fence - DEBUG - fence.fence:10 - entering fence: StateBlock(line=55,level=0,tokens=44), 55, 296, False
2025-12-27 14:18:52 - 20251227_141851_ab25a214 - markdown_it.rules_block.blockquote - DEBUG - blockquote.blockquote:13 - entering blockquote: StateBlock(line=55,level=0,tokens=44), 55, 296, False
2025-12-27 14:18:52 - 20251227_141851_ab25a214 - markdown_it.rules_block.hr - DEBUG - hr.hr:14 - entering hr: StateBlock(line=55,level=0,tokens=44), 55, 296, False
2025-12-27 14:18:52 - 20251227_141851_ab25a214 - markdown_it.rules_block.list - DEBUG - list.list_block:102 - entering list: StateBlock(line=55,level=0,tokens=44), 55, 296, False
2025-12-27 14:18:52 - 20251227_141851_ab25a214 - markdown_it.rules_block.reference - DEBUG - reference.reference:10 - entering reference: StateBlock(line=55,level=0,tokens=44), 55, 296, False
2025-12-27 14:18:52 - 20251227_141851_ab25a214 - markdown_it.rules_block.html_block - DEBUG - html_block.html_block:35 - entering html_block: StateBlock(line=55,level=0,tokens=44), 55, 296, False
2025-12-27 14:18:52 - 20251227_141851_ab25a214 - markdown_it.rules_block.heading - DEBUG - heading.heading:13 - entering heading: StateBlock(line=55,level=0,tokens=44), 55, 296, False
2025-12-27 14:18:52 - 20251227_141851_ab25a214 - markdown_it.rules_block.lheading - DEBUG - lheading.lheading:10 - entering lheading: StateBlock(line=55,level=0,tokens=44), 55, 296, False
2025-12-27 14:18:52 - 20251227_141851_ab25a214 - markdown_it.rules_block.paragraph - DEBUG - paragraph.paragraph:10 - entering paragraph: StateBlock(line=55,level=0,tokens=44), 55, 296, False
2025-12-27 14:18:52 - 20251227_141851_ab25a214 - markdown_it.rules_block.code - DEBUG - code.code:10 - entering code: StateBlock(line=57,level=0,tokens=47), 57, 296, False
2025-12-27 14:18:52 - 20251227_141851_ab25a214 - markdown_it.rules_block.fence - DEBUG - fence.fence:10 - entering fence: StateBlock(line=57,level=0,tokens=47), 57, 296, False
2025-12-27 14:18:52 - 20251227_141851_ab25a214 - markdown_it.rules_block.blockquote - DEBUG - blockquote.blockquote:13 - entering blockquote: StateBlock(line=57,level=0,tokens=47), 57, 296, False
2025-12-27 14:18:52 - 20251227_141851_ab25a214 - markdown_it.rules_block.hr - DEBUG - hr.hr:14 - entering hr: StateBlock(line=57,level=0,tokens=47), 57, 296, False
2025-12-27 14:18:52 - 20251227_141851_ab25a214 - markdown_it.rules_block.list - DEBUG - list.list_block:102 - entering list: StateBlock(line=57,level=0,tokens=47), 57, 296, False
2025-12-27 14:18:52 - 20251227_141851_ab25a214 - markdown_it.rules_block.reference - DEBUG - reference.reference:10 - entering reference: StateBlock(line=57,level=0,tokens=47), 57, 296, False
2025-12-27 14:18:52 - 20251227_141851_ab25a214 - markdown_it.rules_block.html_block - DEBUG - html_block.html_block:35 - entering html_block: StateBlock(line=57,level=0,tokens=47), 57, 296, False
2025-12-27 14:18:52 - 20251227_141851_ab25a214 - markdown_it.rules_block.heading - DEBUG - heading.heading:13 - entering heading: StateBlock(line=57,level=0,tokens=47), 57, 296, False
2025-12-27 14:18:52 - 20251227_141851_ab25a214 - markdown_it.rules_block.lheading - DEBUG - lheading.lheading:10 - entering lheading: StateBlock(line=57,level=0,tokens=47), 57, 296, False
2025-12-27 14:18:52 - 20251227_141851_ab25a214 - markdown_it.rules_block.paragraph - DEBUG - paragraph.paragraph:10 - entering paragraph: StateBlock(line=57,level=0,tokens=47), 57, 296, False
2025-12-27 14:18:52 - 20251227_141851_ab25a214 - markdown_it.rules_block.code - DEBUG - code.code:10 - entering code: StateBlock(line=59,level=0,tokens=50), 59, 296, False
2025-12-27 14:18:52 - 20251227_141851_ab25a214 - markdown_it.rules_block.fence - DEBUG - fence.fence:10 - entering fence: StateBlock(line=59,level=0,tokens=50), 59, 296, False
2025-12-27 14:18:52 - 20251227_141851_ab25a214 - markdown_it.rules_block.blockquote - DEBUG - blockquote.blockquote:13 - entering blockquote: StateBlock(line=59,level=0,tokens=50), 59, 296, False
2025-12-27 14:18:52 - 20251227_141851_ab25a214 - markdown_it.rules_block.hr - DEBUG - hr.hr:14 - entering hr: StateBlock(line=59,level=0,tokens=50), 59, 296, False
2025-12-27 14:18:52 - 20251227_141851_ab25a214 - markdown_it.rules_block.list - DEBUG - list.list_block:102 - entering list: StateBlock(line=59,level=0,tokens=50), 59, 296, False
2025-12-27 14:18:52 - 20251227_141851_ab25a214 - markdown_it.rules_block.reference - DEBUG - reference.reference:10 - entering reference: StateBlock(line=59,level=0,tokens=50), 59, 296, False
2025-12-27 14:18:52 - 20251227_141851_ab25a214 - markdown_it.rules_block.html_block - DEBUG - html_block.html_block:35 - entering html_block: StateBlock(line=59,level=0,tokens=50), 59, 296, False
2025-12-27 14:18:52 - 20251227_141851_ab25a214 - markdown_it.rules_block.heading - DEBUG - heading.heading:13 - entering heading: StateBlock(line=59,level=0,tokens=50), 59, 296, False
2025-12-27 14:18:52 - 20251227_141851_ab25a214 - markdown_it.rules_block.lheading - DEBUG - lheading.lheading:10 - entering lheading: StateBlock(line=59,level=0,tokens=50), 59, 296, False
2025-12-27 14:18:52 - 20251227_141851_ab25a214 - markdown_it.rules_block.paragraph - DEBUG - paragraph.paragraph:10 - entering paragraph: StateBlock(line=59,level=0,tokens=50), 59, 296, False
2025-12-27 14:18:52 - 20251227_141851_ab25a214 - markdown_it.rules_block.code - DEBUG - code.code:10 - entering code: StateBlock(line=61,level=0,tokens=53), 61, 296, False
2025-12-27 14:18:52 - 20251227_141851_ab25a214 - markdown_it.rules_block.fence - DEBUG - fence.fence:10 - entering fence: StateBlock(line=61,level=0,tokens=53), 61, 296, False
2025-12-27 14:18:52 - 20251227_141851_ab25a214 - markdown_it.rules_block.blockquote - DEBUG - blockquote.blockquote:13 - entering blockquote: StateBlock(line=61,level=0,tokens=53), 61, 296, False
2025-12-27 14:18:52 - 20251227_141851_ab25a214 - markdown_it.rules_block.hr - DEBUG - hr.hr:14 - entering hr: StateBlock(line=61,level=0,tokens=53), 61, 296, False
2025-12-27 14:18:52 - 20251227_141851_ab25a214 - markdown_it.rules_block.list - DEBUG - list.list_block:102 - entering list: StateBlock(line=61,level=0,tokens=53), 61, 296, False
2025-12-27 14:18:52 - 20251227_141851_ab25a214 - markdown_it.rules_block.reference - DEBUG - reference.reference:10 - entering reference: StateBlock(line=61,level=0,tokens=53), 61, 296, False
2025-12-27 14:18:52 - 20251227_141851_ab25a214 - markdown_it.rules_block.html_block - DEBUG - html_block.html_block:35 - entering html_block: StateBlock(line=61,level=0,tokens=53), 61, 296, False
2025-12-27 14:18:52 - 20251227_141851_ab25a214 - markdown_it.rules_block.heading - DEBUG - heading.heading:13 - entering heading: StateBlock(line=61,level=0,tokens=53), 61, 296, False
2025-12-27 14:18:52 - 20251227_141851_ab25a214 - markdown_it.rules_block.lheading - DEBUG - lheading.lheading:10 - entering lheading: StateBlock(line=61,level=0,tokens=53), 61, 296, False
2025-12-27 14:18:52 - 20251227_141851_ab25a214 - markdown_it.rules_block.paragraph - DEBUG - paragraph.paragraph:10 - entering paragraph: StateBlock(line=61,level=0,tokens=53), 61, 296, False
2025-12-27 14:18:52 - 20251227_141851_ab25a214 - markdown_it.rules_block.code - DEBUG - code.code:10 - entering code: StateBlock(line=63,level=0,tokens=56), 63, 296, False
2025-12-27 14:18:52 - 20251227_141851_ab25a214 - markdown_it.rules_block.fence - DEBUG - fence.fence:10 - entering fence: StateBlock(line=63,level=0,tokens=56), 63, 296, False
2025-12-27 14:18:52 - 20251227_141851_ab25a214 - markdown_it.rules_block.blockquote - DEBUG - blockquote.blockquote:13 - entering blockquote: StateBlock(line=63,level=0,tokens=56), 63, 296, False
2025-12-27 14:18:52 - 20251227_141851_ab25a214 - markdown_it.rules_block.hr - DEBUG - hr.hr:14 - entering hr: StateBlock(line=63,level=0,tokens=56), 63, 296, False
2025-12-27 14:18:52 - 20251227_141851_ab25a214 - markdown_it.rules_block.list - DEBUG - list.list_block:102 - entering list: StateBlock(line=63,level=0,tokens=56), 63, 296, False
2025-12-27 14:18:52 - 20251227_141851_ab25a214 - markdown_it.rules_block.reference - DEBUG - reference.reference:10 - entering reference: StateBlock(line=63,level=0,tokens=56), 63, 296, False
2025-12-27 14:18:52 - 20251227_141851_ab25a214 - markdown_it.rules_block.html_block - DEBUG - html_block.html_block:35 - entering html_block: StateBlock(line=63,level=0,tokens=56), 63, 296, False
2025-12-27 14:18:52 - 20251227_141851_ab25a214 - markdown_it.rules_block.heading - DEBUG - heading.heading:13 - entering heading: StateBlock(line=63,level=0,tokens=56), 63, 296, False
2025-12-27 14:18:52 - 20251227_141851_ab25a214 - markdown_it.rules_block.lheading - DEBUG - lheading.lheading:10 - entering lheading: StateBlock(line=63,level=0,tokens=56), 63, 296, False
2025-12-27 14:18:52 - 20251227_141851_ab25a214 - markdown_it.rules_block.paragraph - DEBUG - paragraph.paragraph:10 - entering paragraph: StateBlock(line=63,level=0,tokens=56), 63, 296, False
2025-12-27 14:18:52 - 20251227_141851_ab25a214 - markdown_it.rules_block.code - DEBUG - code.code:10 - entering code: StateBlock(line=65,level=0,tokens=59), 65, 296, False
2025-12-27 14:18:52 - 20251227_141851_ab25a214 - markdown_it.rules_block.fence - DEBUG - fence.fence:10 - entering fence: StateBlock(line=65,level=0,tokens=59), 65, 296, False
2025-12-27 14:18:52 - 20251227_141851_ab25a214 - markdown_it.rules_block.blockquote - DEBUG - blockquote.blockquote:13 - entering blockquote: StateBlock(line=65,level=0,tokens=59), 65, 296, False
2025-12-27 14:18:52 - 20251227_141851_ab25a214 - markdown_it.rules_block.hr - DEBUG - hr.hr:14 - entering hr: StateBlock(line=65,level=0,tokens=59), 65, 296, False
2025-12-27 14:18:52 - 20251227_141851_ab25a214 - markdown_it.rules_block.list - DEBUG - list.list_block:102 - entering list: StateBlock(line=65,level=0,tokens=59), 65, 296, False
2025-12-27 14:18:52 - 20251227_141851_ab25a214 - markdown_it.rules_block.reference - DEBUG - reference.reference:10 - entering reference: StateBlock(line=65,level=0,tokens=59), 65, 296, False
2025-12-27 14:18:52 - 20251227_141851_ab25a214 - markdown_it.rules_block.html_block - DEBUG - html_block.html_block:35 - entering html_block: StateBlock(line=65,level=0,tokens=59), 65, 296, False
2025-12-27 14:18:52 - 20251227_141851_ab25a214 - markdown_it.rules_block.heading - DEBUG - heading.heading:13 - entering heading: StateBlock(line=65,level=0,tokens=59), 65, 296, False
2025-12-27 14:18:52 - 20251227_141851_ab25a214 - markdown_it.rules_block.lheading - DEBUG - lheading.lheading:10 - entering lheading: StateBlock(line=65,level=0,tokens=59), 65, 296, False
2025-12-27 14:18:52 - 20251227_141851_ab25a214 - markdown_it.rules_block.paragraph - DEBUG - paragraph.paragraph:10 - entering paragraph: StateBlock(line=65,level=0,tokens=59), 65, 296, False
2025-12-27 14:18:52 - 20251227_141851_ab25a214 - markdown_it.rules_block.code - DEBUG - code.code:10 - entering code: StateBlock(line=67,level=0,tokens=62), 67, 296, False
2025-12-27 14:18:52 - 20251227_141851_ab25a214 - markdown_it.rules_block.fence - DEBUG - fence.fence:10 - entering fence: StateBlock(line=67,level=0,tokens=62), 67, 296, False
2025-12-27 14:18:52 - 20251227_141851_ab25a214 - markdown_it.rules_block.blockquote - DEBUG - blockquote.blockquote:13 - entering blockquote: StateBlock(line=67,level=0,tokens=62), 67, 296, False
2025-12-27 14:18:52 - 20251227_141851_ab25a214 - markdown_it.rules_block.hr - DEBUG - hr.hr:14 - entering hr: StateBlock(line=67,level=0,tokens=62), 67, 296, False
2025-12-27 14:18:52 - 20251227_141851_ab25a214 - markdown_it.rules_block.list - DEBUG - list.list_block:102 - entering list: StateBlock(line=67,level=0,tokens=62), 67, 296, False
2025-12-27 14:18:52 - 20251227_141851_ab25a214 - markdown_it.rules_block.reference - DEBUG - reference.reference:10 - entering reference: StateBlock(line=67,level=0,tokens=62), 67, 296, False
2025-12-27 14:18:52 - 20251227_141851_ab25a214 - markdown_it.rules_block.html_block - DEBUG - html_block.html_block:35 - entering html_block: StateBlock(line=67,level=0,tokens=62), 67, 296, False
2025-12-27 14:18:52 - 20251227_141851_ab25a214 - markdown_it.rules_block.heading - DEBUG - heading.heading:13 - entering heading: StateBlock(line=67,level=0,tokens=62), 67, 296, False
2025-12-27 14:18:52 - 20251227_141851_ab25a214 - markdown_it.rules_block.lheading - DEBUG - lheading.lheading:10 - entering lheading: StateBlock(line=67,level=0,tokens=62), 67, 296, False
2025-12-27 14:18:52 - 20251227_141851_ab25a214 - markdown_it.rules_block.paragraph - DEBUG - paragraph.paragraph:10 - entering paragraph: StateBlock(line=67,level=0,tokens=62), 67, 296, False
2025-12-27 14:18:52 - 20251227_141851_ab25a214 - markdown_it.rules_block.code - DEBUG - code.code:10 - entering code: StateBlock(line=69,level=0,tokens=65), 69, 296, False
2025-12-27 14:18:52 - 20251227_141851_ab25a214 - markdown_it.rules_block.fence - DEBUG - fence.fence:10 - entering fence: StateBlock(line=69,level=0,tokens=65), 69, 296, False
2025-12-27 14:18:52 - 20251227_141851_ab25a214 - markdown_it.rules_block.blockquote - DEBUG - blockquote.blockquote:13 - entering blockquote: StateBlock(line=69,level=0,tokens=65), 69, 296, False
2025-12-27 14:18:52 - 20251227_141851_ab25a214 - markdown_it.rules_block.hr - DEBUG - hr.hr:14 - entering hr: StateBlock(line=69,level=0,tokens=65), 69, 296, False
2025-12-27 14:18:52 - 20251227_141851_ab25a214 - markdown_it.rules_block.list - DEBUG - list.list_block:102 - entering list: StateBlock(line=69,level=0,tokens=65), 69, 296, False
2025-12-27 14:18:52 - 20251227_141851_ab25a214 - markdown_it.rules_block.reference - DEBUG - reference.reference:10 - entering reference: StateBlock(line=69,level=0,tokens=65), 69, 296, False
2025-12-27 14:18:52 - 20251227_141851_ab25a214 - markdown_it.rules_block.html_block - DEBUG - html_block.html_block:35 - entering html_block: StateBlock(line=69,level=0,tokens=65), 69, 296, False
2025-12-27 14:18:52 - 20251227_141851_ab25a214 - markdown_it.rules_block.heading - DEBUG - heading.heading:13 - entering heading: StateBlock(line=69,level=0,tokens=65), 69, 296, False
2025-12-27 14:18:52 - 20251227_141851_ab25a214 - markdown_it.rules_block.lheading - DEBUG - lheading.lheading:10 - entering lheading: StateBlock(line=69,level=0,tokens=65), 69, 296, False
2025-12-27 14:18:52 - 20251227_141851_ab25a214 - markdown_it.rules_block.paragraph - DEBUG - paragraph.paragraph:10 - entering paragraph: StateBlock(line=69,level=0,tokens=65), 69, 296, False
2025-12-27 14:18:52 - 20251227_141851_ab25a214 - markdown_it.rules_block.code - DEBUG - code.code:10 - entering code: StateBlock(line=71,level=0,tokens=68), 71, 296, False
2025-12-27 14:18:52 - 20251227_141851_ab25a214 - markdown_it.rules_block.fence - DEBUG - fence.fence:10 - entering fence: StateBlock(line=71,level=0,tokens=68), 71, 296, False
2025-12-27 14:18:52 - 20251227_141851_ab25a214 - markdown_it.rules_block.blockquote - DEBUG - blockquote.blockquote:13 - entering blockquote: StateBlock(line=71,level=0,tokens=68), 71, 296, False
2025-12-27 14:18:52 - 20251227_141851_ab25a214 - markdown_it.rules_block.hr - DEBUG - hr.hr:14 - entering hr: StateBlock(line=71,level=0,tokens=68), 71, 296, False
2025-12-27 14:18:52 - 20251227_141851_ab25a214 - markdown_it.rules_block.list - DEBUG - list.list_block:102 - entering list: StateBlock(line=71,level=0,tokens=68), 71, 296, False
2025-12-27 14:18:52 - 20251227_141851_ab25a214 - markdown_it.rules_block.reference - DEBUG - reference.reference:10 - entering reference: StateBlock(line=71,level=0,tokens=68), 71, 296, False
2025-12-27 14:18:52 - 20251227_141851_ab25a214 - markdown_it.rules_block.html_block - DEBUG - html_block.html_block:35 - entering html_block: StateBlock(line=71,level=0,tokens=68), 71, 296, False
2025-12-27 14:18:52 - 20251227_141851_ab25a214 - markdown_it.rules_block.heading - DEBUG - heading.heading:13 - entering heading: StateBlock(line=71,level=0,tokens=68), 71, 296, False
2025-12-27 14:18:52 - 20251227_141851_ab25a214 - markdown_it.rules_block.lheading - DEBUG - lheading.lheading:10 - entering lheading: StateBlock(line=71,level=0,tokens=68), 71, 296, False
2025-12-27 14:18:52 - 20251227_141851_ab25a214 - markdown_it.rules_block.paragraph - DEBUG - paragraph.paragraph:10 - entering paragraph: StateBlock(line=71,level=0,tokens=68), 71, 296, False
2025-12-27 14:18:52 - 20251227_141851_ab25a214 - markdown_it.rules_block.code - DEBUG - code.code:10 - entering code: StateBlock(line=73,level=0,tokens=71), 73, 296, False
2025-12-27 14:18:52 - 20251227_141851_ab25a214 - markdown_it.rules_block.fence - DEBUG - fence.fence:10 - entering fence: StateBlock(line=73,level=0,tokens=71), 73, 296, False
2025-12-27 14:18:52 - 20251227_141851_ab25a214 - markdown_it.rules_block.blockquote - DEBUG - blockquote.blockquote:13 - entering blockquote: StateBlock(line=73,level=0,tokens=71), 73, 296, False
2025-12-27 14:18:52 - 20251227_141851_ab25a214 - markdown_it.rules_block.hr - DEBUG - hr.hr:14 - entering hr: StateBlock(line=73,level=0,tokens=71), 73, 296, False
2025-12-27 14:18:52 - 20251227_141851_ab25a214 - markdown_it.rules_block.list - DEBUG - list.list_block:102 - entering list: StateBlock(line=73,level=0,tokens=71), 73, 296, False
2025-12-27 14:18:52 - 20251227_141851_ab25a214 - markdown_it.rules_block.reference - DEBUG - reference.reference:10 - entering reference: StateBlock(line=73,level=0,tokens=71), 73, 296, False
2025-12-27 14:18:52 - 20251227_141851_ab25a214 - markdown_it.rules_block.html_block - DEBUG - html_block.html_block:35 - entering html_block: StateBlock(line=73,level=0,tokens=71), 73, 296, False
2025-12-27 14:18:52 - 20251227_141851_ab25a214 - markdown_it.rules_block.heading - DEBUG - heading.heading:13 - entering heading: StateBlock(line=73,level=0,tokens=71), 73, 296, False
2025-12-27 14:18:52 - 20251227_141851_ab25a214 - markdown_it.rules_block.lheading - DEBUG - lheading.lheading:10 - entering lheading: StateBlock(line=73,level=0,tokens=71), 73, 296, False
2025-12-27 14:18:52 - 20251227_141851_ab25a214 - markdown_it.rules_block.paragraph - DEBUG - paragraph.paragraph:10 - entering paragraph: StateBlock(line=73,level=0,tokens=71), 73, 296, False
2025-12-27 14:18:52 - 20251227_141851_ab25a214 - markdown_it.rules_block.code - DEBUG - code.code:10 - entering code: StateBlock(line=75,level=0,tokens=74), 75, 296, False
2025-12-27 14:18:52 - 20251227_141851_ab25a214 - markdown_it.rules_block.fence - DEBUG - fence.fence:10 - entering fence: StateBlock(line=75,level=0,tokens=74), 75, 296, False
2025-12-27 14:18:52 - 20251227_141851_ab25a214 - markdown_it.rules_block.blockquote - DEBUG - blockquote.blockquote:13 - entering blockquote: StateBlock(line=75,level=0,tokens=74), 75, 296, False
2025-12-27 14:18:52 - 20251227_141851_ab25a214 - markdown_it.rules_block.hr - DEBUG - hr.hr:14 - entering hr: StateBlock(line=75,level=0,tokens=74), 75, 296, False
2025-12-27 14:18:52 - 20251227_141851_ab25a214 - markdown_it.rules_block.list - DEBUG - list.list_block:102 - entering list: StateBlock(line=75,level=0,tokens=74), 75, 296, False
2025-12-27 14:18:52 - 20251227_141851_ab25a214 - markdown_it.rules_block.reference - DEBUG - reference.reference:10 - entering reference: StateBlock(line=75,level=0,tokens=74), 75, 296, False
2025-12-27 14:18:52 - 20251227_141851_ab25a214 - markdown_it.rules_block.html_block - DEBUG - html_block.html_block:35 - entering html_block: StateBlock(line=75,level=0,tokens=74), 75, 296, False
2025-12-27 14:18:52 - 20251227_141851_ab25a214 - markdown_it.rules_block.heading - DEBUG - heading.heading:13 - entering heading: StateBlock(line=75,level=0,tokens=74), 75, 296, False
2025-12-27 14:18:52 - 20251227_141851_ab25a214 - markdown_it.rules_block.lheading - DEBUG - lheading.lheading:10 - entering lheading: StateBlock(line=75,level=0,tokens=74), 75, 296, False
2025-12-27 14:18:52 - 20251227_141851_ab25a214 - markdown_it.rules_block.paragraph - DEBUG - paragraph.paragraph:10 - entering paragraph: StateBlock(line=75,level=0,tokens=74), 75, 296, False
2025-12-27 14:18:52 - 20251227_141851_ab25a214 - markdown_it.rules_block.code - DEBUG - code.code:10 - entering code: StateBlock(line=77,level=0,tokens=77), 77, 296, False
2025-12-27 14:18:52 - 20251227_141851_ab25a214 - markdown_it.rules_block.fence - DEBUG - fence.fence:10 - entering fence: StateBlock(line=77,level=0,tokens=77), 77, 296, False
2025-12-27 14:18:52 - 20251227_141851_ab25a214 - markdown_it.rules_block.blockquote - DEBUG - blockquote.blockquote:13 - entering blockquote: StateBlock(line=77,level=0,tokens=77), 77, 296, False
2025-12-27 14:18:52 - 20251227_141851_ab25a214 - markdown_it.rules_block.hr - DEBUG - hr.hr:14 - entering hr: StateBlock(line=77,level=0,tokens=77), 77, 296, False
2025-12-27 14:18:52 - 20251227_141851_ab25a214 - markdown_it.rules_block.list - DEBUG - list.list_block:102 - entering list: StateBlock(line=77,level=0,tokens=77), 77, 296, False
2025-12-27 14:18:52 - 20251227_141851_ab25a214 - markdown_it.rules_block.reference - DEBUG - reference.reference:10 - entering reference: StateBlock(line=77,level=0,tokens=77), 77, 296, False
2025-12-27 14:18:52 - 20251227_141851_ab25a214 - markdown_it.rules_block.html_block - DEBUG - html_block.html_block:35 - entering html_block: StateBlock(line=77,level=0,tokens=77), 77, 296, False
2025-12-27 14:18:52 - 20251227_141851_ab25a214 - markdown_it.rules_block.heading - DEBUG - heading.heading:13 - entering heading: StateBlock(line=77,level=0,tokens=77), 77, 296, False
2025-12-27 14:18:52 - 20251227_141851_ab25a214 - markdown_it.rules_block.lheading - DEBUG - lheading.lheading:10 - entering lheading: StateBlock(line=77,level=0,tokens=77), 77, 296, False
2025-12-27 14:18:52 - 20251227_141851_ab25a214 - markdown_it.rules_block.paragraph - DEBUG - paragraph.paragraph:10 - entering paragraph: StateBlock(line=77,level=0,tokens=77), 77, 296, False
2025-12-27 14:18:52 - 20251227_141851_ab25a214 - markdown_it.rules_block.code - DEBUG - code.code:10 - entering code: StateBlock(line=79,level=0,tokens=80), 79, 296, False
2025-12-27 14:18:52 - 20251227_141851_ab25a214 - markdown_it.rules_block.fence - DEBUG - fence.fence:10 - entering fence: StateBlock(line=79,level=0,tokens=80), 79, 296, False
2025-12-27 14:18:52 - 20251227_141851_ab25a214 - markdown_it.rules_block.blockquote - DEBUG - blockquote.blockquote:13 - entering blockquote: StateBlock(line=79,level=0,tokens=80), 79, 296, False
2025-12-27 14:18:52 - 20251227_141851_ab25a214 - markdown_it.rules_block.hr - DEBUG - hr.hr:14 - entering hr: StateBlock(line=79,level=0,tokens=80), 79, 296, False
2025-12-27 14:18:52 - 20251227_141851_ab25a214 - markdown_it.rules_block.list - DEBUG - list.list_block:102 - entering list: StateBlock(line=79,level=0,tokens=80), 79, 296, False
2025-12-27 14:18:52 - 20251227_141851_ab25a214 - markdown_it.rules_block.reference - DEBUG - reference.reference:10 - entering reference: StateBlock(line=79,level=0,tokens=80), 79, 296, False
2025-12-27 14:18:52 - 20251227_141851_ab25a214 - markdown_it.rules_block.html_block - DEBUG - html_block.html_block:35 - entering html_block: StateBlock(line=79,level=0,tokens=80), 79, 296, False
2025-12-27 14:18:52 - 20251227_141851_ab25a214 - markdown_it.rules_block.heading - DEBUG - heading.heading:13 - entering heading: StateBlock(line=79,level=0,tokens=80), 79, 296, False
2025-12-27 14:18:52 - 20251227_141851_ab25a214 - markdown_it.rules_block.lheading - DEBUG - lheading.lheading:10 - entering lheading: StateBlock(line=79,level=0,tokens=80), 79, 296, False
2025-12-27 14:18:52 - 20251227_141851_ab25a214 - markdown_it.rules_block.paragraph - DEBUG - paragraph.paragraph:10 - entering paragraph: StateBlock(line=79,level=0,tokens=80), 79, 296, False
2025-12-27 14:18:52 - 20251227_141851_ab25a214 - markdown_it.rules_block.code - DEBUG - code.code:10 - entering code: StateBlock(line=81,level=0,tokens=83), 81, 296, False
2025-12-27 14:18:52 - 20251227_141851_ab25a214 - markdown_it.rules_block.fence - DEBUG - fence.fence:10 - entering fence: StateBlock(line=81,level=0,tokens=83), 81, 296, False
2025-12-27 14:18:52 - 20251227_141851_ab25a214 - markdown_it.rules_block.blockquote - DEBUG - blockquote.blockquote:13 - entering blockquote: StateBlock(line=81,level=0,tokens=83), 81, 296, False
2025-12-27 14:18:52 - 20251227_141851_ab25a214 - markdown_it.rules_block.hr - DEBUG - hr.hr:14 - entering hr: StateBlock(line=81,level=0,tokens=83), 81, 296, False
2025-12-27 14:18:52 - 20251227_141851_ab25a214 - markdown_it.rules_block.list - DEBUG - list.list_block:102 - entering list: StateBlock(line=81,level=0,tokens=83), 81, 296, False
2025-12-27 14:18:52 - 20251227_141851_ab25a214 - markdown_it.rules_block.reference - DEBUG - reference.reference:10 - entering reference: StateBlock(line=81,level=0,tokens=83), 81, 296, False
2025-12-27 14:18:52 - 20251227_141851_ab25a214 - markdown_it.rules_block.html_block - DEBUG - html_block.html_block:35 - entering html_block: StateBlock(line=81,level=0,tokens=83), 81, 296, False
2025-12-27 14:18:52 - 20251227_141851_ab25a214 - markdown_it.rules_block.heading - DEBUG - heading.heading:13 - entering heading: StateBlock(line=81,level=0,tokens=83), 81, 296, False
2025-12-27 14:18:52 - 20251227_141851_ab25a214 - markdown_it.rules_block.lheading - DEBUG - lheading.lheading:10 - entering lheading: StateBlock(line=81,level=0,tokens=83), 81, 296, False
2025-12-27 14:18:52 - 20251227_141851_ab25a214 - markdown_it.rules_block.paragraph - DEBUG - paragraph.paragraph:10 - entering paragraph: StateBlock(line=81,level=0,tokens=83), 81, 296, False
2025-12-27 14:18:52 - 20251227_141851_ab25a214 - markdown_it.rules_block.code - DEBUG - code.code:10 - entering code: StateBlock(line=83,level=0,tokens=86), 83, 296, False
2025-12-27 14:18:52 - 20251227_141851_ab25a214 - markdown_it.rules_block.fence - DEBUG - fence.fence:10 - entering fence: StateBlock(line=83,level=0,tokens=86), 83, 296, False
2025-12-27 14:18:52 - 20251227_141851_ab25a214 - markdown_it.rules_block.blockquote - DEBUG - blockquote.blockquote:13 - entering blockquote: StateBlock(line=83,level=0,tokens=86), 83, 296, False
2025-12-27 14:18:52 - 20251227_141851_ab25a214 - markdown_it.rules_block.hr - DEBUG - hr.hr:14 - entering hr: StateBlock(line=83,level=0,tokens=86), 83, 296, False
2025-12-27 14:18:52 - 20251227_141851_ab25a214 - markdown_it.rules_block.list - DEBUG - list.list_block:102 - entering list: StateBlock(line=83,level=0,tokens=86), 83, 296, False
2025-12-27 14:18:52 - 20251227_141851_ab25a214 - markdown_it.rules_block.reference - DEBUG - reference.reference:10 - entering reference: StateBlock(line=83,level=0,tokens=86), 83, 296, False
2025-12-27 14:18:52 - 20251227_141851_ab25a214 - markdown_it.rules_block.html_block - DEBUG - html_block.html_block:35 - entering html_block: StateBlock(line=83,level=0,tokens=86), 83, 296, False
2025-12-27 14:18:52 - 20251227_141851_ab25a214 - markdown_it.rules_block.heading - DEBUG - heading.heading:13 - entering heading: StateBlock(line=83,level=0,tokens=86), 83, 296, False
2025-12-27 14:18:52 - 20251227_141851_ab25a214 - markdown_it.rules_block.lheading - DEBUG - lheading.lheading:10 - entering lheading: StateBlock(line=83,level=0,tokens=86), 83, 296, False
2025-12-27 14:18:52 - 20251227_141851_ab25a214 - markdown_it.rules_block.paragraph - DEBUG - paragraph.paragraph:10 - entering paragraph: StateBlock(line=83,level=0,tokens=86), 83, 296, False
2025-12-27 14:18:52 - 20251227_141851_ab25a214 - markdown_it.rules_block.code - DEBUG - code.code:10 - entering code: StateBlock(line=85,level=0,tokens=89), 85, 296, False
2025-12-27 14:18:52 - 20251227_141851_ab25a214 - markdown_it.rules_block.fence - DEBUG - fence.fence:10 - entering fence: StateBlock(line=85,level=0,tokens=89), 85, 296, False
2025-12-27 14:18:52 - 20251227_141851_ab25a214 - markdown_it.rules_block.blockquote - DEBUG - blockquote.blockquote:13 - entering blockquote: StateBlock(line=85,level=0,tokens=89), 85, 296, False
2025-12-27 14:18:52 - 20251227_141851_ab25a214 - markdown_it.rules_block.hr - DEBUG - hr.hr:14 - entering hr: StateBlock(line=85,level=0,tokens=89), 85, 296, False
2025-12-27 14:18:52 - 20251227_141851_ab25a214 - markdown_it.rules_block.list - DEBUG - list.list_block:102 - entering list: StateBlock(line=85,level=0,tokens=89), 85, 296, False
2025-12-27 14:18:52 - 20251227_141851_ab25a214 - markdown_it.rules_block.reference - DEBUG - reference.reference:10 - entering reference: StateBlock(line=85,level=0,tokens=89), 85, 296, False
2025-12-27 14:18:52 - 20251227_141851_ab25a214 - markdown_it.rules_block.html_block - DEBUG - html_block.html_block:35 - entering html_block: StateBlock(line=85,level=0,tokens=89), 85, 296, False
2025-12-27 14:18:52 - 20251227_141851_ab25a214 - markdown_it.rules_block.heading - DEBUG - heading.heading:13 - entering heading: StateBlock(line=85,level=0,tokens=89), 85, 296, False
2025-12-27 14:18:52 - 20251227_141851_ab25a214 - markdown_it.rules_block.lheading - DEBUG - lheading.lheading:10 - entering lheading: StateBlock(line=85,level=0,tokens=89), 85, 296, False
2025-12-27 14:18:52 - 20251227_141851_ab25a214 - markdown_it.rules_block.paragraph - DEBUG - paragraph.paragraph:10 - entering paragraph: StateBlock(line=85,level=0,tokens=89), 85, 296, False
2025-12-27 14:18:52 - 20251227_141851_ab25a214 - markdown_it.rules_block.code - DEBUG - code.code:10 - entering code: StateBlock(line=87,level=0,tokens=92), 87, 296, False
2025-12-27 14:18:52 - 20251227_141851_ab25a214 - markdown_it.rules_block.fence - DEBUG - fence.fence:10 - entering fence: StateBlock(line=87,level=0,tokens=92), 87, 296, False
2025-12-27 14:18:52 - 20251227_141851_ab25a214 - markdown_it.rules_block.blockquote - DEBUG - blockquote.blockquote:13 - entering blockquote: StateBlock(line=87,level=0,tokens=92), 87, 296, False
2025-12-27 14:18:52 - 20251227_141851_ab25a214 - markdown_it.rules_block.hr - DEBUG - hr.hr:14 - entering hr: StateBlock(line=87,level=0,tokens=92), 87, 296, False
2025-12-27 14:18:52 - 20251227_141851_ab25a214 - markdown_it.rules_block.list - DEBUG - list.list_block:102 - entering list: StateBlock(line=87,level=0,tokens=92), 87, 296, False
2025-12-27 14:18:52 - 20251227_141851_ab25a214 - markdown_it.rules_block.reference - DEBUG - reference.reference:10 - entering reference: StateBlock(line=87,level=0,tokens=92), 87, 296, False
2025-12-27 14:18:52 - 20251227_141851_ab25a214 - markdown_it.rules_block.html_block - DEBUG - html_block.html_block:35 - entering html_block: StateBlock(line=87,level=0,tokens=92), 87, 296, False
2025-12-27 14:18:52 - 20251227_141851_ab25a214 - markdown_it.rules_block.heading - DEBUG - heading.heading:13 - entering heading: StateBlock(line=87,level=0,tokens=92), 87, 296, False
2025-12-27 14:18:52 - 20251227_141851_ab25a214 - markdown_it.rules_block.lheading - DEBUG - lheading.lheading:10 - entering lheading: StateBlock(line=87,level=0,tokens=92), 87, 296, False
2025-12-27 14:18:52 - 20251227_141851_ab25a214 - markdown_it.rules_block.paragraph - DEBUG - paragraph.paragraph:10 - entering paragraph: StateBlock(line=87,level=0,tokens=92), 87, 296, False
2025-12-27 14:18:52 - 20251227_141851_ab25a214 - markdown_it.rules_block.code - DEBUG - code.code:10 - entering code: StateBlock(line=89,level=0,tokens=95), 89, 296, False
2025-12-27 14:18:52 - 20251227_141851_ab25a214 - markdown_it.rules_block.fence - DEBUG - fence.fence:10 - entering fence: StateBlock(line=89,level=0,tokens=95), 89, 296, False
2025-12-27 14:18:52 - 20251227_141851_ab25a214 - markdown_it.rules_block.blockquote - DEBUG - blockquote.blockquote:13 - entering blockquote: StateBlock(line=89,level=0,tokens=95), 89, 296, False
2025-12-27 14:18:52 - 20251227_141851_ab25a214 - markdown_it.rules_block.hr - DEBUG - hr.hr:14 - entering hr: StateBlock(line=89,level=0,tokens=95), 89, 296, False
2025-12-27 14:18:52 - 20251227_141851_ab25a214 - markdown_it.rules_block.list - DEBUG - list.list_block:102 - entering list: StateBlock(line=89,level=0,tokens=95), 89, 296, False
2025-12-27 14:18:52 - 20251227_141851_ab25a214 - markdown_it.rules_block.reference - DEBUG - reference.reference:10 - entering reference: StateBlock(line=89,level=0,tokens=95), 89, 296, False
2025-12-27 14:18:52 - 20251227_141851_ab25a214 - markdown_it.rules_block.html_block - DEBUG - html_block.html_block:35 - entering html_block: StateBlock(line=89,level=0,tokens=95), 89, 296, False
2025-12-27 14:18:52 - 20251227_141851_ab25a214 - markdown_it.rules_block.heading - DEBUG - heading.heading:13 - entering heading: StateBlock(line=89,level=0,tokens=95), 89, 296, False
2025-12-27 14:18:52 - 20251227_141851_ab25a214 - markdown_it.rules_block.lheading - DEBUG - lheading.lheading:10 - entering lheading: StateBlock(line=89,level=0,tokens=95), 89, 296, False
2025-12-27 14:18:52 - 20251227_141851_ab25a214 - markdown_it.rules_block.paragraph - DEBUG - paragraph.paragraph:10 - entering paragraph: StateBlock(line=89,level=0,tokens=95), 89, 296, False
2025-12-27 14:18:52 - 20251227_141851_ab25a214 - markdown_it.rules_block.code - DEBUG - code.code:10 - entering code: StateBlock(line=91,level=0,tokens=98), 91, 296, False
2025-12-27 14:18:52 - 20251227_141851_ab25a214 - markdown_it.rules_block.fence - DEBUG - fence.fence:10 - entering fence: StateBlock(line=91,level=0,tokens=98), 91, 296, False
2025-12-27 14:18:52 - 20251227_141851_ab25a214 - markdown_it.rules_block.blockquote - DEBUG - blockquote.blockquote:13 - entering blockquote: StateBlock(line=91,level=0,tokens=98), 91, 296, False
2025-12-27 14:18:52 - 20251227_141851_ab25a214 - markdown_it.rules_block.hr - DEBUG - hr.hr:14 - entering hr: StateBlock(line=91,level=0,tokens=98), 91, 296, False
2025-12-27 14:18:52 - 20251227_141851_ab25a214 - markdown_it.rules_block.list - DEBUG - list.list_block:102 - entering list: StateBlock(line=91,level=0,tokens=98), 91, 296, False
2025-12-27 14:18:52 - 20251227_141851_ab25a214 - markdown_it.rules_block.reference - DEBUG - reference.reference:10 - entering reference: StateBlock(line=91,level=0,tokens=98), 91, 296, False
2025-12-27 14:18:52 - 20251227_141851_ab25a214 - markdown_it.rules_block.html_block - DEBUG - html_block.html_block:35 - entering html_block: StateBlock(line=91,level=0,tokens=98), 91, 296, False
2025-12-27 14:18:52 - 20251227_141851_ab25a214 - markdown_it.rules_block.heading - DEBUG - heading.heading:13 - entering heading: StateBlock(line=91,level=0,tokens=98), 91, 296, False
2025-12-27 14:18:52 - 20251227_141851_ab25a214 - markdown_it.rules_block.lheading - DEBUG - lheading.lheading:10 - entering lheading: StateBlock(line=91,level=0,tokens=98), 91, 296, False
2025-12-27 14:18:52 - 20251227_141851_ab25a214 - markdown_it.rules_block.paragraph - DEBUG - paragraph.paragraph:10 - entering paragraph: StateBlock(line=91,level=0,tokens=98), 91, 296, False
2025-12-27 14:18:52 - 20251227_141851_ab25a214 - markdown_it.rules_block.code - DEBUG - code.code:10 - entering code: StateBlock(line=93,level=0,tokens=101), 93, 296, False
2025-12-27 14:18:52 - 20251227_141851_ab25a214 - markdown_it.rules_block.fence - DEBUG - fence.fence:10 - entering fence: StateBlock(line=93,level=0,tokens=101), 93, 296, False
2025-12-27 14:18:52 - 20251227_141851_ab25a214 - markdown_it.rules_block.blockquote - DEBUG - blockquote.blockquote:13 - entering blockquote: StateBlock(line=93,level=0,tokens=101), 93, 296, False
2025-12-27 14:18:52 - 20251227_141851_ab25a214 - markdown_it.rules_block.hr - DEBUG - hr.hr:14 - entering hr: StateBlock(line=93,level=0,tokens=101), 93, 296, False
2025-12-27 14:18:52 - 20251227_141851_ab25a214 - markdown_it.rules_block.list - DEBUG - list.list_block:102 - entering list: StateBlock(line=93,level=0,tokens=101), 93, 296, False
2025-12-27 14:18:52 - 20251227_141851_ab25a214 - markdown_it.rules_block.reference - DEBUG - reference.reference:10 - entering reference: StateBlock(line=93,level=0,tokens=101), 93, 296, False
2025-12-27 14:18:52 - 20251227_141851_ab25a214 - markdown_it.rules_block.html_block - DEBUG - html_block.html_block:35 - entering html_block: StateBlock(line=93,level=0,tokens=101), 93, 296, False
2025-12-27 14:18:52 - 20251227_141851_ab25a214 - markdown_it.rules_block.heading - DEBUG - heading.heading:13 - entering heading: StateBlock(line=93,level=0,tokens=101), 93, 296, False
2025-12-27 14:18:52 - 20251227_141851_ab25a214 - markdown_it.rules_block.lheading - DEBUG - lheading.lheading:10 - entering lheading: StateBlock(line=93,level=0,tokens=101), 93, 296, False
2025-12-27 14:18:52 - 20251227_141851_ab25a214 - markdown_it.rules_block.paragraph - DEBUG - paragraph.paragraph:10 - entering paragraph: StateBlock(line=93,level=0,tokens=101), 93, 296, False
2025-12-27 14:18:52 - 20251227_141851_ab25a214 - markdown_it.rules_block.code - DEBUG - code.code:10 - entering code: StateBlock(line=95,level=0,tokens=104), 95, 296, False
2025-12-27 14:18:52 - 20251227_141851_ab25a214 - markdown_it.rules_block.fence - DEBUG - fence.fence:10 - entering fence: StateBlock(line=95,level=0,tokens=104), 95, 296, False
2025-12-27 14:18:52 - 20251227_141851_ab25a214 - markdown_it.rules_block.blockquote - DEBUG - blockquote.blockquote:13 - entering blockquote: StateBlock(line=95,level=0,tokens=104), 95, 296, False
2025-12-27 14:18:52 - 20251227_141851_ab25a214 - markdown_it.rules_block.hr - DEBUG - hr.hr:14 - entering hr: StateBlock(line=95,level=0,tokens=104), 95, 296, False
2025-12-27 14:18:52 - 20251227_141851_ab25a214 - markdown_it.rules_block.list - DEBUG - list.list_block:102 - entering list: StateBlock(line=95,level=0,tokens=104), 95, 296, False
2025-12-27 14:18:52 - 20251227_141851_ab25a214 - markdown_it.rules_block.reference - DEBUG - reference.reference:10 - entering reference: StateBlock(line=95,level=0,tokens=104), 95, 296, False
2025-12-27 14:18:52 - 20251227_141851_ab25a214 - markdown_it.rules_block.html_block - DEBUG - html_block.html_block:35 - entering html_block: StateBlock(line=95,level=0,tokens=104), 95, 296, False
2025-12-27 14:18:52 - 20251227_141851_ab25a214 - markdown_it.rules_block.heading - DEBUG - heading.heading:13 - entering heading: StateBlock(line=95,level=0,tokens=104), 95, 296, False
2025-12-27 14:18:52 - 20251227_141851_ab25a214 - markdown_it.rules_block.lheading - DEBUG - lheading.lheading:10 - entering lheading: StateBlock(line=95,level=0,tokens=104), 95, 296, False
2025-12-27 14:18:52 - 20251227_141851_ab25a214 - markdown_it.rules_block.paragraph - DEBUG - paragraph.paragraph:10 - entering paragraph: StateBlock(line=95,level=0,tokens=104), 95, 296, False
2025-12-27 14:18:52 - 20251227_141851_ab25a214 - markdown_it.rules_block.code - DEBUG - code.code:10 - entering code: StateBlock(line=97,level=0,tokens=107), 97, 296, False
2025-12-27 14:18:52 - 20251227_141851_ab25a214 - markdown_it.rules_block.fence - DEBUG - fence.fence:10 - entering fence: StateBlock(line=97,level=0,tokens=107), 97, 296, False
2025-12-27 14:18:52 - 20251227_141851_ab25a214 - markdown_it.rules_block.blockquote - DEBUG - blockquote.blockquote:13 - entering blockquote: StateBlock(line=97,level=0,tokens=107), 97, 296, False
2025-12-27 14:18:52 - 20251227_141851_ab25a214 - markdown_it.rules_block.hr - DEBUG - hr.hr:14 - entering hr: StateBlock(line=97,level=0,tokens=107), 97, 296, False
2025-12-27 14:18:52 - 20251227_141851_ab25a214 - markdown_it.rules_block.list - DEBUG - list.list_block:102 - entering list: StateBlock(line=97,level=0,tokens=107), 97, 296, False
2025-12-27 14:18:52 - 20251227_141851_ab25a214 - markdown_it.rules_block.reference - DEBUG - reference.reference:10 - entering reference: StateBlock(line=97,level=0,tokens=107), 97, 296, False
2025-12-27 14:18:52 - 20251227_141851_ab25a214 - markdown_it.rules_block.html_block - DEBUG - html_block.html_block:35 - entering html_block: StateBlock(line=97,level=0,tokens=107), 97, 296, False
2025-12-27 14:18:52 - 20251227_141851_ab25a214 - markdown_it.rules_block.heading - DEBUG - heading.heading:13 - entering heading: StateBlock(line=97,level=0,tokens=107), 97, 296, False
2025-12-27 14:18:52 - 20251227_141851_ab25a214 - markdown_it.rules_block.lheading - DEBUG - lheading.lheading:10 - entering lheading: StateBlock(line=97,level=0,tokens=107), 97, 296, False
2025-12-27 14:18:52 - 20251227_141851_ab25a214 - markdown_it.rules_block.paragraph - DEBUG - paragraph.paragraph:10 - entering paragraph: StateBlock(line=97,level=0,tokens=107), 97, 296, False
2025-12-27 14:18:52 - 20251227_141851_ab25a214 - markdown_it.rules_block.code - DEBUG - code.code:10 - entering code: StateBlock(line=99,level=0,tokens=110), 99, 296, False
2025-12-27 14:18:52 - 20251227_141851_ab25a214 - markdown_it.rules_block.fence - DEBUG - fence.fence:10 - entering fence: StateBlock(line=99,level=0,tokens=110), 99, 296, False
2025-12-27 14:18:52 - 20251227_141851_ab25a214 - markdown_it.rules_block.blockquote - DEBUG - blockquote.blockquote:13 - entering blockquote: StateBlock(line=99,level=0,tokens=110), 99, 296, False
2025-12-27 14:18:52 - 20251227_141851_ab25a214 - markdown_it.rules_block.hr - DEBUG - hr.hr:14 - entering hr: StateBlock(line=99,level=0,tokens=110), 99, 296, False
2025-12-27 14:18:52 - 20251227_141851_ab25a214 - markdown_it.rules_block.list - DEBUG - list.list_block:102 - entering list: StateBlock(line=99,level=0,tokens=110), 99, 296, False
2025-12-27 14:18:52 - 20251227_141851_ab25a214 - markdown_it.rules_block.reference - DEBUG - reference.reference:10 - entering reference: StateBlock(line=99,level=0,tokens=110), 99, 296, False
2025-12-27 14:18:52 - 20251227_141851_ab25a214 - markdown_it.rules_block.html_block - DEBUG - html_block.html_block:35 - entering html_block: StateBlock(line=99,level=0,tokens=110), 99, 296, False
2025-12-27 14:18:52 - 20251227_141851_ab25a214 - markdown_it.rules_block.heading - DEBUG - heading.heading:13 - entering heading: StateBlock(line=99,level=0,tokens=110), 99, 296, False
2025-12-27 14:18:52 - 20251227_141851_ab25a214 - markdown_it.rules_block.lheading - DEBUG - lheading.lheading:10 - entering lheading: StateBlock(line=99,level=0,tokens=110), 99, 296, False
2025-12-27 14:18:52 - 20251227_141851_ab25a214 - markdown_it.rules_block.paragraph - DEBUG - paragraph.paragraph:10 - entering paragraph: StateBlock(line=99,level=0,tokens=110), 99, 296, False
2025-12-27 14:18:52 - 20251227_141851_ab25a214 - markdown_it.rules_block.code - DEBUG - code.code:10 - entering code: StateBlock(line=101,level=0,tokens=113), 101, 296, False
2025-12-27 14:18:52 - 20251227_141851_ab25a214 - markdown_it.rules_block.fence - DEBUG - fence.fence:10 - entering fence: StateBlock(line=101,level=0,tokens=113), 101, 296, False
2025-12-27 14:18:52 - 20251227_141851_ab25a214 - markdown_it.rules_block.blockquote - DEBUG - blockquote.blockquote:13 - entering blockquote: StateBlock(line=101,level=0,tokens=113), 101, 296, False
2025-12-27 14:18:52 - 20251227_141851_ab25a214 - markdown_it.rules_block.hr - DEBUG - hr.hr:14 - entering hr: StateBlock(line=101,level=0,tokens=113), 101, 296, False
2025-12-27 14:18:52 - 20251227_141851_ab25a214 - markdown_it.rules_block.list - DEBUG - list.list_block:102 - entering list: StateBlock(line=101,level=0,tokens=113), 101, 296, False
2025-12-27 14:18:52 - 20251227_141851_ab25a214 - markdown_it.rules_block.reference - DEBUG - reference.reference:10 - entering reference: StateBlock(line=101,level=0,tokens=113), 101, 296, False
2025-12-27 14:18:52 - 20251227_141851_ab25a214 - markdown_it.rules_block.html_block - DEBUG - html_block.html_block:35 - entering html_block: StateBlock(line=101,level=0,tokens=113), 101, 296, False
2025-12-27 14:18:52 - 20251227_141851_ab25a214 - markdown_it.rules_block.heading - DEBUG - heading.heading:13 - entering heading: StateBlock(line=101,level=0,tokens=113), 101, 296, False
2025-12-27 14:18:52 - 20251227_141851_ab25a214 - markdown_it.rules_block.lheading - DEBUG - lheading.lheading:10 - entering lheading: StateBlock(line=101,level=0,tokens=113), 101, 296, False
2025-12-27 14:18:52 - 20251227_141851_ab25a214 - markdown_it.rules_block.paragraph - DEBUG - paragraph.paragraph:10 - entering paragraph: StateBlock(line=101,level=0,tokens=113), 101, 296, False
2025-12-27 14:18:52 - 20251227_141851_ab25a214 - markdown_it.rules_block.code - DEBUG - code.code:10 - entering code: StateBlock(line=103,level=0,tokens=116), 103, 296, False
2025-12-27 14:18:52 - 20251227_141851_ab25a214 - markdown_it.rules_block.fence - DEBUG - fence.fence:10 - entering fence: StateBlock(line=103,level=0,tokens=116), 103, 296, False
2025-12-27 14:18:52 - 20251227_141851_ab25a214 - markdown_it.rules_block.blockquote - DEBUG - blockquote.blockquote:13 - entering blockquote: StateBlock(line=103,level=0,tokens=116), 103, 296, False
2025-12-27 14:18:52 - 20251227_141851_ab25a214 - markdown_it.rules_block.hr - DEBUG - hr.hr:14 - entering hr: StateBlock(line=103,level=0,tokens=116), 103, 296, False
2025-12-27 14:18:52 - 20251227_141851_ab25a214 - markdown_it.rules_block.list - DEBUG - list.list_block:102 - entering list: StateBlock(line=103,level=0,tokens=116), 103, 296, False
2025-12-27 14:18:52 - 20251227_141851_ab25a214 - markdown_it.rules_block.reference - DEBUG - reference.reference:10 - entering reference: StateBlock(line=103,level=0,tokens=116), 103, 296, False
2025-12-27 14:18:52 - 20251227_141851_ab25a214 - markdown_it.rules_block.html_block - DEBUG - html_block.html_block:35 - entering html_block: StateBlock(line=103,level=0,tokens=116), 103, 296, False
2025-12-27 14:18:52 - 20251227_141851_ab25a214 - markdown_it.rules_block.heading - DEBUG - heading.heading:13 - entering heading: StateBlock(line=103,level=0,tokens=116), 103, 296, False
2025-12-27 14:18:52 - 20251227_141851_ab25a214 - markdown_it.rules_block.lheading - DEBUG - lheading.lheading:10 - entering lheading: StateBlock(line=103,level=0,tokens=116), 103, 296, False
2025-12-27 14:18:52 - 20251227_141851_ab25a214 - markdown_it.rules_block.paragraph - DEBUG - paragraph.paragraph:10 - entering paragraph: StateBlock(line=103,level=0,tokens=116), 103, 296, False
2025-12-27 14:18:52 - 20251227_141851_ab25a214 - markdown_it.rules_block.code - DEBUG - code.code:10 - entering code: StateBlock(line=105,level=0,tokens=119), 105, 296, False
2025-12-27 14:18:52 - 20251227_141851_ab25a214 - markdown_it.rules_block.fence - DEBUG - fence.fence:10 - entering fence: StateBlock(line=105,level=0,tokens=119), 105, 296, False
2025-12-27 14:18:52 - 20251227_141851_ab25a214 - markdown_it.rules_block.blockquote - DEBUG - blockquote.blockquote:13 - entering blockquote: StateBlock(line=105,level=0,tokens=119), 105, 296, False
2025-12-27 14:18:52 - 20251227_141851_ab25a214 - markdown_it.rules_block.hr - DEBUG - hr.hr:14 - entering hr: StateBlock(line=105,level=0,tokens=119), 105, 296, False
2025-12-27 14:18:52 - 20251227_141851_ab25a214 - markdown_it.rules_block.list - DEBUG - list.list_block:102 - entering list: StateBlock(line=105,level=0,tokens=119), 105, 296, False
2025-12-27 14:18:52 - 20251227_141851_ab25a214 - markdown_it.rules_block.reference - DEBUG - reference.reference:10 - entering reference: StateBlock(line=105,level=0,tokens=119), 105, 296, False
2025-12-27 14:18:52 - 20251227_141851_ab25a214 - markdown_it.rules_block.html_block - DEBUG - html_block.html_block:35 - entering html_block: StateBlock(line=105,level=0,tokens=119), 105, 296, False
2025-12-27 14:18:52 - 20251227_141851_ab25a214 - markdown_it.rules_block.heading - DEBUG - heading.heading:13 - entering heading: StateBlock(line=105,level=0,tokens=119), 105, 296, False
2025-12-27 14:18:52 - 20251227_141851_ab25a214 - markdown_it.rules_block.lheading - DEBUG - lheading.lheading:10 - entering lheading: StateBlock(line=105,level=0,tokens=119), 105, 296, False
2025-12-27 14:18:52 - 20251227_141851_ab25a214 - markdown_it.rules_block.paragraph - DEBUG - paragraph.paragraph:10 - entering paragraph: StateBlock(line=105,level=0,tokens=119), 105, 296, False
2025-12-27 14:18:52 - 20251227_141851_ab25a214 - markdown_it.rules_block.code - DEBUG - code.code:10 - entering code: StateBlock(line=107,level=0,tokens=122), 107, 296, False
2025-12-27 14:18:52 - 20251227_141851_ab25a214 - markdown_it.rules_block.fence - DEBUG - fence.fence:10 - entering fence: StateBlock(line=107,level=0,tokens=122), 107, 296, False
2025-12-27 14:18:52 - 20251227_141851_ab25a214 - markdown_it.rules_block.blockquote - DEBUG - blockquote.blockquote:13 - entering blockquote: StateBlock(line=107,level=0,tokens=122), 107, 296, False
2025-12-27 14:18:52 - 20251227_141851_ab25a214 - markdown_it.rules_block.hr - DEBUG - hr.hr:14 - entering hr: StateBlock(line=107,level=0,tokens=122), 107, 296, False
2025-12-27 14:18:52 - 20251227_141851_ab25a214 - markdown_it.rules_block.list - DEBUG - list.list_block:102 - entering list: StateBlock(line=107,level=0,tokens=122), 107, 296, False
2025-12-27 14:18:52 - 20251227_141851_ab25a214 - markdown_it.rules_block.reference - DEBUG - reference.reference:10 - entering reference: StateBlock(line=107,level=0,tokens=122), 107, 296, False
2025-12-27 14:18:52 - 20251227_141851_ab25a214 - markdown_it.rules_block.html_block - DEBUG - html_block.html_block:35 - entering html_block: StateBlock(line=107,level=0,tokens=122), 107, 296, False
2025-12-27 14:18:52 - 20251227_141851_ab25a214 - markdown_it.rules_block.heading - DEBUG - heading.heading:13 - entering heading: StateBlock(line=107,level=0,tokens=122), 107, 296, False
2025-12-27 14:18:52 - 20251227_141851_ab25a214 - markdown_it.rules_block.lheading - DEBUG - lheading.lheading:10 - entering lheading: StateBlock(line=107,level=0,tokens=122), 107, 296, False
2025-12-27 14:18:52 - 20251227_141851_ab25a214 - markdown_it.rules_block.paragraph - DEBUG - paragraph.paragraph:10 - entering paragraph: StateBlock(line=107,level=0,tokens=122), 107, 296, False
2025-12-27 14:18:52 - 20251227_141851_ab25a214 - markdown_it.rules_block.code - DEBUG - code.code:10 - entering code: StateBlock(line=109,level=0,tokens=125), 109, 296, False
2025-12-27 14:18:52 - 20251227_141851_ab25a214 - markdown_it.rules_block.fence - DEBUG - fence.fence:10 - entering fence: StateBlock(line=109,level=0,tokens=125), 109, 296, False
2025-12-27 14:18:52 - 20251227_141851_ab25a214 - markdown_it.rules_block.blockquote - DEBUG - blockquote.blockquote:13 - entering blockquote: StateBlock(line=109,level=0,tokens=125), 109, 296, False
2025-12-27 14:18:52 - 20251227_141851_ab25a214 - markdown_it.rules_block.hr - DEBUG - hr.hr:14 - entering hr: StateBlock(line=109,level=0,tokens=125), 109, 296, False
2025-12-27 14:18:52 - 20251227_141851_ab25a214 - markdown_it.rules_block.list - DEBUG - list.list_block:102 - entering list: StateBlock(line=109,level=0,tokens=125), 109, 296, False
2025-12-27 14:18:52 - 20251227_141851_ab25a214 - markdown_it.rules_block.reference - DEBUG - reference.reference:10 - entering reference: StateBlock(line=109,level=0,tokens=125), 109, 296, False
2025-12-27 14:18:52 - 20251227_141851_ab25a214 - markdown_it.rules_block.html_block - DEBUG - html_block.html_block:35 - entering html_block: StateBlock(line=109,level=0,tokens=125), 109, 296, False
2025-12-27 14:18:52 - 20251227_141851_ab25a214 - markdown_it.rules_block.heading - DEBUG - heading.heading:13 - entering heading: StateBlock(line=109,level=0,tokens=125), 109, 296, False
2025-12-27 14:18:52 - 20251227_141851_ab25a214 - markdown_it.rules_block.lheading - DEBUG - lheading.lheading:10 - entering lheading: StateBlock(line=109,level=0,tokens=125), 109, 296, False
2025-12-27 14:18:52 - 20251227_141851_ab25a214 - markdown_it.rules_block.paragraph - DEBUG - paragraph.paragraph:10 - entering paragraph: StateBlock(line=109,level=0,tokens=125), 109, 296, False
2025-12-27 14:18:52 - 20251227_141851_ab25a214 - markdown_it.rules_block.code - DEBUG - code.code:10 - entering code: StateBlock(line=111,level=0,tokens=128), 111, 296, False
2025-12-27 14:18:52 - 20251227_141851_ab25a214 - markdown_it.rules_block.fence - DEBUG - fence.fence:10 - entering fence: StateBlock(line=111,level=0,tokens=128), 111, 296, False
2025-12-27 14:18:52 - 20251227_141851_ab25a214 - markdown_it.rules_block.blockquote - DEBUG - blockquote.blockquote:13 - entering blockquote: StateBlock(line=111,level=0,tokens=128), 111, 296, False
2025-12-27 14:18:52 - 20251227_141851_ab25a214 - markdown_it.rules_block.hr - DEBUG - hr.hr:14 - entering hr: StateBlock(line=111,level=0,tokens=128), 111, 296, False
2025-12-27 14:18:52 - 20251227_141851_ab25a214 - markdown_it.rules_block.list - DEBUG - list.list_block:102 - entering list: StateBlock(line=111,level=0,tokens=128), 111, 296, False
2025-12-27 14:18:52 - 20251227_141851_ab25a214 - markdown_it.rules_block.reference - DEBUG - reference.reference:10 - entering reference: StateBlock(line=111,level=0,tokens=128), 111, 296, False
2025-12-27 14:18:52 - 20251227_141851_ab25a214 - markdown_it.rules_block.html_block - DEBUG - html_block.html_block:35 - entering html_block: StateBlock(line=111,level=0,tokens=128), 111, 296, False
2025-12-27 14:18:52 - 20251227_141851_ab25a214 - markdown_it.rules_block.heading - DEBUG - heading.heading:13 - entering heading: StateBlock(line=111,level=0,tokens=128), 111, 296, False
2025-12-27 14:18:52 - 20251227_141851_ab25a214 - markdown_it.rules_block.lheading - DEBUG - lheading.lheading:10 - entering lheading: StateBlock(line=111,level=0,tokens=128), 111, 296, False
2025-12-27 14:18:52 - 20251227_141851_ab25a214 - markdown_it.rules_block.paragraph - DEBUG - paragraph.paragraph:10 - entering paragraph: StateBlock(line=111,level=0,tokens=128), 111, 296, False
2025-12-27 14:18:52 - 20251227_141851_ab25a214 - markdown_it.rules_block.code - DEBUG - code.code:10 - entering code: StateBlock(line=113,level=0,tokens=131), 113, 296, False
2025-12-27 14:18:52 - 20251227_141851_ab25a214 - markdown_it.rules_block.fence - DEBUG - fence.fence:10 - entering fence: StateBlock(line=113,level=0,tokens=131), 113, 296, False
2025-12-27 14:18:52 - 20251227_141851_ab25a214 - markdown_it.rules_block.blockquote - DEBUG - blockquote.blockquote:13 - entering blockquote: StateBlock(line=113,level=0,tokens=131), 113, 296, False
2025-12-27 14:18:52 - 20251227_141851_ab25a214 - markdown_it.rules_block.hr - DEBUG - hr.hr:14 - entering hr: StateBlock(line=113,level=0,tokens=131), 113, 296, False
2025-12-27 14:18:52 - 20251227_141851_ab25a214 - markdown_it.rules_block.list - DEBUG - list.list_block:102 - entering list: StateBlock(line=113,level=0,tokens=131), 113, 296, False
2025-12-27 14:18:52 - 20251227_141851_ab25a214 - markdown_it.rules_block.reference - DEBUG - reference.reference:10 - entering reference: StateBlock(line=113,level=0,tokens=131), 113, 296, False
2025-12-27 14:18:52 - 20251227_141851_ab25a214 - markdown_it.rules_block.html_block - DEBUG - html_block.html_block:35 - entering html_block: StateBlock(line=113,level=0,tokens=131), 113, 296, False
2025-12-27 14:18:52 - 20251227_141851_ab25a214 - markdown_it.rules_block.heading - DEBUG - heading.heading:13 - entering heading: StateBlock(line=113,level=0,tokens=131), 113, 296, False
2025-12-27 14:18:52 - 20251227_141851_ab25a214 - markdown_it.rules_block.lheading - DEBUG - lheading.lheading:10 - entering lheading: StateBlock(line=113,level=0,tokens=131), 113, 296, False
2025-12-27 14:18:52 - 20251227_141851_ab25a214 - markdown_it.rules_block.paragraph - DEBUG - paragraph.paragraph:10 - entering paragraph: StateBlock(line=113,level=0,tokens=131), 113, 296, False
2025-12-27 14:18:52 - 20251227_141851_ab25a214 - markdown_it.rules_block.code - DEBUG - code.code:10 - entering code: StateBlock(line=115,level=0,tokens=134), 115, 296, False
2025-12-27 14:18:52 - 20251227_141851_ab25a214 - markdown_it.rules_block.fence - DEBUG - fence.fence:10 - entering fence: StateBlock(line=115,level=0,tokens=134), 115, 296, False
2025-12-27 14:18:52 - 20251227_141851_ab25a214 - markdown_it.rules_block.blockquote - DEBUG - blockquote.blockquote:13 - entering blockquote: StateBlock(line=115,level=0,tokens=134), 115, 296, False
2025-12-27 14:18:52 - 20251227_141851_ab25a214 - markdown_it.rules_block.hr - DEBUG - hr.hr:14 - entering hr: StateBlock(line=115,level=0,tokens=134), 115, 296, False
2025-12-27 14:18:52 - 20251227_141851_ab25a214 - markdown_it.rules_block.list - DEBUG - list.list_block:102 - entering list: StateBlock(line=115,level=0,tokens=134), 115, 296, False
2025-12-27 14:18:52 - 20251227_141851_ab25a214 - markdown_it.rules_block.reference - DEBUG - reference.reference:10 - entering reference: StateBlock(line=115,level=0,tokens=134), 115, 296, False
2025-12-27 14:18:52 - 20251227_141851_ab25a214 - markdown_it.rules_block.html_block - DEBUG - html_block.html_block:35 - entering html_block: StateBlock(line=115,level=0,tokens=134), 115, 296, False
2025-12-27 14:18:52 - 20251227_141851_ab25a214 - markdown_it.rules_block.heading - DEBUG - heading.heading:13 - entering heading: StateBlock(line=115,level=0,tokens=134), 115, 296, False
2025-12-27 14:18:52 - 20251227_141851_ab25a214 - markdown_it.rules_block.lheading - DEBUG - lheading.lheading:10 - entering lheading: StateBlock(line=115,level=0,tokens=134), 115, 296, False
2025-12-27 14:18:52 - 20251227_141851_ab25a214 - markdown_it.rules_block.paragraph - DEBUG - paragraph.paragraph:10 - entering paragraph: StateBlock(line=115,level=0,tokens=134), 115, 296, False
2025-12-27 14:18:52 - 20251227_141851_ab25a214 - markdown_it.rules_block.code - DEBUG - code.code:10 - entering code: StateBlock(line=117,level=0,tokens=137), 117, 296, False
2025-12-27 14:18:52 - 20251227_141851_ab25a214 - markdown_it.rules_block.fence - DEBUG - fence.fence:10 - entering fence: StateBlock(line=117,level=0,tokens=137), 117, 296, False
2025-12-27 14:18:52 - 20251227_141851_ab25a214 - markdown_it.rules_block.blockquote - DEBUG - blockquote.blockquote:13 - entering blockquote: StateBlock(line=117,level=0,tokens=137), 117, 296, False
2025-12-27 14:18:52 - 20251227_141851_ab25a214 - markdown_it.rules_block.hr - DEBUG - hr.hr:14 - entering hr: StateBlock(line=117,level=0,tokens=137), 117, 296, False
2025-12-27 14:18:52 - 20251227_141851_ab25a214 - markdown_it.rules_block.list - DEBUG - list.list_block:102 - entering list: StateBlock(line=117,level=0,tokens=137), 117, 296, False
2025-12-27 14:18:52 - 20251227_141851_ab25a214 - markdown_it.rules_block.reference - DEBUG - reference.reference:10 - entering reference: StateBlock(line=117,level=0,tokens=137), 117, 296, False
2025-12-27 14:18:52 - 20251227_141851_ab25a214 - markdown_it.rules_block.html_block - DEBUG - html_block.html_block:35 - entering html_block: StateBlock(line=117,level=0,tokens=137), 117, 296, False
2025-12-27 14:18:52 - 20251227_141851_ab25a214 - markdown_it.rules_block.heading - DEBUG - heading.heading:13 - entering heading: StateBlock(line=117,level=0,tokens=137), 117, 296, False
2025-12-27 14:18:52 - 20251227_141851_ab25a214 - markdown_it.rules_block.lheading - DEBUG - lheading.lheading:10 - entering lheading: StateBlock(line=117,level=0,tokens=137), 117, 296, False
2025-12-27 14:18:52 - 20251227_141851_ab25a214 - markdown_it.rules_block.paragraph - DEBUG - paragraph.paragraph:10 - entering paragraph: StateBlock(line=117,level=0,tokens=137), 117, 296, False
2025-12-27 14:18:52 - 20251227_141851_ab25a214 - markdown_it.rules_block.code - DEBUG - code.code:10 - entering code: StateBlock(line=119,level=0,tokens=140), 119, 296, False
2025-12-27 14:18:52 - 20251227_141851_ab25a214 - markdown_it.rules_block.fence - DEBUG - fence.fence:10 - entering fence: StateBlock(line=119,level=0,tokens=140), 119, 296, False
2025-12-27 14:18:52 - 20251227_141851_ab25a214 - markdown_it.rules_block.blockquote - DEBUG - blockquote.blockquote:13 - entering blockquote: StateBlock(line=119,level=0,tokens=140), 119, 296, False
2025-12-27 14:18:52 - 20251227_141851_ab25a214 - markdown_it.rules_block.hr - DEBUG - hr.hr:14 - entering hr: StateBlock(line=119,level=0,tokens=140), 119, 296, False
2025-12-27 14:18:52 - 20251227_141851_ab25a214 - markdown_it.rules_block.list - DEBUG - list.list_block:102 - entering list: StateBlock(line=119,level=0,tokens=140), 119, 296, False
2025-12-27 14:18:52 - 20251227_141851_ab25a214 - markdown_it.rules_block.reference - DEBUG - reference.reference:10 - entering reference: StateBlock(line=119,level=0,tokens=140), 119, 296, False
2025-12-27 14:18:52 - 20251227_141851_ab25a214 - markdown_it.rules_block.html_block - DEBUG - html_block.html_block:35 - entering html_block: StateBlock(line=119,level=0,tokens=140), 119, 296, False
2025-12-27 14:18:52 - 20251227_141851_ab25a214 - markdown_it.rules_block.heading - DEBUG - heading.heading:13 - entering heading: StateBlock(line=119,level=0,tokens=140), 119, 296, False
2025-12-27 14:18:52 - 20251227_141851_ab25a214 - markdown_it.rules_block.lheading - DEBUG - lheading.lheading:10 - entering lheading: StateBlock(line=119,level=0,tokens=140), 119, 296, False
2025-12-27 14:18:52 - 20251227_141851_ab25a214 - markdown_it.rules_block.paragraph - DEBUG - paragraph.paragraph:10 - entering paragraph: StateBlock(line=119,level=0,tokens=140), 119, 296, False
2025-12-27 14:18:52 - 20251227_141851_ab25a214 - markdown_it.rules_block.code - DEBUG - code.code:10 - entering code: StateBlock(line=121,level=0,tokens=143), 121, 296, False
2025-12-27 14:18:52 - 20251227_141851_ab25a214 - markdown_it.rules_block.fence - DEBUG - fence.fence:10 - entering fence: StateBlock(line=121,level=0,tokens=143), 121, 296, False
2025-12-27 14:18:52 - 20251227_141851_ab25a214 - markdown_it.rules_block.blockquote - DEBUG - blockquote.blockquote:13 - entering blockquote: StateBlock(line=121,level=0,tokens=143), 121, 296, False
2025-12-27 14:18:52 - 20251227_141851_ab25a214 - markdown_it.rules_block.hr - DEBUG - hr.hr:14 - entering hr: StateBlock(line=121,level=0,tokens=143), 121, 296, False
2025-12-27 14:18:52 - 20251227_141851_ab25a214 - markdown_it.rules_block.list - DEBUG - list.list_block:102 - entering list: StateBlock(line=121,level=0,tokens=143), 121, 296, False
2025-12-27 14:18:52 - 20251227_141851_ab25a214 - markdown_it.rules_block.reference - DEBUG - reference.reference:10 - entering reference: StateBlock(line=121,level=0,tokens=143), 121, 296, False
2025-12-27 14:18:52 - 20251227_141851_ab25a214 - markdown_it.rules_block.html_block - DEBUG - html_block.html_block:35 - entering html_block: StateBlock(line=121,level=0,tokens=143), 121, 296, False
2025-12-27 14:18:52 - 20251227_141851_ab25a214 - markdown_it.rules_block.heading - DEBUG - heading.heading:13 - entering heading: StateBlock(line=121,level=0,tokens=143), 121, 296, False
2025-12-27 14:18:52 - 20251227_141851_ab25a214 - markdown_it.rules_block.lheading - DEBUG - lheading.lheading:10 - entering lheading: StateBlock(line=121,level=0,tokens=143), 121, 296, False
2025-12-27 14:18:52 - 20251227_141851_ab25a214 - markdown_it.rules_block.paragraph - DEBUG - paragraph.paragraph:10 - entering paragraph: StateBlock(line=121,level=0,tokens=143), 121, 296, False
2025-12-27 14:18:52 - 20251227_141851_ab25a214 - markdown_it.rules_block.code - DEBUG - code.code:10 - entering code: StateBlock(line=123,level=0,tokens=146), 123, 296, False
2025-12-27 14:18:52 - 20251227_141851_ab25a214 - markdown_it.rules_block.fence - DEBUG - fence.fence:10 - entering fence: StateBlock(line=123,level=0,tokens=146), 123, 296, False
2025-12-27 14:18:52 - 20251227_141851_ab25a214 - markdown_it.rules_block.blockquote - DEBUG - blockquote.blockquote:13 - entering blockquote: StateBlock(line=123,level=0,tokens=146), 123, 296, False
2025-12-27 14:18:52 - 20251227_141851_ab25a214 - markdown_it.rules_block.hr - DEBUG - hr.hr:14 - entering hr: StateBlock(line=123,level=0,tokens=146), 123, 296, False
2025-12-27 14:18:52 - 20251227_141851_ab25a214 - markdown_it.rules_block.list - DEBUG - list.list_block:102 - entering list: StateBlock(line=123,level=0,tokens=146), 123, 296, False
2025-12-27 14:18:52 - 20251227_141851_ab25a214 - markdown_it.rules_block.reference - DEBUG - reference.reference:10 - entering reference: StateBlock(line=123,level=0,tokens=146), 123, 296, False
2025-12-27 14:18:52 - 20251227_141851_ab25a214 - markdown_it.rules_block.html_block - DEBUG - html_block.html_block:35 - entering html_block: StateBlock(line=123,level=0,tokens=146), 123, 296, False
2025-12-27 14:18:52 - 20251227_141851_ab25a214 - markdown_it.rules_block.heading - DEBUG - heading.heading:13 - entering heading: StateBlock(line=123,level=0,tokens=146), 123, 296, False
2025-12-27 14:18:52 - 20251227_141851_ab25a214 - markdown_it.rules_block.lheading - DEBUG - lheading.lheading:10 - entering lheading: StateBlock(line=123,level=0,tokens=146), 123, 296, False
2025-12-27 14:18:52 - 20251227_141851_ab25a214 - markdown_it.rules_block.paragraph - DEBUG - paragraph.paragraph:10 - entering paragraph: StateBlock(line=123,level=0,tokens=146), 123, 296, False
2025-12-27 14:18:52 - 20251227_141851_ab25a214 - markdown_it.rules_block.code - DEBUG - code.code:10 - entering code: StateBlock(line=125,level=0,tokens=149), 125, 296, False
2025-12-27 14:18:52 - 20251227_141851_ab25a214 - markdown_it.rules_block.fence - DEBUG - fence.fence:10 - entering fence: StateBlock(line=125,level=0,tokens=149), 125, 296, False
2025-12-27 14:18:52 - 20251227_141851_ab25a214 - markdown_it.rules_block.blockquote - DEBUG - blockquote.blockquote:13 - entering blockquote: StateBlock(line=125,level=0,tokens=149), 125, 296, False
2025-12-27 14:18:52 - 20251227_141851_ab25a214 - markdown_it.rules_block.hr - DEBUG - hr.hr:14 - entering hr: StateBlock(line=125,level=0,tokens=149), 125, 296, False
2025-12-27 14:18:52 - 20251227_141851_ab25a214 - markdown_it.rules_block.list - DEBUG - list.list_block:102 - entering list: StateBlock(line=125,level=0,tokens=149), 125, 296, False
2025-12-27 14:18:52 - 20251227_141851_ab25a214 - markdown_it.rules_block.reference - DEBUG - reference.reference:10 - entering reference: StateBlock(line=125,level=0,tokens=149), 125, 296, False
2025-12-27 14:18:52 - 20251227_141851_ab25a214 - markdown_it.rules_block.html_block - DEBUG - html_block.html_block:35 - entering html_block: StateBlock(line=125,level=0,tokens=149), 125, 296, False
2025-12-27 14:18:52 - 20251227_141851_ab25a214 - markdown_it.rules_block.heading - DEBUG - heading.heading:13 - entering heading: StateBlock(line=125,level=0,tokens=149), 125, 296, False
2025-12-27 14:18:52 - 20251227_141851_ab25a214 - markdown_it.rules_block.lheading - DEBUG - lheading.lheading:10 - entering lheading: StateBlock(line=125,level=0,tokens=149), 125, 296, False
2025-12-27 14:18:52 - 20251227_141851_ab25a214 - markdown_it.rules_block.paragraph - DEBUG - paragraph.paragraph:10 - entering paragraph: StateBlock(line=125,level=0,tokens=149), 125, 296, False
2025-12-27 14:18:52 - 20251227_141851_ab25a214 - markdown_it.rules_block.code - DEBUG - code.code:10 - entering code: StateBlock(line=127,level=0,tokens=152), 127, 296, False
2025-12-27 14:18:52 - 20251227_141851_ab25a214 - markdown_it.rules_block.fence - DEBUG - fence.fence:10 - entering fence: StateBlock(line=127,level=0,tokens=152), 127, 296, False
2025-12-27 14:18:52 - 20251227_141851_ab25a214 - markdown_it.rules_block.blockquote - DEBUG - blockquote.blockquote:13 - entering blockquote: StateBlock(line=127,level=0,tokens=152), 127, 296, False
2025-12-27 14:18:52 - 20251227_141851_ab25a214 - markdown_it.rules_block.hr - DEBUG - hr.hr:14 - entering hr: StateBlock(line=127,level=0,tokens=152), 127, 296, False
2025-12-27 14:18:52 - 20251227_141851_ab25a214 - markdown_it.rules_block.list - DEBUG - list.list_block:102 - entering list: StateBlock(line=127,level=0,tokens=152), 127, 296, False
2025-12-27 14:18:52 - 20251227_141851_ab25a214 - markdown_it.rules_block.reference - DEBUG - reference.reference:10 - entering reference: StateBlock(line=127,level=0,tokens=152), 127, 296, False
2025-12-27 14:18:52 - 20251227_141851_ab25a214 - markdown_it.rules_block.html_block - DEBUG - html_block.html_block:35 - entering html_block: StateBlock(line=127,level=0,tokens=152), 127, 296, False
2025-12-27 14:18:52 - 20251227_141851_ab25a214 - markdown_it.rules_block.heading - DEBUG - heading.heading:13 - entering heading: StateBlock(line=127,level=0,tokens=152), 127, 296, False
2025-12-27 14:18:52 - 20251227_141851_ab25a214 - markdown_it.rules_block.lheading - DEBUG - lheading.lheading:10 - entering lheading: StateBlock(line=127,level=0,tokens=152), 127, 296, False
2025-12-27 14:18:52 - 20251227_141851_ab25a214 - markdown_it.rules_block.paragraph - DEBUG - paragraph.paragraph:10 - entering paragraph: StateBlock(line=127,level=0,tokens=152), 127, 296, False
2025-12-27 14:18:52 - 20251227_141851_ab25a214 - markdown_it.rules_block.code - DEBUG - code.code:10 - entering code: StateBlock(line=129,level=0,tokens=155), 129, 296, False
2025-12-27 14:18:52 - 20251227_141851_ab25a214 - markdown_it.rules_block.fence - DEBUG - fence.fence:10 - entering fence: StateBlock(line=129,level=0,tokens=155), 129, 296, False
2025-12-27 14:18:52 - 20251227_141851_ab25a214 - markdown_it.rules_block.blockquote - DEBUG - blockquote.blockquote:13 - entering blockquote: StateBlock(line=129,level=0,tokens=155), 129, 296, False
2025-12-27 14:18:52 - 20251227_141851_ab25a214 - markdown_it.rules_block.hr - DEBUG - hr.hr:14 - entering hr: StateBlock(line=129,level=0,tokens=155), 129, 296, False
2025-12-27 14:18:52 - 20251227_141851_ab25a214 - markdown_it.rules_block.list - DEBUG - list.list_block:102 - entering list: StateBlock(line=129,level=0,tokens=155), 129, 296, False
2025-12-27 14:18:52 - 20251227_141851_ab25a214 - markdown_it.rules_block.reference - DEBUG - reference.reference:10 - entering reference: StateBlock(line=129,level=0,tokens=155), 129, 296, False
2025-12-27 14:18:52 - 20251227_141851_ab25a214 - markdown_it.rules_block.html_block - DEBUG - html_block.html_block:35 - entering html_block: StateBlock(line=129,level=0,tokens=155), 129, 296, False
2025-12-27 14:18:52 - 20251227_141851_ab25a214 - markdown_it.rules_block.heading - DEBUG - heading.heading:13 - entering heading: StateBlock(line=129,level=0,tokens=155), 129, 296, False
2025-12-27 14:18:52 - 20251227_141851_ab25a214 - markdown_it.rules_block.lheading - DEBUG - lheading.lheading:10 - entering lheading: StateBlock(line=129,level=0,tokens=155), 129, 296, False
2025-12-27 14:18:52 - 20251227_141851_ab25a214 - markdown_it.rules_block.paragraph - DEBUG - paragraph.paragraph:10 - entering paragraph: StateBlock(line=129,level=0,tokens=155), 129, 296, False
2025-12-27 14:18:52 - 20251227_141851_ab25a214 - markdown_it.rules_block.code - DEBUG - code.code:10 - entering code: StateBlock(line=131,level=0,tokens=158), 131, 296, False
2025-12-27 14:18:52 - 20251227_141851_ab25a214 - markdown_it.rules_block.fence - DEBUG - fence.fence:10 - entering fence: StateBlock(line=131,level=0,tokens=158), 131, 296, False
2025-12-27 14:18:52 - 20251227_141851_ab25a214 - markdown_it.rules_block.blockquote - DEBUG - blockquote.blockquote:13 - entering blockquote: StateBlock(line=131,level=0,tokens=158), 131, 296, False
2025-12-27 14:18:52 - 20251227_141851_ab25a214 - markdown_it.rules_block.hr - DEBUG - hr.hr:14 - entering hr: StateBlock(line=131,level=0,tokens=158), 131, 296, False
2025-12-27 14:18:52 - 20251227_141851_ab25a214 - markdown_it.rules_block.list - DEBUG - list.list_block:102 - entering list: StateBlock(line=131,level=0,tokens=158), 131, 296, False
2025-12-27 14:18:52 - 20251227_141851_ab25a214 - markdown_it.rules_block.reference - DEBUG - reference.reference:10 - entering reference: StateBlock(line=131,level=0,tokens=158), 131, 296, False
2025-12-27 14:18:52 - 20251227_141851_ab25a214 - markdown_it.rules_block.html_block - DEBUG - html_block.html_block:35 - entering html_block: StateBlock(line=131,level=0,tokens=158), 131, 296, False
2025-12-27 14:18:52 - 20251227_141851_ab25a214 - markdown_it.rules_block.heading - DEBUG - heading.heading:13 - entering heading: StateBlock(line=131,level=0,tokens=158), 131, 296, False
2025-12-27 14:18:52 - 20251227_141851_ab25a214 - markdown_it.rules_block.lheading - DEBUG - lheading.lheading:10 - entering lheading: StateBlock(line=131,level=0,tokens=158), 131, 296, False
2025-12-27 14:18:52 - 20251227_141851_ab25a214 - markdown_it.rules_block.paragraph - DEBUG - paragraph.paragraph:10 - entering paragraph: StateBlock(line=131,level=0,tokens=158), 131, 296, False
2025-12-27 14:18:52 - 20251227_141851_ab25a214 - markdown_it.rules_block.code - DEBUG - code.code:10 - entering code: StateBlock(line=133,level=0,tokens=161), 133, 296, False
2025-12-27 14:18:52 - 20251227_141851_ab25a214 - markdown_it.rules_block.fence - DEBUG - fence.fence:10 - entering fence: StateBlock(line=133,level=0,tokens=161), 133, 296, False
2025-12-27 14:18:52 - 20251227_141851_ab25a214 - markdown_it.rules_block.blockquote - DEBUG - blockquote.blockquote:13 - entering blockquote: StateBlock(line=133,level=0,tokens=161), 133, 296, False
2025-12-27 14:18:52 - 20251227_141851_ab25a214 - markdown_it.rules_block.hr - DEBUG - hr.hr:14 - entering hr: StateBlock(line=133,level=0,tokens=161), 133, 296, False
2025-12-27 14:18:52 - 20251227_141851_ab25a214 - markdown_it.rules_block.list - DEBUG - list.list_block:102 - entering list: StateBlock(line=133,level=0,tokens=161), 133, 296, False
2025-12-27 14:18:52 - 20251227_141851_ab25a214 - markdown_it.rules_block.reference - DEBUG - reference.reference:10 - entering reference: StateBlock(line=133,level=0,tokens=161), 133, 296, False
2025-12-27 14:18:52 - 20251227_141851_ab25a214 - markdown_it.rules_block.html_block - DEBUG - html_block.html_block:35 - entering html_block: StateBlock(line=133,level=0,tokens=161), 133, 296, False
2025-12-27 14:18:52 - 20251227_141851_ab25a214 - markdown_it.rules_block.heading - DEBUG - heading.heading:13 - entering heading: StateBlock(line=133,level=0,tokens=161), 133, 296, False
2025-12-27 14:18:52 - 20251227_141851_ab25a214 - markdown_it.rules_block.lheading - DEBUG - lheading.lheading:10 - entering lheading: StateBlock(line=133,level=0,tokens=161), 133, 296, False
2025-12-27 14:18:52 - 20251227_141851_ab25a214 - markdown_it.rules_block.paragraph - DEBUG - paragraph.paragraph:10 - entering paragraph: StateBlock(line=133,level=0,tokens=161), 133, 296, False
2025-12-27 14:18:52 - 20251227_141851_ab25a214 - markdown_it.rules_block.code - DEBUG - code.code:10 - entering code: StateBlock(line=135,level=0,tokens=164), 135, 296, False
2025-12-27 14:18:52 - 20251227_141851_ab25a214 - markdown_it.rules_block.fence - DEBUG - fence.fence:10 - entering fence: StateBlock(line=135,level=0,tokens=164), 135, 296, False
2025-12-27 14:18:52 - 20251227_141851_ab25a214 - markdown_it.rules_block.blockquote - DEBUG - blockquote.blockquote:13 - entering blockquote: StateBlock(line=135,level=0,tokens=164), 135, 296, False
2025-12-27 14:18:52 - 20251227_141851_ab25a214 - markdown_it.rules_block.hr - DEBUG - hr.hr:14 - entering hr: StateBlock(line=135,level=0,tokens=164), 135, 296, False
2025-12-27 14:18:52 - 20251227_141851_ab25a214 - markdown_it.rules_block.list - DEBUG - list.list_block:102 - entering list: StateBlock(line=135,level=0,tokens=164), 135, 296, False
2025-12-27 14:18:52 - 20251227_141851_ab25a214 - markdown_it.rules_block.reference - DEBUG - reference.reference:10 - entering reference: StateBlock(line=135,level=0,tokens=164), 135, 296, False
2025-12-27 14:18:52 - 20251227_141851_ab25a214 - markdown_it.rules_block.html_block - DEBUG - html_block.html_block:35 - entering html_block: StateBlock(line=135,level=0,tokens=164), 135, 296, False
2025-12-27 14:18:52 - 20251227_141851_ab25a214 - markdown_it.rules_block.heading - DEBUG - heading.heading:13 - entering heading: StateBlock(line=135,level=0,tokens=164), 135, 296, False
2025-12-27 14:18:52 - 20251227_141851_ab25a214 - markdown_it.rules_block.lheading - DEBUG - lheading.lheading:10 - entering lheading: StateBlock(line=135,level=0,tokens=164), 135, 296, False
2025-12-27 14:18:52 - 20251227_141851_ab25a214 - markdown_it.rules_block.paragraph - DEBUG - paragraph.paragraph:10 - entering paragraph: StateBlock(line=135,level=0,tokens=164), 135, 296, False
2025-12-27 14:18:52 - 20251227_141851_ab25a214 - markdown_it.rules_block.code - DEBUG - code.code:10 - entering code: StateBlock(line=137,level=0,tokens=167), 137, 296, False
2025-12-27 14:18:52 - 20251227_141851_ab25a214 - markdown_it.rules_block.fence - DEBUG - fence.fence:10 - entering fence: StateBlock(line=137,level=0,tokens=167), 137, 296, False
2025-12-27 14:18:52 - 20251227_141851_ab25a214 - markdown_it.rules_block.blockquote - DEBUG - blockquote.blockquote:13 - entering blockquote: StateBlock(line=137,level=0,tokens=167), 137, 296, False
2025-12-27 14:18:52 - 20251227_141851_ab25a214 - markdown_it.rules_block.hr - DEBUG - hr.hr:14 - entering hr: StateBlock(line=137,level=0,tokens=167), 137, 296, False
2025-12-27 14:18:52 - 20251227_141851_ab25a214 - markdown_it.rules_block.list - DEBUG - list.list_block:102 - entering list: StateBlock(line=137,level=0,tokens=167), 137, 296, False
2025-12-27 14:18:52 - 20251227_141851_ab25a214 - markdown_it.rules_block.reference - DEBUG - reference.reference:10 - entering reference: StateBlock(line=137,level=0,tokens=167), 137, 296, False
2025-12-27 14:18:52 - 20251227_141851_ab25a214 - markdown_it.rules_block.html_block - DEBUG - html_block.html_block:35 - entering html_block: StateBlock(line=137,level=0,tokens=167), 137, 296, False
2025-12-27 14:18:52 - 20251227_141851_ab25a214 - markdown_it.rules_block.heading - DEBUG - heading.heading:13 - entering heading: StateBlock(line=137,level=0,tokens=167), 137, 296, False
2025-12-27 14:18:52 - 20251227_141851_ab25a214 - markdown_it.rules_block.lheading - DEBUG - lheading.lheading:10 - entering lheading: StateBlock(line=137,level=0,tokens=167), 137, 296, False
2025-12-27 14:18:52 - 20251227_141851_ab25a214 - markdown_it.rules_block.paragraph - DEBUG - paragraph.paragraph:10 - entering paragraph: StateBlock(line=137,level=0,tokens=167), 137, 296, False
2025-12-27 14:18:52 - 20251227_141851_ab25a214 - markdown_it.rules_block.code - DEBUG - code.code:10 - entering code: StateBlock(line=139,level=0,tokens=170), 139, 296, False
2025-12-27 14:18:52 - 20251227_141851_ab25a214 - markdown_it.rules_block.fence - DEBUG - fence.fence:10 - entering fence: StateBlock(line=139,level=0,tokens=170), 139, 296, False
2025-12-27 14:18:52 - 20251227_141851_ab25a214 - markdown_it.rules_block.blockquote - DEBUG - blockquote.blockquote:13 - entering blockquote: StateBlock(line=139,level=0,tokens=170), 139, 296, False
2025-12-27 14:18:52 - 20251227_141851_ab25a214 - markdown_it.rules_block.hr - DEBUG - hr.hr:14 - entering hr: StateBlock(line=139,level=0,tokens=170), 139, 296, False
2025-12-27 14:18:52 - 20251227_141851_ab25a214 - markdown_it.rules_block.list - DEBUG - list.list_block:102 - entering list: StateBlock(line=139,level=0,tokens=170), 139, 296, False
2025-12-27 14:18:52 - 20251227_141851_ab25a214 - markdown_it.rules_block.reference - DEBUG - reference.reference:10 - entering reference: StateBlock(line=139,level=0,tokens=170), 139, 296, False
2025-12-27 14:18:52 - 20251227_141851_ab25a214 - markdown_it.rules_block.html_block - DEBUG - html_block.html_block:35 - entering html_block: StateBlock(line=139,level=0,tokens=170), 139, 296, False
2025-12-27 14:18:52 - 20251227_141851_ab25a214 - markdown_it.rules_block.heading - DEBUG - heading.heading:13 - entering heading: StateBlock(line=139,level=0,tokens=170), 139, 296, False
2025-12-27 14:18:52 - 20251227_141851_ab25a214 - markdown_it.rules_block.lheading - DEBUG - lheading.lheading:10 - entering lheading: StateBlock(line=139,level=0,tokens=170), 139, 296, False
2025-12-27 14:18:52 - 20251227_141851_ab25a214 - markdown_it.rules_block.paragraph - DEBUG - paragraph.paragraph:10 - entering paragraph: StateBlock(line=139,level=0,tokens=170), 139, 296, False
2025-12-27 14:18:52 - 20251227_141851_ab25a214 - markdown_it.rules_block.code - DEBUG - code.code:10 - entering code: StateBlock(line=141,level=0,tokens=173), 141, 296, False
2025-12-27 14:18:52 - 20251227_141851_ab25a214 - markdown_it.rules_block.fence - DEBUG - fence.fence:10 - entering fence: StateBlock(line=141,level=0,tokens=173), 141, 296, False
2025-12-27 14:18:52 - 20251227_141851_ab25a214 - markdown_it.rules_block.blockquote - DEBUG - blockquote.blockquote:13 - entering blockquote: StateBlock(line=141,level=0,tokens=173), 141, 296, False
2025-12-27 14:18:52 - 20251227_141851_ab25a214 - markdown_it.rules_block.hr - DEBUG - hr.hr:14 - entering hr: StateBlock(line=141,level=0,tokens=173), 141, 296, False
2025-12-27 14:18:52 - 20251227_141851_ab25a214 - markdown_it.rules_block.list - DEBUG - list.list_block:102 - entering list: StateBlock(line=141,level=0,tokens=173), 141, 296, False
2025-12-27 14:18:52 - 20251227_141851_ab25a214 - markdown_it.rules_block.reference - DEBUG - reference.reference:10 - entering reference: StateBlock(line=141,level=0,tokens=173), 141, 296, False
2025-12-27 14:18:52 - 20251227_141851_ab25a214 - markdown_it.rules_block.html_block - DEBUG - html_block.html_block:35 - entering html_block: StateBlock(line=141,level=0,tokens=173), 141, 296, False
2025-12-27 14:18:52 - 20251227_141851_ab25a214 - markdown_it.rules_block.heading - DEBUG - heading.heading:13 - entering heading: StateBlock(line=141,level=0,tokens=173), 141, 296, False
2025-12-27 14:18:52 - 20251227_141851_ab25a214 - markdown_it.rules_block.lheading - DEBUG - lheading.lheading:10 - entering lheading: StateBlock(line=141,level=0,tokens=173), 141, 296, False
2025-12-27 14:18:52 - 20251227_141851_ab25a214 - markdown_it.rules_block.paragraph - DEBUG - paragraph.paragraph:10 - entering paragraph: StateBlock(line=141,level=0,tokens=173), 141, 296, False
2025-12-27 14:18:52 - 20251227_141851_ab25a214 - markdown_it.rules_block.code - DEBUG - code.code:10 - entering code: StateBlock(line=143,level=0,tokens=176), 143, 296, False
2025-12-27 14:18:52 - 20251227_141851_ab25a214 - markdown_it.rules_block.fence - DEBUG - fence.fence:10 - entering fence: StateBlock(line=143,level=0,tokens=176), 143, 296, False
2025-12-27 14:18:52 - 20251227_141851_ab25a214 - markdown_it.rules_block.blockquote - DEBUG - blockquote.blockquote:13 - entering blockquote: StateBlock(line=143,level=0,tokens=176), 143, 296, False
2025-12-27 14:18:52 - 20251227_141851_ab25a214 - markdown_it.rules_block.hr - DEBUG - hr.hr:14 - entering hr: StateBlock(line=143,level=0,tokens=176), 143, 296, False
2025-12-27 14:18:52 - 20251227_141851_ab25a214 - markdown_it.rules_block.list - DEBUG - list.list_block:102 - entering list: StateBlock(line=143,level=0,tokens=176), 143, 296, False
2025-12-27 14:18:52 - 20251227_141851_ab25a214 - markdown_it.rules_block.reference - DEBUG - reference.reference:10 - entering reference: StateBlock(line=143,level=0,tokens=176), 143, 296, False
2025-12-27 14:18:52 - 20251227_141851_ab25a214 - markdown_it.rules_block.html_block - DEBUG - html_block.html_block:35 - entering html_block: StateBlock(line=143,level=0,tokens=176), 143, 296, False
2025-12-27 14:18:52 - 20251227_141851_ab25a214 - markdown_it.rules_block.heading - DEBUG - heading.heading:13 - entering heading: StateBlock(line=143,level=0,tokens=176), 143, 296, False
2025-12-27 14:18:52 - 20251227_141851_ab25a214 - markdown_it.rules_block.lheading - DEBUG - lheading.lheading:10 - entering lheading: StateBlock(line=143,level=0,tokens=176), 143, 296, False
2025-12-27 14:18:52 - 20251227_141851_ab25a214 - markdown_it.rules_block.paragraph - DEBUG - paragraph.paragraph:10 - entering paragraph: StateBlock(line=143,level=0,tokens=176), 143, 296, False
2025-12-27 14:18:52 - 20251227_141851_ab25a214 - markdown_it.rules_block.code - DEBUG - code.code:10 - entering code: StateBlock(line=145,level=0,tokens=179), 145, 296, False
2025-12-27 14:18:52 - 20251227_141851_ab25a214 - markdown_it.rules_block.fence - DEBUG - fence.fence:10 - entering fence: StateBlock(line=145,level=0,tokens=179), 145, 296, False
2025-12-27 14:18:52 - 20251227_141851_ab25a214 - markdown_it.rules_block.blockquote - DEBUG - blockquote.blockquote:13 - entering blockquote: StateBlock(line=145,level=0,tokens=179), 145, 296, False
2025-12-27 14:18:52 - 20251227_141851_ab25a214 - markdown_it.rules_block.hr - DEBUG - hr.hr:14 - entering hr: StateBlock(line=145,level=0,tokens=179), 145, 296, False
2025-12-27 14:18:52 - 20251227_141851_ab25a214 - markdown_it.rules_block.list - DEBUG - list.list_block:102 - entering list: StateBlock(line=145,level=0,tokens=179), 145, 296, False
2025-12-27 14:18:52 - 20251227_141851_ab25a214 - markdown_it.rules_block.reference - DEBUG - reference.reference:10 - entering reference: StateBlock(line=145,level=0,tokens=179), 145, 296, False
2025-12-27 14:18:52 - 20251227_141851_ab25a214 - markdown_it.rules_block.html_block - DEBUG - html_block.html_block:35 - entering html_block: StateBlock(line=145,level=0,tokens=179), 145, 296, False
2025-12-27 14:18:52 - 20251227_141851_ab25a214 - markdown_it.rules_block.heading - DEBUG - heading.heading:13 - entering heading: StateBlock(line=145,level=0,tokens=179), 145, 296, False
2025-12-27 14:18:52 - 20251227_141851_ab25a214 - markdown_it.rules_block.lheading - DEBUG - lheading.lheading:10 - entering lheading: StateBlock(line=145,level=0,tokens=179), 145, 296, False
2025-12-27 14:18:52 - 20251227_141851_ab25a214 - markdown_it.rules_block.paragraph - DEBUG - paragraph.paragraph:10 - entering paragraph: StateBlock(line=145,level=0,tokens=179), 145, 296, False
2025-12-27 14:18:52 - 20251227_141851_ab25a214 - markdown_it.rules_block.code - DEBUG - code.code:10 - entering code: StateBlock(line=147,level=0,tokens=182), 147, 296, False
2025-12-27 14:18:52 - 20251227_141851_ab25a214 - markdown_it.rules_block.fence - DEBUG - fence.fence:10 - entering fence: StateBlock(line=147,level=0,tokens=182), 147, 296, False
2025-12-27 14:18:52 - 20251227_141851_ab25a214 - markdown_it.rules_block.blockquote - DEBUG - blockquote.blockquote:13 - entering blockquote: StateBlock(line=147,level=0,tokens=182), 147, 296, False
2025-12-27 14:18:52 - 20251227_141851_ab25a214 - markdown_it.rules_block.hr - DEBUG - hr.hr:14 - entering hr: StateBlock(line=147,level=0,tokens=182), 147, 296, False
2025-12-27 14:18:52 - 20251227_141851_ab25a214 - markdown_it.rules_block.list - DEBUG - list.list_block:102 - entering list: StateBlock(line=147,level=0,tokens=182), 147, 296, False
2025-12-27 14:18:52 - 20251227_141851_ab25a214 - markdown_it.rules_block.reference - DEBUG - reference.reference:10 - entering reference: StateBlock(line=147,level=0,tokens=182), 147, 296, False
2025-12-27 14:18:52 - 20251227_141851_ab25a214 - markdown_it.rules_block.html_block - DEBUG - html_block.html_block:35 - entering html_block: StateBlock(line=147,level=0,tokens=182), 147, 296, False
2025-12-27 14:18:52 - 20251227_141851_ab25a214 - markdown_it.rules_block.heading - DEBUG - heading.heading:13 - entering heading: StateBlock(line=147,level=0,tokens=182), 147, 296, False
2025-12-27 14:18:52 - 20251227_141851_ab25a214 - markdown_it.rules_block.lheading - DEBUG - lheading.lheading:10 - entering lheading: StateBlock(line=147,level=0,tokens=182), 147, 296, False
2025-12-27 14:18:52 - 20251227_141851_ab25a214 - markdown_it.rules_block.paragraph - DEBUG - paragraph.paragraph:10 - entering paragraph: StateBlock(line=147,level=0,tokens=182), 147, 296, False
2025-12-27 14:18:52 - 20251227_141851_ab25a214 - markdown_it.rules_block.code - DEBUG - code.code:10 - entering code: StateBlock(line=149,level=0,tokens=185), 149, 296, False
2025-12-27 14:18:52 - 20251227_141851_ab25a214 - markdown_it.rules_block.fence - DEBUG - fence.fence:10 - entering fence: StateBlock(line=149,level=0,tokens=185), 149, 296, False
2025-12-27 14:18:52 - 20251227_141851_ab25a214 - markdown_it.rules_block.blockquote - DEBUG - blockquote.blockquote:13 - entering blockquote: StateBlock(line=149,level=0,tokens=185), 149, 296, False
2025-12-27 14:18:52 - 20251227_141851_ab25a214 - markdown_it.rules_block.hr - DEBUG - hr.hr:14 - entering hr: StateBlock(line=149,level=0,tokens=185), 149, 296, False
2025-12-27 14:18:52 - 20251227_141851_ab25a214 - markdown_it.rules_block.list - DEBUG - list.list_block:102 - entering list: StateBlock(line=149,level=0,tokens=185), 149, 296, False
2025-12-27 14:18:52 - 20251227_141851_ab25a214 - markdown_it.rules_block.reference - DEBUG - reference.reference:10 - entering reference: StateBlock(line=149,level=0,tokens=185), 149, 296, False
2025-12-27 14:18:52 - 20251227_141851_ab25a214 - markdown_it.rules_block.html_block - DEBUG - html_block.html_block:35 - entering html_block: StateBlock(line=149,level=0,tokens=185), 149, 296, False
2025-12-27 14:18:52 - 20251227_141851_ab25a214 - markdown_it.rules_block.heading - DEBUG - heading.heading:13 - entering heading: StateBlock(line=149,level=0,tokens=185), 149, 296, False
2025-12-27 14:18:52 - 20251227_141851_ab25a214 - markdown_it.rules_block.lheading - DEBUG - lheading.lheading:10 - entering lheading: StateBlock(line=149,level=0,tokens=185), 149, 296, False
2025-12-27 14:18:52 - 20251227_141851_ab25a214 - markdown_it.rules_block.paragraph - DEBUG - paragraph.paragraph:10 - entering paragraph: StateBlock(line=149,level=0,tokens=185), 149, 296, False
2025-12-27 14:18:52 - 20251227_141851_ab25a214 - markdown_it.rules_block.code - DEBUG - code.code:10 - entering code: StateBlock(line=151,level=0,tokens=188), 151, 296, False
2025-12-27 14:18:52 - 20251227_141851_ab25a214 - markdown_it.rules_block.fence - DEBUG - fence.fence:10 - entering fence: StateBlock(line=151,level=0,tokens=188), 151, 296, False
2025-12-27 14:18:52 - 20251227_141851_ab25a214 - markdown_it.rules_block.blockquote - DEBUG - blockquote.blockquote:13 - entering blockquote: StateBlock(line=151,level=0,tokens=188), 151, 296, False
2025-12-27 14:18:52 - 20251227_141851_ab25a214 - markdown_it.rules_block.hr - DEBUG - hr.hr:14 - entering hr: StateBlock(line=151,level=0,tokens=188), 151, 296, False
2025-12-27 14:18:52 - 20251227_141851_ab25a214 - markdown_it.rules_block.list - DEBUG - list.list_block:102 - entering list: StateBlock(line=151,level=0,tokens=188), 151, 296, False
2025-12-27 14:18:52 - 20251227_141851_ab25a214 - markdown_it.rules_block.reference - DEBUG - reference.reference:10 - entering reference: StateBlock(line=151,level=0,tokens=188), 151, 296, False
2025-12-27 14:18:52 - 20251227_141851_ab25a214 - markdown_it.rules_block.html_block - DEBUG - html_block.html_block:35 - entering html_block: StateBlock(line=151,level=0,tokens=188), 151, 296, False
2025-12-27 14:18:52 - 20251227_141851_ab25a214 - markdown_it.rules_block.heading - DEBUG - heading.heading:13 - entering heading: StateBlock(line=151,level=0,tokens=188), 151, 296, False
2025-12-27 14:18:52 - 20251227_141851_ab25a214 - markdown_it.rules_block.lheading - DEBUG - lheading.lheading:10 - entering lheading: StateBlock(line=151,level=0,tokens=188), 151, 296, False
2025-12-27 14:18:52 - 20251227_141851_ab25a214 - markdown_it.rules_block.paragraph - DEBUG - paragraph.paragraph:10 - entering paragraph: StateBlock(line=151,level=0,tokens=188), 151, 296, False
2025-12-27 14:18:52 - 20251227_141851_ab25a214 - markdown_it.rules_block.code - DEBUG - code.code:10 - entering code: StateBlock(line=153,level=0,tokens=191), 153, 296, False
2025-12-27 14:18:52 - 20251227_141851_ab25a214 - markdown_it.rules_block.fence - DEBUG - fence.fence:10 - entering fence: StateBlock(line=153,level=0,tokens=191), 153, 296, False
2025-12-27 14:18:52 - 20251227_141851_ab25a214 - markdown_it.rules_block.blockquote - DEBUG - blockquote.blockquote:13 - entering blockquote: StateBlock(line=153,level=0,tokens=191), 153, 296, False
2025-12-27 14:18:52 - 20251227_141851_ab25a214 - markdown_it.rules_block.hr - DEBUG - hr.hr:14 - entering hr: StateBlock(line=153,level=0,tokens=191), 153, 296, False
2025-12-27 14:18:52 - 20251227_141851_ab25a214 - markdown_it.rules_block.list - DEBUG - list.list_block:102 - entering list: StateBlock(line=153,level=0,tokens=191), 153, 296, False
2025-12-27 14:18:52 - 20251227_141851_ab25a214 - markdown_it.rules_block.reference - DEBUG - reference.reference:10 - entering reference: StateBlock(line=153,level=0,tokens=191), 153, 296, False
2025-12-27 14:18:52 - 20251227_141851_ab25a214 - markdown_it.rules_block.html_block - DEBUG - html_block.html_block:35 - entering html_block: StateBlock(line=153,level=0,tokens=191), 153, 296, False
2025-12-27 14:18:52 - 20251227_141851_ab25a214 - markdown_it.rules_block.heading - DEBUG - heading.heading:13 - entering heading: StateBlock(line=153,level=0,tokens=191), 153, 296, False
2025-12-27 14:18:52 - 20251227_141851_ab25a214 - markdown_it.rules_block.lheading - DEBUG - lheading.lheading:10 - entering lheading: StateBlock(line=153,level=0,tokens=191), 153, 296, False
2025-12-27 14:18:52 - 20251227_141851_ab25a214 - markdown_it.rules_block.paragraph - DEBUG - paragraph.paragraph:10 - entering paragraph: StateBlock(line=153,level=0,tokens=191), 153, 296, False
2025-12-27 14:18:52 - 20251227_141851_ab25a214 - markdown_it.rules_block.code - DEBUG - code.code:10 - entering code: StateBlock(line=155,level=0,tokens=194), 155, 296, False
2025-12-27 14:18:52 - 20251227_141851_ab25a214 - markdown_it.rules_block.fence - DEBUG - fence.fence:10 - entering fence: StateBlock(line=155,level=0,tokens=194), 155, 296, False
2025-12-27 14:18:52 - 20251227_141851_ab25a214 - markdown_it.rules_block.blockquote - DEBUG - blockquote.blockquote:13 - entering blockquote: StateBlock(line=155,level=0,tokens=194), 155, 296, False
2025-12-27 14:18:52 - 20251227_141851_ab25a214 - markdown_it.rules_block.hr - DEBUG - hr.hr:14 - entering hr: StateBlock(line=155,level=0,tokens=194), 155, 296, False
2025-12-27 14:18:52 - 20251227_141851_ab25a214 - markdown_it.rules_block.list - DEBUG - list.list_block:102 - entering list: StateBlock(line=155,level=0,tokens=194), 155, 296, False
2025-12-27 14:18:52 - 20251227_141851_ab25a214 - markdown_it.rules_block.reference - DEBUG - reference.reference:10 - entering reference: StateBlock(line=155,level=0,tokens=194), 155, 296, False
2025-12-27 14:18:52 - 20251227_141851_ab25a214 - markdown_it.rules_block.html_block - DEBUG - html_block.html_block:35 - entering html_block: StateBlock(line=155,level=0,tokens=194), 155, 296, False
2025-12-27 14:18:52 - 20251227_141851_ab25a214 - markdown_it.rules_block.heading - DEBUG - heading.heading:13 - entering heading: StateBlock(line=155,level=0,tokens=194), 155, 296, False
2025-12-27 14:18:52 - 20251227_141851_ab25a214 - markdown_it.rules_block.lheading - DEBUG - lheading.lheading:10 - entering lheading: StateBlock(line=155,level=0,tokens=194), 155, 296, False
2025-12-27 14:18:52 - 20251227_141851_ab25a214 - markdown_it.rules_block.paragraph - DEBUG - paragraph.paragraph:10 - entering paragraph: StateBlock(line=155,level=0,tokens=194), 155, 296, False
2025-12-27 14:18:52 - 20251227_141851_ab25a214 - markdown_it.rules_block.code - DEBUG - code.code:10 - entering code: StateBlock(line=157,level=0,tokens=197), 157, 296, False
2025-12-27 14:18:52 - 20251227_141851_ab25a214 - markdown_it.rules_block.fence - DEBUG - fence.fence:10 - entering fence: StateBlock(line=157,level=0,tokens=197), 157, 296, False
2025-12-27 14:18:52 - 20251227_141851_ab25a214 - markdown_it.rules_block.blockquote - DEBUG - blockquote.blockquote:13 - entering blockquote: StateBlock(line=157,level=0,tokens=197), 157, 296, False
2025-12-27 14:18:52 - 20251227_141851_ab25a214 - markdown_it.rules_block.hr - DEBUG - hr.hr:14 - entering hr: StateBlock(line=157,level=0,tokens=197), 157, 296, False
2025-12-27 14:18:52 - 20251227_141851_ab25a214 - markdown_it.rules_block.list - DEBUG - list.list_block:102 - entering list: StateBlock(line=157,level=0,tokens=197), 157, 296, False
2025-12-27 14:18:52 - 20251227_141851_ab25a214 - markdown_it.rules_block.reference - DEBUG - reference.reference:10 - entering reference: StateBlock(line=157,level=0,tokens=197), 157, 296, False
2025-12-27 14:18:52 - 20251227_141851_ab25a214 - markdown_it.rules_block.html_block - DEBUG - html_block.html_block:35 - entering html_block: StateBlock(line=157,level=0,tokens=197), 157, 296, False
2025-12-27 14:18:52 - 20251227_141851_ab25a214 - markdown_it.rules_block.heading - DEBUG - heading.heading:13 - entering heading: StateBlock(line=157,level=0,tokens=197), 157, 296, False
2025-12-27 14:18:52 - 20251227_141851_ab25a214 - markdown_it.rules_block.lheading - DEBUG - lheading.lheading:10 - entering lheading: StateBlock(line=157,level=0,tokens=197), 157, 296, False
2025-12-27 14:18:52 - 20251227_141851_ab25a214 - markdown_it.rules_block.paragraph - DEBUG - paragraph.paragraph:10 - entering paragraph: StateBlock(line=157,level=0,tokens=197), 157, 296, False
2025-12-27 14:18:52 - 20251227_141851_ab25a214 - markdown_it.rules_block.code - DEBUG - code.code:10 - entering code: StateBlock(line=159,level=0,tokens=200), 159, 296, False
2025-12-27 14:18:52 - 20251227_141851_ab25a214 - markdown_it.rules_block.fence - DEBUG - fence.fence:10 - entering fence: StateBlock(line=159,level=0,tokens=200), 159, 296, False
2025-12-27 14:18:52 - 20251227_141851_ab25a214 - markdown_it.rules_block.blockquote - DEBUG - blockquote.blockquote:13 - entering blockquote: StateBlock(line=159,level=0,tokens=200), 159, 296, False
2025-12-27 14:18:52 - 20251227_141851_ab25a214 - markdown_it.rules_block.hr - DEBUG - hr.hr:14 - entering hr: StateBlock(line=159,level=0,tokens=200), 159, 296, False
2025-12-27 14:18:52 - 20251227_141851_ab25a214 - markdown_it.rules_block.list - DEBUG - list.list_block:102 - entering list: StateBlock(line=159,level=0,tokens=200), 159, 296, False
2025-12-27 14:18:52 - 20251227_141851_ab25a214 - markdown_it.rules_block.reference - DEBUG - reference.reference:10 - entering reference: StateBlock(line=159,level=0,tokens=200), 159, 296, False
2025-12-27 14:18:52 - 20251227_141851_ab25a214 - markdown_it.rules_block.html_block - DEBUG - html_block.html_block:35 - entering html_block: StateBlock(line=159,level=0,tokens=200), 159, 296, False
2025-12-27 14:18:52 - 20251227_141851_ab25a214 - markdown_it.rules_block.heading - DEBUG - heading.heading:13 - entering heading: StateBlock(line=159,level=0,tokens=200), 159, 296, False
2025-12-27 14:18:52 - 20251227_141851_ab25a214 - markdown_it.rules_block.lheading - DEBUG - lheading.lheading:10 - entering lheading: StateBlock(line=159,level=0,tokens=200), 159, 296, False
2025-12-27 14:18:52 - 20251227_141851_ab25a214 - markdown_it.rules_block.paragraph - DEBUG - paragraph.paragraph:10 - entering paragraph: StateBlock(line=159,level=0,tokens=200), 159, 296, False
2025-12-27 14:18:52 - 20251227_141851_ab25a214 - markdown_it.rules_block.code - DEBUG - code.code:10 - entering code: StateBlock(line=161,level=0,tokens=203), 161, 296, False
2025-12-27 14:18:52 - 20251227_141851_ab25a214 - markdown_it.rules_block.fence - DEBUG - fence.fence:10 - entering fence: StateBlock(line=161,level=0,tokens=203), 161, 296, False
2025-12-27 14:18:52 - 20251227_141851_ab25a214 - markdown_it.rules_block.blockquote - DEBUG - blockquote.blockquote:13 - entering blockquote: StateBlock(line=161,level=0,tokens=203), 161, 296, False
2025-12-27 14:18:52 - 20251227_141851_ab25a214 - markdown_it.rules_block.hr - DEBUG - hr.hr:14 - entering hr: StateBlock(line=161,level=0,tokens=203), 161, 296, False
2025-12-27 14:18:52 - 20251227_141851_ab25a214 - markdown_it.rules_block.list - DEBUG - list.list_block:102 - entering list: StateBlock(line=161,level=0,tokens=203), 161, 296, False
2025-12-27 14:18:52 - 20251227_141851_ab25a214 - markdown_it.rules_block.reference - DEBUG - reference.reference:10 - entering reference: StateBlock(line=161,level=0,tokens=203), 161, 296, False
2025-12-27 14:18:52 - 20251227_141851_ab25a214 - markdown_it.rules_block.html_block - DEBUG - html_block.html_block:35 - entering html_block: StateBlock(line=161,level=0,tokens=203), 161, 296, False
2025-12-27 14:18:52 - 20251227_141851_ab25a214 - markdown_it.rules_block.heading - DEBUG - heading.heading:13 - entering heading: StateBlock(line=161,level=0,tokens=203), 161, 296, False
2025-12-27 14:18:52 - 20251227_141851_ab25a214 - markdown_it.rules_block.lheading - DEBUG - lheading.lheading:10 - entering lheading: StateBlock(line=161,level=0,tokens=203), 161, 296, False
2025-12-27 14:18:52 - 20251227_141851_ab25a214 - markdown_it.rules_block.paragraph - DEBUG - paragraph.paragraph:10 - entering paragraph: StateBlock(line=161,level=0,tokens=203), 161, 296, False
2025-12-27 14:18:52 - 20251227_141851_ab25a214 - markdown_it.rules_block.code - DEBUG - code.code:10 - entering code: StateBlock(line=163,level=0,tokens=206), 163, 296, False
2025-12-27 14:18:52 - 20251227_141851_ab25a214 - markdown_it.rules_block.fence - DEBUG - fence.fence:10 - entering fence: StateBlock(line=163,level=0,tokens=206), 163, 296, False
2025-12-27 14:18:52 - 20251227_141851_ab25a214 - markdown_it.rules_block.blockquote - DEBUG - blockquote.blockquote:13 - entering blockquote: StateBlock(line=163,level=0,tokens=206), 163, 296, False
2025-12-27 14:18:52 - 20251227_141851_ab25a214 - markdown_it.rules_block.hr - DEBUG - hr.hr:14 - entering hr: StateBlock(line=163,level=0,tokens=206), 163, 296, False
2025-12-27 14:18:52 - 20251227_141851_ab25a214 - markdown_it.rules_block.list - DEBUG - list.list_block:102 - entering list: StateBlock(line=163,level=0,tokens=206), 163, 296, False
2025-12-27 14:18:52 - 20251227_141851_ab25a214 - markdown_it.rules_block.reference - DEBUG - reference.reference:10 - entering reference: StateBlock(line=163,level=0,tokens=206), 163, 296, False
2025-12-27 14:18:52 - 20251227_141851_ab25a214 - markdown_it.rules_block.html_block - DEBUG - html_block.html_block:35 - entering html_block: StateBlock(line=163,level=0,tokens=206), 163, 296, False
2025-12-27 14:18:52 - 20251227_141851_ab25a214 - markdown_it.rules_block.heading - DEBUG - heading.heading:13 - entering heading: StateBlock(line=163,level=0,tokens=206), 163, 296, False
2025-12-27 14:18:52 - 20251227_141851_ab25a214 - markdown_it.rules_block.lheading - DEBUG - lheading.lheading:10 - entering lheading: StateBlock(line=163,level=0,tokens=206), 163, 296, False
2025-12-27 14:18:52 - 20251227_141851_ab25a214 - markdown_it.rules_block.paragraph - DEBUG - paragraph.paragraph:10 - entering paragraph: StateBlock(line=163,level=0,tokens=206), 163, 296, False
2025-12-27 14:18:52 - 20251227_141851_ab25a214 - markdown_it.rules_block.code - DEBUG - code.code:10 - entering code: StateBlock(line=165,level=0,tokens=209), 165, 296, False
2025-12-27 14:18:52 - 20251227_141851_ab25a214 - markdown_it.rules_block.fence - DEBUG - fence.fence:10 - entering fence: StateBlock(line=165,level=0,tokens=209), 165, 296, False
2025-12-27 14:18:52 - 20251227_141851_ab25a214 - markdown_it.rules_block.blockquote - DEBUG - blockquote.blockquote:13 - entering blockquote: StateBlock(line=165,level=0,tokens=209), 165, 296, False
2025-12-27 14:18:52 - 20251227_141851_ab25a214 - markdown_it.rules_block.hr - DEBUG - hr.hr:14 - entering hr: StateBlock(line=165,level=0,tokens=209), 165, 296, False
2025-12-27 14:18:52 - 20251227_141851_ab25a214 - markdown_it.rules_block.list - DEBUG - list.list_block:102 - entering list: StateBlock(line=165,level=0,tokens=209), 165, 296, False
2025-12-27 14:18:52 - 20251227_141851_ab25a214 - markdown_it.rules_block.reference - DEBUG - reference.reference:10 - entering reference: StateBlock(line=165,level=0,tokens=209), 165, 296, False
2025-12-27 14:18:52 - 20251227_141851_ab25a214 - markdown_it.rules_block.html_block - DEBUG - html_block.html_block:35 - entering html_block: StateBlock(line=165,level=0,tokens=209), 165, 296, False
2025-12-27 14:18:52 - 20251227_141851_ab25a214 - markdown_it.rules_block.heading - DEBUG - heading.heading:13 - entering heading: StateBlock(line=165,level=0,tokens=209), 165, 296, False
2025-12-27 14:18:52 - 20251227_141851_ab25a214 - markdown_it.rules_block.lheading - DEBUG - lheading.lheading:10 - entering lheading: StateBlock(line=165,level=0,tokens=209), 165, 296, False
2025-12-27 14:18:52 - 20251227_141851_ab25a214 - markdown_it.rules_block.paragraph - DEBUG - paragraph.paragraph:10 - entering paragraph: StateBlock(line=165,level=0,tokens=209), 165, 296, False
2025-12-27 14:18:52 - 20251227_141851_ab25a214 - markdown_it.rules_block.code - DEBUG - code.code:10 - entering code: StateBlock(line=167,level=0,tokens=212), 167, 296, False
2025-12-27 14:18:52 - 20251227_141851_ab25a214 - markdown_it.rules_block.fence - DEBUG - fence.fence:10 - entering fence: StateBlock(line=167,level=0,tokens=212), 167, 296, False
2025-12-27 14:18:52 - 20251227_141851_ab25a214 - markdown_it.rules_block.blockquote - DEBUG - blockquote.blockquote:13 - entering blockquote: StateBlock(line=167,level=0,tokens=212), 167, 296, False
2025-12-27 14:18:52 - 20251227_141851_ab25a214 - markdown_it.rules_block.hr - DEBUG - hr.hr:14 - entering hr: StateBlock(line=167,level=0,tokens=212), 167, 296, False
2025-12-27 14:18:52 - 20251227_141851_ab25a214 - markdown_it.rules_block.list - DEBUG - list.list_block:102 - entering list: StateBlock(line=167,level=0,tokens=212), 167, 296, False
2025-12-27 14:18:52 - 20251227_141851_ab25a214 - markdown_it.rules_block.reference - DEBUG - reference.reference:10 - entering reference: StateBlock(line=167,level=0,tokens=212), 167, 296, False
2025-12-27 14:18:52 - 20251227_141851_ab25a214 - markdown_it.rules_block.html_block - DEBUG - html_block.html_block:35 - entering html_block: StateBlock(line=167,level=0,tokens=212), 167, 296, False
2025-12-27 14:18:52 - 20251227_141851_ab25a214 - markdown_it.rules_block.heading - DEBUG - heading.heading:13 - entering heading: StateBlock(line=167,level=0,tokens=212), 167, 296, False
2025-12-27 14:18:52 - 20251227_141851_ab25a214 - markdown_it.rules_block.lheading - DEBUG - lheading.lheading:10 - entering lheading: StateBlock(line=167,level=0,tokens=212), 167, 296, False
2025-12-27 14:18:52 - 20251227_141851_ab25a214 - markdown_it.rules_block.paragraph - DEBUG - paragraph.paragraph:10 - entering paragraph: StateBlock(line=167,level=0,tokens=212), 167, 296, False
2025-12-27 14:18:52 - 20251227_141851_ab25a214 - markdown_it.rules_block.code - DEBUG - code.code:10 - entering code: StateBlock(line=169,level=0,tokens=215), 169, 296, False
2025-12-27 14:18:52 - 20251227_141851_ab25a214 - markdown_it.rules_block.fence - DEBUG - fence.fence:10 - entering fence: StateBlock(line=169,level=0,tokens=215), 169, 296, False
2025-12-27 14:18:52 - 20251227_141851_ab25a214 - markdown_it.rules_block.blockquote - DEBUG - blockquote.blockquote:13 - entering blockquote: StateBlock(line=169,level=0,tokens=215), 169, 296, False
2025-12-27 14:18:52 - 20251227_141851_ab25a214 - markdown_it.rules_block.hr - DEBUG - hr.hr:14 - entering hr: StateBlock(line=169,level=0,tokens=215), 169, 296, False
2025-12-27 14:18:52 - 20251227_141851_ab25a214 - markdown_it.rules_block.list - DEBUG - list.list_block:102 - entering list: StateBlock(line=169,level=0,tokens=215), 169, 296, False
2025-12-27 14:18:52 - 20251227_141851_ab25a214 - markdown_it.rules_block.reference - DEBUG - reference.reference:10 - entering reference: StateBlock(line=169,level=0,tokens=215), 169, 296, False
2025-12-27 14:18:52 - 20251227_141851_ab25a214 - markdown_it.rules_block.html_block - DEBUG - html_block.html_block:35 - entering html_block: StateBlock(line=169,level=0,tokens=215), 169, 296, False
2025-12-27 14:18:52 - 20251227_141851_ab25a214 - markdown_it.rules_block.heading - DEBUG - heading.heading:13 - entering heading: StateBlock(line=169,level=0,tokens=215), 169, 296, False
2025-12-27 14:18:52 - 20251227_141851_ab25a214 - markdown_it.rules_block.lheading - DEBUG - lheading.lheading:10 - entering lheading: StateBlock(line=169,level=0,tokens=215), 169, 296, False
2025-12-27 14:18:52 - 20251227_141851_ab25a214 - markdown_it.rules_block.paragraph - DEBUG - paragraph.paragraph:10 - entering paragraph: StateBlock(line=169,level=0,tokens=215), 169, 296, False
2025-12-27 14:18:52 - 20251227_141851_ab25a214 - markdown_it.rules_block.code - DEBUG - code.code:10 - entering code: StateBlock(line=171,level=0,tokens=218), 171, 296, False
2025-12-27 14:18:52 - 20251227_141851_ab25a214 - markdown_it.rules_block.fence - DEBUG - fence.fence:10 - entering fence: StateBlock(line=171,level=0,tokens=218), 171, 296, False
2025-12-27 14:18:52 - 20251227_141851_ab25a214 - markdown_it.rules_block.blockquote - DEBUG - blockquote.blockquote:13 - entering blockquote: StateBlock(line=171,level=0,tokens=218), 171, 296, False
2025-12-27 14:18:52 - 20251227_141851_ab25a214 - markdown_it.rules_block.hr - DEBUG - hr.hr:14 - entering hr: StateBlock(line=171,level=0,tokens=218), 171, 296, False
2025-12-27 14:18:52 - 20251227_141851_ab25a214 - markdown_it.rules_block.list - DEBUG - list.list_block:102 - entering list: StateBlock(line=171,level=0,tokens=218), 171, 296, False
2025-12-27 14:18:52 - 20251227_141851_ab25a214 - markdown_it.rules_block.reference - DEBUG - reference.reference:10 - entering reference: StateBlock(line=171,level=0,tokens=218), 171, 296, False
2025-12-27 14:18:52 - 20251227_141851_ab25a214 - markdown_it.rules_block.html_block - DEBUG - html_block.html_block:35 - entering html_block: StateBlock(line=171,level=0,tokens=218), 171, 296, False
2025-12-27 14:18:52 - 20251227_141851_ab25a214 - markdown_it.rules_block.heading - DEBUG - heading.heading:13 - entering heading: StateBlock(line=171,level=0,tokens=218), 171, 296, False
2025-12-27 14:18:52 - 20251227_141851_ab25a214 - markdown_it.rules_block.lheading - DEBUG - lheading.lheading:10 - entering lheading: StateBlock(line=171,level=0,tokens=218), 171, 296, False
2025-12-27 14:18:52 - 20251227_141851_ab25a214 - markdown_it.rules_block.paragraph - DEBUG - paragraph.paragraph:10 - entering paragraph: StateBlock(line=171,level=0,tokens=218), 171, 296, False
2025-12-27 14:18:52 - 20251227_141851_ab25a214 - markdown_it.rules_block.code - DEBUG - code.code:10 - entering code: StateBlock(line=173,level=0,tokens=221), 173, 296, False
2025-12-27 14:18:52 - 20251227_141851_ab25a214 - markdown_it.rules_block.fence - DEBUG - fence.fence:10 - entering fence: StateBlock(line=173,level=0,tokens=221), 173, 296, False
2025-12-27 14:18:52 - 20251227_141851_ab25a214 - markdown_it.rules_block.blockquote - DEBUG - blockquote.blockquote:13 - entering blockquote: StateBlock(line=173,level=0,tokens=221), 173, 296, False
2025-12-27 14:18:52 - 20251227_141851_ab25a214 - markdown_it.rules_block.hr - DEBUG - hr.hr:14 - entering hr: StateBlock(line=173,level=0,tokens=221), 173, 296, False
2025-12-27 14:18:52 - 20251227_141851_ab25a214 - markdown_it.rules_block.list - DEBUG - list.list_block:102 - entering list: StateBlock(line=173,level=0,tokens=221), 173, 296, False
2025-12-27 14:18:52 - 20251227_141851_ab25a214 - markdown_it.rules_block.reference - DEBUG - reference.reference:10 - entering reference: StateBlock(line=173,level=0,tokens=221), 173, 296, False
2025-12-27 14:18:52 - 20251227_141851_ab25a214 - markdown_it.rules_block.html_block - DEBUG - html_block.html_block:35 - entering html_block: StateBlock(line=173,level=0,tokens=221), 173, 296, False
2025-12-27 14:18:52 - 20251227_141851_ab25a214 - markdown_it.rules_block.heading - DEBUG - heading.heading:13 - entering heading: StateBlock(line=173,level=0,tokens=221), 173, 296, False
2025-12-27 14:18:52 - 20251227_141851_ab25a214 - markdown_it.rules_block.lheading - DEBUG - lheading.lheading:10 - entering lheading: StateBlock(line=173,level=0,tokens=221), 173, 296, False
2025-12-27 14:18:52 - 20251227_141851_ab25a214 - markdown_it.rules_block.paragraph - DEBUG - paragraph.paragraph:10 - entering paragraph: StateBlock(line=173,level=0,tokens=221), 173, 296, False
2025-12-27 14:18:52 - 20251227_141851_ab25a214 - markdown_it.rules_block.code - DEBUG - code.code:10 - entering code: StateBlock(line=175,level=0,tokens=224), 175, 296, False
2025-12-27 14:18:52 - 20251227_141851_ab25a214 - markdown_it.rules_block.fence - DEBUG - fence.fence:10 - entering fence: StateBlock(line=175,level=0,tokens=224), 175, 296, False
2025-12-27 14:18:52 - 20251227_141851_ab25a214 - markdown_it.rules_block.blockquote - DEBUG - blockquote.blockquote:13 - entering blockquote: StateBlock(line=175,level=0,tokens=224), 175, 296, False
2025-12-27 14:18:52 - 20251227_141851_ab25a214 - markdown_it.rules_block.hr - DEBUG - hr.hr:14 - entering hr: StateBlock(line=175,level=0,tokens=224), 175, 296, False
2025-12-27 14:18:52 - 20251227_141851_ab25a214 - markdown_it.rules_block.list - DEBUG - list.list_block:102 - entering list: StateBlock(line=175,level=0,tokens=224), 175, 296, False
2025-12-27 14:18:52 - 20251227_141851_ab25a214 - markdown_it.rules_block.reference - DEBUG - reference.reference:10 - entering reference: StateBlock(line=175,level=0,tokens=224), 175, 296, False
2025-12-27 14:18:52 - 20251227_141851_ab25a214 - markdown_it.rules_block.html_block - DEBUG - html_block.html_block:35 - entering html_block: StateBlock(line=175,level=0,tokens=224), 175, 296, False
2025-12-27 14:18:52 - 20251227_141851_ab25a214 - markdown_it.rules_block.heading - DEBUG - heading.heading:13 - entering heading: StateBlock(line=175,level=0,tokens=224), 175, 296, False
2025-12-27 14:18:52 - 20251227_141851_ab25a214 - markdown_it.rules_block.lheading - DEBUG - lheading.lheading:10 - entering lheading: StateBlock(line=175,level=0,tokens=224), 175, 296, False
2025-12-27 14:18:52 - 20251227_141851_ab25a214 - markdown_it.rules_block.paragraph - DEBUG - paragraph.paragraph:10 - entering paragraph: StateBlock(line=175,level=0,tokens=224), 175, 296, False
2025-12-27 14:18:52 - 20251227_141851_ab25a214 - markdown_it.rules_block.code - DEBUG - code.code:10 - entering code: StateBlock(line=177,level=0,tokens=227), 177, 296, False
2025-12-27 14:18:52 - 20251227_141851_ab25a214 - markdown_it.rules_block.fence - DEBUG - fence.fence:10 - entering fence: StateBlock(line=177,level=0,tokens=227), 177, 296, False
2025-12-27 14:18:52 - 20251227_141851_ab25a214 - markdown_it.rules_block.blockquote - DEBUG - blockquote.blockquote:13 - entering blockquote: StateBlock(line=177,level=0,tokens=227), 177, 296, False
2025-12-27 14:18:52 - 20251227_141851_ab25a214 - markdown_it.rules_block.hr - DEBUG - hr.hr:14 - entering hr: StateBlock(line=177,level=0,tokens=227), 177, 296, False
2025-12-27 14:18:52 - 20251227_141851_ab25a214 - markdown_it.rules_block.list - DEBUG - list.list_block:102 - entering list: StateBlock(line=177,level=0,tokens=227), 177, 296, False
2025-12-27 14:18:52 - 20251227_141851_ab25a214 - markdown_it.rules_block.reference - DEBUG - reference.reference:10 - entering reference: StateBlock(line=177,level=0,tokens=227), 177, 296, False
2025-12-27 14:18:52 - 20251227_141851_ab25a214 - markdown_it.rules_block.html_block - DEBUG - html_block.html_block:35 - entering html_block: StateBlock(line=177,level=0,tokens=227), 177, 296, False
2025-12-27 14:18:52 - 20251227_141851_ab25a214 - markdown_it.rules_block.heading - DEBUG - heading.heading:13 - entering heading: StateBlock(line=177,level=0,tokens=227), 177, 296, False
2025-12-27 14:18:52 - 20251227_141851_ab25a214 - markdown_it.rules_block.lheading - DEBUG - lheading.lheading:10 - entering lheading: StateBlock(line=177,level=0,tokens=227), 177, 296, False
2025-12-27 14:18:52 - 20251227_141851_ab25a214 - markdown_it.rules_block.paragraph - DEBUG - paragraph.paragraph:10 - entering paragraph: StateBlock(line=177,level=0,tokens=227), 177, 296, False
2025-12-27 14:18:52 - 20251227_141851_ab25a214 - markdown_it.rules_block.code - DEBUG - code.code:10 - entering code: StateBlock(line=179,level=0,tokens=230), 179, 296, False
2025-12-27 14:18:52 - 20251227_141851_ab25a214 - markdown_it.rules_block.fence - DEBUG - fence.fence:10 - entering fence: StateBlock(line=179,level=0,tokens=230), 179, 296, False
2025-12-27 14:18:52 - 20251227_141851_ab25a214 - markdown_it.rules_block.blockquote - DEBUG - blockquote.blockquote:13 - entering blockquote: StateBlock(line=179,level=0,tokens=230), 179, 296, False
2025-12-27 14:18:52 - 20251227_141851_ab25a214 - markdown_it.rules_block.hr - DEBUG - hr.hr:14 - entering hr: StateBlock(line=179,level=0,tokens=230), 179, 296, False
2025-12-27 14:18:52 - 20251227_141851_ab25a214 - markdown_it.rules_block.list - DEBUG - list.list_block:102 - entering list: StateBlock(line=179,level=0,tokens=230), 179, 296, False
2025-12-27 14:18:52 - 20251227_141851_ab25a214 - markdown_it.rules_block.reference - DEBUG - reference.reference:10 - entering reference: StateBlock(line=179,level=0,tokens=230), 179, 296, False
2025-12-27 14:18:52 - 20251227_141851_ab25a214 - markdown_it.rules_block.html_block - DEBUG - html_block.html_block:35 - entering html_block: StateBlock(line=179,level=0,tokens=230), 179, 296, False
2025-12-27 14:18:52 - 20251227_141851_ab25a214 - markdown_it.rules_block.heading - DEBUG - heading.heading:13 - entering heading: StateBlock(line=179,level=0,tokens=230), 179, 296, False
2025-12-27 14:18:52 - 20251227_141851_ab25a214 - markdown_it.rules_block.lheading - DEBUG - lheading.lheading:10 - entering lheading: StateBlock(line=179,level=0,tokens=230), 179, 296, False
2025-12-27 14:18:52 - 20251227_141851_ab25a214 - markdown_it.rules_block.paragraph - DEBUG - paragraph.paragraph:10 - entering paragraph: StateBlock(line=179,level=0,tokens=230), 179, 296, False
2025-12-27 14:18:52 - 20251227_141851_ab25a214 - markdown_it.rules_block.code - DEBUG - code.code:10 - entering code: StateBlock(line=181,level=0,tokens=233), 181, 296, False
2025-12-27 14:18:52 - 20251227_141851_ab25a214 - markdown_it.rules_block.fence - DEBUG - fence.fence:10 - entering fence: StateBlock(line=181,level=0,tokens=233), 181, 296, False
2025-12-27 14:18:52 - 20251227_141851_ab25a214 - markdown_it.rules_block.blockquote - DEBUG - blockquote.blockquote:13 - entering blockquote: StateBlock(line=181,level=0,tokens=233), 181, 296, False
2025-12-27 14:18:52 - 20251227_141851_ab25a214 - markdown_it.rules_block.hr - DEBUG - hr.hr:14 - entering hr: StateBlock(line=181,level=0,tokens=233), 181, 296, False
2025-12-27 14:18:52 - 20251227_141851_ab25a214 - markdown_it.rules_block.list - DEBUG - list.list_block:102 - entering list: StateBlock(line=181,level=0,tokens=233), 181, 296, False
2025-12-27 14:18:52 - 20251227_141851_ab25a214 - markdown_it.rules_block.reference - DEBUG - reference.reference:10 - entering reference: StateBlock(line=181,level=0,tokens=233), 181, 296, False
2025-12-27 14:18:52 - 20251227_141851_ab25a214 - markdown_it.rules_block.html_block - DEBUG - html_block.html_block:35 - entering html_block: StateBlock(line=181,level=0,tokens=233), 181, 296, False
2025-12-27 14:18:52 - 20251227_141851_ab25a214 - markdown_it.rules_block.heading - DEBUG - heading.heading:13 - entering heading: StateBlock(line=181,level=0,tokens=233), 181, 296, False
2025-12-27 14:18:52 - 20251227_141851_ab25a214 - markdown_it.rules_block.lheading - DEBUG - lheading.lheading:10 - entering lheading: StateBlock(line=181,level=0,tokens=233), 181, 296, False
2025-12-27 14:18:52 - 20251227_141851_ab25a214 - markdown_it.rules_block.paragraph - DEBUG - paragraph.paragraph:10 - entering paragraph: StateBlock(line=181,level=0,tokens=233), 181, 296, False
2025-12-27 14:18:52 - 20251227_141851_ab25a214 - markdown_it.rules_block.code - DEBUG - code.code:10 - entering code: StateBlock(line=183,level=0,tokens=236), 183, 296, False
2025-12-27 14:18:52 - 20251227_141851_ab25a214 - markdown_it.rules_block.fence - DEBUG - fence.fence:10 - entering fence: StateBlock(line=183,level=0,tokens=236), 183, 296, False
2025-12-27 14:18:52 - 20251227_141851_ab25a214 - markdown_it.rules_block.blockquote - DEBUG - blockquote.blockquote:13 - entering blockquote: StateBlock(line=183,level=0,tokens=236), 183, 296, False
2025-12-27 14:18:52 - 20251227_141851_ab25a214 - markdown_it.rules_block.hr - DEBUG - hr.hr:14 - entering hr: StateBlock(line=183,level=0,tokens=236), 183, 296, False
2025-12-27 14:18:52 - 20251227_141851_ab25a214 - markdown_it.rules_block.list - DEBUG - list.list_block:102 - entering list: StateBlock(line=183,level=0,tokens=236), 183, 296, False
2025-12-27 14:18:52 - 20251227_141851_ab25a214 - markdown_it.rules_block.reference - DEBUG - reference.reference:10 - entering reference: StateBlock(line=183,level=0,tokens=236), 183, 296, False
2025-12-27 14:18:52 - 20251227_141851_ab25a214 - markdown_it.rules_block.html_block - DEBUG - html_block.html_block:35 - entering html_block: StateBlock(line=183,level=0,tokens=236), 183, 296, False
2025-12-27 14:18:52 - 20251227_141851_ab25a214 - markdown_it.rules_block.heading - DEBUG - heading.heading:13 - entering heading: StateBlock(line=183,level=0,tokens=236), 183, 296, False
2025-12-27 14:18:52 - 20251227_141851_ab25a214 - markdown_it.rules_block.lheading - DEBUG - lheading.lheading:10 - entering lheading: StateBlock(line=183,level=0,tokens=236), 183, 296, False
2025-12-27 14:18:52 - 20251227_141851_ab25a214 - markdown_it.rules_block.paragraph - DEBUG - paragraph.paragraph:10 - entering paragraph: StateBlock(line=183,level=0,tokens=236), 183, 296, False
2025-12-27 14:18:52 - 20251227_141851_ab25a214 - markdown_it.rules_block.code - DEBUG - code.code:10 - entering code: StateBlock(line=185,level=0,tokens=239), 185, 296, False
2025-12-27 14:18:52 - 20251227_141851_ab25a214 - markdown_it.rules_block.fence - DEBUG - fence.fence:10 - entering fence: StateBlock(line=185,level=0,tokens=239), 185, 296, False
2025-12-27 14:18:52 - 20251227_141851_ab25a214 - markdown_it.rules_block.blockquote - DEBUG - blockquote.blockquote:13 - entering blockquote: StateBlock(line=185,level=0,tokens=239), 185, 296, False
2025-12-27 14:18:52 - 20251227_141851_ab25a214 - markdown_it.rules_block.hr - DEBUG - hr.hr:14 - entering hr: StateBlock(line=185,level=0,tokens=239), 185, 296, False
2025-12-27 14:18:52 - 20251227_141851_ab25a214 - markdown_it.rules_block.list - DEBUG - list.list_block:102 - entering list: StateBlock(line=185,level=0,tokens=239), 185, 296, False
2025-12-27 14:18:52 - 20251227_141851_ab25a214 - markdown_it.rules_block.reference - DEBUG - reference.reference:10 - entering reference: StateBlock(line=185,level=0,tokens=239), 185, 296, False
2025-12-27 14:18:52 - 20251227_141851_ab25a214 - markdown_it.rules_block.html_block - DEBUG - html_block.html_block:35 - entering html_block: StateBlock(line=185,level=0,tokens=239), 185, 296, False
2025-12-27 14:18:52 - 20251227_141851_ab25a214 - markdown_it.rules_block.heading - DEBUG - heading.heading:13 - entering heading: StateBlock(line=185,level=0,tokens=239), 185, 296, False
2025-12-27 14:18:52 - 20251227_141851_ab25a214 - markdown_it.rules_block.lheading - DEBUG - lheading.lheading:10 - entering lheading: StateBlock(line=185,level=0,tokens=239), 185, 296, False
2025-12-27 14:18:52 - 20251227_141851_ab25a214 - markdown_it.rules_block.paragraph - DEBUG - paragraph.paragraph:10 - entering paragraph: StateBlock(line=185,level=0,tokens=239), 185, 296, False
2025-12-27 14:18:52 - 20251227_141851_ab25a214 - markdown_it.rules_block.code - DEBUG - code.code:10 - entering code: StateBlock(line=187,level=0,tokens=242), 187, 296, False
2025-12-27 14:18:52 - 20251227_141851_ab25a214 - markdown_it.rules_block.fence - DEBUG - fence.fence:10 - entering fence: StateBlock(line=187,level=0,tokens=242), 187, 296, False
2025-12-27 14:18:52 - 20251227_141851_ab25a214 - markdown_it.rules_block.blockquote - DEBUG - blockquote.blockquote:13 - entering blockquote: StateBlock(line=187,level=0,tokens=242), 187, 296, False
2025-12-27 14:18:52 - 20251227_141851_ab25a214 - markdown_it.rules_block.hr - DEBUG - hr.hr:14 - entering hr: StateBlock(line=187,level=0,tokens=242), 187, 296, False
2025-12-27 14:18:52 - 20251227_141851_ab25a214 - markdown_it.rules_block.list - DEBUG - list.list_block:102 - entering list: StateBlock(line=187,level=0,tokens=242), 187, 296, False
2025-12-27 14:18:52 - 20251227_141851_ab25a214 - markdown_it.rules_block.reference - DEBUG - reference.reference:10 - entering reference: StateBlock(line=187,level=0,tokens=242), 187, 296, False
2025-12-27 14:18:52 - 20251227_141851_ab25a214 - markdown_it.rules_block.html_block - DEBUG - html_block.html_block:35 - entering html_block: StateBlock(line=187,level=0,tokens=242), 187, 296, False
2025-12-27 14:18:52 - 20251227_141851_ab25a214 - markdown_it.rules_block.heading - DEBUG - heading.heading:13 - entering heading: StateBlock(line=187,level=0,tokens=242), 187, 296, False
2025-12-27 14:18:52 - 20251227_141851_ab25a214 - markdown_it.rules_block.lheading - DEBUG - lheading.lheading:10 - entering lheading: StateBlock(line=187,level=0,tokens=242), 187, 296, False
2025-12-27 14:18:52 - 20251227_141851_ab25a214 - markdown_it.rules_block.paragraph - DEBUG - paragraph.paragraph:10 - entering paragraph: StateBlock(line=187,level=0,tokens=242), 187, 296, False
2025-12-27 14:18:52 - 20251227_141851_ab25a214 - markdown_it.rules_block.code - DEBUG - code.code:10 - entering code: StateBlock(line=189,level=0,tokens=245), 189, 296, False
2025-12-27 14:18:52 - 20251227_141851_ab25a214 - markdown_it.rules_block.fence - DEBUG - fence.fence:10 - entering fence: StateBlock(line=189,level=0,tokens=245), 189, 296, False
2025-12-27 14:18:52 - 20251227_141851_ab25a214 - markdown_it.rules_block.blockquote - DEBUG - blockquote.blockquote:13 - entering blockquote: StateBlock(line=189,level=0,tokens=245), 189, 296, False
2025-12-27 14:18:52 - 20251227_141851_ab25a214 - markdown_it.rules_block.hr - DEBUG - hr.hr:14 - entering hr: StateBlock(line=189,level=0,tokens=245), 189, 296, False
2025-12-27 14:18:52 - 20251227_141851_ab25a214 - markdown_it.rules_block.list - DEBUG - list.list_block:102 - entering list: StateBlock(line=189,level=0,tokens=245), 189, 296, False
2025-12-27 14:18:52 - 20251227_141851_ab25a214 - markdown_it.rules_block.reference - DEBUG - reference.reference:10 - entering reference: StateBlock(line=189,level=0,tokens=245), 189, 296, False
2025-12-27 14:18:52 - 20251227_141851_ab25a214 - markdown_it.rules_block.html_block - DEBUG - html_block.html_block:35 - entering html_block: StateBlock(line=189,level=0,tokens=245), 189, 296, False
2025-12-27 14:18:52 - 20251227_141851_ab25a214 - markdown_it.rules_block.heading - DEBUG - heading.heading:13 - entering heading: StateBlock(line=189,level=0,tokens=245), 189, 296, False
2025-12-27 14:18:52 - 20251227_141851_ab25a214 - markdown_it.rules_block.lheading - DEBUG - lheading.lheading:10 - entering lheading: StateBlock(line=189,level=0,tokens=245), 189, 296, False
2025-12-27 14:18:52 - 20251227_141851_ab25a214 - markdown_it.rules_block.paragraph - DEBUG - paragraph.paragraph:10 - entering paragraph: StateBlock(line=189,level=0,tokens=245), 189, 296, False
2025-12-27 14:18:52 - 20251227_141851_ab25a214 - markdown_it.rules_block.code - DEBUG - code.code:10 - entering code: StateBlock(line=191,level=0,tokens=248), 191, 296, False
2025-12-27 14:18:52 - 20251227_141851_ab25a214 - markdown_it.rules_block.fence - DEBUG - fence.fence:10 - entering fence: StateBlock(line=191,level=0,tokens=248), 191, 296, False
2025-12-27 14:18:52 - 20251227_141851_ab25a214 - markdown_it.rules_block.blockquote - DEBUG - blockquote.blockquote:13 - entering blockquote: StateBlock(line=191,level=0,tokens=248), 191, 296, False
2025-12-27 14:18:52 - 20251227_141851_ab25a214 - markdown_it.rules_block.hr - DEBUG - hr.hr:14 - entering hr: StateBlock(line=191,level=0,tokens=248), 191, 296, False
2025-12-27 14:18:52 - 20251227_141851_ab25a214 - markdown_it.rules_block.list - DEBUG - list.list_block:102 - entering list: StateBlock(line=191,level=0,tokens=248), 191, 296, False
2025-12-27 14:18:52 - 20251227_141851_ab25a214 - markdown_it.rules_block.reference - DEBUG - reference.reference:10 - entering reference: StateBlock(line=191,level=0,tokens=248), 191, 296, False
2025-12-27 14:18:52 - 20251227_141851_ab25a214 - markdown_it.rules_block.html_block - DEBUG - html_block.html_block:35 - entering html_block: StateBlock(line=191,level=0,tokens=248), 191, 296, False
2025-12-27 14:18:52 - 20251227_141851_ab25a214 - markdown_it.rules_block.heading - DEBUG - heading.heading:13 - entering heading: StateBlock(line=191,level=0,tokens=248), 191, 296, False
2025-12-27 14:18:52 - 20251227_141851_ab25a214 - markdown_it.rules_block.lheading - DEBUG - lheading.lheading:10 - entering lheading: StateBlock(line=191,level=0,tokens=248), 191, 296, False
2025-12-27 14:18:52 - 20251227_141851_ab25a214 - markdown_it.rules_block.paragraph - DEBUG - paragraph.paragraph:10 - entering paragraph: StateBlock(line=191,level=0,tokens=248), 191, 296, False
2025-12-27 14:18:52 - 20251227_141851_ab25a214 - markdown_it.rules_block.code - DEBUG - code.code:10 - entering code: StateBlock(line=193,level=0,tokens=251), 193, 296, False
2025-12-27 14:18:52 - 20251227_141851_ab25a214 - markdown_it.rules_block.fence - DEBUG - fence.fence:10 - entering fence: StateBlock(line=193,level=0,tokens=251), 193, 296, False
2025-12-27 14:18:52 - 20251227_141851_ab25a214 - markdown_it.rules_block.blockquote - DEBUG - blockquote.blockquote:13 - entering blockquote: StateBlock(line=193,level=0,tokens=251), 193, 296, False
2025-12-27 14:18:52 - 20251227_141851_ab25a214 - markdown_it.rules_block.hr - DEBUG - hr.hr:14 - entering hr: StateBlock(line=193,level=0,tokens=251), 193, 296, False
2025-12-27 14:18:52 - 20251227_141851_ab25a214 - markdown_it.rules_block.list - DEBUG - list.list_block:102 - entering list: StateBlock(line=193,level=0,tokens=251), 193, 296, False
2025-12-27 14:18:52 - 20251227_141851_ab25a214 - markdown_it.rules_block.reference - DEBUG - reference.reference:10 - entering reference: StateBlock(line=193,level=0,tokens=251), 193, 296, False
2025-12-27 14:18:52 - 20251227_141851_ab25a214 - markdown_it.rules_block.html_block - DEBUG - html_block.html_block:35 - entering html_block: StateBlock(line=193,level=0,tokens=251), 193, 296, False
2025-12-27 14:18:52 - 20251227_141851_ab25a214 - markdown_it.rules_block.heading - DEBUG - heading.heading:13 - entering heading: StateBlock(line=193,level=0,tokens=251), 193, 296, False
2025-12-27 14:18:52 - 20251227_141851_ab25a214 - markdown_it.rules_block.lheading - DEBUG - lheading.lheading:10 - entering lheading: StateBlock(line=193,level=0,tokens=251), 193, 296, False
2025-12-27 14:18:52 - 20251227_141851_ab25a214 - markdown_it.rules_block.paragraph - DEBUG - paragraph.paragraph:10 - entering paragraph: StateBlock(line=193,level=0,tokens=251), 193, 296, False
2025-12-27 14:18:52 - 20251227_141851_ab25a214 - markdown_it.rules_block.code - DEBUG - code.code:10 - entering code: StateBlock(line=195,level=0,tokens=254), 195, 296, False
2025-12-27 14:18:52 - 20251227_141851_ab25a214 - markdown_it.rules_block.fence - DEBUG - fence.fence:10 - entering fence: StateBlock(line=195,level=0,tokens=254), 195, 296, False
2025-12-27 14:18:52 - 20251227_141851_ab25a214 - markdown_it.rules_block.blockquote - DEBUG - blockquote.blockquote:13 - entering blockquote: StateBlock(line=195,level=0,tokens=254), 195, 296, False
2025-12-27 14:18:52 - 20251227_141851_ab25a214 - markdown_it.rules_block.hr - DEBUG - hr.hr:14 - entering hr: StateBlock(line=195,level=0,tokens=254), 195, 296, False
2025-12-27 14:18:52 - 20251227_141851_ab25a214 - markdown_it.rules_block.list - DEBUG - list.list_block:102 - entering list: StateBlock(line=195,level=0,tokens=254), 195, 296, False
2025-12-27 14:18:52 - 20251227_141851_ab25a214 - markdown_it.rules_block.reference - DEBUG - reference.reference:10 - entering reference: StateBlock(line=195,level=0,tokens=254), 195, 296, False
2025-12-27 14:18:52 - 20251227_141851_ab25a214 - markdown_it.rules_block.html_block - DEBUG - html_block.html_block:35 - entering html_block: StateBlock(line=195,level=0,tokens=254), 195, 296, False
2025-12-27 14:18:52 - 20251227_141851_ab25a214 - markdown_it.rules_block.heading - DEBUG - heading.heading:13 - entering heading: StateBlock(line=195,level=0,tokens=254), 195, 296, False
2025-12-27 14:18:52 - 20251227_141851_ab25a214 - markdown_it.rules_block.lheading - DEBUG - lheading.lheading:10 - entering lheading: StateBlock(line=195,level=0,tokens=254), 195, 296, False
2025-12-27 14:18:52 - 20251227_141851_ab25a214 - markdown_it.rules_block.paragraph - DEBUG - paragraph.paragraph:10 - entering paragraph: StateBlock(line=195,level=0,tokens=254), 195, 296, False
2025-12-27 14:18:52 - 20251227_141851_ab25a214 - markdown_it.rules_block.code - DEBUG - code.code:10 - entering code: StateBlock(line=197,level=0,tokens=257), 197, 296, False
2025-12-27 14:18:52 - 20251227_141851_ab25a214 - markdown_it.rules_block.fence - DEBUG - fence.fence:10 - entering fence: StateBlock(line=197,level=0,tokens=257), 197, 296, False
2025-12-27 14:18:52 - 20251227_141851_ab25a214 - markdown_it.rules_block.blockquote - DEBUG - blockquote.blockquote:13 - entering blockquote: StateBlock(line=197,level=0,tokens=257), 197, 296, False
2025-12-27 14:18:52 - 20251227_141851_ab25a214 - markdown_it.rules_block.hr - DEBUG - hr.hr:14 - entering hr: StateBlock(line=197,level=0,tokens=257), 197, 296, False
2025-12-27 14:18:52 - 20251227_141851_ab25a214 - markdown_it.rules_block.list - DEBUG - list.list_block:102 - entering list: StateBlock(line=197,level=0,tokens=257), 197, 296, False
2025-12-27 14:18:52 - 20251227_141851_ab25a214 - markdown_it.rules_block.reference - DEBUG - reference.reference:10 - entering reference: StateBlock(line=197,level=0,tokens=257), 197, 296, False
2025-12-27 14:18:52 - 20251227_141851_ab25a214 - markdown_it.rules_block.html_block - DEBUG - html_block.html_block:35 - entering html_block: StateBlock(line=197,level=0,tokens=257), 197, 296, False
2025-12-27 14:18:52 - 20251227_141851_ab25a214 - markdown_it.rules_block.heading - DEBUG - heading.heading:13 - entering heading: StateBlock(line=197,level=0,tokens=257), 197, 296, False
2025-12-27 14:18:52 - 20251227_141851_ab25a214 - markdown_it.rules_block.lheading - DEBUG - lheading.lheading:10 - entering lheading: StateBlock(line=197,level=0,tokens=257), 197, 296, False
2025-12-27 14:18:52 - 20251227_141851_ab25a214 - markdown_it.rules_block.paragraph - DEBUG - paragraph.paragraph:10 - entering paragraph: StateBlock(line=197,level=0,tokens=257), 197, 296, False
2025-12-27 14:18:52 - 20251227_141851_ab25a214 - markdown_it.rules_block.code - DEBUG - code.code:10 - entering code: StateBlock(line=199,level=0,tokens=260), 199, 296, False
2025-12-27 14:18:52 - 20251227_141851_ab25a214 - markdown_it.rules_block.fence - DEBUG - fence.fence:10 - entering fence: StateBlock(line=199,level=0,tokens=260), 199, 296, False
2025-12-27 14:18:52 - 20251227_141851_ab25a214 - markdown_it.rules_block.blockquote - DEBUG - blockquote.blockquote:13 - entering blockquote: StateBlock(line=199,level=0,tokens=260), 199, 296, False
2025-12-27 14:18:52 - 20251227_141851_ab25a214 - markdown_it.rules_block.hr - DEBUG - hr.hr:14 - entering hr: StateBlock(line=199,level=0,tokens=260), 199, 296, False
2025-12-27 14:18:52 - 20251227_141851_ab25a214 - markdown_it.rules_block.list - DEBUG - list.list_block:102 - entering list: StateBlock(line=199,level=0,tokens=260), 199, 296, False
2025-12-27 14:18:52 - 20251227_141851_ab25a214 - markdown_it.rules_block.reference - DEBUG - reference.reference:10 - entering reference: StateBlock(line=199,level=0,tokens=260), 199, 296, False
2025-12-27 14:18:52 - 20251227_141851_ab25a214 - markdown_it.rules_block.html_block - DEBUG - html_block.html_block:35 - entering html_block: StateBlock(line=199,level=0,tokens=260), 199, 296, False
2025-12-27 14:18:52 - 20251227_141851_ab25a214 - markdown_it.rules_block.heading - DEBUG - heading.heading:13 - entering heading: StateBlock(line=199,level=0,tokens=260), 199, 296, False
2025-12-27 14:18:52 - 20251227_141851_ab25a214 - markdown_it.rules_block.lheading - DEBUG - lheading.lheading:10 - entering lheading: StateBlock(line=199,level=0,tokens=260), 199, 296, False
2025-12-27 14:18:52 - 20251227_141851_ab25a214 - markdown_it.rules_block.paragraph - DEBUG - paragraph.paragraph:10 - entering paragraph: StateBlock(line=199,level=0,tokens=260), 199, 296, False
2025-12-27 14:18:52 - 20251227_141851_ab25a214 - markdown_it.rules_block.code - DEBUG - code.code:10 - entering code: StateBlock(line=201,level=0,tokens=263), 201, 296, False
2025-12-27 14:18:52 - 20251227_141851_ab25a214 - markdown_it.rules_block.fence - DEBUG - fence.fence:10 - entering fence: StateBlock(line=201,level=0,tokens=263), 201, 296, False
2025-12-27 14:18:52 - 20251227_141851_ab25a214 - markdown_it.rules_block.blockquote - DEBUG - blockquote.blockquote:13 - entering blockquote: StateBlock(line=201,level=0,tokens=263), 201, 296, False
2025-12-27 14:18:52 - 20251227_141851_ab25a214 - markdown_it.rules_block.hr - DEBUG - hr.hr:14 - entering hr: StateBlock(line=201,level=0,tokens=263), 201, 296, False
2025-12-27 14:18:52 - 20251227_141851_ab25a214 - markdown_it.rules_block.list - DEBUG - list.list_block:102 - entering list: StateBlock(line=201,level=0,tokens=263), 201, 296, False
2025-12-27 14:18:52 - 20251227_141851_ab25a214 - markdown_it.rules_block.reference - DEBUG - reference.reference:10 - entering reference: StateBlock(line=201,level=0,tokens=263), 201, 296, False
2025-12-27 14:18:52 - 20251227_141851_ab25a214 - markdown_it.rules_block.html_block - DEBUG - html_block.html_block:35 - entering html_block: StateBlock(line=201,level=0,tokens=263), 201, 296, False
2025-12-27 14:18:52 - 20251227_141851_ab25a214 - markdown_it.rules_block.heading - DEBUG - heading.heading:13 - entering heading: StateBlock(line=201,level=0,tokens=263), 201, 296, False
2025-12-27 14:18:52 - 20251227_141851_ab25a214 - markdown_it.rules_block.lheading - DEBUG - lheading.lheading:10 - entering lheading: StateBlock(line=201,level=0,tokens=263), 201, 296, False
2025-12-27 14:18:52 - 20251227_141851_ab25a214 - markdown_it.rules_block.paragraph - DEBUG - paragraph.paragraph:10 - entering paragraph: StateBlock(line=201,level=0,tokens=263), 201, 296, False
2025-12-27 14:18:52 - 20251227_141851_ab25a214 - markdown_it.rules_block.code - DEBUG - code.code:10 - entering code: StateBlock(line=203,level=0,tokens=266), 203, 296, False
2025-12-27 14:18:52 - 20251227_141851_ab25a214 - markdown_it.rules_block.fence - DEBUG - fence.fence:10 - entering fence: StateBlock(line=203,level=0,tokens=266), 203, 296, False
2025-12-27 14:18:52 - 20251227_141851_ab25a214 - markdown_it.rules_block.blockquote - DEBUG - blockquote.blockquote:13 - entering blockquote: StateBlock(line=203,level=0,tokens=266), 203, 296, False
2025-12-27 14:18:52 - 20251227_141851_ab25a214 - markdown_it.rules_block.hr - DEBUG - hr.hr:14 - entering hr: StateBlock(line=203,level=0,tokens=266), 203, 296, False
2025-12-27 14:18:52 - 20251227_141851_ab25a214 - markdown_it.rules_block.list - DEBUG - list.list_block:102 - entering list: StateBlock(line=203,level=0,tokens=266), 203, 296, False
2025-12-27 14:18:52 - 20251227_141851_ab25a214 - markdown_it.rules_block.reference - DEBUG - reference.reference:10 - entering reference: StateBlock(line=203,level=0,tokens=266), 203, 296, False
2025-12-27 14:18:52 - 20251227_141851_ab25a214 - markdown_it.rules_block.html_block - DEBUG - html_block.html_block:35 - entering html_block: StateBlock(line=203,level=0,tokens=266), 203, 296, False
2025-12-27 14:18:52 - 20251227_141851_ab25a214 - markdown_it.rules_block.heading - DEBUG - heading.heading:13 - entering heading: StateBlock(line=203,level=0,tokens=266), 203, 296, False
2025-12-27 14:18:52 - 20251227_141851_ab25a214 - markdown_it.rules_block.lheading - DEBUG - lheading.lheading:10 - entering lheading: StateBlock(line=203,level=0,tokens=266), 203, 296, False
2025-12-27 14:18:52 - 20251227_141851_ab25a214 - markdown_it.rules_block.paragraph - DEBUG - paragraph.paragraph:10 - entering paragraph: StateBlock(line=203,level=0,tokens=266), 203, 296, False
2025-12-27 14:18:52 - 20251227_141851_ab25a214 - markdown_it.rules_block.code - DEBUG - code.code:10 - entering code: StateBlock(line=205,level=0,tokens=269), 205, 296, False
2025-12-27 14:18:52 - 20251227_141851_ab25a214 - markdown_it.rules_block.fence - DEBUG - fence.fence:10 - entering fence: StateBlock(line=205,level=0,tokens=269), 205, 296, False
2025-12-27 14:18:52 - 20251227_141851_ab25a214 - markdown_it.rules_block.blockquote - DEBUG - blockquote.blockquote:13 - entering blockquote: StateBlock(line=205,level=0,tokens=269), 205, 296, False
2025-12-27 14:18:52 - 20251227_141851_ab25a214 - markdown_it.rules_block.hr - DEBUG - hr.hr:14 - entering hr: StateBlock(line=205,level=0,tokens=269), 205, 296, False
2025-12-27 14:18:52 - 20251227_141851_ab25a214 - markdown_it.rules_block.list - DEBUG - list.list_block:102 - entering list: StateBlock(line=205,level=0,tokens=269), 205, 296, False
2025-12-27 14:18:52 - 20251227_141851_ab25a214 - markdown_it.rules_block.reference - DEBUG - reference.reference:10 - entering reference: StateBlock(line=205,level=0,tokens=269), 205, 296, False
2025-12-27 14:18:52 - 20251227_141851_ab25a214 - markdown_it.rules_block.html_block - DEBUG - html_block.html_block:35 - entering html_block: StateBlock(line=205,level=0,tokens=269), 205, 296, False
2025-12-27 14:18:52 - 20251227_141851_ab25a214 - markdown_it.rules_block.heading - DEBUG - heading.heading:13 - entering heading: StateBlock(line=205,level=0,tokens=269), 205, 296, False
2025-12-27 14:18:52 - 20251227_141851_ab25a214 - markdown_it.rules_block.lheading - DEBUG - lheading.lheading:10 - entering lheading: StateBlock(line=205,level=0,tokens=269), 205, 296, False
2025-12-27 14:18:52 - 20251227_141851_ab25a214 - markdown_it.rules_block.paragraph - DEBUG - paragraph.paragraph:10 - entering paragraph: StateBlock(line=205,level=0,tokens=269), 205, 296, False
2025-12-27 14:18:52 - 20251227_141851_ab25a214 - markdown_it.rules_block.code - DEBUG - code.code:10 - entering code: StateBlock(line=207,level=0,tokens=272), 207, 296, False
2025-12-27 14:18:52 - 20251227_141851_ab25a214 - markdown_it.rules_block.fence - DEBUG - fence.fence:10 - entering fence: StateBlock(line=207,level=0,tokens=272), 207, 296, False
2025-12-27 14:18:52 - 20251227_141851_ab25a214 - markdown_it.rules_block.blockquote - DEBUG - blockquote.blockquote:13 - entering blockquote: StateBlock(line=207,level=0,tokens=272), 207, 296, False
2025-12-27 14:18:52 - 20251227_141851_ab25a214 - markdown_it.rules_block.hr - DEBUG - hr.hr:14 - entering hr: StateBlock(line=207,level=0,tokens=272), 207, 296, False
2025-12-27 14:18:52 - 20251227_141851_ab25a214 - markdown_it.rules_block.list - DEBUG - list.list_block:102 - entering list: StateBlock(line=207,level=0,tokens=272), 207, 296, False
2025-12-27 14:18:52 - 20251227_141851_ab25a214 - markdown_it.rules_block.reference - DEBUG - reference.reference:10 - entering reference: StateBlock(line=207,level=0,tokens=272), 207, 296, False
2025-12-27 14:18:52 - 20251227_141851_ab25a214 - markdown_it.rules_block.html_block - DEBUG - html_block.html_block:35 - entering html_block: StateBlock(line=207,level=0,tokens=272), 207, 296, False
2025-12-27 14:18:52 - 20251227_141851_ab25a214 - markdown_it.rules_block.heading - DEBUG - heading.heading:13 - entering heading: StateBlock(line=207,level=0,tokens=272), 207, 296, False
2025-12-27 14:18:52 - 20251227_141851_ab25a214 - markdown_it.rules_block.lheading - DEBUG - lheading.lheading:10 - entering lheading: StateBlock(line=207,level=0,tokens=272), 207, 296, False
2025-12-27 14:18:52 - 20251227_141851_ab25a214 - markdown_it.rules_block.paragraph - DEBUG - paragraph.paragraph:10 - entering paragraph: StateBlock(line=207,level=0,tokens=272), 207, 296, False
2025-12-27 14:18:52 - 20251227_141851_ab25a214 - markdown_it.rules_block.code - DEBUG - code.code:10 - entering code: StateBlock(line=209,level=0,tokens=275), 209, 296, False
2025-12-27 14:18:52 - 20251227_141851_ab25a214 - markdown_it.rules_block.fence - DEBUG - fence.fence:10 - entering fence: StateBlock(line=209,level=0,tokens=275), 209, 296, False
2025-12-27 14:18:52 - 20251227_141851_ab25a214 - markdown_it.rules_block.blockquote - DEBUG - blockquote.blockquote:13 - entering blockquote: StateBlock(line=209,level=0,tokens=275), 209, 296, False
2025-12-27 14:18:52 - 20251227_141851_ab25a214 - markdown_it.rules_block.hr - DEBUG - hr.hr:14 - entering hr: StateBlock(line=209,level=0,tokens=275), 209, 296, False
2025-12-27 14:18:52 - 20251227_141851_ab25a214 - markdown_it.rules_block.list - DEBUG - list.list_block:102 - entering list: StateBlock(line=209,level=0,tokens=275), 209, 296, False
2025-12-27 14:18:52 - 20251227_141851_ab25a214 - markdown_it.rules_block.reference - DEBUG - reference.reference:10 - entering reference: StateBlock(line=209,level=0,tokens=275), 209, 296, False
2025-12-27 14:18:52 - 20251227_141851_ab25a214 - markdown_it.rules_block.html_block - DEBUG - html_block.html_block:35 - entering html_block: StateBlock(line=209,level=0,tokens=275), 209, 296, False
2025-12-27 14:18:52 - 20251227_141851_ab25a214 - markdown_it.rules_block.heading - DEBUG - heading.heading:13 - entering heading: StateBlock(line=209,level=0,tokens=275), 209, 296, False
2025-12-27 14:18:52 - 20251227_141851_ab25a214 - markdown_it.rules_block.lheading - DEBUG - lheading.lheading:10 - entering lheading: StateBlock(line=209,level=0,tokens=275), 209, 296, False
2025-12-27 14:18:52 - 20251227_141851_ab25a214 - markdown_it.rules_block.paragraph - DEBUG - paragraph.paragraph:10 - entering paragraph: StateBlock(line=209,level=0,tokens=275), 209, 296, False
2025-12-27 14:18:52 - 20251227_141851_ab25a214 - markdown_it.rules_block.code - DEBUG - code.code:10 - entering code: StateBlock(line=211,level=0,tokens=278), 211, 296, False
2025-12-27 14:18:52 - 20251227_141851_ab25a214 - markdown_it.rules_block.fence - DEBUG - fence.fence:10 - entering fence: StateBlock(line=211,level=0,tokens=278), 211, 296, False
2025-12-27 14:18:52 - 20251227_141851_ab25a214 - markdown_it.rules_block.blockquote - DEBUG - blockquote.blockquote:13 - entering blockquote: StateBlock(line=211,level=0,tokens=278), 211, 296, False
2025-12-27 14:18:52 - 20251227_141851_ab25a214 - markdown_it.rules_block.hr - DEBUG - hr.hr:14 - entering hr: StateBlock(line=211,level=0,tokens=278), 211, 296, False
2025-12-27 14:18:52 - 20251227_141851_ab25a214 - markdown_it.rules_block.list - DEBUG - list.list_block:102 - entering list: StateBlock(line=211,level=0,tokens=278), 211, 296, False
2025-12-27 14:18:52 - 20251227_141851_ab25a214 - markdown_it.rules_block.reference - DEBUG - reference.reference:10 - entering reference: StateBlock(line=211,level=0,tokens=278), 211, 296, False
2025-12-27 14:18:52 - 20251227_141851_ab25a214 - markdown_it.rules_block.html_block - DEBUG - html_block.html_block:35 - entering html_block: StateBlock(line=211,level=0,tokens=278), 211, 296, False
2025-12-27 14:18:52 - 20251227_141851_ab25a214 - markdown_it.rules_block.heading - DEBUG - heading.heading:13 - entering heading: StateBlock(line=211,level=0,tokens=278), 211, 296, False
2025-12-27 14:18:52 - 20251227_141851_ab25a214 - markdown_it.rules_block.lheading - DEBUG - lheading.lheading:10 - entering lheading: StateBlock(line=211,level=0,tokens=278), 211, 296, False
2025-12-27 14:18:52 - 20251227_141851_ab25a214 - markdown_it.rules_block.paragraph - DEBUG - paragraph.paragraph:10 - entering paragraph: StateBlock(line=211,level=0,tokens=278), 211, 296, False
2025-12-27 14:18:52 - 20251227_141851_ab25a214 - markdown_it.rules_block.code - DEBUG - code.code:10 - entering code: StateBlock(line=213,level=0,tokens=281), 213, 296, False
2025-12-27 14:18:52 - 20251227_141851_ab25a214 - markdown_it.rules_block.fence - DEBUG - fence.fence:10 - entering fence: StateBlock(line=213,level=0,tokens=281), 213, 296, False
2025-12-27 14:18:52 - 20251227_141851_ab25a214 - markdown_it.rules_block.blockquote - DEBUG - blockquote.blockquote:13 - entering blockquote: StateBlock(line=213,level=0,tokens=281), 213, 296, False
2025-12-27 14:18:52 - 20251227_141851_ab25a214 - markdown_it.rules_block.hr - DEBUG - hr.hr:14 - entering hr: StateBlock(line=213,level=0,tokens=281), 213, 296, False
2025-12-27 14:18:52 - 20251227_141851_ab25a214 - markdown_it.rules_block.list - DEBUG - list.list_block:102 - entering list: StateBlock(line=213,level=0,tokens=281), 213, 296, False
2025-12-27 14:18:52 - 20251227_141851_ab25a214 - markdown_it.rules_block.reference - DEBUG - reference.reference:10 - entering reference: StateBlock(line=213,level=0,tokens=281), 213, 296, False
2025-12-27 14:18:52 - 20251227_141851_ab25a214 - markdown_it.rules_block.html_block - DEBUG - html_block.html_block:35 - entering html_block: StateBlock(line=213,level=0,tokens=281), 213, 296, False
2025-12-27 14:18:52 - 20251227_141851_ab25a214 - markdown_it.rules_block.heading - DEBUG - heading.heading:13 - entering heading: StateBlock(line=213,level=0,tokens=281), 213, 296, False
2025-12-27 14:18:52 - 20251227_141851_ab25a214 - markdown_it.rules_block.lheading - DEBUG - lheading.lheading:10 - entering lheading: StateBlock(line=213,level=0,tokens=281), 213, 296, False
2025-12-27 14:18:52 - 20251227_141851_ab25a214 - markdown_it.rules_block.paragraph - DEBUG - paragraph.paragraph:10 - entering paragraph: StateBlock(line=213,level=0,tokens=281), 213, 296, False
2025-12-27 14:18:52 - 20251227_141851_ab25a214 - markdown_it.rules_block.code - DEBUG - code.code:10 - entering code: StateBlock(line=215,level=0,tokens=284), 215, 296, False
2025-12-27 14:18:52 - 20251227_141851_ab25a214 - markdown_it.rules_block.fence - DEBUG - fence.fence:10 - entering fence: StateBlock(line=215,level=0,tokens=284), 215, 296, False
2025-12-27 14:18:52 - 20251227_141851_ab25a214 - markdown_it.rules_block.blockquote - DEBUG - blockquote.blockquote:13 - entering blockquote: StateBlock(line=215,level=0,tokens=284), 215, 296, False
2025-12-27 14:18:52 - 20251227_141851_ab25a214 - markdown_it.rules_block.hr - DEBUG - hr.hr:14 - entering hr: StateBlock(line=215,level=0,tokens=284), 215, 296, False
2025-12-27 14:18:52 - 20251227_141851_ab25a214 - markdown_it.rules_block.list - DEBUG - list.list_block:102 - entering list: StateBlock(line=215,level=0,tokens=284), 215, 296, False
2025-12-27 14:18:52 - 20251227_141851_ab25a214 - markdown_it.rules_block.reference - DEBUG - reference.reference:10 - entering reference: StateBlock(line=215,level=0,tokens=284), 215, 296, False
2025-12-27 14:18:52 - 20251227_141851_ab25a214 - markdown_it.rules_block.html_block - DEBUG - html_block.html_block:35 - entering html_block: StateBlock(line=215,level=0,tokens=284), 215, 296, False
2025-12-27 14:18:52 - 20251227_141851_ab25a214 - markdown_it.rules_block.heading - DEBUG - heading.heading:13 - entering heading: StateBlock(line=215,level=0,tokens=284), 215, 296, False
2025-12-27 14:18:52 - 20251227_141851_ab25a214 - markdown_it.rules_block.lheading - DEBUG - lheading.lheading:10 - entering lheading: StateBlock(line=215,level=0,tokens=284), 215, 296, False
2025-12-27 14:18:52 - 20251227_141851_ab25a214 - markdown_it.rules_block.paragraph - DEBUG - paragraph.paragraph:10 - entering paragraph: StateBlock(line=215,level=0,tokens=284), 215, 296, False
2025-12-27 14:18:52 - 20251227_141851_ab25a214 - markdown_it.rules_block.code - DEBUG - code.code:10 - entering code: StateBlock(line=217,level=0,tokens=287), 217, 296, False
2025-12-27 14:18:52 - 20251227_141851_ab25a214 - markdown_it.rules_block.fence - DEBUG - fence.fence:10 - entering fence: StateBlock(line=217,level=0,tokens=287), 217, 296, False
2025-12-27 14:18:52 - 20251227_141851_ab25a214 - markdown_it.rules_block.blockquote - DEBUG - blockquote.blockquote:13 - entering blockquote: StateBlock(line=217,level=0,tokens=287), 217, 296, False
2025-12-27 14:18:52 - 20251227_141851_ab25a214 - markdown_it.rules_block.hr - DEBUG - hr.hr:14 - entering hr: StateBlock(line=217,level=0,tokens=287), 217, 296, False
2025-12-27 14:18:52 - 20251227_141851_ab25a214 - markdown_it.rules_block.list - DEBUG - list.list_block:102 - entering list: StateBlock(line=217,level=0,tokens=287), 217, 296, False
2025-12-27 14:18:52 - 20251227_141851_ab25a214 - markdown_it.rules_block.reference - DEBUG - reference.reference:10 - entering reference: StateBlock(line=217,level=0,tokens=287), 217, 296, False
2025-12-27 14:18:52 - 20251227_141851_ab25a214 - markdown_it.rules_block.html_block - DEBUG - html_block.html_block:35 - entering html_block: StateBlock(line=217,level=0,tokens=287), 217, 296, False
2025-12-27 14:18:52 - 20251227_141851_ab25a214 - markdown_it.rules_block.heading - DEBUG - heading.heading:13 - entering heading: StateBlock(line=217,level=0,tokens=287), 217, 296, False
2025-12-27 14:18:52 - 20251227_141851_ab25a214 - markdown_it.rules_block.lheading - DEBUG - lheading.lheading:10 - entering lheading: StateBlock(line=217,level=0,tokens=287), 217, 296, False
2025-12-27 14:18:52 - 20251227_141851_ab25a214 - markdown_it.rules_block.paragraph - DEBUG - paragraph.paragraph:10 - entering paragraph: StateBlock(line=217,level=0,tokens=287), 217, 296, False
2025-12-27 14:18:52 - 20251227_141851_ab25a214 - markdown_it.rules_block.code - DEBUG - code.code:10 - entering code: StateBlock(line=219,level=0,tokens=290), 219, 296, False
2025-12-27 14:18:52 - 20251227_141851_ab25a214 - markdown_it.rules_block.fence - DEBUG - fence.fence:10 - entering fence: StateBlock(line=219,level=0,tokens=290), 219, 296, False
2025-12-27 14:18:52 - 20251227_141851_ab25a214 - markdown_it.rules_block.blockquote - DEBUG - blockquote.blockquote:13 - entering blockquote: StateBlock(line=219,level=0,tokens=290), 219, 296, False
2025-12-27 14:18:52 - 20251227_141851_ab25a214 - markdown_it.rules_block.hr - DEBUG - hr.hr:14 - entering hr: StateBlock(line=219,level=0,tokens=290), 219, 296, False
2025-12-27 14:18:52 - 20251227_141851_ab25a214 - markdown_it.rules_block.list - DEBUG - list.list_block:102 - entering list: StateBlock(line=219,level=0,tokens=290), 219, 296, False
2025-12-27 14:18:52 - 20251227_141851_ab25a214 - markdown_it.rules_block.reference - DEBUG - reference.reference:10 - entering reference: StateBlock(line=219,level=0,tokens=290), 219, 296, False
2025-12-27 14:18:52 - 20251227_141851_ab25a214 - markdown_it.rules_block.html_block - DEBUG - html_block.html_block:35 - entering html_block: StateBlock(line=219,level=0,tokens=290), 219, 296, False
2025-12-27 14:18:52 - 20251227_141851_ab25a214 - markdown_it.rules_block.heading - DEBUG - heading.heading:13 - entering heading: StateBlock(line=219,level=0,tokens=290), 219, 296, False
2025-12-27 14:18:52 - 20251227_141851_ab25a214 - markdown_it.rules_block.lheading - DEBUG - lheading.lheading:10 - entering lheading: StateBlock(line=219,level=0,tokens=290), 219, 296, False
2025-12-27 14:18:52 - 20251227_141851_ab25a214 - markdown_it.rules_block.paragraph - DEBUG - paragraph.paragraph:10 - entering paragraph: StateBlock(line=219,level=0,tokens=290), 219, 296, False
2025-12-27 14:18:52 - 20251227_141851_ab25a214 - markdown_it.rules_block.code - DEBUG - code.code:10 - entering code: StateBlock(line=221,level=0,tokens=293), 221, 296, False
2025-12-27 14:18:52 - 20251227_141851_ab25a214 - markdown_it.rules_block.fence - DEBUG - fence.fence:10 - entering fence: StateBlock(line=221,level=0,tokens=293), 221, 296, False
2025-12-27 14:18:52 - 20251227_141851_ab25a214 - markdown_it.rules_block.blockquote - DEBUG - blockquote.blockquote:13 - entering blockquote: StateBlock(line=221,level=0,tokens=293), 221, 296, False
2025-12-27 14:18:52 - 20251227_141851_ab25a214 - markdown_it.rules_block.hr - DEBUG - hr.hr:14 - entering hr: StateBlock(line=221,level=0,tokens=293), 221, 296, False
2025-12-27 14:18:52 - 20251227_141851_ab25a214 - markdown_it.rules_block.list - DEBUG - list.list_block:102 - entering list: StateBlock(line=221,level=0,tokens=293), 221, 296, False
2025-12-27 14:18:52 - 20251227_141851_ab25a214 - markdown_it.rules_block.reference - DEBUG - reference.reference:10 - entering reference: StateBlock(line=221,level=0,tokens=293), 221, 296, False
2025-12-27 14:18:52 - 20251227_141851_ab25a214 - markdown_it.rules_block.html_block - DEBUG - html_block.html_block:35 - entering html_block: StateBlock(line=221,level=0,tokens=293), 221, 296, False
2025-12-27 14:18:52 - 20251227_141851_ab25a214 - markdown_it.rules_block.heading - DEBUG - heading.heading:13 - entering heading: StateBlock(line=221,level=0,tokens=293), 221, 296, False
2025-12-27 14:18:52 - 20251227_141851_ab25a214 - markdown_it.rules_block.lheading - DEBUG - lheading.lheading:10 - entering lheading: StateBlock(line=221,level=0,tokens=293), 221, 296, False
2025-12-27 14:18:52 - 20251227_141851_ab25a214 - markdown_it.rules_block.paragraph - DEBUG - paragraph.paragraph:10 - entering paragraph: StateBlock(line=221,level=0,tokens=293), 221, 296, False
2025-12-27 14:18:52 - 20251227_141851_ab25a214 - markdown_it.rules_block.code - DEBUG - code.code:10 - entering code: StateBlock(line=223,level=0,tokens=296), 223, 296, False
2025-12-27 14:18:52 - 20251227_141851_ab25a214 - markdown_it.rules_block.fence - DEBUG - fence.fence:10 - entering fence: StateBlock(line=223,level=0,tokens=296), 223, 296, False
2025-12-27 14:18:52 - 20251227_141851_ab25a214 - markdown_it.rules_block.blockquote - DEBUG - blockquote.blockquote:13 - entering blockquote: StateBlock(line=223,level=0,tokens=296), 223, 296, False
2025-12-27 14:18:52 - 20251227_141851_ab25a214 - markdown_it.rules_block.hr - DEBUG - hr.hr:14 - entering hr: StateBlock(line=223,level=0,tokens=296), 223, 296, False
2025-12-27 14:18:52 - 20251227_141851_ab25a214 - markdown_it.rules_block.list - DEBUG - list.list_block:102 - entering list: StateBlock(line=223,level=0,tokens=296), 223, 296, False
2025-12-27 14:18:52 - 20251227_141851_ab25a214 - markdown_it.rules_block.reference - DEBUG - reference.reference:10 - entering reference: StateBlock(line=223,level=0,tokens=296), 223, 296, False
2025-12-27 14:18:52 - 20251227_141851_ab25a214 - markdown_it.rules_block.html_block - DEBUG - html_block.html_block:35 - entering html_block: StateBlock(line=223,level=0,tokens=296), 223, 296, False
2025-12-27 14:18:52 - 20251227_141851_ab25a214 - markdown_it.rules_block.heading - DEBUG - heading.heading:13 - entering heading: StateBlock(line=223,level=0,tokens=296), 223, 296, False
2025-12-27 14:18:52 - 20251227_141851_ab25a214 - markdown_it.rules_block.lheading - DEBUG - lheading.lheading:10 - entering lheading: StateBlock(line=223,level=0,tokens=296), 223, 296, False
2025-12-27 14:18:52 - 20251227_141851_ab25a214 - markdown_it.rules_block.paragraph - DEBUG - paragraph.paragraph:10 - entering paragraph: StateBlock(line=223,level=0,tokens=296), 223, 296, False
2025-12-27 14:18:52 - 20251227_141851_ab25a214 - markdown_it.rules_block.code - DEBUG - code.code:10 - entering code: StateBlock(line=225,level=0,tokens=299), 225, 296, False
2025-12-27 14:18:52 - 20251227_141851_ab25a214 - markdown_it.rules_block.fence - DEBUG - fence.fence:10 - entering fence: StateBlock(line=225,level=0,tokens=299), 225, 296, False
2025-12-27 14:18:52 - 20251227_141851_ab25a214 - markdown_it.rules_block.blockquote - DEBUG - blockquote.blockquote:13 - entering blockquote: StateBlock(line=225,level=0,tokens=299), 225, 296, False
2025-12-27 14:18:52 - 20251227_141851_ab25a214 - markdown_it.rules_block.hr - DEBUG - hr.hr:14 - entering hr: StateBlock(line=225,level=0,tokens=299), 225, 296, False
2025-12-27 14:18:52 - 20251227_141851_ab25a214 - markdown_it.rules_block.list - DEBUG - list.list_block:102 - entering list: StateBlock(line=225,level=0,tokens=299), 225, 296, False
2025-12-27 14:18:52 - 20251227_141851_ab25a214 - markdown_it.rules_block.reference - DEBUG - reference.reference:10 - entering reference: StateBlock(line=225,level=0,tokens=299), 225, 296, False
2025-12-27 14:18:52 - 20251227_141851_ab25a214 - markdown_it.rules_block.html_block - DEBUG - html_block.html_block:35 - entering html_block: StateBlock(line=225,level=0,tokens=299), 225, 296, False
2025-12-27 14:18:52 - 20251227_141851_ab25a214 - markdown_it.rules_block.heading - DEBUG - heading.heading:13 - entering heading: StateBlock(line=225,level=0,tokens=299), 225, 296, False
2025-12-27 14:18:52 - 20251227_141851_ab25a214 - markdown_it.rules_block.lheading - DEBUG - lheading.lheading:10 - entering lheading: StateBlock(line=225,level=0,tokens=299), 225, 296, False
2025-12-27 14:18:52 - 20251227_141851_ab25a214 - markdown_it.rules_block.paragraph - DEBUG - paragraph.paragraph:10 - entering paragraph: StateBlock(line=225,level=0,tokens=299), 225, 296, False
2025-12-27 14:18:52 - 20251227_141851_ab25a214 - markdown_it.rules_block.code - DEBUG - code.code:10 - entering code: StateBlock(line=227,level=0,tokens=302), 227, 296, False
2025-12-27 14:18:52 - 20251227_141851_ab25a214 - markdown_it.rules_block.fence - DEBUG - fence.fence:10 - entering fence: StateBlock(line=227,level=0,tokens=302), 227, 296, False
2025-12-27 14:18:52 - 20251227_141851_ab25a214 - markdown_it.rules_block.blockquote - DEBUG - blockquote.blockquote:13 - entering blockquote: StateBlock(line=227,level=0,tokens=302), 227, 296, False
2025-12-27 14:18:52 - 20251227_141851_ab25a214 - markdown_it.rules_block.hr - DEBUG - hr.hr:14 - entering hr: StateBlock(line=227,level=0,tokens=302), 227, 296, False
2025-12-27 14:18:52 - 20251227_141851_ab25a214 - markdown_it.rules_block.list - DEBUG - list.list_block:102 - entering list: StateBlock(line=227,level=0,tokens=302), 227, 296, False
2025-12-27 14:18:52 - 20251227_141851_ab25a214 - markdown_it.rules_block.reference - DEBUG - reference.reference:10 - entering reference: StateBlock(line=227,level=0,tokens=302), 227, 296, False
2025-12-27 14:18:52 - 20251227_141851_ab25a214 - markdown_it.rules_block.html_block - DEBUG - html_block.html_block:35 - entering html_block: StateBlock(line=227,level=0,tokens=302), 227, 296, False
2025-12-27 14:18:52 - 20251227_141851_ab25a214 - markdown_it.rules_block.heading - DEBUG - heading.heading:13 - entering heading: StateBlock(line=227,level=0,tokens=302), 227, 296, False
2025-12-27 14:18:52 - 20251227_141851_ab25a214 - markdown_it.rules_block.lheading - DEBUG - lheading.lheading:10 - entering lheading: StateBlock(line=227,level=0,tokens=302), 227, 296, False
2025-12-27 14:18:52 - 20251227_141851_ab25a214 - markdown_it.rules_block.paragraph - DEBUG - paragraph.paragraph:10 - entering paragraph: StateBlock(line=227,level=0,tokens=302), 227, 296, False
2025-12-27 14:18:52 - 20251227_141851_ab25a214 - markdown_it.rules_block.code - DEBUG - code.code:10 - entering code: StateBlock(line=229,level=0,tokens=305), 229, 296, False
2025-12-27 14:18:52 - 20251227_141851_ab25a214 - markdown_it.rules_block.fence - DEBUG - fence.fence:10 - entering fence: StateBlock(line=229,level=0,tokens=305), 229, 296, False
2025-12-27 14:18:52 - 20251227_141851_ab25a214 - markdown_it.rules_block.blockquote - DEBUG - blockquote.blockquote:13 - entering blockquote: StateBlock(line=229,level=0,tokens=305), 229, 296, False
2025-12-27 14:18:52 - 20251227_141851_ab25a214 - markdown_it.rules_block.hr - DEBUG - hr.hr:14 - entering hr: StateBlock(line=229,level=0,tokens=305), 229, 296, False
2025-12-27 14:18:52 - 20251227_141851_ab25a214 - markdown_it.rules_block.list - DEBUG - list.list_block:102 - entering list: StateBlock(line=229,level=0,tokens=305), 229, 296, False
2025-12-27 14:18:52 - 20251227_141851_ab25a214 - markdown_it.rules_block.reference - DEBUG - reference.reference:10 - entering reference: StateBlock(line=229,level=0,tokens=305), 229, 296, False
2025-12-27 14:18:52 - 20251227_141851_ab25a214 - markdown_it.rules_block.html_block - DEBUG - html_block.html_block:35 - entering html_block: StateBlock(line=229,level=0,tokens=305), 229, 296, False
2025-12-27 14:18:52 - 20251227_141851_ab25a214 - markdown_it.rules_block.heading - DEBUG - heading.heading:13 - entering heading: StateBlock(line=229,level=0,tokens=305), 229, 296, False
2025-12-27 14:18:52 - 20251227_141851_ab25a214 - markdown_it.rules_block.lheading - DEBUG - lheading.lheading:10 - entering lheading: StateBlock(line=229,level=0,tokens=305), 229, 296, False
2025-12-27 14:18:52 - 20251227_141851_ab25a214 - markdown_it.rules_block.paragraph - DEBUG - paragraph.paragraph:10 - entering paragraph: StateBlock(line=229,level=0,tokens=305), 229, 296, False
2025-12-27 14:18:52 - 20251227_141851_ab25a214 - markdown_it.rules_block.code - DEBUG - code.code:10 - entering code: StateBlock(line=231,level=0,tokens=308), 231, 296, False
2025-12-27 14:18:52 - 20251227_141851_ab25a214 - markdown_it.rules_block.fence - DEBUG - fence.fence:10 - entering fence: StateBlock(line=231,level=0,tokens=308), 231, 296, False
2025-12-27 14:18:52 - 20251227_141851_ab25a214 - markdown_it.rules_block.blockquote - DEBUG - blockquote.blockquote:13 - entering blockquote: StateBlock(line=231,level=0,tokens=308), 231, 296, False
2025-12-27 14:18:52 - 20251227_141851_ab25a214 - markdown_it.rules_block.hr - DEBUG - hr.hr:14 - entering hr: StateBlock(line=231,level=0,tokens=308), 231, 296, False
2025-12-27 14:18:52 - 20251227_141851_ab25a214 - markdown_it.rules_block.list - DEBUG - list.list_block:102 - entering list: StateBlock(line=231,level=0,tokens=308), 231, 296, False
2025-12-27 14:18:52 - 20251227_141851_ab25a214 - markdown_it.rules_block.reference - DEBUG - reference.reference:10 - entering reference: StateBlock(line=231,level=0,tokens=308), 231, 296, False
2025-12-27 14:18:52 - 20251227_141851_ab25a214 - markdown_it.rules_block.html_block - DEBUG - html_block.html_block:35 - entering html_block: StateBlock(line=231,level=0,tokens=308), 231, 296, False
2025-12-27 14:18:52 - 20251227_141851_ab25a214 - markdown_it.rules_block.heading - DEBUG - heading.heading:13 - entering heading: StateBlock(line=231,level=0,tokens=308), 231, 296, False
2025-12-27 14:18:52 - 20251227_141851_ab25a214 - markdown_it.rules_block.lheading - DEBUG - lheading.lheading:10 - entering lheading: StateBlock(line=231,level=0,tokens=308), 231, 296, False
2025-12-27 14:18:52 - 20251227_141851_ab25a214 - markdown_it.rules_block.paragraph - DEBUG - paragraph.paragraph:10 - entering paragraph: StateBlock(line=231,level=0,tokens=308), 231, 296, False
2025-12-27 14:18:52 - 20251227_141851_ab25a214 - markdown_it.rules_block.code - DEBUG - code.code:10 - entering code: StateBlock(line=233,level=0,tokens=311), 233, 296, False
2025-12-27 14:18:52 - 20251227_141851_ab25a214 - markdown_it.rules_block.fence - DEBUG - fence.fence:10 - entering fence: StateBlock(line=233,level=0,tokens=311), 233, 296, False
2025-12-27 14:18:52 - 20251227_141851_ab25a214 - markdown_it.rules_block.blockquote - DEBUG - blockquote.blockquote:13 - entering blockquote: StateBlock(line=233,level=0,tokens=311), 233, 296, False
2025-12-27 14:18:52 - 20251227_141851_ab25a214 - markdown_it.rules_block.hr - DEBUG - hr.hr:14 - entering hr: StateBlock(line=233,level=0,tokens=311), 233, 296, False
2025-12-27 14:18:52 - 20251227_141851_ab25a214 - markdown_it.rules_block.list - DEBUG - list.list_block:102 - entering list: StateBlock(line=233,level=0,tokens=311), 233, 296, False
2025-12-27 14:18:52 - 20251227_141851_ab25a214 - markdown_it.rules_block.reference - DEBUG - reference.reference:10 - entering reference: StateBlock(line=233,level=0,tokens=311), 233, 296, False
2025-12-27 14:18:52 - 20251227_141851_ab25a214 - markdown_it.rules_block.html_block - DEBUG - html_block.html_block:35 - entering html_block: StateBlock(line=233,level=0,tokens=311), 233, 296, False
2025-12-27 14:18:52 - 20251227_141851_ab25a214 - markdown_it.rules_block.heading - DEBUG - heading.heading:13 - entering heading: StateBlock(line=233,level=0,tokens=311), 233, 296, False
2025-12-27 14:18:52 - 20251227_141851_ab25a214 - markdown_it.rules_block.lheading - DEBUG - lheading.lheading:10 - entering lheading: StateBlock(line=233,level=0,tokens=311), 233, 296, False
2025-12-27 14:18:52 - 20251227_141851_ab25a214 - markdown_it.rules_block.paragraph - DEBUG - paragraph.paragraph:10 - entering paragraph: StateBlock(line=233,level=0,tokens=311), 233, 296, False
2025-12-27 14:18:52 - 20251227_141851_ab25a214 - markdown_it.rules_block.code - DEBUG - code.code:10 - entering code: StateBlock(line=235,level=0,tokens=314), 235, 296, False
2025-12-27 14:18:52 - 20251227_141851_ab25a214 - markdown_it.rules_block.fence - DEBUG - fence.fence:10 - entering fence: StateBlock(line=235,level=0,tokens=314), 235, 296, False
2025-12-27 14:18:52 - 20251227_141851_ab25a214 - markdown_it.rules_block.blockquote - DEBUG - blockquote.blockquote:13 - entering blockquote: StateBlock(line=235,level=0,tokens=314), 235, 296, False
2025-12-27 14:18:52 - 20251227_141851_ab25a214 - markdown_it.rules_block.hr - DEBUG - hr.hr:14 - entering hr: StateBlock(line=235,level=0,tokens=314), 235, 296, False
2025-12-27 14:18:52 - 20251227_141851_ab25a214 - markdown_it.rules_block.list - DEBUG - list.list_block:102 - entering list: StateBlock(line=235,level=0,tokens=314), 235, 296, False
2025-12-27 14:18:52 - 20251227_141851_ab25a214 - markdown_it.rules_block.reference - DEBUG - reference.reference:10 - entering reference: StateBlock(line=235,level=0,tokens=314), 235, 296, False
2025-12-27 14:18:52 - 20251227_141851_ab25a214 - markdown_it.rules_block.html_block - DEBUG - html_block.html_block:35 - entering html_block: StateBlock(line=235,level=0,tokens=314), 235, 296, False
2025-12-27 14:18:52 - 20251227_141851_ab25a214 - markdown_it.rules_block.heading - DEBUG - heading.heading:13 - entering heading: StateBlock(line=235,level=0,tokens=314), 235, 296, False
2025-12-27 14:18:52 - 20251227_141851_ab25a214 - markdown_it.rules_block.lheading - DEBUG - lheading.lheading:10 - entering lheading: StateBlock(line=235,level=0,tokens=314), 235, 296, False
2025-12-27 14:18:52 - 20251227_141851_ab25a214 - markdown_it.rules_block.paragraph - DEBUG - paragraph.paragraph:10 - entering paragraph: StateBlock(line=235,level=0,tokens=314), 235, 296, False
2025-12-27 14:18:52 - 20251227_141851_ab25a214 - markdown_it.rules_block.code - DEBUG - code.code:10 - entering code: StateBlock(line=237,level=0,tokens=317), 237, 296, False
2025-12-27 14:18:52 - 20251227_141851_ab25a214 - markdown_it.rules_block.fence - DEBUG - fence.fence:10 - entering fence: StateBlock(line=237,level=0,tokens=317), 237, 296, False
2025-12-27 14:18:52 - 20251227_141851_ab25a214 - markdown_it.rules_block.blockquote - DEBUG - blockquote.blockquote:13 - entering blockquote: StateBlock(line=237,level=0,tokens=317), 237, 296, False
2025-12-27 14:18:52 - 20251227_141851_ab25a214 - markdown_it.rules_block.hr - DEBUG - hr.hr:14 - entering hr: StateBlock(line=237,level=0,tokens=317), 237, 296, False
2025-12-27 14:18:52 - 20251227_141851_ab25a214 - markdown_it.rules_block.list - DEBUG - list.list_block:102 - entering list: StateBlock(line=237,level=0,tokens=317), 237, 296, False
2025-12-27 14:18:52 - 20251227_141851_ab25a214 - markdown_it.rules_block.reference - DEBUG - reference.reference:10 - entering reference: StateBlock(line=237,level=0,tokens=317), 237, 296, False
2025-12-27 14:18:52 - 20251227_141851_ab25a214 - markdown_it.rules_block.html_block - DEBUG - html_block.html_block:35 - entering html_block: StateBlock(line=237,level=0,tokens=317), 237, 296, False
2025-12-27 14:18:52 - 20251227_141851_ab25a214 - markdown_it.rules_block.heading - DEBUG - heading.heading:13 - entering heading: StateBlock(line=237,level=0,tokens=317), 237, 296, False
2025-12-27 14:18:52 - 20251227_141851_ab25a214 - markdown_it.rules_block.lheading - DEBUG - lheading.lheading:10 - entering lheading: StateBlock(line=237,level=0,tokens=317), 237, 296, False
2025-12-27 14:18:52 - 20251227_141851_ab25a214 - markdown_it.rules_block.paragraph - DEBUG - paragraph.paragraph:10 - entering paragraph: StateBlock(line=237,level=0,tokens=317), 237, 296, False
2025-12-27 14:18:52 - 20251227_141851_ab25a214 - markdown_it.rules_block.code - DEBUG - code.code:10 - entering code: StateBlock(line=239,level=0,tokens=320), 239, 296, False
2025-12-27 14:18:52 - 20251227_141851_ab25a214 - markdown_it.rules_block.fence - DEBUG - fence.fence:10 - entering fence: StateBlock(line=239,level=0,tokens=320), 239, 296, False
2025-12-27 14:18:52 - 20251227_141851_ab25a214 - markdown_it.rules_block.blockquote - DEBUG - blockquote.blockquote:13 - entering blockquote: StateBlock(line=239,level=0,tokens=320), 239, 296, False
2025-12-27 14:18:52 - 20251227_141851_ab25a214 - markdown_it.rules_block.hr - DEBUG - hr.hr:14 - entering hr: StateBlock(line=239,level=0,tokens=320), 239, 296, False
2025-12-27 14:18:52 - 20251227_141851_ab25a214 - markdown_it.rules_block.list - DEBUG - list.list_block:102 - entering list: StateBlock(line=239,level=0,tokens=320), 239, 296, False
2025-12-27 14:18:52 - 20251227_141851_ab25a214 - markdown_it.rules_block.reference - DEBUG - reference.reference:10 - entering reference: StateBlock(line=239,level=0,tokens=320), 239, 296, False
2025-12-27 14:18:52 - 20251227_141851_ab25a214 - markdown_it.rules_block.html_block - DEBUG - html_block.html_block:35 - entering html_block: StateBlock(line=239,level=0,tokens=320), 239, 296, False
2025-12-27 14:18:52 - 20251227_141851_ab25a214 - markdown_it.rules_block.heading - DEBUG - heading.heading:13 - entering heading: StateBlock(line=239,level=0,tokens=320), 239, 296, False
2025-12-27 14:18:52 - 20251227_141851_ab25a214 - markdown_it.rules_block.lheading - DEBUG - lheading.lheading:10 - entering lheading: StateBlock(line=239,level=0,tokens=320), 239, 296, False
2025-12-27 14:18:52 - 20251227_141851_ab25a214 - markdown_it.rules_block.paragraph - DEBUG - paragraph.paragraph:10 - entering paragraph: StateBlock(line=239,level=0,tokens=320), 239, 296, False
2025-12-27 14:18:52 - 20251227_141851_ab25a214 - markdown_it.rules_block.code - DEBUG - code.code:10 - entering code: StateBlock(line=241,level=0,tokens=323), 241, 296, False
2025-12-27 14:18:52 - 20251227_141851_ab25a214 - markdown_it.rules_block.fence - DEBUG - fence.fence:10 - entering fence: StateBlock(line=241,level=0,tokens=323), 241, 296, False
2025-12-27 14:18:52 - 20251227_141851_ab25a214 - markdown_it.rules_block.blockquote - DEBUG - blockquote.blockquote:13 - entering blockquote: StateBlock(line=241,level=0,tokens=323), 241, 296, False
2025-12-27 14:18:52 - 20251227_141851_ab25a214 - markdown_it.rules_block.hr - DEBUG - hr.hr:14 - entering hr: StateBlock(line=241,level=0,tokens=323), 241, 296, False
2025-12-27 14:18:52 - 20251227_141851_ab25a214 - markdown_it.rules_block.list - DEBUG - list.list_block:102 - entering list: StateBlock(line=241,level=0,tokens=323), 241, 296, False
2025-12-27 14:18:52 - 20251227_141851_ab25a214 - markdown_it.rules_block.reference - DEBUG - reference.reference:10 - entering reference: StateBlock(line=241,level=0,tokens=323), 241, 296, False
2025-12-27 14:18:52 - 20251227_141851_ab25a214 - markdown_it.rules_block.html_block - DEBUG - html_block.html_block:35 - entering html_block: StateBlock(line=241,level=0,tokens=323), 241, 296, False
2025-12-27 14:18:52 - 20251227_141851_ab25a214 - markdown_it.rules_block.heading - DEBUG - heading.heading:13 - entering heading: StateBlock(line=241,level=0,tokens=323), 241, 296, False
2025-12-27 14:18:52 - 20251227_141851_ab25a214 - markdown_it.rules_block.lheading - DEBUG - lheading.lheading:10 - entering lheading: StateBlock(line=241,level=0,tokens=323), 241, 296, False
2025-12-27 14:18:52 - 20251227_141851_ab25a214 - markdown_it.rules_block.paragraph - DEBUG - paragraph.paragraph:10 - entering paragraph: StateBlock(line=241,level=0,tokens=323), 241, 296, False
2025-12-27 14:18:52 - 20251227_141851_ab25a214 - markdown_it.rules_block.code - DEBUG - code.code:10 - entering code: StateBlock(line=243,level=0,tokens=326), 243, 296, False
2025-12-27 14:18:52 - 20251227_141851_ab25a214 - markdown_it.rules_block.fence - DEBUG - fence.fence:10 - entering fence: StateBlock(line=243,level=0,tokens=326), 243, 296, False
2025-12-27 14:18:52 - 20251227_141851_ab25a214 - markdown_it.rules_block.blockquote - DEBUG - blockquote.blockquote:13 - entering blockquote: StateBlock(line=243,level=0,tokens=326), 243, 296, False
2025-12-27 14:18:52 - 20251227_141851_ab25a214 - markdown_it.rules_block.hr - DEBUG - hr.hr:14 - entering hr: StateBlock(line=243,level=0,tokens=326), 243, 296, False
2025-12-27 14:18:52 - 20251227_141851_ab25a214 - markdown_it.rules_block.list - DEBUG - list.list_block:102 - entering list: StateBlock(line=243,level=0,tokens=326), 243, 296, False
2025-12-27 14:18:52 - 20251227_141851_ab25a214 - markdown_it.rules_block.reference - DEBUG - reference.reference:10 - entering reference: StateBlock(line=243,level=0,tokens=326), 243, 296, False
2025-12-27 14:18:52 - 20251227_141851_ab25a214 - markdown_it.rules_block.html_block - DEBUG - html_block.html_block:35 - entering html_block: StateBlock(line=243,level=0,tokens=326), 243, 296, False
2025-12-27 14:18:52 - 20251227_141851_ab25a214 - markdown_it.rules_block.heading - DEBUG - heading.heading:13 - entering heading: StateBlock(line=243,level=0,tokens=326), 243, 296, False
2025-12-27 14:18:52 - 20251227_141851_ab25a214 - markdown_it.rules_block.lheading - DEBUG - lheading.lheading:10 - entering lheading: StateBlock(line=243,level=0,tokens=326), 243, 296, False
2025-12-27 14:18:52 - 20251227_141851_ab25a214 - markdown_it.rules_block.paragraph - DEBUG - paragraph.paragraph:10 - entering paragraph: StateBlock(line=243,level=0,tokens=326), 243, 296, False
2025-12-27 14:18:52 - 20251227_141851_ab25a214 - markdown_it.rules_block.code - DEBUG - code.code:10 - entering code: StateBlock(line=245,level=0,tokens=329), 245, 296, False
2025-12-27 14:18:52 - 20251227_141851_ab25a214 - markdown_it.rules_block.fence - DEBUG - fence.fence:10 - entering fence: StateBlock(line=245,level=0,tokens=329), 245, 296, False
2025-12-27 14:18:52 - 20251227_141851_ab25a214 - markdown_it.rules_block.blockquote - DEBUG - blockquote.blockquote:13 - entering blockquote: StateBlock(line=245,level=0,tokens=329), 245, 296, False
2025-12-27 14:18:52 - 20251227_141851_ab25a214 - markdown_it.rules_block.hr - DEBUG - hr.hr:14 - entering hr: StateBlock(line=245,level=0,tokens=329), 245, 296, False
2025-12-27 14:18:52 - 20251227_141851_ab25a214 - markdown_it.rules_block.list - DEBUG - list.list_block:102 - entering list: StateBlock(line=245,level=0,tokens=329), 245, 296, False
2025-12-27 14:18:52 - 20251227_141851_ab25a214 - markdown_it.rules_block.reference - DEBUG - reference.reference:10 - entering reference: StateBlock(line=245,level=0,tokens=329), 245, 296, False
2025-12-27 14:18:52 - 20251227_141851_ab25a214 - markdown_it.rules_block.html_block - DEBUG - html_block.html_block:35 - entering html_block: StateBlock(line=245,level=0,tokens=329), 245, 296, False
2025-12-27 14:18:52 - 20251227_141851_ab25a214 - markdown_it.rules_block.heading - DEBUG - heading.heading:13 - entering heading: StateBlock(line=245,level=0,tokens=329), 245, 296, False
2025-12-27 14:18:52 - 20251227_141851_ab25a214 - markdown_it.rules_block.lheading - DEBUG - lheading.lheading:10 - entering lheading: StateBlock(line=245,level=0,tokens=329), 245, 296, False
2025-12-27 14:18:52 - 20251227_141851_ab25a214 - markdown_it.rules_block.paragraph - DEBUG - paragraph.paragraph:10 - entering paragraph: StateBlock(line=245,level=0,tokens=329), 245, 296, False
2025-12-27 14:18:52 - 20251227_141851_ab25a214 - markdown_it.rules_block.code - DEBUG - code.code:10 - entering code: StateBlock(line=247,level=0,tokens=332), 247, 296, False
2025-12-27 14:18:52 - 20251227_141851_ab25a214 - markdown_it.rules_block.fence - DEBUG - fence.fence:10 - entering fence: StateBlock(line=247,level=0,tokens=332), 247, 296, False
2025-12-27 14:18:52 - 20251227_141851_ab25a214 - markdown_it.rules_block.blockquote - DEBUG - blockquote.blockquote:13 - entering blockquote: StateBlock(line=247,level=0,tokens=332), 247, 296, False
2025-12-27 14:18:52 - 20251227_141851_ab25a214 - markdown_it.rules_block.hr - DEBUG - hr.hr:14 - entering hr: StateBlock(line=247,level=0,tokens=332), 247, 296, False
2025-12-27 14:18:52 - 20251227_141851_ab25a214 - markdown_it.rules_block.list - DEBUG - list.list_block:102 - entering list: StateBlock(line=247,level=0,tokens=332), 247, 296, False
2025-12-27 14:18:52 - 20251227_141851_ab25a214 - markdown_it.rules_block.reference - DEBUG - reference.reference:10 - entering reference: StateBlock(line=247,level=0,tokens=332), 247, 296, False
2025-12-27 14:18:52 - 20251227_141851_ab25a214 - markdown_it.rules_block.html_block - DEBUG - html_block.html_block:35 - entering html_block: StateBlock(line=247,level=0,tokens=332), 247, 296, False
2025-12-27 14:18:52 - 20251227_141851_ab25a214 - markdown_it.rules_block.heading - DEBUG - heading.heading:13 - entering heading: StateBlock(line=247,level=0,tokens=332), 247, 296, False
2025-12-27 14:18:52 - 20251227_141851_ab25a214 - markdown_it.rules_block.lheading - DEBUG - lheading.lheading:10 - entering lheading: StateBlock(line=247,level=0,tokens=332), 247, 296, False
2025-12-27 14:18:52 - 20251227_141851_ab25a214 - markdown_it.rules_block.paragraph - DEBUG - paragraph.paragraph:10 - entering paragraph: StateBlock(line=247,level=0,tokens=332), 247, 296, False
2025-12-27 14:18:52 - 20251227_141851_ab25a214 - markdown_it.rules_block.code - DEBUG - code.code:10 - entering code: StateBlock(line=249,level=0,tokens=335), 249, 296, False
2025-12-27 14:18:52 - 20251227_141851_ab25a214 - markdown_it.rules_block.fence - DEBUG - fence.fence:10 - entering fence: StateBlock(line=249,level=0,tokens=335), 249, 296, False
2025-12-27 14:18:52 - 20251227_141851_ab25a214 - markdown_it.rules_block.blockquote - DEBUG - blockquote.blockquote:13 - entering blockquote: StateBlock(line=249,level=0,tokens=335), 249, 296, False
2025-12-27 14:18:52 - 20251227_141851_ab25a214 - markdown_it.rules_block.hr - DEBUG - hr.hr:14 - entering hr: StateBlock(line=249,level=0,tokens=335), 249, 296, False
2025-12-27 14:18:52 - 20251227_141851_ab25a214 - markdown_it.rules_block.list - DEBUG - list.list_block:102 - entering list: StateBlock(line=249,level=0,tokens=335), 249, 296, False
2025-12-27 14:18:52 - 20251227_141851_ab25a214 - markdown_it.rules_block.reference - DEBUG - reference.reference:10 - entering reference: StateBlock(line=249,level=0,tokens=335), 249, 296, False
2025-12-27 14:18:52 - 20251227_141851_ab25a214 - markdown_it.rules_block.html_block - DEBUG - html_block.html_block:35 - entering html_block: StateBlock(line=249,level=0,tokens=335), 249, 296, False
2025-12-27 14:18:52 - 20251227_141851_ab25a214 - markdown_it.rules_block.heading - DEBUG - heading.heading:13 - entering heading: StateBlock(line=249,level=0,tokens=335), 249, 296, False
2025-12-27 14:18:52 - 20251227_141851_ab25a214 - markdown_it.rules_block.lheading - DEBUG - lheading.lheading:10 - entering lheading: StateBlock(line=249,level=0,tokens=335), 249, 296, False
2025-12-27 14:18:52 - 20251227_141851_ab25a214 - markdown_it.rules_block.paragraph - DEBUG - paragraph.paragraph:10 - entering paragraph: StateBlock(line=249,level=0,tokens=335), 249, 296, False
2025-12-27 14:18:52 - 20251227_141851_ab25a214 - markdown_it.rules_block.code - DEBUG - code.code:10 - entering code: StateBlock(line=251,level=0,tokens=338), 251, 296, False
2025-12-27 14:18:52 - 20251227_141851_ab25a214 - markdown_it.rules_block.fence - DEBUG - fence.fence:10 - entering fence: StateBlock(line=251,level=0,tokens=338), 251, 296, False
2025-12-27 14:18:52 - 20251227_141851_ab25a214 - markdown_it.rules_block.blockquote - DEBUG - blockquote.blockquote:13 - entering blockquote: StateBlock(line=251,level=0,tokens=338), 251, 296, False
2025-12-27 14:18:52 - 20251227_141851_ab25a214 - markdown_it.rules_block.hr - DEBUG - hr.hr:14 - entering hr: StateBlock(line=251,level=0,tokens=338), 251, 296, False
2025-12-27 14:18:52 - 20251227_141851_ab25a214 - markdown_it.rules_block.list - DEBUG - list.list_block:102 - entering list: StateBlock(line=251,level=0,tokens=338), 251, 296, False
2025-12-27 14:18:52 - 20251227_141851_ab25a214 - markdown_it.rules_block.reference - DEBUG - reference.reference:10 - entering reference: StateBlock(line=251,level=0,tokens=338), 251, 296, False
2025-12-27 14:18:52 - 20251227_141851_ab25a214 - markdown_it.rules_block.html_block - DEBUG - html_block.html_block:35 - entering html_block: StateBlock(line=251,level=0,tokens=338), 251, 296, False
2025-12-27 14:18:52 - 20251227_141851_ab25a214 - markdown_it.rules_block.heading - DEBUG - heading.heading:13 - entering heading: StateBlock(line=251,level=0,tokens=338), 251, 296, False
2025-12-27 14:18:52 - 20251227_141851_ab25a214 - markdown_it.rules_block.lheading - DEBUG - lheading.lheading:10 - entering lheading: StateBlock(line=251,level=0,tokens=338), 251, 296, False
2025-12-27 14:18:52 - 20251227_141851_ab25a214 - markdown_it.rules_block.paragraph - DEBUG - paragraph.paragraph:10 - entering paragraph: StateBlock(line=251,level=0,tokens=338), 251, 296, False
2025-12-27 14:18:52 - 20251227_141851_ab25a214 - markdown_it.rules_block.code - DEBUG - code.code:10 - entering code: StateBlock(line=253,level=0,tokens=341), 253, 296, False
2025-12-27 14:18:52 - 20251227_141851_ab25a214 - markdown_it.rules_block.fence - DEBUG - fence.fence:10 - entering fence: StateBlock(line=253,level=0,tokens=341), 253, 296, False
2025-12-27 14:18:52 - 20251227_141851_ab25a214 - markdown_it.rules_block.blockquote - DEBUG - blockquote.blockquote:13 - entering blockquote: StateBlock(line=253,level=0,tokens=341), 253, 296, False
2025-12-27 14:18:52 - 20251227_141851_ab25a214 - markdown_it.rules_block.hr - DEBUG - hr.hr:14 - entering hr: StateBlock(line=253,level=0,tokens=341), 253, 296, False
2025-12-27 14:18:52 - 20251227_141851_ab25a214 - markdown_it.rules_block.list - DEBUG - list.list_block:102 - entering list: StateBlock(line=253,level=0,tokens=341), 253, 296, False
2025-12-27 14:18:52 - 20251227_141851_ab25a214 - markdown_it.rules_block.reference - DEBUG - reference.reference:10 - entering reference: StateBlock(line=253,level=0,tokens=341), 253, 296, False
2025-12-27 14:18:52 - 20251227_141851_ab25a214 - markdown_it.rules_block.html_block - DEBUG - html_block.html_block:35 - entering html_block: StateBlock(line=253,level=0,tokens=341), 253, 296, False
2025-12-27 14:18:52 - 20251227_141851_ab25a214 - markdown_it.rules_block.heading - DEBUG - heading.heading:13 - entering heading: StateBlock(line=253,level=0,tokens=341), 253, 296, False
2025-12-27 14:18:52 - 20251227_141851_ab25a214 - markdown_it.rules_block.lheading - DEBUG - lheading.lheading:10 - entering lheading: StateBlock(line=253,level=0,tokens=341), 253, 296, False
2025-12-27 14:18:52 - 20251227_141851_ab25a214 - markdown_it.rules_block.paragraph - DEBUG - paragraph.paragraph:10 - entering paragraph: StateBlock(line=253,level=0,tokens=341), 253, 296, False
2025-12-27 14:18:52 - 20251227_141851_ab25a214 - markdown_it.rules_block.code - DEBUG - code.code:10 - entering code: StateBlock(line=255,level=0,tokens=344), 255, 296, False
2025-12-27 14:18:52 - 20251227_141851_ab25a214 - markdown_it.rules_block.fence - DEBUG - fence.fence:10 - entering fence: StateBlock(line=255,level=0,tokens=344), 255, 296, False
2025-12-27 14:18:52 - 20251227_141851_ab25a214 - markdown_it.rules_block.blockquote - DEBUG - blockquote.blockquote:13 - entering blockquote: StateBlock(line=255,level=0,tokens=344), 255, 296, False
2025-12-27 14:18:52 - 20251227_141851_ab25a214 - markdown_it.rules_block.hr - DEBUG - hr.hr:14 - entering hr: StateBlock(line=255,level=0,tokens=344), 255, 296, False
2025-12-27 14:18:52 - 20251227_141851_ab25a214 - markdown_it.rules_block.list - DEBUG - list.list_block:102 - entering list: StateBlock(line=255,level=0,tokens=344), 255, 296, False
2025-12-27 14:18:52 - 20251227_141851_ab25a214 - markdown_it.rules_block.reference - DEBUG - reference.reference:10 - entering reference: StateBlock(line=255,level=0,tokens=344), 255, 296, False
2025-12-27 14:18:52 - 20251227_141851_ab25a214 - markdown_it.rules_block.html_block - DEBUG - html_block.html_block:35 - entering html_block: StateBlock(line=255,level=0,tokens=344), 255, 296, False
2025-12-27 14:18:52 - 20251227_141851_ab25a214 - markdown_it.rules_block.heading - DEBUG - heading.heading:13 - entering heading: StateBlock(line=255,level=0,tokens=344), 255, 296, False
2025-12-27 14:18:52 - 20251227_141851_ab25a214 - markdown_it.rules_block.lheading - DEBUG - lheading.lheading:10 - entering lheading: StateBlock(line=255,level=0,tokens=344), 255, 296, False
2025-12-27 14:18:52 - 20251227_141851_ab25a214 - markdown_it.rules_block.paragraph - DEBUG - paragraph.paragraph:10 - entering paragraph: StateBlock(line=255,level=0,tokens=344), 255, 296, False
2025-12-27 14:18:52 - 20251227_141851_ab25a214 - markdown_it.rules_block.code - DEBUG - code.code:10 - entering code: StateBlock(line=257,level=0,tokens=347), 257, 296, False
2025-12-27 14:18:52 - 20251227_141851_ab25a214 - markdown_it.rules_block.fence - DEBUG - fence.fence:10 - entering fence: StateBlock(line=257,level=0,tokens=347), 257, 296, False
2025-12-27 14:18:52 - 20251227_141851_ab25a214 - markdown_it.rules_block.blockquote - DEBUG - blockquote.blockquote:13 - entering blockquote: StateBlock(line=257,level=0,tokens=347), 257, 296, False
2025-12-27 14:18:52 - 20251227_141851_ab25a214 - markdown_it.rules_block.hr - DEBUG - hr.hr:14 - entering hr: StateBlock(line=257,level=0,tokens=347), 257, 296, False
2025-12-27 14:18:52 - 20251227_141851_ab25a214 - markdown_it.rules_block.list - DEBUG - list.list_block:102 - entering list: StateBlock(line=257,level=0,tokens=347), 257, 296, False
2025-12-27 14:18:52 - 20251227_141851_ab25a214 - markdown_it.rules_block.reference - DEBUG - reference.reference:10 - entering reference: StateBlock(line=257,level=0,tokens=347), 257, 296, False
2025-12-27 14:18:52 - 20251227_141851_ab25a214 - markdown_it.rules_block.html_block - DEBUG - html_block.html_block:35 - entering html_block: StateBlock(line=257,level=0,tokens=347), 257, 296, False
2025-12-27 14:18:52 - 20251227_141851_ab25a214 - markdown_it.rules_block.heading - DEBUG - heading.heading:13 - entering heading: StateBlock(line=257,level=0,tokens=347), 257, 296, False
2025-12-27 14:18:52 - 20251227_141851_ab25a214 - markdown_it.rules_block.lheading - DEBUG - lheading.lheading:10 - entering lheading: StateBlock(line=257,level=0,tokens=347), 257, 296, False
2025-12-27 14:18:52 - 20251227_141851_ab25a214 - markdown_it.rules_block.paragraph - DEBUG - paragraph.paragraph:10 - entering paragraph: StateBlock(line=257,level=0,tokens=347), 257, 296, False
2025-12-27 14:18:52 - 20251227_141851_ab25a214 - markdown_it.rules_block.code - DEBUG - code.code:10 - entering code: StateBlock(line=259,level=0,tokens=350), 259, 296, False
2025-12-27 14:18:52 - 20251227_141851_ab25a214 - markdown_it.rules_block.fence - DEBUG - fence.fence:10 - entering fence: StateBlock(line=259,level=0,tokens=350), 259, 296, False
2025-12-27 14:18:52 - 20251227_141851_ab25a214 - markdown_it.rules_block.blockquote - DEBUG - blockquote.blockquote:13 - entering blockquote: StateBlock(line=259,level=0,tokens=350), 259, 296, False
2025-12-27 14:18:52 - 20251227_141851_ab25a214 - markdown_it.rules_block.hr - DEBUG - hr.hr:14 - entering hr: StateBlock(line=259,level=0,tokens=350), 259, 296, False
2025-12-27 14:18:52 - 20251227_141851_ab25a214 - markdown_it.rules_block.list - DEBUG - list.list_block:102 - entering list: StateBlock(line=259,level=0,tokens=350), 259, 296, False
2025-12-27 14:18:52 - 20251227_141851_ab25a214 - markdown_it.rules_block.reference - DEBUG - reference.reference:10 - entering reference: StateBlock(line=259,level=0,tokens=350), 259, 296, False
2025-12-27 14:18:52 - 20251227_141851_ab25a214 - markdown_it.rules_block.html_block - DEBUG - html_block.html_block:35 - entering html_block: StateBlock(line=259,level=0,tokens=350), 259, 296, False
2025-12-27 14:18:52 - 20251227_141851_ab25a214 - markdown_it.rules_block.heading - DEBUG - heading.heading:13 - entering heading: StateBlock(line=259,level=0,tokens=350), 259, 296, False
2025-12-27 14:18:52 - 20251227_141851_ab25a214 - markdown_it.rules_block.lheading - DEBUG - lheading.lheading:10 - entering lheading: StateBlock(line=259,level=0,tokens=350), 259, 296, False
2025-12-27 14:18:52 - 20251227_141851_ab25a214 - markdown_it.rules_block.paragraph - DEBUG - paragraph.paragraph:10 - entering paragraph: StateBlock(line=259,level=0,tokens=350), 259, 296, False
2025-12-27 14:18:52 - 20251227_141851_ab25a214 - markdown_it.rules_block.code - DEBUG - code.code:10 - entering code: StateBlock(line=261,level=0,tokens=353), 261, 296, False
2025-12-27 14:18:52 - 20251227_141851_ab25a214 - markdown_it.rules_block.fence - DEBUG - fence.fence:10 - entering fence: StateBlock(line=261,level=0,tokens=353), 261, 296, False
2025-12-27 14:18:52 - 20251227_141851_ab25a214 - markdown_it.rules_block.blockquote - DEBUG - blockquote.blockquote:13 - entering blockquote: StateBlock(line=261,level=0,tokens=353), 261, 296, False
2025-12-27 14:18:52 - 20251227_141851_ab25a214 - markdown_it.rules_block.hr - DEBUG - hr.hr:14 - entering hr: StateBlock(line=261,level=0,tokens=353), 261, 296, False
2025-12-27 14:18:52 - 20251227_141851_ab25a214 - markdown_it.rules_block.list - DEBUG - list.list_block:102 - entering list: StateBlock(line=261,level=0,tokens=353), 261, 296, False
2025-12-27 14:18:52 - 20251227_141851_ab25a214 - markdown_it.rules_block.reference - DEBUG - reference.reference:10 - entering reference: StateBlock(line=261,level=0,tokens=353), 261, 296, False
2025-12-27 14:18:52 - 20251227_141851_ab25a214 - markdown_it.rules_block.html_block - DEBUG - html_block.html_block:35 - entering html_block: StateBlock(line=261,level=0,tokens=353), 261, 296, False
2025-12-27 14:18:52 - 20251227_141851_ab25a214 - markdown_it.rules_block.heading - DEBUG - heading.heading:13 - entering heading: StateBlock(line=261,level=0,tokens=353), 261, 296, False
2025-12-27 14:18:52 - 20251227_141851_ab25a214 - markdown_it.rules_block.lheading - DEBUG - lheading.lheading:10 - entering lheading: StateBlock(line=261,level=0,tokens=353), 261, 296, False
2025-12-27 14:18:52 - 20251227_141851_ab25a214 - markdown_it.rules_block.paragraph - DEBUG - paragraph.paragraph:10 - entering paragraph: StateBlock(line=261,level=0,tokens=353), 261, 296, False
2025-12-27 14:18:52 - 20251227_141851_ab25a214 - markdown_it.rules_block.code - DEBUG - code.code:10 - entering code: StateBlock(line=263,level=0,tokens=356), 263, 296, False
2025-12-27 14:18:52 - 20251227_141851_ab25a214 - markdown_it.rules_block.fence - DEBUG - fence.fence:10 - entering fence: StateBlock(line=263,level=0,tokens=356), 263, 296, False
2025-12-27 14:18:52 - 20251227_141851_ab25a214 - markdown_it.rules_block.blockquote - DEBUG - blockquote.blockquote:13 - entering blockquote: StateBlock(line=263,level=0,tokens=356), 263, 296, False
2025-12-27 14:18:52 - 20251227_141851_ab25a214 - markdown_it.rules_block.hr - DEBUG - hr.hr:14 - entering hr: StateBlock(line=263,level=0,tokens=356), 263, 296, False
2025-12-27 14:18:52 - 20251227_141851_ab25a214 - markdown_it.rules_block.list - DEBUG - list.list_block:102 - entering list: StateBlock(line=263,level=0,tokens=356), 263, 296, False
2025-12-27 14:18:52 - 20251227_141851_ab25a214 - markdown_it.rules_block.reference - DEBUG - reference.reference:10 - entering reference: StateBlock(line=263,level=0,tokens=356), 263, 296, False
2025-12-27 14:18:52 - 20251227_141851_ab25a214 - markdown_it.rules_block.html_block - DEBUG - html_block.html_block:35 - entering html_block: StateBlock(line=263,level=0,tokens=356), 263, 296, False
2025-12-27 14:18:52 - 20251227_141851_ab25a214 - markdown_it.rules_block.heading - DEBUG - heading.heading:13 - entering heading: StateBlock(line=263,level=0,tokens=356), 263, 296, False
2025-12-27 14:18:52 - 20251227_141851_ab25a214 - markdown_it.rules_block.lheading - DEBUG - lheading.lheading:10 - entering lheading: StateBlock(line=263,level=0,tokens=356), 263, 296, False
2025-12-27 14:18:52 - 20251227_141851_ab25a214 - markdown_it.rules_block.paragraph - DEBUG - paragraph.paragraph:10 - entering paragraph: StateBlock(line=263,level=0,tokens=356), 263, 296, False
2025-12-27 14:18:52 - 20251227_141851_ab25a214 - markdown_it.rules_block.code - DEBUG - code.code:10 - entering code: StateBlock(line=265,level=0,tokens=359), 265, 296, False
2025-12-27 14:18:52 - 20251227_141851_ab25a214 - markdown_it.rules_block.fence - DEBUG - fence.fence:10 - entering fence: StateBlock(line=265,level=0,tokens=359), 265, 296, False
2025-12-27 14:18:52 - 20251227_141851_ab25a214 - markdown_it.rules_block.blockquote - DEBUG - blockquote.blockquote:13 - entering blockquote: StateBlock(line=265,level=0,tokens=359), 265, 296, False
2025-12-27 14:18:52 - 20251227_141851_ab25a214 - markdown_it.rules_block.hr - DEBUG - hr.hr:14 - entering hr: StateBlock(line=265,level=0,tokens=359), 265, 296, False
2025-12-27 14:18:52 - 20251227_141851_ab25a214 - markdown_it.rules_block.list - DEBUG - list.list_block:102 - entering list: StateBlock(line=265,level=0,tokens=359), 265, 296, False
2025-12-27 14:18:52 - 20251227_141851_ab25a214 - markdown_it.rules_block.reference - DEBUG - reference.reference:10 - entering reference: StateBlock(line=265,level=0,tokens=359), 265, 296, False
2025-12-27 14:18:52 - 20251227_141851_ab25a214 - markdown_it.rules_block.html_block - DEBUG - html_block.html_block:35 - entering html_block: StateBlock(line=265,level=0,tokens=359), 265, 296, False
2025-12-27 14:18:52 - 20251227_141851_ab25a214 - markdown_it.rules_block.heading - DEBUG - heading.heading:13 - entering heading: StateBlock(line=265,level=0,tokens=359), 265, 296, False
2025-12-27 14:18:52 - 20251227_141851_ab25a214 - markdown_it.rules_block.lheading - DEBUG - lheading.lheading:10 - entering lheading: StateBlock(line=265,level=0,tokens=359), 265, 296, False
2025-12-27 14:18:52 - 20251227_141851_ab25a214 - markdown_it.rules_block.paragraph - DEBUG - paragraph.paragraph:10 - entering paragraph: StateBlock(line=265,level=0,tokens=359), 265, 296, False
2025-12-27 14:18:52 - 20251227_141851_ab25a214 - markdown_it.rules_block.code - DEBUG - code.code:10 - entering code: StateBlock(line=267,level=0,tokens=362), 267, 296, False
2025-12-27 14:18:52 - 20251227_141851_ab25a214 - markdown_it.rules_block.fence - DEBUG - fence.fence:10 - entering fence: StateBlock(line=267,level=0,tokens=362), 267, 296, False
2025-12-27 14:18:52 - 20251227_141851_ab25a214 - markdown_it.rules_block.blockquote - DEBUG - blockquote.blockquote:13 - entering blockquote: StateBlock(line=267,level=0,tokens=362), 267, 296, False
2025-12-27 14:18:52 - 20251227_141851_ab25a214 - markdown_it.rules_block.hr - DEBUG - hr.hr:14 - entering hr: StateBlock(line=267,level=0,tokens=362), 267, 296, False
2025-12-27 14:18:52 - 20251227_141851_ab25a214 - markdown_it.rules_block.list - DEBUG - list.list_block:102 - entering list: StateBlock(line=267,level=0,tokens=362), 267, 296, False
2025-12-27 14:18:52 - 20251227_141851_ab25a214 - markdown_it.rules_block.reference - DEBUG - reference.reference:10 - entering reference: StateBlock(line=267,level=0,tokens=362), 267, 296, False
2025-12-27 14:18:52 - 20251227_141851_ab25a214 - markdown_it.rules_block.html_block - DEBUG - html_block.html_block:35 - entering html_block: StateBlock(line=267,level=0,tokens=362), 267, 296, False
2025-12-27 14:18:52 - 20251227_141851_ab25a214 - markdown_it.rules_block.heading - DEBUG - heading.heading:13 - entering heading: StateBlock(line=267,level=0,tokens=362), 267, 296, False
2025-12-27 14:18:52 - 20251227_141851_ab25a214 - markdown_it.rules_block.lheading - DEBUG - lheading.lheading:10 - entering lheading: StateBlock(line=267,level=0,tokens=362), 267, 296, False
2025-12-27 14:18:52 - 20251227_141851_ab25a214 - markdown_it.rules_block.paragraph - DEBUG - paragraph.paragraph:10 - entering paragraph: StateBlock(line=267,level=0,tokens=362), 267, 296, False
2025-12-27 14:18:52 - 20251227_141851_ab25a214 - markdown_it.rules_block.code - DEBUG - code.code:10 - entering code: StateBlock(line=269,level=0,tokens=365), 269, 296, False
2025-12-27 14:18:52 - 20251227_141851_ab25a214 - markdown_it.rules_block.fence - DEBUG - fence.fence:10 - entering fence: StateBlock(line=269,level=0,tokens=365), 269, 296, False
2025-12-27 14:18:52 - 20251227_141851_ab25a214 - markdown_it.rules_block.blockquote - DEBUG - blockquote.blockquote:13 - entering blockquote: StateBlock(line=269,level=0,tokens=365), 269, 296, False
2025-12-27 14:18:52 - 20251227_141851_ab25a214 - markdown_it.rules_block.hr - DEBUG - hr.hr:14 - entering hr: StateBlock(line=269,level=0,tokens=365), 269, 296, False
2025-12-27 14:18:52 - 20251227_141851_ab25a214 - markdown_it.rules_block.list - DEBUG - list.list_block:102 - entering list: StateBlock(line=269,level=0,tokens=365), 269, 296, False
2025-12-27 14:18:52 - 20251227_141851_ab25a214 - markdown_it.rules_block.reference - DEBUG - reference.reference:10 - entering reference: StateBlock(line=269,level=0,tokens=365), 269, 296, False
2025-12-27 14:18:52 - 20251227_141851_ab25a214 - markdown_it.rules_block.html_block - DEBUG - html_block.html_block:35 - entering html_block: StateBlock(line=269,level=0,tokens=365), 269, 296, False
2025-12-27 14:18:52 - 20251227_141851_ab25a214 - markdown_it.rules_block.heading - DEBUG - heading.heading:13 - entering heading: StateBlock(line=269,level=0,tokens=365), 269, 296, False
2025-12-27 14:18:52 - 20251227_141851_ab25a214 - markdown_it.rules_block.lheading - DEBUG - lheading.lheading:10 - entering lheading: StateBlock(line=269,level=0,tokens=365), 269, 296, False
2025-12-27 14:18:52 - 20251227_141851_ab25a214 - markdown_it.rules_block.paragraph - DEBUG - paragraph.paragraph:10 - entering paragraph: StateBlock(line=269,level=0,tokens=365), 269, 296, False
2025-12-27 14:18:52 - 20251227_141851_ab25a214 - markdown_it.rules_block.code - DEBUG - code.code:10 - entering code: StateBlock(line=271,level=0,tokens=368), 271, 296, False
2025-12-27 14:18:52 - 20251227_141851_ab25a214 - markdown_it.rules_block.fence - DEBUG - fence.fence:10 - entering fence: StateBlock(line=271,level=0,tokens=368), 271, 296, False
2025-12-27 14:18:52 - 20251227_141851_ab25a214 - markdown_it.rules_block.blockquote - DEBUG - blockquote.blockquote:13 - entering blockquote: StateBlock(line=271,level=0,tokens=368), 271, 296, False
2025-12-27 14:18:52 - 20251227_141851_ab25a214 - markdown_it.rules_block.hr - DEBUG - hr.hr:14 - entering hr: StateBlock(line=271,level=0,tokens=368), 271, 296, False
2025-12-27 14:18:52 - 20251227_141851_ab25a214 - markdown_it.rules_block.list - DEBUG - list.list_block:102 - entering list: StateBlock(line=271,level=0,tokens=368), 271, 296, False
2025-12-27 14:18:52 - 20251227_141851_ab25a214 - markdown_it.rules_block.reference - DEBUG - reference.reference:10 - entering reference: StateBlock(line=271,level=0,tokens=368), 271, 296, False
2025-12-27 14:18:52 - 20251227_141851_ab25a214 - markdown_it.rules_block.html_block - DEBUG - html_block.html_block:35 - entering html_block: StateBlock(line=271,level=0,tokens=368), 271, 296, False
2025-12-27 14:18:52 - 20251227_141851_ab25a214 - markdown_it.rules_block.heading - DEBUG - heading.heading:13 - entering heading: StateBlock(line=271,level=0,tokens=368), 271, 296, False
2025-12-27 14:18:52 - 20251227_141851_ab25a214 - markdown_it.rules_block.lheading - DEBUG - lheading.lheading:10 - entering lheading: StateBlock(line=271,level=0,tokens=368), 271, 296, False
2025-12-27 14:18:52 - 20251227_141851_ab25a214 - markdown_it.rules_block.paragraph - DEBUG - paragraph.paragraph:10 - entering paragraph: StateBlock(line=271,level=0,tokens=368), 271, 296, False
2025-12-27 14:18:52 - 20251227_141851_ab25a214 - markdown_it.rules_block.code - DEBUG - code.code:10 - entering code: StateBlock(line=273,level=0,tokens=371), 273, 296, False
2025-12-27 14:18:52 - 20251227_141851_ab25a214 - markdown_it.rules_block.fence - DEBUG - fence.fence:10 - entering fence: StateBlock(line=273,level=0,tokens=371), 273, 296, False
2025-12-27 14:18:52 - 20251227_141851_ab25a214 - markdown_it.rules_block.blockquote - DEBUG - blockquote.blockquote:13 - entering blockquote: StateBlock(line=273,level=0,tokens=371), 273, 296, False
2025-12-27 14:18:52 - 20251227_141851_ab25a214 - markdown_it.rules_block.hr - DEBUG - hr.hr:14 - entering hr: StateBlock(line=273,level=0,tokens=371), 273, 296, False
2025-12-27 14:18:52 - 20251227_141851_ab25a214 - markdown_it.rules_block.list - DEBUG - list.list_block:102 - entering list: StateBlock(line=273,level=0,tokens=371), 273, 296, False
2025-12-27 14:18:52 - 20251227_141851_ab25a214 - markdown_it.rules_block.reference - DEBUG - reference.reference:10 - entering reference: StateBlock(line=273,level=0,tokens=371), 273, 296, False
2025-12-27 14:18:52 - 20251227_141851_ab25a214 - markdown_it.rules_block.html_block - DEBUG - html_block.html_block:35 - entering html_block: StateBlock(line=273,level=0,tokens=371), 273, 296, False
2025-12-27 14:18:52 - 20251227_141851_ab25a214 - markdown_it.rules_block.heading - DEBUG - heading.heading:13 - entering heading: StateBlock(line=273,level=0,tokens=371), 273, 296, False
2025-12-27 14:18:52 - 20251227_141851_ab25a214 - markdown_it.rules_block.lheading - DEBUG - lheading.lheading:10 - entering lheading: StateBlock(line=273,level=0,tokens=371), 273, 296, False
2025-12-27 14:18:52 - 20251227_141851_ab25a214 - markdown_it.rules_block.paragraph - DEBUG - paragraph.paragraph:10 - entering paragraph: StateBlock(line=273,level=0,tokens=371), 273, 296, False
2025-12-27 14:18:52 - 20251227_141851_ab25a214 - markdown_it.rules_block.code - DEBUG - code.code:10 - entering code: StateBlock(line=275,level=0,tokens=374), 275, 296, False
2025-12-27 14:18:52 - 20251227_141851_ab25a214 - markdown_it.rules_block.fence - DEBUG - fence.fence:10 - entering fence: StateBlock(line=275,level=0,tokens=374), 275, 296, False
2025-12-27 14:18:52 - 20251227_141851_ab25a214 - markdown_it.rules_block.blockquote - DEBUG - blockquote.blockquote:13 - entering blockquote: StateBlock(line=275,level=0,tokens=374), 275, 296, False
2025-12-27 14:18:52 - 20251227_141851_ab25a214 - markdown_it.rules_block.hr - DEBUG - hr.hr:14 - entering hr: StateBlock(line=275,level=0,tokens=374), 275, 296, False
2025-12-27 14:18:52 - 20251227_141851_ab25a214 - markdown_it.rules_block.list - DEBUG - list.list_block:102 - entering list: StateBlock(line=275,level=0,tokens=374), 275, 296, False
2025-12-27 14:18:52 - 20251227_141851_ab25a214 - markdown_it.rules_block.reference - DEBUG - reference.reference:10 - entering reference: StateBlock(line=275,level=0,tokens=374), 275, 296, False
2025-12-27 14:18:52 - 20251227_141851_ab25a214 - markdown_it.rules_block.html_block - DEBUG - html_block.html_block:35 - entering html_block: StateBlock(line=275,level=0,tokens=374), 275, 296, False
2025-12-27 14:18:52 - 20251227_141851_ab25a214 - markdown_it.rules_block.heading - DEBUG - heading.heading:13 - entering heading: StateBlock(line=275,level=0,tokens=374), 275, 296, False
2025-12-27 14:18:52 - 20251227_141851_ab25a214 - markdown_it.rules_block.lheading - DEBUG - lheading.lheading:10 - entering lheading: StateBlock(line=275,level=0,tokens=374), 275, 296, False
2025-12-27 14:18:52 - 20251227_141851_ab25a214 - markdown_it.rules_block.paragraph - DEBUG - paragraph.paragraph:10 - entering paragraph: StateBlock(line=275,level=0,tokens=374), 275, 296, False
2025-12-27 14:18:52 - 20251227_141851_ab25a214 - markdown_it.rules_block.code - DEBUG - code.code:10 - entering code: StateBlock(line=277,level=0,tokens=377), 277, 296, False
2025-12-27 14:18:52 - 20251227_141851_ab25a214 - markdown_it.rules_block.fence - DEBUG - fence.fence:10 - entering fence: StateBlock(line=277,level=0,tokens=377), 277, 296, False
2025-12-27 14:18:52 - 20251227_141851_ab25a214 - markdown_it.rules_block.blockquote - DEBUG - blockquote.blockquote:13 - entering blockquote: StateBlock(line=277,level=0,tokens=377), 277, 296, False
2025-12-27 14:18:52 - 20251227_141851_ab25a214 - markdown_it.rules_block.hr - DEBUG - hr.hr:14 - entering hr: StateBlock(line=277,level=0,tokens=377), 277, 296, False
2025-12-27 14:18:52 - 20251227_141851_ab25a214 - markdown_it.rules_block.list - DEBUG - list.list_block:102 - entering list: StateBlock(line=277,level=0,tokens=377), 277, 296, False
2025-12-27 14:18:52 - 20251227_141851_ab25a214 - markdown_it.rules_block.reference - DEBUG - reference.reference:10 - entering reference: StateBlock(line=277,level=0,tokens=377), 277, 296, False
2025-12-27 14:18:52 - 20251227_141851_ab25a214 - markdown_it.rules_block.html_block - DEBUG - html_block.html_block:35 - entering html_block: StateBlock(line=277,level=0,tokens=377), 277, 296, False
2025-12-27 14:18:52 - 20251227_141851_ab25a214 - markdown_it.rules_block.heading - DEBUG - heading.heading:13 - entering heading: StateBlock(line=277,level=0,tokens=377), 277, 296, False
2025-12-27 14:18:52 - 20251227_141851_ab25a214 - markdown_it.rules_block.lheading - DEBUG - lheading.lheading:10 - entering lheading: StateBlock(line=277,level=0,tokens=377), 277, 296, False
2025-12-27 14:18:52 - 20251227_141851_ab25a214 - markdown_it.rules_block.paragraph - DEBUG - paragraph.paragraph:10 - entering paragraph: StateBlock(line=277,level=0,tokens=377), 277, 296, False
2025-12-27 14:18:52 - 20251227_141851_ab25a214 - markdown_it.rules_block.code - DEBUG - code.code:10 - entering code: StateBlock(line=279,level=0,tokens=380), 279, 296, False
2025-12-27 14:18:52 - 20251227_141851_ab25a214 - markdown_it.rules_block.fence - DEBUG - fence.fence:10 - entering fence: StateBlock(line=279,level=0,tokens=380), 279, 296, False
2025-12-27 14:18:52 - 20251227_141851_ab25a214 - markdown_it.rules_block.blockquote - DEBUG - blockquote.blockquote:13 - entering blockquote: StateBlock(line=279,level=0,tokens=380), 279, 296, False
2025-12-27 14:18:52 - 20251227_141851_ab25a214 - markdown_it.rules_block.hr - DEBUG - hr.hr:14 - entering hr: StateBlock(line=279,level=0,tokens=380), 279, 296, False
2025-12-27 14:18:52 - 20251227_141851_ab25a214 - markdown_it.rules_block.list - DEBUG - list.list_block:102 - entering list: StateBlock(line=279,level=0,tokens=380), 279, 296, False
2025-12-27 14:18:52 - 20251227_141851_ab25a214 - markdown_it.rules_block.reference - DEBUG - reference.reference:10 - entering reference: StateBlock(line=279,level=0,tokens=380), 279, 296, False
2025-12-27 14:18:52 - 20251227_141851_ab25a214 - markdown_it.rules_block.html_block - DEBUG - html_block.html_block:35 - entering html_block: StateBlock(line=279,level=0,tokens=380), 279, 296, False
2025-12-27 14:18:52 - 20251227_141851_ab25a214 - markdown_it.rules_block.heading - DEBUG - heading.heading:13 - entering heading: StateBlock(line=279,level=0,tokens=380), 279, 296, False
2025-12-27 14:18:52 - 20251227_141851_ab25a214 - markdown_it.rules_block.lheading - DEBUG - lheading.lheading:10 - entering lheading: StateBlock(line=279,level=0,tokens=380), 279, 296, False
2025-12-27 14:18:52 - 20251227_141851_ab25a214 - markdown_it.rules_block.paragraph - DEBUG - paragraph.paragraph:10 - entering paragraph: StateBlock(line=279,level=0,tokens=380), 279, 296, False
2025-12-27 14:18:52 - 20251227_141851_ab25a214 - markdown_it.rules_block.code - DEBUG - code.code:10 - entering code: StateBlock(line=281,level=0,tokens=383), 281, 296, False
2025-12-27 14:18:52 - 20251227_141851_ab25a214 - markdown_it.rules_block.fence - DEBUG - fence.fence:10 - entering fence: StateBlock(line=281,level=0,tokens=383), 281, 296, False
2025-12-27 14:18:52 - 20251227_141851_ab25a214 - markdown_it.rules_block.blockquote - DEBUG - blockquote.blockquote:13 - entering blockquote: StateBlock(line=281,level=0,tokens=383), 281, 296, False
2025-12-27 14:18:52 - 20251227_141851_ab25a214 - markdown_it.rules_block.hr - DEBUG - hr.hr:14 - entering hr: StateBlock(line=281,level=0,tokens=383), 281, 296, False
2025-12-27 14:18:52 - 20251227_141851_ab25a214 - markdown_it.rules_block.list - DEBUG - list.list_block:102 - entering list: StateBlock(line=281,level=0,tokens=383), 281, 296, False
2025-12-27 14:18:52 - 20251227_141851_ab25a214 - markdown_it.rules_block.reference - DEBUG - reference.reference:10 - entering reference: StateBlock(line=281,level=0,tokens=383), 281, 296, False
2025-12-27 14:18:52 - 20251227_141851_ab25a214 - markdown_it.rules_block.html_block - DEBUG - html_block.html_block:35 - entering html_block: StateBlock(line=281,level=0,tokens=383), 281, 296, False
2025-12-27 14:18:52 - 20251227_141851_ab25a214 - markdown_it.rules_block.heading - DEBUG - heading.heading:13 - entering heading: StateBlock(line=281,level=0,tokens=383), 281, 296, False
2025-12-27 14:18:52 - 20251227_141851_ab25a214 - markdown_it.rules_block.lheading - DEBUG - lheading.lheading:10 - entering lheading: StateBlock(line=281,level=0,tokens=383), 281, 296, False
2025-12-27 14:18:52 - 20251227_141851_ab25a214 - markdown_it.rules_block.paragraph - DEBUG - paragraph.paragraph:10 - entering paragraph: StateBlock(line=281,level=0,tokens=383), 281, 296, False
2025-12-27 14:18:52 - 20251227_141851_ab25a214 - markdown_it.rules_block.code - DEBUG - code.code:10 - entering code: StateBlock(line=283,level=0,tokens=386), 283, 296, False
2025-12-27 14:18:52 - 20251227_141851_ab25a214 - markdown_it.rules_block.fence - DEBUG - fence.fence:10 - entering fence: StateBlock(line=283,level=0,tokens=386), 283, 296, False
2025-12-27 14:18:52 - 20251227_141851_ab25a214 - markdown_it.rules_block.blockquote - DEBUG - blockquote.blockquote:13 - entering blockquote: StateBlock(line=283,level=0,tokens=386), 283, 296, False
2025-12-27 14:18:52 - 20251227_141851_ab25a214 - markdown_it.rules_block.hr - DEBUG - hr.hr:14 - entering hr: StateBlock(line=283,level=0,tokens=386), 283, 296, False
2025-12-27 14:18:52 - 20251227_141851_ab25a214 - markdown_it.rules_block.list - DEBUG - list.list_block:102 - entering list: StateBlock(line=283,level=0,tokens=386), 283, 296, False
2025-12-27 14:18:52 - 20251227_141851_ab25a214 - markdown_it.rules_block.reference - DEBUG - reference.reference:10 - entering reference: StateBlock(line=283,level=0,tokens=386), 283, 296, False
2025-12-27 14:18:52 - 20251227_141851_ab25a214 - markdown_it.rules_block.html_block - DEBUG - html_block.html_block:35 - entering html_block: StateBlock(line=283,level=0,tokens=386), 283, 296, False
2025-12-27 14:18:52 - 20251227_141851_ab25a214 - markdown_it.rules_block.heading - DEBUG - heading.heading:13 - entering heading: StateBlock(line=283,level=0,tokens=386), 283, 296, False
2025-12-27 14:18:52 - 20251227_141851_ab25a214 - markdown_it.rules_block.lheading - DEBUG - lheading.lheading:10 - entering lheading: StateBlock(line=283,level=0,tokens=386), 283, 296, False
2025-12-27 14:18:52 - 20251227_141851_ab25a214 - markdown_it.rules_block.paragraph - DEBUG - paragraph.paragraph:10 - entering paragraph: StateBlock(line=283,level=0,tokens=386), 283, 296, False
2025-12-27 14:18:52 - 20251227_141851_ab25a214 - markdown_it.rules_block.code - DEBUG - code.code:10 - entering code: StateBlock(line=285,level=0,tokens=389), 285, 296, False
2025-12-27 14:18:52 - 20251227_141851_ab25a214 - markdown_it.rules_block.fence - DEBUG - fence.fence:10 - entering fence: StateBlock(line=285,level=0,tokens=389), 285, 296, False
2025-12-27 14:18:52 - 20251227_141851_ab25a214 - markdown_it.rules_block.blockquote - DEBUG - blockquote.blockquote:13 - entering blockquote: StateBlock(line=285,level=0,tokens=389), 285, 296, False
2025-12-27 14:18:52 - 20251227_141851_ab25a214 - markdown_it.rules_block.hr - DEBUG - hr.hr:14 - entering hr: StateBlock(line=285,level=0,tokens=389), 285, 296, False
2025-12-27 14:18:52 - 20251227_141851_ab25a214 - markdown_it.rules_block.list - DEBUG - list.list_block:102 - entering list: StateBlock(line=285,level=0,tokens=389), 285, 296, False
2025-12-27 14:18:52 - 20251227_141851_ab25a214 - markdown_it.rules_block.reference - DEBUG - reference.reference:10 - entering reference: StateBlock(line=285,level=0,tokens=389), 285, 296, False
2025-12-27 14:18:52 - 20251227_141851_ab25a214 - markdown_it.rules_block.html_block - DEBUG - html_block.html_block:35 - entering html_block: StateBlock(line=285,level=0,tokens=389), 285, 296, False
2025-12-27 14:18:52 - 20251227_141851_ab25a214 - markdown_it.rules_block.heading - DEBUG - heading.heading:13 - entering heading: StateBlock(line=285,level=0,tokens=389), 285, 296, False
2025-12-27 14:18:52 - 20251227_141851_ab25a214 - markdown_it.rules_block.lheading - DEBUG - lheading.lheading:10 - entering lheading: StateBlock(line=285,level=0,tokens=389), 285, 296, False
2025-12-27 14:18:52 - 20251227_141851_ab25a214 - markdown_it.rules_block.paragraph - DEBUG - paragraph.paragraph:10 - entering paragraph: StateBlock(line=285,level=0,tokens=389), 285, 296, False
2025-12-27 14:18:52 - 20251227_141851_ab25a214 - markdown_it.rules_block.code - DEBUG - code.code:10 - entering code: StateBlock(line=287,level=0,tokens=392), 287, 296, False
2025-12-27 14:18:52 - 20251227_141851_ab25a214 - markdown_it.rules_block.fence - DEBUG - fence.fence:10 - entering fence: StateBlock(line=287,level=0,tokens=392), 287, 296, False
2025-12-27 14:18:52 - 20251227_141851_ab25a214 - markdown_it.rules_block.blockquote - DEBUG - blockquote.blockquote:13 - entering blockquote: StateBlock(line=287,level=0,tokens=392), 287, 296, False
2025-12-27 14:18:52 - 20251227_141851_ab25a214 - markdown_it.rules_block.hr - DEBUG - hr.hr:14 - entering hr: StateBlock(line=287,level=0,tokens=392), 287, 296, False
2025-12-27 14:18:52 - 20251227_141851_ab25a214 - markdown_it.rules_block.list - DEBUG - list.list_block:102 - entering list: StateBlock(line=287,level=0,tokens=392), 287, 296, False
2025-12-27 14:18:52 - 20251227_141851_ab25a214 - markdown_it.rules_block.reference - DEBUG - reference.reference:10 - entering reference: StateBlock(line=287,level=0,tokens=392), 287, 296, False
2025-12-27 14:18:52 - 20251227_141851_ab25a214 - markdown_it.rules_block.html_block - DEBUG - html_block.html_block:35 - entering html_block: StateBlock(line=287,level=0,tokens=392), 287, 296, False
2025-12-27 14:18:52 - 20251227_141851_ab25a214 - markdown_it.rules_block.heading - DEBUG - heading.heading:13 - entering heading: StateBlock(line=287,level=0,tokens=392), 287, 296, False
2025-12-27 14:18:52 - 20251227_141851_ab25a214 - markdown_it.rules_block.lheading - DEBUG - lheading.lheading:10 - entering lheading: StateBlock(line=287,level=0,tokens=392), 287, 296, False
2025-12-27 14:18:52 - 20251227_141851_ab25a214 - markdown_it.rules_block.paragraph - DEBUG - paragraph.paragraph:10 - entering paragraph: StateBlock(line=287,level=0,tokens=392), 287, 296, False
2025-12-27 14:18:52 - 20251227_141851_ab25a214 - markdown_it.rules_block.code - DEBUG - code.code:10 - entering code: StateBlock(line=289,level=0,tokens=395), 289, 296, False
2025-12-27 14:18:52 - 20251227_141851_ab25a214 - markdown_it.rules_block.fence - DEBUG - fence.fence:10 - entering fence: StateBlock(line=289,level=0,tokens=395), 289, 296, False
2025-12-27 14:18:52 - 20251227_141851_ab25a214 - markdown_it.rules_block.blockquote - DEBUG - blockquote.blockquote:13 - entering blockquote: StateBlock(line=289,level=0,tokens=395), 289, 296, False
2025-12-27 14:18:52 - 20251227_141851_ab25a214 - markdown_it.rules_block.hr - DEBUG - hr.hr:14 - entering hr: StateBlock(line=289,level=0,tokens=395), 289, 296, False
2025-12-27 14:18:52 - 20251227_141851_ab25a214 - markdown_it.rules_block.list - DEBUG - list.list_block:102 - entering list: StateBlock(line=289,level=0,tokens=395), 289, 296, False
2025-12-27 14:18:52 - 20251227_141851_ab25a214 - markdown_it.rules_block.reference - DEBUG - reference.reference:10 - entering reference: StateBlock(line=289,level=0,tokens=395), 289, 296, False
2025-12-27 14:18:52 - 20251227_141851_ab25a214 - markdown_it.rules_block.html_block - DEBUG - html_block.html_block:35 - entering html_block: StateBlock(line=289,level=0,tokens=395), 289, 296, False
2025-12-27 14:18:52 - 20251227_141851_ab25a214 - markdown_it.rules_block.heading - DEBUG - heading.heading:13 - entering heading: StateBlock(line=289,level=0,tokens=395), 289, 296, False
2025-12-27 14:18:52 - 20251227_141851_ab25a214 - markdown_it.rules_block.lheading - DEBUG - lheading.lheading:10 - entering lheading: StateBlock(line=289,level=0,tokens=395), 289, 296, False
2025-12-27 14:18:52 - 20251227_141851_ab25a214 - markdown_it.rules_block.paragraph - DEBUG - paragraph.paragraph:10 - entering paragraph: StateBlock(line=289,level=0,tokens=395), 289, 296, False
2025-12-27 14:18:52 - 20251227_141851_ab25a214 - markdown_it.rules_block.code - DEBUG - code.code:10 - entering code: StateBlock(line=291,level=0,tokens=398), 291, 296, False
2025-12-27 14:18:52 - 20251227_141851_ab25a214 - markdown_it.rules_block.fence - DEBUG - fence.fence:10 - entering fence: StateBlock(line=291,level=0,tokens=398), 291, 296, False
2025-12-27 14:18:52 - 20251227_141851_ab25a214 - markdown_it.rules_block.blockquote - DEBUG - blockquote.blockquote:13 - entering blockquote: StateBlock(line=291,level=0,tokens=398), 291, 296, False
2025-12-27 14:18:52 - 20251227_141851_ab25a214 - markdown_it.rules_block.hr - DEBUG - hr.hr:14 - entering hr: StateBlock(line=291,level=0,tokens=398), 291, 296, False
2025-12-27 14:18:52 - 20251227_141851_ab25a214 - markdown_it.rules_block.list - DEBUG - list.list_block:102 - entering list: StateBlock(line=291,level=0,tokens=398), 291, 296, False
2025-12-27 14:18:52 - 20251227_141851_ab25a214 - markdown_it.rules_block.reference - DEBUG - reference.reference:10 - entering reference: StateBlock(line=291,level=0,tokens=398), 291, 296, False
2025-12-27 14:18:52 - 20251227_141851_ab25a214 - markdown_it.rules_block.html_block - DEBUG - html_block.html_block:35 - entering html_block: StateBlock(line=291,level=0,tokens=398), 291, 296, False
2025-12-27 14:18:52 - 20251227_141851_ab25a214 - markdown_it.rules_block.heading - DEBUG - heading.heading:13 - entering heading: StateBlock(line=291,level=0,tokens=398), 291, 296, False
2025-12-27 14:18:52 - 20251227_141851_ab25a214 - markdown_it.rules_block.lheading - DEBUG - lheading.lheading:10 - entering lheading: StateBlock(line=291,level=0,tokens=398), 291, 296, False
2025-12-27 14:18:52 - 20251227_141851_ab25a214 - markdown_it.rules_block.paragraph - DEBUG - paragraph.paragraph:10 - entering paragraph: StateBlock(line=291,level=0,tokens=398), 291, 296, False
2025-12-27 14:18:52 - 20251227_141851_ab25a214 - markdown_it.rules_block.code - DEBUG - code.code:10 - entering code: StateBlock(line=293,level=0,tokens=401), 293, 296, False
2025-12-27 14:18:52 - 20251227_141851_ab25a214 - markdown_it.rules_block.fence - DEBUG - fence.fence:10 - entering fence: StateBlock(line=293,level=0,tokens=401), 293, 296, False
2025-12-27 14:18:52 - 20251227_141851_ab25a214 - markdown_it.rules_block.blockquote - DEBUG - blockquote.blockquote:13 - entering blockquote: StateBlock(line=293,level=0,tokens=401), 293, 296, False
2025-12-27 14:18:52 - 20251227_141851_ab25a214 - markdown_it.rules_block.hr - DEBUG - hr.hr:14 - entering hr: StateBlock(line=293,level=0,tokens=401), 293, 296, False
2025-12-27 14:18:52 - 20251227_141851_ab25a214 - markdown_it.rules_block.list - DEBUG - list.list_block:102 - entering list: StateBlock(line=293,level=0,tokens=401), 293, 296, False
2025-12-27 14:18:52 - 20251227_141851_ab25a214 - markdown_it.rules_block.reference - DEBUG - reference.reference:10 - entering reference: StateBlock(line=293,level=0,tokens=401), 293, 296, False
2025-12-27 14:18:52 - 20251227_141851_ab25a214 - markdown_it.rules_block.html_block - DEBUG - html_block.html_block:35 - entering html_block: StateBlock(line=293,level=0,tokens=401), 293, 296, False
2025-12-27 14:18:52 - 20251227_141851_ab25a214 - markdown_it.rules_block.heading - DEBUG - heading.heading:13 - entering heading: StateBlock(line=293,level=0,tokens=401), 293, 296, False
2025-12-27 14:18:52 - 20251227_141851_ab25a214 - markdown_it.rules_block.lheading - DEBUG - lheading.lheading:10 - entering lheading: StateBlock(line=293,level=0,tokens=401), 293, 296, False
2025-12-27 14:18:52 - 20251227_141851_ab25a214 - markdown_it.rules_block.paragraph - DEBUG - paragraph.paragraph:10 - entering paragraph: StateBlock(line=293,level=0,tokens=401), 293, 296, False
2025-12-27 14:18:52 - 20251227_141851_ab25a214 - markdown_it.rules_block.code - DEBUG - code.code:10 - entering code: StateBlock(line=295,level=0,tokens=404), 295, 296, False
2025-12-27 14:18:52 - 20251227_141851_ab25a214 - markdown_it.rules_block.fence - DEBUG - fence.fence:10 - entering fence: StateBlock(line=295,level=0,tokens=404), 295, 296, False
2025-12-27 14:18:52 - 20251227_141851_ab25a214 - markdown_it.rules_block.blockquote - DEBUG - blockquote.blockquote:13 - entering blockquote: StateBlock(line=295,level=0,tokens=404), 295, 296, False
2025-12-27 14:18:52 - 20251227_141851_ab25a214 - markdown_it.rules_block.hr - DEBUG - hr.hr:14 - entering hr: StateBlock(line=295,level=0,tokens=404), 295, 296, False
2025-12-27 14:18:52 - 20251227_141851_ab25a214 - markdown_it.rules_block.list - DEBUG - list.list_block:102 - entering list: StateBlock(line=295,level=0,tokens=404), 295, 296, False
2025-12-27 14:18:52 - 20251227_141851_ab25a214 - markdown_it.rules_block.reference - DEBUG - reference.reference:10 - entering reference: StateBlock(line=295,level=0,tokens=404), 295, 296, False
2025-12-27 14:18:52 - 20251227_141851_ab25a214 - markdown_it.rules_block.html_block - DEBUG - html_block.html_block:35 - entering html_block: StateBlock(line=295,level=0,tokens=404), 295, 296, False
2025-12-27 14:18:52 - 20251227_141851_ab25a214 - markdown_it.rules_block.heading - DEBUG - heading.heading:13 - entering heading: StateBlock(line=295,level=0,tokens=404), 295, 296, False
2025-12-27 14:18:52 - 20251227_141851_ab25a214 - markdown_it.rules_block.lheading - DEBUG - lheading.lheading:10 - entering lheading: StateBlock(line=295,level=0,tokens=404), 295, 296, False
2025-12-27 14:18:52 - 20251227_141851_ab25a214 - markdown_it.rules_block.paragraph - DEBUG - paragraph.paragraph:10 - entering paragraph: StateBlock(line=295,level=0,tokens=404), 295, 296, False
2025-12-27 14:18:52 - 20251227_141851_ab25a214 - aichemist_codex.converters.md2pdf - DEBUG - to_pdf.convert_md_to_pdf:258 - Saving PDF to: D:\Steve\Documents\HumanRights\Dictation_Donna_Nov_28_2024.pdf
2025-12-27 14:18:52 - 20251227_141851_ab25a214 - aichemist_codex.converters.md2pdf - DEBUG - to_pdf.convert_md_to_pdf:262 - Successfully saved PDF to: D:\Steve\Documents\HumanRights\Dictation_Donna_Nov_28_2024.pdf
2025-12-27 14:18:52 - 20251227_141851_ab25a214 - aichemist_codex.converters.md2pdf - ERROR - to_pdf.convert_md_to_pdf:295 - [CONVERSION_MD2PDF_003] Error converting Markdown to PDF: record_conversion_attempt() missing 1 required positional argument: 'conversion_type'
Traceback (most recent call last):
  File "D:\Coding\SafeAppeals2.0\python\transmutation_codex\plugins\markdown\to_pdf.py", line 275, in convert_md_to_pdf
    record_conversion_attempt(
    ~~~~~~~~~~~~~~~~~~~~~~~~~^
        converter_name="md2pdf",
        ^^^^^^^^^^^^^^^^^^^^^^^^
    ...<2 lines>...
        success=True,
        ^^^^^^^^^^^^^
    )
    ^
TypeError: record_conversion_attempt() missing 1 required positional argument: 'conversion_type'
2025-12-27 14:18:52 - 20251227_141851_ab25a214 - aichemist_codex.electron_bridge - WARNING - conversion_handler.handle_single_conversion:121 - Initial conversion attempt failed: Markdown to PDF conversion failed: record_conversion_attempt() missing 1 required positional argument: 'conversion_type' (source_format=md, target_format=pdf, source_file=D:\Steve\Documents\HumanRights\Donna\Dictation_Donna_Nov_28_2024.md, error_code=CONVERSION_MD2PDF_003)
Traceback (most recent call last):
  File "D:\Coding\SafeAppeals2.0\python\transmutation_codex\plugins\markdown\to_pdf.py", line 275, in convert_md_to_pdf
    record_conversion_attempt(
    ~~~~~~~~~~~~~~~~~~~~~~~~~^
        converter_name="md2pdf",
        ^^^^^^^^^^^^^^^^^^^^^^^^
    ...<2 lines>...
        success=True,
        ^^^^^^^^^^^^^
    )
    ^
TypeError: record_conversion_attempt() missing 1 required positional argument: 'conversion_type'

During handling of the above exception, another exception occurred:

Traceback (most recent call last):
  File "D:\Coding\SafeAppeals2.0\python\transmutation_codex\adapters\bridges\conversion_handler.py", line 116, in handle_single_conversion
    result_path = converter_callable(
        str(input_path), str(output_path), **args.options
    )
  File "D:\Coding\SafeAppeals2.0\python\transmutation_codex\core\decorators.py", line 113, in wrapper
    return func(input_path, output_path, **kwargs)
  File "D:\Coding\SafeAppeals2.0\python\transmutation_codex\plugins\markdown\to_pdf.py", line 297, in convert_md_to_pdf
    raise_conversion_error(
    ~~~~~~~~~~~~~~~~~~~~~~^
        f"Markdown to PDF conversion failed: {e}",
        ^^^^^^^^^^^^^^^^^^^^^^^^^^^^^^^^^^^^^^^^^^
    ...<3 lines>...
        error_code=error_code,
        ^^^^^^^^^^^^^^^^^^^^^^
    )
    ^
  File "D:\Coding\SafeAppeals2.0\python\transmutation_codex\core\exceptions.py", line 563, in raise_conversion_error
    raise ConversionError(message, source_format, target_format, source_file, error_code)
transmutation_codex.core.exceptions.ConversionError: Markdown to PDF conversion failed: record_conversion_attempt() missing 1 required positional argument: 'conversion_type' (source_format=md, target_format=pdf, source_file=D:\Steve\Documents\HumanRights\Donna\Dictation_Donna_Nov_28_2024.md, error_code=CONVERSION_MD2PDF_003)
2025-12-27 14:18:52 - 20251227_141851_ab25a214 - aichemist_codex.electron_bridge - ERROR - conversion_handler.handle_single_conversion:176 - [BRIDGE_004] Conversion failed: Markdown to PDF conversion failed: record_conversion_attempt() missing 1 required positional argument: 'conversion_type' (source_format=md, target_format=pdf, source_file=D:\Steve\Documents\HumanRights\Donna\Dictation_Donna_Nov_28_2024.md, error_code=CONVERSION_MD2PDF_003)
Traceback (most recent call last):
  File "D:\Coding\SafeAppeals2.0\python\transmutation_codex\plugins\markdown\to_pdf.py", line 275, in convert_md_to_pdf
    record_conversion_attempt(
    ~~~~~~~~~~~~~~~~~~~~~~~~~^
        converter_name="md2pdf",
        ^^^^^^^^^^^^^^^^^^^^^^^^
    ...<2 lines>...
        success=True,
        ^^^^^^^^^^^^^
    )
    ^
TypeError: record_conversion_attempt() missing 1 required positional argument: 'conversion_type'

During handling of the above exception, another exception occurred:

Traceback (most recent call last):
  File "D:\Coding\SafeAppeals2.0\python\transmutation_codex\adapters\bridges\conversion_handler.py", line 116, in handle_single_conversion
    result_path = converter_callable(
        str(input_path), str(output_path), **args.options
    )
  File "D:\Coding\SafeAppeals2.0\python\transmutation_codex\core\decorators.py", line 113, in wrapper
    return func(input_path, output_path, **kwargs)
  File "D:\Coding\SafeAppeals2.0\python\transmutation_codex\plugins\markdown\to_pdf.py", line 297, in convert_md_to_pdf
    raise_conversion_error(
    ~~~~~~~~~~~~~~~~~~~~~~^
        f"Markdown to PDF conversion failed: {e}",
        ^^^^^^^^^^^^^^^^^^^^^^^^^^^^^^^^^^^^^^^^^^
    ...<3 lines>...
        error_code=error_code,
        ^^^^^^^^^^^^^^^^^^^^^^
    )
    ^
  File "D:\Coding\SafeAppeals2.0\python\transmutation_codex\core\exceptions.py", line 563, in raise_conversion_error
    raise ConversionError(message, source_format, target_format, source_file, error_code)
transmutation_codex.core.exceptions.ConversionError: Markdown to PDF conversion failed: record_conversion_attempt() missing 1 required positional argument: 'conversion_type' (source_format=md, target_format=pdf, source_file=D:\Steve\Documents\HumanRights\Donna\Dictation_Donna_Nov_28_2024.md, error_code=CONVERSION_MD2PDF_003)
2025-12-27 14:18:52 - 20251227_141851_ab25a214 - aichemist_codex.electron_bridge - ERROR - progress_reporter.report_error:97 - Reporting error (conversion): Markdown to PDF conversion failed: record_conversion_attempt() missing 1 required positional argument: 'conversion_type' (source_format=md, target_format=pdf, source_file=D:\Steve\Documents\HumanRights\Donna\Dictation_Donna_Nov_28_2024.md, error_code=CONVERSION_MD2PDF_003)
2025-12-27 14:18:52 - 20251227_141851_ab25a214 - aichemist_codex.electron_bridge - DEBUG - base.send_json_message:49 - Sending PROGRESS message: {"current": 30, "total": 100, "message": "Error: Markdown to PDF conversion failed: record_conversion_attempt() missing 1 required positional argument: 'conversion_type' (source_format=md, target_form...
2025-12-27 14:18:52 - 20251227_141851_ab25a214 - aichemist_codex.electron_bridge - DEBUG - base.send_json_message:49 - Sending ERROR message: {"error": "Markdown to PDF conversion failed: record_conversion_attempt() missing 1 required positional argument: 'conversion_type' (source_format=md, target_format=pdf, source_file=D:\\Steve\\Documen...
2025-12-27 14:18:52 - 20251227_141851_ab25a214 - aichemist_codex.electron_bridge - DEBUG - base.send_json_message:49 - Sending RESULT message: {"success": false, "message": "Conversion failed: Markdown to PDF conversion failed: record_conversion_attempt() missing 1 required positional argument: 'conversion_type' (source_format=md, target_for...
2025-12-27 14:18:52 - 20251227_141851_ab25a214 - aichemist_codex.electron_bridge - ERROR - conversion_handler.handle_conversion:411 - [BRIDGE_004] Conversion error: Conversion failed: Markdown to PDF conversion failed: record_conversion_attempt() missing 1 required positional argument: 'conversion_type' (source_format=md, target_format=pdf, source_file=D:\Steve\Documents\HumanRights\Donna\Dictation_Donna_Nov_28_2024.md, error_code=CONVERSION_MD2PDF_003)
Traceback (most recent call last):
  File "D:\Coding\SafeAppeals2.0\python\transmutation_codex\plugins\markdown\to_pdf.py", line 275, in convert_md_to_pdf
    record_conversion_attempt(
    ~~~~~~~~~~~~~~~~~~~~~~~~~^
        converter_name="md2pdf",
        ^^^^^^^^^^^^^^^^^^^^^^^^
    ...<2 lines>...
        success=True,
        ^^^^^^^^^^^^^
    )
    ^
TypeError: record_conversion_attempt() missing 1 required positional argument: 'conversion_type'

During handling of the above exception, another exception occurred:

Traceback (most recent call last):
  File "D:\Coding\SafeAppeals2.0\python\transmutation_codex\adapters\bridges\conversion_handler.py", line 116, in handle_single_conversion
    result_path = converter_callable(
        str(input_path), str(output_path), **args.options
    )
  File "D:\Coding\SafeAppeals2.0\python\transmutation_codex\core\decorators.py", line 113, in wrapper
    return func(input_path, output_path, **kwargs)
  File "D:\Coding\SafeAppeals2.0\python\transmutation_codex\plugins\markdown\to_pdf.py", line 297, in convert_md_to_pdf
    raise_conversion_error(
    ~~~~~~~~~~~~~~~~~~~~~~^
        f"Markdown to PDF conversion failed: {e}",
        ^^^^^^^^^^^^^^^^^^^^^^^^^^^^^^^^^^^^^^^^^^
    ...<3 lines>...
        error_code=error_code,
        ^^^^^^^^^^^^^^^^^^^^^^
    )
    ^
  File "D:\Coding\SafeAppeals2.0\python\transmutation_codex\core\exceptions.py", line 563, in raise_conversion_error
    raise ConversionError(message, source_format, target_format, source_file, error_code)
transmutation_codex.core.exceptions.ConversionError: Markdown to PDF conversion failed: record_conversion_attempt() missing 1 required positional argument: 'conversion_type' (source_format=md, target_format=pdf, source_file=D:\Steve\Documents\HumanRights\Donna\Dictation_Donna_Nov_28_2024.md, error_code=CONVERSION_MD2PDF_003)

The above exception was the direct cause of the following exception:

Traceback (most recent call last):
  File "D:\Coding\SafeAppeals2.0\python\transmutation_codex\adapters\bridges\conversion_handler.py", line 391, in handle_conversion
    handle_single_conversion(args, reporter)
    ~~~~~~~~~~~~~~~~~~~~~~~~^^^^^^^^^^^^^^^^
  File "D:\Coding\SafeAppeals2.0\python\transmutation_codex\adapters\bridges\conversion_handler.py", line 189, in handle_single_conversion
    raise BridgeConversionError(f"Conversion failed: {e}") from e
transmutation_codex.adapters.bridges.base.BridgeConversionError: Conversion failed: Markdown to PDF conversion failed: record_conversion_attempt() missing 1 required positional argument: 'conversion_type' (source_format=md, target_format=pdf, source_file=D:\Steve\Documents\HumanRights\Donna\Dictation_Donna_Nov_28_2024.md, error_code=CONVERSION_MD2PDF_003)
2025-12-27 14:18:52 - 20251227_141851_ab25a214 - aichemist_codex.electron_bridge - INFO - electron_bridge.main:50 - Electron bridge exiting with code 1
