2025-12-28 19:14:06 - 20251228_191406_cec5531b - root - INFO - logger._configure_programmatic_logging:343 - Logging configured programmatically. Session ID: 20251228_191406_cec5531b. File log: D:\Coding\SafeAppeals2.0\python\logs\python\app_session_20251228_191406_cec5531b.log
2025-12-28 19:14:06 - 20251228_191406_cec5531b - aichemist_codex.electron_bridge - INFO - electron_bridge.main:40 - Electron bridge starting
2025-12-28 19:14:06 - 20251228_191406_cec5531b - aichemist_codex.electron_bridge - DEBUG - argument_parser.validate:62 - Validating arguments for mode: convert
2025-12-28 19:14:06 - 20251228_191406_cec5531b - aichemist_codex.electron_bridge - DEBUG - argument_parser._validate_convert:84 - Validating convert mode arguments
2025-12-28 19:14:06 - 20251228_191406_cec5531b - aichemist_codex.electron_bridge - DEBUG - base.validate_file_exists:150 - Validating file exists: d:\Steve\Documents\HumanRights\Submission\Damages_Calculation.md
2025-12-28 19:14:06 - 20251228_191406_cec5531b - aichemist_codex.electron_bridge - DEBUG - base.validate_file_exists:160 - File validation passed: d:\Steve\Documents\HumanRights\Submission\Damages_Calculation.md
2025-12-28 19:14:06 - 20251228_191406_cec5531b - aichemist_codex.electron_bridge - DEBUG - base.validate_output_directory:178 - Validating output directory: d:\Steve\Documents\HumanRights
2025-12-28 19:14:06 - 20251228_191406_cec5531b - aichemist_codex.electron_bridge - DEBUG - base.validate_output_directory:188 - Output directory is writable: d:\Steve\Documents\HumanRights
2025-12-28 19:14:06 - 20251228_191406_cec5531b - aichemist_codex.electron_bridge - DEBUG - argument_parser.validate:74 - Argument validation passed
2025-12-28 19:14:06 - 20251228_191406_cec5531b - aichemist_codex.electron_bridge - INFO - electron_bridge.main:45 - Bridge mode: convert, type: md2pdf
2025-12-28 19:14:06 - 20251228_191406_cec5531b - aichemist_codex.electron_bridge - DEBUG - progress_reporter.report:55 - Reporting progress: 0/100 - Initializing conversion...
2025-12-28 19:14:06 - 20251228_191406_cec5531b - aichemist_codex.electron_bridge - DEBUG - base.send_json_message:49 - Sending PROGRESS message: {"current": 0, "total": 100, "message": "Initializing conversion...", "type": "single_progress", "filename": ""}...
2025-12-28 19:14:06 - 20251228_191406_cec5531b - aichemist_codex.electron_bridge - DEBUG - progress_reporter.report:55 - Reporting progress: 10/100 - Loading converter...
2025-12-28 19:14:06 - 20251228_191406_cec5531b - aichemist_codex.electron_bridge - DEBUG - base.send_json_message:49 - Sending PROGRESS message: {"current": 10, "total": 100, "message": "Loading converter...", "type": "single_progress", "filename": ""}...
2025-12-28 19:14:06 - 20251228_191406_cec5531b - aichemist_codex.electron_bridge - DEBUG - conversion_handler.handle_single_conversion:41 - Importing plugins to trigger auto-registration
2025-12-28 19:14:06 - 20251228_191406_cec5531b - aichemist_codex.converters.md2html - DEBUG - to_html.<module>:38 - Markdown library available
2025-12-28 19:14:06 - 20251228_191406_cec5531b - aichemist_codex.plugins - DEBUG - __init__.<module>:20 - Markdown to HTML converter loaded
2025-12-28 19:14:06 - 20251228_191406_cec5531b - aichemist_codex.plugins - DEBUG - __init__.<module>:29 - Markdown to PDF converter loaded
2025-12-28 19:14:06 - 20251228_191406_cec5531b - aichemist_codex.plugins - DEBUG - __init__.<module>:38 - Markdown to DOCX converter loaded
2025-12-28 19:14:06 - 20251228_191406_cec5531b - aichemist_codex.plugins - WARNING - __init__.<module>:55 - PDF to Markdown converters not available: No module named 'ocrmypdf'
2025-12-28 19:14:06 - 20251228_191406_cec5531b - aichemist_codex.plugins - WARNING - __init__.<module>:64 - PDF to HTML converter not available: No module named 'ocrmypdf'
2025-12-28 19:14:06 - 20251228_191406_cec5531b - aichemist_codex.plugins - WARNING - __init__.<module>:73 - PDF to Editable converter not available: No module named 'ocrmypdf'
2025-12-28 19:14:06 - 20251228_191406_cec5531b - aichemist_codex.plugins - DEBUG - __init__.<module>:81 - DOCX to Markdown converter loaded
2025-12-28 19:14:06 - 20251228_191406_cec5531b - aichemist_codex.plugins - DEBUG - __init__.<module>:90 - DOCX to PDF converter loaded
2025-12-28 19:14:06 - 20251228_191406_cec5531b - aichemist_codex.plugins - DEBUG - __init__.<module>:100 - HTML to PDF converter loaded
2025-12-28 19:14:06 - 20251228_191406_cec5531b - aichemist_codex.plugins - WARNING - __init__.<module>:112 - TXT to PDF converter not available: No module named 'reportlab'
2025-12-28 19:14:07 - 20251228_191406_cec5531b - aichemist_codex.plugins - DEBUG - __init__.<module>:125 - Excel converters loaded
2025-12-28 19:14:07 - 20251228_191406_cec5531b - aichemist_codex.plugins - DEBUG - __init__.<module>:136 - CSV converters loaded
2025-12-28 19:14:07 - 20251228_191406_cec5531b - aichemist_codex.plugins - DEBUG - __init__.<module>:150 - PowerPoint converters loaded
2025-12-28 19:14:07 - 20251228_191406_cec5531b - aichemist_codex.plugins - DEBUG - __init__.<module>:162 - Image converters loaded
2025-12-28 19:14:07 - 20251228_191406_cec5531b - aichemist_codex.plugins - WARNING - __init__.<module>:174 - PDF to Excel converter not available: No module named 'ocrmypdf'
2025-12-28 19:14:07 - 20251228_191406_cec5531b - aichemist_codex.plugins - WARNING - __init__.<module>:184 - PDF to Images converter not available: No module named 'ocrmypdf'
2025-12-28 19:14:07 - 20251228_191406_cec5531b - aichemist_codex.plugins - WARNING - __init__.<module>:199 - Advanced PDF operations not available: No module named 'ocrmypdf'
2025-12-28 19:14:07 - 20251228_191406_cec5531b - aichemist_codex.plugins - DEBUG - __init__.<module>:211 - EPUB converters loaded
2025-12-28 19:14:07 - 20251228_191406_cec5531b - aichemist_codex.plugins - ERROR - __init__.<module>:227 - EPUB creation converters failed: name 'Document' is not defined
Traceback (most recent call last):
  File "D:\Coding\SafeAppeals2.0\python\transmutation_codex\plugins\__init__.py", line 219, in <module>
    from .docx.to_epub import convert_docx_to_epub
  File "D:\Coding\SafeAppeals2.0\python\transmutation_codex\plugins\docx\to_epub.py", line 248, in <module>
    def _docx_to_html(doc: Document) -> str:
                           ^^^^^^^^
NameError: name 'Document' is not defined
2025-12-28 19:14:07 - 20251228_191406_cec5531b - aichemist_codex.plugins - INFO - __init__.<module>:229 - Plugin package initialized - all converters registered
2025-12-28 19:14:07 - 20251228_191406_cec5531b - aichemist_codex.electron_bridge - DEBUG - conversion_handler.handle_single_conversion:44 - Successfully imported plugins
2025-12-28 19:14:07 - 20251228_191406_cec5531b - aichemist_codex.electron_bridge - DEBUG - conversion_handler.handle_single_conversion:54 - Parsing conversion type: md2pdf
2025-12-28 19:14:07 - 20251228_191406_cec5531b - aichemist_codex.electron_bridge - DEBUG - conversion_handler.handle_single_conversion:64 - Parsed conversion: md -> pdf
2025-12-28 19:14:07 - 20251228_191406_cec5531b - aichemist_codex.electron_bridge - DEBUG - progress_reporter.report:55 - Reporting progress: 20/100 - Finding converter for md2pdf...
2025-12-28 19:14:07 - 20251228_191406_cec5531b - aichemist_codex.electron_bridge - DEBUG - base.send_json_message:49 - Sending PROGRESS message: {"current": 20, "total": 100, "message": "Finding converter for md2pdf...", "type": "single_progress", "filename": ""}...
2025-12-28 19:14:07 - 20251228_191406_cec5531b - aichemist_codex.electron_bridge - DEBUG - conversion_handler.handle_single_conversion:68 - Looking up converter in registry: md -> pdf
2025-12-28 19:14:07 - 20251228_191406_cec5531b - aichemist_codex.electron_bridge - INFO - conversion_handler.handle_single_conversion:88 - Using converter: md_to_pdf_convert_md_to_pdf (priority: 10, version: 1.0.0)
2025-12-28 19:14:07 - 20251228_191406_cec5531b - aichemist_codex.electron_bridge - DEBUG - progress_reporter.report:55 - Reporting progress: 30/100 - Converting Damages_Calculation.md...
2025-12-28 19:14:07 - 20251228_191406_cec5531b - aichemist_codex.electron_bridge - DEBUG - base.send_json_message:49 - Sending PROGRESS message: {"current": 30, "total": 100, "message": "Converting Damages_Calculation.md...", "type": "single_progress", "filename": "Damages_Calculation.md"}...
2025-12-28 19:14:07 - 20251228_191406_cec5531b - aichemist_codex.electron_bridge - INFO - conversion_handler.handle_single_conversion:107 - Executing conversion: Damages_Calculation.md -> Damages_Calculation.pdf
2025-12-28 19:14:07 - 20251228_191406_cec5531b - aichemist_codex.electron_bridge - DEBUG - conversion_handler.handle_single_conversion:108 - Converter options: {'force_ocr': False, 'include_charts': False, 'preserve_formatting': False, 'include_notes': False, 'include_images': False, 'use_lossless_compression': False, 'reduce_image_resolution': False, 'export_bookmarks': False, 'export_notes': False, 'pdfa': False, 'deskew': False, 'clean': False, 'redo_ocr': False}
2025-12-28 19:14:07 - 20251228_191406_cec5531b - aichemist_codex.electron_bridge - DEBUG - conversion_handler.handle_single_conversion:115 - Calling converter function
2025-12-28 19:14:07 - 20251228_191406_cec5531b - aichemist_codex.transmutation_codex.utils.validators - DEBUG - validators.validate_file_path:51 - Validating file path: d:\Steve\Documents\HumanRights\Submission\Damages_Calculation.md
2025-12-28 19:14:07 - 20251228_191406_cec5531b - aichemist_codex.transmutation_codex.utils.validators - DEBUG - validators.validate_file_path:89 - File path validation passed: d:\Steve\Documents\HumanRights\Submission\Damages_Calculation.md
2025-12-28 19:14:07 - 20251228_191406_cec5531b - aichemist_codex.transmutation_codex.utils.validators - DEBUG - validators.validate_file_size:193 - Validating file size: d:\Steve\Documents\HumanRights\Submission\Damages_Calculation.md (max: 50MB)
2025-12-28 19:14:07 - 20251228_191406_cec5531b - aichemist_codex.transmutation_codex.utils.validators - DEBUG - validators.validate_file_size:214 - File size: 0.02MB
2025-12-28 19:14:07 - 20251228_191406_cec5531b - aichemist_codex.transmutation_codex.utils.validators - DEBUG - validators.validate_file_size:221 - File size validation passed: 0.02MB
2025-12-28 19:14:07 - 20251228_191406_cec5531b - aichemist_codex.converters.md2pdf - INFO - to_pdf.convert_md_to_pdf:127 - Starting Markdown to PDF conversion: d:\Steve\Documents\HumanRights\Submission\Damages_Calculation.md
2025-12-28 19:14:07 - 20251228_191406_cec5531b - aichemist_codex.converters.md2pdf - DEBUG - to_pdf.convert_md_to_pdf:132 - Feature access check passed for md2pdf
2025-12-28 19:14:07 - 20251228_191406_cec5531b - aichemist_codex.converters.md2pdf - DEBUG - to_pdf.convert_md_to_pdf:139 - Resolved input path: D:\Steve\Documents\HumanRights\Submission\Damages_Calculation.md
2025-12-28 19:14:07 - 20251228_191406_cec5531b - aichemist_codex.converters.md2pdf - DEBUG - to_pdf.convert_md_to_pdf:144 - File size check passed
2025-12-28 19:14:07 - 20251228_191406_cec5531b - aichemist_codex.converters.md2pdf - INFO - to_pdf.convert_md_to_pdf:182 - Converting D:\Steve\Documents\HumanRights\Submission\Damages_Calculation.md to PDF using marker: '<!-- pagebreak -->'
2025-12-28 19:14:07 - 20251228_191406_cec5531b - aichemist_codex.converters.md2pdf - DEBUG - to_pdf.convert_md_to_pdf:188 - Reading markdown file content
2025-12-28 19:14:07 - 20251228_191406_cec5531b - aichemist_codex.converters.md2pdf - DEBUG - to_pdf.convert_md_to_pdf:193 - Successfully read 16381 characters from markdown file
2025-12-28 19:14:07 - 20251228_191406_cec5531b - aichemist_codex.converters.md2pdf - DEBUG - to_pdf.convert_md_to_pdf:208 - Using title: Damages Calculation Worksheet
2025-12-28 19:14:07 - 20251228_191406_cec5531b - aichemist_codex.converters.md2pdf - DEBUG - to_pdf.convert_md_to_pdf:228 - Injected default table styles.
2025-12-28 19:14:07 - 20251228_191406_cec5531b - aichemist_codex.converters.md2pdf - INFO - to_pdf.convert_md_to_pdf:252 - No page breaks found.
2025-12-28 19:14:07 - 20251228_191406_cec5531b - markdown_it.rules_block.code - DEBUG - code.code:10 - entering code: StateBlock(line=1,level=0,tokens=0), 1, 343, False
2025-12-28 19:14:07 - 20251228_191406_cec5531b - markdown_it.rules_block.fence - DEBUG - fence.fence:10 - entering fence: StateBlock(line=1,level=0,tokens=0), 1, 343, False
2025-12-28 19:14:07 - 20251228_191406_cec5531b - markdown_it.rules_block.blockquote - DEBUG - blockquote.blockquote:13 - entering blockquote: StateBlock(line=1,level=0,tokens=0), 1, 343, False
2025-12-28 19:14:07 - 20251228_191406_cec5531b - markdown_it.rules_block.hr - DEBUG - hr.hr:14 - entering hr: StateBlock(line=1,level=0,tokens=0), 1, 343, False
2025-12-28 19:14:07 - 20251228_191406_cec5531b - markdown_it.rules_block.list - DEBUG - list.list_block:102 - entering list: StateBlock(line=1,level=0,tokens=0), 1, 343, False
2025-12-28 19:14:07 - 20251228_191406_cec5531b - markdown_it.rules_block.reference - DEBUG - reference.reference:10 - entering reference: StateBlock(line=1,level=0,tokens=0), 1, 343, False
2025-12-28 19:14:07 - 20251228_191406_cec5531b - markdown_it.rules_block.html_block - DEBUG - html_block.html_block:35 - entering html_block: StateBlock(line=1,level=0,tokens=0), 1, 343, False
2025-12-28 19:14:07 - 20251228_191406_cec5531b - markdown_it.rules_block.code - DEBUG - code.code:10 - entering code: StateBlock(line=23,level=0,tokens=1), 23, 343, False
2025-12-28 19:14:07 - 20251228_191406_cec5531b - markdown_it.rules_block.fence - DEBUG - fence.fence:10 - entering fence: StateBlock(line=23,level=0,tokens=1), 23, 343, False
2025-12-28 19:14:07 - 20251228_191406_cec5531b - markdown_it.rules_block.blockquote - DEBUG - blockquote.blockquote:13 - entering blockquote: StateBlock(line=23,level=0,tokens=1), 23, 343, False
2025-12-28 19:14:07 - 20251228_191406_cec5531b - markdown_it.rules_block.hr - DEBUG - hr.hr:14 - entering hr: StateBlock(line=23,level=0,tokens=1), 23, 343, False
2025-12-28 19:14:07 - 20251228_191406_cec5531b - markdown_it.rules_block.list - DEBUG - list.list_block:102 - entering list: StateBlock(line=23,level=0,tokens=1), 23, 343, False
2025-12-28 19:14:07 - 20251228_191406_cec5531b - markdown_it.rules_block.reference - DEBUG - reference.reference:10 - entering reference: StateBlock(line=23,level=0,tokens=1), 23, 343, False
2025-12-28 19:14:07 - 20251228_191406_cec5531b - markdown_it.rules_block.html_block - DEBUG - html_block.html_block:35 - entering html_block: StateBlock(line=23,level=0,tokens=1), 23, 343, False
2025-12-28 19:14:07 - 20251228_191406_cec5531b - markdown_it.rules_block.heading - DEBUG - heading.heading:13 - entering heading: StateBlock(line=23,level=0,tokens=1), 23, 343, False
2025-12-28 19:14:07 - 20251228_191406_cec5531b - markdown_it.rules_block.code - DEBUG - code.code:10 - entering code: StateBlock(line=25,level=0,tokens=4), 25, 343, False
2025-12-28 19:14:07 - 20251228_191406_cec5531b - markdown_it.rules_block.fence - DEBUG - fence.fence:10 - entering fence: StateBlock(line=25,level=0,tokens=4), 25, 343, False
2025-12-28 19:14:07 - 20251228_191406_cec5531b - markdown_it.rules_block.blockquote - DEBUG - blockquote.blockquote:13 - entering blockquote: StateBlock(line=25,level=0,tokens=4), 25, 343, False
2025-12-28 19:14:07 - 20251228_191406_cec5531b - markdown_it.rules_block.hr - DEBUG - hr.hr:14 - entering hr: StateBlock(line=25,level=0,tokens=4), 25, 343, False
2025-12-28 19:14:07 - 20251228_191406_cec5531b - markdown_it.rules_block.list - DEBUG - list.list_block:102 - entering list: StateBlock(line=25,level=0,tokens=4), 25, 343, False
2025-12-28 19:14:07 - 20251228_191406_cec5531b - markdown_it.rules_block.reference - DEBUG - reference.reference:10 - entering reference: StateBlock(line=25,level=0,tokens=4), 25, 343, False
2025-12-28 19:14:07 - 20251228_191406_cec5531b - markdown_it.rules_block.html_block - DEBUG - html_block.html_block:35 - entering html_block: StateBlock(line=25,level=0,tokens=4), 25, 343, False
2025-12-28 19:14:07 - 20251228_191406_cec5531b - markdown_it.rules_block.heading - DEBUG - heading.heading:13 - entering heading: StateBlock(line=25,level=0,tokens=4), 25, 343, False
2025-12-28 19:14:07 - 20251228_191406_cec5531b - markdown_it.rules_block.lheading - DEBUG - lheading.lheading:10 - entering lheading: StateBlock(line=25,level=0,tokens=4), 25, 343, False
2025-12-28 19:14:07 - 20251228_191406_cec5531b - markdown_it.rules_block.fence - DEBUG - fence.fence:10 - entering fence: StateBlock(line=25,level=0,tokens=4), 26, 343, True
2025-12-28 19:14:07 - 20251228_191406_cec5531b - markdown_it.rules_block.blockquote - DEBUG - blockquote.blockquote:13 - entering blockquote: StateBlock(line=25,level=0,tokens=4), 26, 343, True
2025-12-28 19:14:07 - 20251228_191406_cec5531b - markdown_it.rules_block.hr - DEBUG - hr.hr:14 - entering hr: StateBlock(line=25,level=0,tokens=4), 26, 343, True
2025-12-28 19:14:07 - 20251228_191406_cec5531b - markdown_it.rules_block.list - DEBUG - list.list_block:102 - entering list: StateBlock(line=25,level=0,tokens=4), 26, 343, True
2025-12-28 19:14:07 - 20251228_191406_cec5531b - markdown_it.rules_block.html_block - DEBUG - html_block.html_block:35 - entering html_block: StateBlock(line=25,level=0,tokens=4), 26, 343, True
2025-12-28 19:14:07 - 20251228_191406_cec5531b - markdown_it.rules_block.heading - DEBUG - heading.heading:13 - entering heading: StateBlock(line=25,level=0,tokens=4), 26, 343, True
2025-12-28 19:14:07 - 20251228_191406_cec5531b - markdown_it.rules_block.paragraph - DEBUG - paragraph.paragraph:10 - entering paragraph: StateBlock(line=25,level=0,tokens=4), 25, 343, False
2025-12-28 19:14:07 - 20251228_191406_cec5531b - markdown_it.rules_block.fence - DEBUG - fence.fence:10 - entering fence: StateBlock(line=25,level=0,tokens=4), 26, 343, True
2025-12-28 19:14:07 - 20251228_191406_cec5531b - markdown_it.rules_block.blockquote - DEBUG - blockquote.blockquote:13 - entering blockquote: StateBlock(line=25,level=0,tokens=4), 26, 343, True
2025-12-28 19:14:07 - 20251228_191406_cec5531b - markdown_it.rules_block.hr - DEBUG - hr.hr:14 - entering hr: StateBlock(line=25,level=0,tokens=4), 26, 343, True
2025-12-28 19:14:07 - 20251228_191406_cec5531b - markdown_it.rules_block.list - DEBUG - list.list_block:102 - entering list: StateBlock(line=25,level=0,tokens=4), 26, 343, True
2025-12-28 19:14:07 - 20251228_191406_cec5531b - markdown_it.rules_block.html_block - DEBUG - html_block.html_block:35 - entering html_block: StateBlock(line=25,level=0,tokens=4), 26, 343, True
2025-12-28 19:14:07 - 20251228_191406_cec5531b - markdown_it.rules_block.heading - DEBUG - heading.heading:13 - entering heading: StateBlock(line=25,level=0,tokens=4), 26, 343, True
2025-12-28 19:14:07 - 20251228_191406_cec5531b - markdown_it.rules_block.code - DEBUG - code.code:10 - entering code: StateBlock(line=28,level=0,tokens=7), 28, 343, False
2025-12-28 19:14:07 - 20251228_191406_cec5531b - markdown_it.rules_block.fence - DEBUG - fence.fence:10 - entering fence: StateBlock(line=28,level=0,tokens=7), 28, 343, False
2025-12-28 19:14:07 - 20251228_191406_cec5531b - markdown_it.rules_block.blockquote - DEBUG - blockquote.blockquote:13 - entering blockquote: StateBlock(line=28,level=0,tokens=7), 28, 343, False
2025-12-28 19:14:07 - 20251228_191406_cec5531b - markdown_it.rules_block.hr - DEBUG - hr.hr:14 - entering hr: StateBlock(line=28,level=0,tokens=7), 28, 343, False
2025-12-28 19:14:07 - 20251228_191406_cec5531b - markdown_it.rules_block.code - DEBUG - code.code:10 - entering code: StateBlock(line=30,level=0,tokens=8), 30, 343, False
2025-12-28 19:14:07 - 20251228_191406_cec5531b - markdown_it.rules_block.fence - DEBUG - fence.fence:10 - entering fence: StateBlock(line=30,level=0,tokens=8), 30, 343, False
2025-12-28 19:14:07 - 20251228_191406_cec5531b - markdown_it.rules_block.blockquote - DEBUG - blockquote.blockquote:13 - entering blockquote: StateBlock(line=30,level=0,tokens=8), 30, 343, False
2025-12-28 19:14:07 - 20251228_191406_cec5531b - markdown_it.rules_block.hr - DEBUG - hr.hr:14 - entering hr: StateBlock(line=30,level=0,tokens=8), 30, 343, False
2025-12-28 19:14:07 - 20251228_191406_cec5531b - markdown_it.rules_block.list - DEBUG - list.list_block:102 - entering list: StateBlock(line=30,level=0,tokens=8), 30, 343, False
2025-12-28 19:14:07 - 20251228_191406_cec5531b - markdown_it.rules_block.reference - DEBUG - reference.reference:10 - entering reference: StateBlock(line=30,level=0,tokens=8), 30, 343, False
2025-12-28 19:14:07 - 20251228_191406_cec5531b - markdown_it.rules_block.html_block - DEBUG - html_block.html_block:35 - entering html_block: StateBlock(line=30,level=0,tokens=8), 30, 343, False
2025-12-28 19:14:07 - 20251228_191406_cec5531b - markdown_it.rules_block.heading - DEBUG - heading.heading:13 - entering heading: StateBlock(line=30,level=0,tokens=8), 30, 343, False
2025-12-28 19:14:07 - 20251228_191406_cec5531b - markdown_it.rules_block.code - DEBUG - code.code:10 - entering code: StateBlock(line=32,level=0,tokens=11), 32, 343, False
2025-12-28 19:14:07 - 20251228_191406_cec5531b - markdown_it.rules_block.fence - DEBUG - fence.fence:10 - entering fence: StateBlock(line=32,level=0,tokens=11), 32, 343, False
2025-12-28 19:14:07 - 20251228_191406_cec5531b - markdown_it.rules_block.blockquote - DEBUG - blockquote.blockquote:13 - entering blockquote: StateBlock(line=32,level=0,tokens=11), 32, 343, False
2025-12-28 19:14:07 - 20251228_191406_cec5531b - markdown_it.rules_block.hr - DEBUG - hr.hr:14 - entering hr: StateBlock(line=32,level=0,tokens=11), 32, 343, False
2025-12-28 19:14:07 - 20251228_191406_cec5531b - markdown_it.rules_block.list - DEBUG - list.list_block:102 - entering list: StateBlock(line=32,level=0,tokens=11), 32, 343, False
2025-12-28 19:14:07 - 20251228_191406_cec5531b - markdown_it.rules_block.reference - DEBUG - reference.reference:10 - entering reference: StateBlock(line=32,level=0,tokens=11), 32, 343, False
2025-12-28 19:14:07 - 20251228_191406_cec5531b - markdown_it.rules_block.html_block - DEBUG - html_block.html_block:35 - entering html_block: StateBlock(line=32,level=0,tokens=11), 32, 343, False
2025-12-28 19:14:07 - 20251228_191406_cec5531b - markdown_it.rules_block.heading - DEBUG - heading.heading:13 - entering heading: StateBlock(line=32,level=0,tokens=11), 32, 343, False
2025-12-28 19:14:07 - 20251228_191406_cec5531b - markdown_it.rules_block.fence - DEBUG - fence.fence:10 - entering fence: StateBlock(line=34,level=1,tokens=25), 36, 343, True
2025-12-28 19:14:07 - 20251228_191406_cec5531b - markdown_it.rules_block.blockquote - DEBUG - blockquote.blockquote:13 - entering blockquote: StateBlock(line=34,level=1,tokens=25), 36, 343, True
2025-12-28 19:14:07 - 20251228_191406_cec5531b - markdown_it.rules_block.hr - DEBUG - hr.hr:14 - entering hr: StateBlock(line=34,level=1,tokens=25), 36, 343, True
2025-12-28 19:14:07 - 20251228_191406_cec5531b - markdown_it.rules_block.list - DEBUG - list.list_block:102 - entering list: StateBlock(line=34,level=1,tokens=25), 36, 343, True
2025-12-28 19:14:07 - 20251228_191406_cec5531b - markdown_it.rules_block.html_block - DEBUG - html_block.html_block:35 - entering html_block: StateBlock(line=34,level=1,tokens=25), 36, 343, True
2025-12-28 19:14:07 - 20251228_191406_cec5531b - markdown_it.rules_block.heading - DEBUG - heading.heading:13 - entering heading: StateBlock(line=34,level=1,tokens=25), 36, 343, True
2025-12-28 19:14:07 - 20251228_191406_cec5531b - markdown_it.rules_block.fence - DEBUG - fence.fence:10 - entering fence: StateBlock(line=34,level=2,tokens=34), 37, 343, True
2025-12-28 19:14:07 - 20251228_191406_cec5531b - markdown_it.rules_block.blockquote - DEBUG - blockquote.blockquote:13 - entering blockquote: StateBlock(line=34,level=2,tokens=34), 37, 343, True
2025-12-28 19:14:07 - 20251228_191406_cec5531b - markdown_it.rules_block.hr - DEBUG - hr.hr:14 - entering hr: StateBlock(line=34,level=2,tokens=34), 37, 343, True
2025-12-28 19:14:07 - 20251228_191406_cec5531b - markdown_it.rules_block.list - DEBUG - list.list_block:102 - entering list: StateBlock(line=34,level=2,tokens=34), 37, 343, True
2025-12-28 19:14:07 - 20251228_191406_cec5531b - markdown_it.rules_block.html_block - DEBUG - html_block.html_block:35 - entering html_block: StateBlock(line=34,level=2,tokens=34), 37, 343, True
2025-12-28 19:14:07 - 20251228_191406_cec5531b - markdown_it.rules_block.heading - DEBUG - heading.heading:13 - entering heading: StateBlock(line=34,level=2,tokens=34), 37, 343, True
2025-12-28 19:14:07 - 20251228_191406_cec5531b - markdown_it.rules_block.fence - DEBUG - fence.fence:10 - entering fence: StateBlock(line=34,level=2,tokens=42), 38, 343, True
2025-12-28 19:14:07 - 20251228_191406_cec5531b - markdown_it.rules_block.blockquote - DEBUG - blockquote.blockquote:13 - entering blockquote: StateBlock(line=34,level=2,tokens=42), 38, 343, True
2025-12-28 19:14:07 - 20251228_191406_cec5531b - markdown_it.rules_block.hr - DEBUG - hr.hr:14 - entering hr: StateBlock(line=34,level=2,tokens=42), 38, 343, True
2025-12-28 19:14:07 - 20251228_191406_cec5531b - markdown_it.rules_block.list - DEBUG - list.list_block:102 - entering list: StateBlock(line=34,level=2,tokens=42), 38, 343, True
2025-12-28 19:14:07 - 20251228_191406_cec5531b - markdown_it.rules_block.html_block - DEBUG - html_block.html_block:35 - entering html_block: StateBlock(line=34,level=2,tokens=42), 38, 343, True
2025-12-28 19:14:07 - 20251228_191406_cec5531b - markdown_it.rules_block.heading - DEBUG - heading.heading:13 - entering heading: StateBlock(line=34,level=2,tokens=42), 38, 343, True
2025-12-28 19:14:07 - 20251228_191406_cec5531b - markdown_it.rules_block.fence - DEBUG - fence.fence:10 - entering fence: StateBlock(line=34,level=2,tokens=50), 39, 343, True
2025-12-28 19:14:07 - 20251228_191406_cec5531b - markdown_it.rules_block.blockquote - DEBUG - blockquote.blockquote:13 - entering blockquote: StateBlock(line=34,level=2,tokens=50), 39, 343, True
2025-12-28 19:14:07 - 20251228_191406_cec5531b - markdown_it.rules_block.hr - DEBUG - hr.hr:14 - entering hr: StateBlock(line=34,level=2,tokens=50), 39, 343, True
2025-12-28 19:14:07 - 20251228_191406_cec5531b - markdown_it.rules_block.list - DEBUG - list.list_block:102 - entering list: StateBlock(line=34,level=2,tokens=50), 39, 343, True
2025-12-28 19:14:07 - 20251228_191406_cec5531b - markdown_it.rules_block.html_block - DEBUG - html_block.html_block:35 - entering html_block: StateBlock(line=34,level=2,tokens=50), 39, 343, True
2025-12-28 19:14:07 - 20251228_191406_cec5531b - markdown_it.rules_block.heading - DEBUG - heading.heading:13 - entering heading: StateBlock(line=34,level=2,tokens=50), 39, 343, True
2025-12-28 19:14:07 - 20251228_191406_cec5531b - markdown_it.rules_block.fence - DEBUG - fence.fence:10 - entering fence: StateBlock(line=34,level=2,tokens=58), 40, 343, True
2025-12-28 19:14:07 - 20251228_191406_cec5531b - markdown_it.rules_block.blockquote - DEBUG - blockquote.blockquote:13 - entering blockquote: StateBlock(line=34,level=2,tokens=58), 40, 343, True
2025-12-28 19:14:07 - 20251228_191406_cec5531b - markdown_it.rules_block.hr - DEBUG - hr.hr:14 - entering hr: StateBlock(line=34,level=2,tokens=58), 40, 343, True
2025-12-28 19:14:07 - 20251228_191406_cec5531b - markdown_it.rules_block.list - DEBUG - list.list_block:102 - entering list: StateBlock(line=34,level=2,tokens=58), 40, 343, True
2025-12-28 19:14:07 - 20251228_191406_cec5531b - markdown_it.rules_block.html_block - DEBUG - html_block.html_block:35 - entering html_block: StateBlock(line=34,level=2,tokens=58), 40, 343, True
2025-12-28 19:14:07 - 20251228_191406_cec5531b - markdown_it.rules_block.heading - DEBUG - heading.heading:13 - entering heading: StateBlock(line=34,level=2,tokens=58), 40, 343, True
2025-12-28 19:14:07 - 20251228_191406_cec5531b - markdown_it.rules_block.fence - DEBUG - fence.fence:10 - entering fence: StateBlock(line=34,level=2,tokens=66), 41, 343, True
2025-12-28 19:14:07 - 20251228_191406_cec5531b - markdown_it.rules_block.blockquote - DEBUG - blockquote.blockquote:13 - entering blockquote: StateBlock(line=34,level=2,tokens=66), 41, 343, True
2025-12-28 19:14:07 - 20251228_191406_cec5531b - markdown_it.rules_block.hr - DEBUG - hr.hr:14 - entering hr: StateBlock(line=34,level=2,tokens=66), 41, 343, True
2025-12-28 19:14:07 - 20251228_191406_cec5531b - markdown_it.rules_block.list - DEBUG - list.list_block:102 - entering list: StateBlock(line=34,level=2,tokens=66), 41, 343, True
2025-12-28 19:14:07 - 20251228_191406_cec5531b - markdown_it.rules_block.html_block - DEBUG - html_block.html_block:35 - entering html_block: StateBlock(line=34,level=2,tokens=66), 41, 343, True
2025-12-28 19:14:07 - 20251228_191406_cec5531b - markdown_it.rules_block.heading - DEBUG - heading.heading:13 - entering heading: StateBlock(line=34,level=2,tokens=66), 41, 343, True
2025-12-28 19:14:07 - 20251228_191406_cec5531b - markdown_it.rules_block.fence - DEBUG - fence.fence:10 - entering fence: StateBlock(line=34,level=2,tokens=74), 42, 343, True
2025-12-28 19:14:07 - 20251228_191406_cec5531b - markdown_it.rules_block.blockquote - DEBUG - blockquote.blockquote:13 - entering blockquote: StateBlock(line=34,level=2,tokens=74), 42, 343, True
2025-12-28 19:14:07 - 20251228_191406_cec5531b - markdown_it.rules_block.hr - DEBUG - hr.hr:14 - entering hr: StateBlock(line=34,level=2,tokens=74), 42, 343, True
2025-12-28 19:14:07 - 20251228_191406_cec5531b - markdown_it.rules_block.list - DEBUG - list.list_block:102 - entering list: StateBlock(line=34,level=2,tokens=74), 42, 343, True
2025-12-28 19:14:07 - 20251228_191406_cec5531b - markdown_it.rules_block.html_block - DEBUG - html_block.html_block:35 - entering html_block: StateBlock(line=34,level=2,tokens=74), 42, 343, True
2025-12-28 19:14:07 - 20251228_191406_cec5531b - markdown_it.rules_block.heading - DEBUG - heading.heading:13 - entering heading: StateBlock(line=34,level=2,tokens=74), 42, 343, True
2025-12-28 19:14:07 - 20251228_191406_cec5531b - markdown_it.rules_block.fence - DEBUG - fence.fence:10 - entering fence: StateBlock(line=34,level=2,tokens=82), 43, 343, True
2025-12-28 19:14:07 - 20251228_191406_cec5531b - markdown_it.rules_block.blockquote - DEBUG - blockquote.blockquote:13 - entering blockquote: StateBlock(line=34,level=2,tokens=82), 43, 343, True
2025-12-28 19:14:07 - 20251228_191406_cec5531b - markdown_it.rules_block.hr - DEBUG - hr.hr:14 - entering hr: StateBlock(line=34,level=2,tokens=82), 43, 343, True
2025-12-28 19:14:07 - 20251228_191406_cec5531b - markdown_it.rules_block.list - DEBUG - list.list_block:102 - entering list: StateBlock(line=34,level=2,tokens=82), 43, 343, True
2025-12-28 19:14:07 - 20251228_191406_cec5531b - markdown_it.rules_block.html_block - DEBUG - html_block.html_block:35 - entering html_block: StateBlock(line=34,level=2,tokens=82), 43, 343, True
2025-12-28 19:14:07 - 20251228_191406_cec5531b - markdown_it.rules_block.heading - DEBUG - heading.heading:13 - entering heading: StateBlock(line=34,level=2,tokens=82), 43, 343, True
2025-12-28 19:14:07 - 20251228_191406_cec5531b - markdown_it.rules_block.fence - DEBUG - fence.fence:10 - entering fence: StateBlock(line=34,level=2,tokens=90), 44, 343, True
2025-12-28 19:14:07 - 20251228_191406_cec5531b - markdown_it.rules_block.blockquote - DEBUG - blockquote.blockquote:13 - entering blockquote: StateBlock(line=34,level=2,tokens=90), 44, 343, True
2025-12-28 19:14:07 - 20251228_191406_cec5531b - markdown_it.rules_block.hr - DEBUG - hr.hr:14 - entering hr: StateBlock(line=34,level=2,tokens=90), 44, 343, True
2025-12-28 19:14:07 - 20251228_191406_cec5531b - markdown_it.rules_block.list - DEBUG - list.list_block:102 - entering list: StateBlock(line=34,level=2,tokens=90), 44, 343, True
2025-12-28 19:14:07 - 20251228_191406_cec5531b - markdown_it.rules_block.html_block - DEBUG - html_block.html_block:35 - entering html_block: StateBlock(line=34,level=2,tokens=90), 44, 343, True
2025-12-28 19:14:07 - 20251228_191406_cec5531b - markdown_it.rules_block.heading - DEBUG - heading.heading:13 - entering heading: StateBlock(line=34,level=2,tokens=90), 44, 343, True
2025-12-28 19:14:07 - 20251228_191406_cec5531b - markdown_it.rules_block.code - DEBUG - code.code:10 - entering code: StateBlock(line=45,level=0,tokens=92), 45, 343, False
2025-12-28 19:14:07 - 20251228_191406_cec5531b - markdown_it.rules_block.fence - DEBUG - fence.fence:10 - entering fence: StateBlock(line=45,level=0,tokens=92), 45, 343, False
2025-12-28 19:14:07 - 20251228_191406_cec5531b - markdown_it.rules_block.blockquote - DEBUG - blockquote.blockquote:13 - entering blockquote: StateBlock(line=45,level=0,tokens=92), 45, 343, False
2025-12-28 19:14:07 - 20251228_191406_cec5531b - markdown_it.rules_block.hr - DEBUG - hr.hr:14 - entering hr: StateBlock(line=45,level=0,tokens=92), 45, 343, False
2025-12-28 19:14:07 - 20251228_191406_cec5531b - markdown_it.rules_block.list - DEBUG - list.list_block:102 - entering list: StateBlock(line=45,level=0,tokens=92), 45, 343, False
2025-12-28 19:14:07 - 20251228_191406_cec5531b - markdown_it.rules_block.reference - DEBUG - reference.reference:10 - entering reference: StateBlock(line=45,level=0,tokens=92), 45, 343, False
2025-12-28 19:14:07 - 20251228_191406_cec5531b - markdown_it.rules_block.html_block - DEBUG - html_block.html_block:35 - entering html_block: StateBlock(line=45,level=0,tokens=92), 45, 343, False
2025-12-28 19:14:07 - 20251228_191406_cec5531b - markdown_it.rules_block.heading - DEBUG - heading.heading:13 - entering heading: StateBlock(line=45,level=0,tokens=92), 45, 343, False
2025-12-28 19:14:07 - 20251228_191406_cec5531b - markdown_it.rules_block.fence - DEBUG - fence.fence:10 - entering fence: StateBlock(line=47,level=1,tokens=109), 49, 343, True
2025-12-28 19:14:07 - 20251228_191406_cec5531b - markdown_it.rules_block.blockquote - DEBUG - blockquote.blockquote:13 - entering blockquote: StateBlock(line=47,level=1,tokens=109), 49, 343, True
2025-12-28 19:14:07 - 20251228_191406_cec5531b - markdown_it.rules_block.hr - DEBUG - hr.hr:14 - entering hr: StateBlock(line=47,level=1,tokens=109), 49, 343, True
2025-12-28 19:14:07 - 20251228_191406_cec5531b - markdown_it.rules_block.list - DEBUG - list.list_block:102 - entering list: StateBlock(line=47,level=1,tokens=109), 49, 343, True
2025-12-28 19:14:07 - 20251228_191406_cec5531b - markdown_it.rules_block.html_block - DEBUG - html_block.html_block:35 - entering html_block: StateBlock(line=47,level=1,tokens=109), 49, 343, True
2025-12-28 19:14:07 - 20251228_191406_cec5531b - markdown_it.rules_block.heading - DEBUG - heading.heading:13 - entering heading: StateBlock(line=47,level=1,tokens=109), 49, 343, True
2025-12-28 19:14:07 - 20251228_191406_cec5531b - markdown_it.rules_block.fence - DEBUG - fence.fence:10 - entering fence: StateBlock(line=47,level=2,tokens=121), 50, 343, True
2025-12-28 19:14:07 - 20251228_191406_cec5531b - markdown_it.rules_block.blockquote - DEBUG - blockquote.blockquote:13 - entering blockquote: StateBlock(line=47,level=2,tokens=121), 50, 343, True
2025-12-28 19:14:07 - 20251228_191406_cec5531b - markdown_it.rules_block.hr - DEBUG - hr.hr:14 - entering hr: StateBlock(line=47,level=2,tokens=121), 50, 343, True
2025-12-28 19:14:07 - 20251228_191406_cec5531b - markdown_it.rules_block.list - DEBUG - list.list_block:102 - entering list: StateBlock(line=47,level=2,tokens=121), 50, 343, True
2025-12-28 19:14:07 - 20251228_191406_cec5531b - markdown_it.rules_block.html_block - DEBUG - html_block.html_block:35 - entering html_block: StateBlock(line=47,level=2,tokens=121), 50, 343, True
2025-12-28 19:14:07 - 20251228_191406_cec5531b - markdown_it.rules_block.heading - DEBUG - heading.heading:13 - entering heading: StateBlock(line=47,level=2,tokens=121), 50, 343, True
2025-12-28 19:14:07 - 20251228_191406_cec5531b - markdown_it.rules_block.fence - DEBUG - fence.fence:10 - entering fence: StateBlock(line=47,level=2,tokens=132), 51, 343, True
2025-12-28 19:14:07 - 20251228_191406_cec5531b - markdown_it.rules_block.blockquote - DEBUG - blockquote.blockquote:13 - entering blockquote: StateBlock(line=47,level=2,tokens=132), 51, 343, True
2025-12-28 19:14:07 - 20251228_191406_cec5531b - markdown_it.rules_block.hr - DEBUG - hr.hr:14 - entering hr: StateBlock(line=47,level=2,tokens=132), 51, 343, True
2025-12-28 19:14:07 - 20251228_191406_cec5531b - markdown_it.rules_block.list - DEBUG - list.list_block:102 - entering list: StateBlock(line=47,level=2,tokens=132), 51, 343, True
2025-12-28 19:14:07 - 20251228_191406_cec5531b - markdown_it.rules_block.html_block - DEBUG - html_block.html_block:35 - entering html_block: StateBlock(line=47,level=2,tokens=132), 51, 343, True
2025-12-28 19:14:07 - 20251228_191406_cec5531b - markdown_it.rules_block.heading - DEBUG - heading.heading:13 - entering heading: StateBlock(line=47,level=2,tokens=132), 51, 343, True
2025-12-28 19:14:07 - 20251228_191406_cec5531b - markdown_it.rules_block.fence - DEBUG - fence.fence:10 - entering fence: StateBlock(line=47,level=2,tokens=143), 52, 343, True
2025-12-28 19:14:07 - 20251228_191406_cec5531b - markdown_it.rules_block.blockquote - DEBUG - blockquote.blockquote:13 - entering blockquote: StateBlock(line=47,level=2,tokens=143), 52, 343, True
2025-12-28 19:14:07 - 20251228_191406_cec5531b - markdown_it.rules_block.hr - DEBUG - hr.hr:14 - entering hr: StateBlock(line=47,level=2,tokens=143), 52, 343, True
2025-12-28 19:14:07 - 20251228_191406_cec5531b - markdown_it.rules_block.list - DEBUG - list.list_block:102 - entering list: StateBlock(line=47,level=2,tokens=143), 52, 343, True
2025-12-28 19:14:07 - 20251228_191406_cec5531b - markdown_it.rules_block.html_block - DEBUG - html_block.html_block:35 - entering html_block: StateBlock(line=47,level=2,tokens=143), 52, 343, True
2025-12-28 19:14:07 - 20251228_191406_cec5531b - markdown_it.rules_block.heading - DEBUG - heading.heading:13 - entering heading: StateBlock(line=47,level=2,tokens=143), 52, 343, True
2025-12-28 19:14:07 - 20251228_191406_cec5531b - markdown_it.rules_block.fence - DEBUG - fence.fence:10 - entering fence: StateBlock(line=47,level=2,tokens=154), 53, 343, True
2025-12-28 19:14:07 - 20251228_191406_cec5531b - markdown_it.rules_block.blockquote - DEBUG - blockquote.blockquote:13 - entering blockquote: StateBlock(line=47,level=2,tokens=154), 53, 343, True
2025-12-28 19:14:07 - 20251228_191406_cec5531b - markdown_it.rules_block.hr - DEBUG - hr.hr:14 - entering hr: StateBlock(line=47,level=2,tokens=154), 53, 343, True
2025-12-28 19:14:07 - 20251228_191406_cec5531b - markdown_it.rules_block.list - DEBUG - list.list_block:102 - entering list: StateBlock(line=47,level=2,tokens=154), 53, 343, True
2025-12-28 19:14:07 - 20251228_191406_cec5531b - markdown_it.rules_block.html_block - DEBUG - html_block.html_block:35 - entering html_block: StateBlock(line=47,level=2,tokens=154), 53, 343, True
2025-12-28 19:14:07 - 20251228_191406_cec5531b - markdown_it.rules_block.heading - DEBUG - heading.heading:13 - entering heading: StateBlock(line=47,level=2,tokens=154), 53, 343, True
2025-12-28 19:14:07 - 20251228_191406_cec5531b - markdown_it.rules_block.fence - DEBUG - fence.fence:10 - entering fence: StateBlock(line=47,level=2,tokens=165), 54, 343, True
2025-12-28 19:14:07 - 20251228_191406_cec5531b - markdown_it.rules_block.blockquote - DEBUG - blockquote.blockquote:13 - entering blockquote: StateBlock(line=47,level=2,tokens=165), 54, 343, True
2025-12-28 19:14:07 - 20251228_191406_cec5531b - markdown_it.rules_block.hr - DEBUG - hr.hr:14 - entering hr: StateBlock(line=47,level=2,tokens=165), 54, 343, True
2025-12-28 19:14:07 - 20251228_191406_cec5531b - markdown_it.rules_block.list - DEBUG - list.list_block:102 - entering list: StateBlock(line=47,level=2,tokens=165), 54, 343, True
2025-12-28 19:14:07 - 20251228_191406_cec5531b - markdown_it.rules_block.html_block - DEBUG - html_block.html_block:35 - entering html_block: StateBlock(line=47,level=2,tokens=165), 54, 343, True
2025-12-28 19:14:07 - 20251228_191406_cec5531b - markdown_it.rules_block.heading - DEBUG - heading.heading:13 - entering heading: StateBlock(line=47,level=2,tokens=165), 54, 343, True
2025-12-28 19:14:07 - 20251228_191406_cec5531b - markdown_it.rules_block.fence - DEBUG - fence.fence:10 - entering fence: StateBlock(line=47,level=2,tokens=176), 55, 343, True
2025-12-28 19:14:07 - 20251228_191406_cec5531b - markdown_it.rules_block.blockquote - DEBUG - blockquote.blockquote:13 - entering blockquote: StateBlock(line=47,level=2,tokens=176), 55, 343, True
2025-12-28 19:14:07 - 20251228_191406_cec5531b - markdown_it.rules_block.hr - DEBUG - hr.hr:14 - entering hr: StateBlock(line=47,level=2,tokens=176), 55, 343, True
2025-12-28 19:14:07 - 20251228_191406_cec5531b - markdown_it.rules_block.list - DEBUG - list.list_block:102 - entering list: StateBlock(line=47,level=2,tokens=176), 55, 343, True
2025-12-28 19:14:07 - 20251228_191406_cec5531b - markdown_it.rules_block.html_block - DEBUG - html_block.html_block:35 - entering html_block: StateBlock(line=47,level=2,tokens=176), 55, 343, True
2025-12-28 19:14:07 - 20251228_191406_cec5531b - markdown_it.rules_block.heading - DEBUG - heading.heading:13 - entering heading: StateBlock(line=47,level=2,tokens=176), 55, 343, True
2025-12-28 19:14:07 - 20251228_191406_cec5531b - markdown_it.rules_block.code - DEBUG - code.code:10 - entering code: StateBlock(line=56,level=0,tokens=178), 56, 343, False
2025-12-28 19:14:07 - 20251228_191406_cec5531b - markdown_it.rules_block.fence - DEBUG - fence.fence:10 - entering fence: StateBlock(line=56,level=0,tokens=178), 56, 343, False
2025-12-28 19:14:07 - 20251228_191406_cec5531b - markdown_it.rules_block.blockquote - DEBUG - blockquote.blockquote:13 - entering blockquote: StateBlock(line=56,level=0,tokens=178), 56, 343, False
2025-12-28 19:14:07 - 20251228_191406_cec5531b - markdown_it.rules_block.hr - DEBUG - hr.hr:14 - entering hr: StateBlock(line=56,level=0,tokens=178), 56, 343, False
2025-12-28 19:14:07 - 20251228_191406_cec5531b - markdown_it.rules_block.list - DEBUG - list.list_block:102 - entering list: StateBlock(line=56,level=0,tokens=178), 56, 343, False
2025-12-28 19:14:07 - 20251228_191406_cec5531b - markdown_it.rules_block.reference - DEBUG - reference.reference:10 - entering reference: StateBlock(line=56,level=0,tokens=178), 56, 343, False
2025-12-28 19:14:07 - 20251228_191406_cec5531b - markdown_it.rules_block.html_block - DEBUG - html_block.html_block:35 - entering html_block: StateBlock(line=56,level=0,tokens=178), 56, 343, False
2025-12-28 19:14:07 - 20251228_191406_cec5531b - markdown_it.rules_block.heading - DEBUG - heading.heading:13 - entering heading: StateBlock(line=56,level=0,tokens=178), 56, 343, False
2025-12-28 19:14:07 - 20251228_191406_cec5531b - markdown_it.rules_block.code - DEBUG - code.code:10 - entering code: StateBlock(line=58,level=0,tokens=181), 58, 343, False
2025-12-28 19:14:07 - 20251228_191406_cec5531b - markdown_it.rules_block.fence - DEBUG - fence.fence:10 - entering fence: StateBlock(line=58,level=0,tokens=181), 58, 343, False
2025-12-28 19:14:07 - 20251228_191406_cec5531b - markdown_it.rules_block.blockquote - DEBUG - blockquote.blockquote:13 - entering blockquote: StateBlock(line=58,level=0,tokens=181), 58, 343, False
2025-12-28 19:14:07 - 20251228_191406_cec5531b - markdown_it.rules_block.hr - DEBUG - hr.hr:14 - entering hr: StateBlock(line=58,level=0,tokens=181), 58, 343, False
2025-12-28 19:14:07 - 20251228_191406_cec5531b - markdown_it.rules_block.list - DEBUG - list.list_block:102 - entering list: StateBlock(line=58,level=0,tokens=181), 58, 343, False
2025-12-28 19:14:07 - 20251228_191406_cec5531b - markdown_it.rules_block.reference - DEBUG - reference.reference:10 - entering reference: StateBlock(line=58,level=0,tokens=181), 58, 343, False
2025-12-28 19:14:07 - 20251228_191406_cec5531b - markdown_it.rules_block.html_block - DEBUG - html_block.html_block:35 - entering html_block: StateBlock(line=58,level=0,tokens=181), 58, 343, False
2025-12-28 19:14:07 - 20251228_191406_cec5531b - markdown_it.rules_block.heading - DEBUG - heading.heading:13 - entering heading: StateBlock(line=58,level=0,tokens=181), 58, 343, False
2025-12-28 19:14:07 - 20251228_191406_cec5531b - markdown_it.rules_block.lheading - DEBUG - lheading.lheading:10 - entering lheading: StateBlock(line=58,level=0,tokens=181), 58, 343, False
2025-12-28 19:14:07 - 20251228_191406_cec5531b - markdown_it.rules_block.fence - DEBUG - fence.fence:10 - entering fence: StateBlock(line=58,level=0,tokens=181), 59, 343, True
2025-12-28 19:14:07 - 20251228_191406_cec5531b - markdown_it.rules_block.blockquote - DEBUG - blockquote.blockquote:13 - entering blockquote: StateBlock(line=58,level=0,tokens=181), 59, 343, True
2025-12-28 19:14:07 - 20251228_191406_cec5531b - markdown_it.rules_block.hr - DEBUG - hr.hr:14 - entering hr: StateBlock(line=58,level=0,tokens=181), 59, 343, True
2025-12-28 19:14:07 - 20251228_191406_cec5531b - markdown_it.rules_block.list - DEBUG - list.list_block:102 - entering list: StateBlock(line=58,level=0,tokens=181), 59, 343, True
2025-12-28 19:14:07 - 20251228_191406_cec5531b - markdown_it.rules_block.html_block - DEBUG - html_block.html_block:35 - entering html_block: StateBlock(line=58,level=0,tokens=181), 59, 343, True
2025-12-28 19:14:07 - 20251228_191406_cec5531b - markdown_it.rules_block.heading - DEBUG - heading.heading:13 - entering heading: StateBlock(line=58,level=0,tokens=181), 59, 343, True
2025-12-28 19:14:07 - 20251228_191406_cec5531b - markdown_it.rules_block.paragraph - DEBUG - paragraph.paragraph:10 - entering paragraph: StateBlock(line=58,level=0,tokens=181), 58, 343, False
2025-12-28 19:14:07 - 20251228_191406_cec5531b - markdown_it.rules_block.fence - DEBUG - fence.fence:10 - entering fence: StateBlock(line=58,level=0,tokens=181), 59, 343, True
2025-12-28 19:14:07 - 20251228_191406_cec5531b - markdown_it.rules_block.blockquote - DEBUG - blockquote.blockquote:13 - entering blockquote: StateBlock(line=58,level=0,tokens=181), 59, 343, True
2025-12-28 19:14:07 - 20251228_191406_cec5531b - markdown_it.rules_block.hr - DEBUG - hr.hr:14 - entering hr: StateBlock(line=58,level=0,tokens=181), 59, 343, True
2025-12-28 19:14:07 - 20251228_191406_cec5531b - markdown_it.rules_block.list - DEBUG - list.list_block:102 - entering list: StateBlock(line=58,level=0,tokens=181), 59, 343, True
2025-12-28 19:14:07 - 20251228_191406_cec5531b - markdown_it.rules_block.html_block - DEBUG - html_block.html_block:35 - entering html_block: StateBlock(line=58,level=0,tokens=181), 59, 343, True
2025-12-28 19:14:07 - 20251228_191406_cec5531b - markdown_it.rules_block.heading - DEBUG - heading.heading:13 - entering heading: StateBlock(line=58,level=0,tokens=181), 59, 343, True
2025-12-28 19:14:07 - 20251228_191406_cec5531b - markdown_it.rules_block.fence - DEBUG - fence.fence:10 - entering fence: StateBlock(line=61,level=1,tokens=198), 63, 343, True
2025-12-28 19:14:07 - 20251228_191406_cec5531b - markdown_it.rules_block.blockquote - DEBUG - blockquote.blockquote:13 - entering blockquote: StateBlock(line=61,level=1,tokens=198), 63, 343, True
2025-12-28 19:14:07 - 20251228_191406_cec5531b - markdown_it.rules_block.hr - DEBUG - hr.hr:14 - entering hr: StateBlock(line=61,level=1,tokens=198), 63, 343, True
2025-12-28 19:14:07 - 20251228_191406_cec5531b - markdown_it.rules_block.list - DEBUG - list.list_block:102 - entering list: StateBlock(line=61,level=1,tokens=198), 63, 343, True
2025-12-28 19:14:07 - 20251228_191406_cec5531b - markdown_it.rules_block.html_block - DEBUG - html_block.html_block:35 - entering html_block: StateBlock(line=61,level=1,tokens=198), 63, 343, True
2025-12-28 19:14:07 - 20251228_191406_cec5531b - markdown_it.rules_block.heading - DEBUG - heading.heading:13 - entering heading: StateBlock(line=61,level=1,tokens=198), 63, 343, True
2025-12-28 19:14:07 - 20251228_191406_cec5531b - markdown_it.rules_block.fence - DEBUG - fence.fence:10 - entering fence: StateBlock(line=61,level=2,tokens=210), 64, 343, True
2025-12-28 19:14:07 - 20251228_191406_cec5531b - markdown_it.rules_block.blockquote - DEBUG - blockquote.blockquote:13 - entering blockquote: StateBlock(line=61,level=2,tokens=210), 64, 343, True
2025-12-28 19:14:07 - 20251228_191406_cec5531b - markdown_it.rules_block.hr - DEBUG - hr.hr:14 - entering hr: StateBlock(line=61,level=2,tokens=210), 64, 343, True
2025-12-28 19:14:07 - 20251228_191406_cec5531b - markdown_it.rules_block.list - DEBUG - list.list_block:102 - entering list: StateBlock(line=61,level=2,tokens=210), 64, 343, True
2025-12-28 19:14:07 - 20251228_191406_cec5531b - markdown_it.rules_block.html_block - DEBUG - html_block.html_block:35 - entering html_block: StateBlock(line=61,level=2,tokens=210), 64, 343, True
2025-12-28 19:14:07 - 20251228_191406_cec5531b - markdown_it.rules_block.heading - DEBUG - heading.heading:13 - entering heading: StateBlock(line=61,level=2,tokens=210), 64, 343, True
2025-12-28 19:14:07 - 20251228_191406_cec5531b - markdown_it.rules_block.fence - DEBUG - fence.fence:10 - entering fence: StateBlock(line=61,level=2,tokens=221), 65, 343, True
2025-12-28 19:14:07 - 20251228_191406_cec5531b - markdown_it.rules_block.blockquote - DEBUG - blockquote.blockquote:13 - entering blockquote: StateBlock(line=61,level=2,tokens=221), 65, 343, True
2025-12-28 19:14:07 - 20251228_191406_cec5531b - markdown_it.rules_block.hr - DEBUG - hr.hr:14 - entering hr: StateBlock(line=61,level=2,tokens=221), 65, 343, True
2025-12-28 19:14:07 - 20251228_191406_cec5531b - markdown_it.rules_block.list - DEBUG - list.list_block:102 - entering list: StateBlock(line=61,level=2,tokens=221), 65, 343, True
2025-12-28 19:14:07 - 20251228_191406_cec5531b - markdown_it.rules_block.html_block - DEBUG - html_block.html_block:35 - entering html_block: StateBlock(line=61,level=2,tokens=221), 65, 343, True
2025-12-28 19:14:07 - 20251228_191406_cec5531b - markdown_it.rules_block.heading - DEBUG - heading.heading:13 - entering heading: StateBlock(line=61,level=2,tokens=221), 65, 343, True
2025-12-28 19:14:07 - 20251228_191406_cec5531b - markdown_it.rules_block.fence - DEBUG - fence.fence:10 - entering fence: StateBlock(line=61,level=2,tokens=232), 66, 343, True
2025-12-28 19:14:07 - 20251228_191406_cec5531b - markdown_it.rules_block.blockquote - DEBUG - blockquote.blockquote:13 - entering blockquote: StateBlock(line=61,level=2,tokens=232), 66, 343, True
2025-12-28 19:14:07 - 20251228_191406_cec5531b - markdown_it.rules_block.hr - DEBUG - hr.hr:14 - entering hr: StateBlock(line=61,level=2,tokens=232), 66, 343, True
2025-12-28 19:14:07 - 20251228_191406_cec5531b - markdown_it.rules_block.list - DEBUG - list.list_block:102 - entering list: StateBlock(line=61,level=2,tokens=232), 66, 343, True
2025-12-28 19:14:07 - 20251228_191406_cec5531b - markdown_it.rules_block.html_block - DEBUG - html_block.html_block:35 - entering html_block: StateBlock(line=61,level=2,tokens=232), 66, 343, True
2025-12-28 19:14:07 - 20251228_191406_cec5531b - markdown_it.rules_block.heading - DEBUG - heading.heading:13 - entering heading: StateBlock(line=61,level=2,tokens=232), 66, 343, True
2025-12-28 19:14:07 - 20251228_191406_cec5531b - markdown_it.rules_block.fence - DEBUG - fence.fence:10 - entering fence: StateBlock(line=61,level=2,tokens=243), 67, 343, True
2025-12-28 19:14:07 - 20251228_191406_cec5531b - markdown_it.rules_block.blockquote - DEBUG - blockquote.blockquote:13 - entering blockquote: StateBlock(line=61,level=2,tokens=243), 67, 343, True
2025-12-28 19:14:07 - 20251228_191406_cec5531b - markdown_it.rules_block.hr - DEBUG - hr.hr:14 - entering hr: StateBlock(line=61,level=2,tokens=243), 67, 343, True
2025-12-28 19:14:07 - 20251228_191406_cec5531b - markdown_it.rules_block.list - DEBUG - list.list_block:102 - entering list: StateBlock(line=61,level=2,tokens=243), 67, 343, True
2025-12-28 19:14:07 - 20251228_191406_cec5531b - markdown_it.rules_block.html_block - DEBUG - html_block.html_block:35 - entering html_block: StateBlock(line=61,level=2,tokens=243), 67, 343, True
2025-12-28 19:14:07 - 20251228_191406_cec5531b - markdown_it.rules_block.heading - DEBUG - heading.heading:13 - entering heading: StateBlock(line=61,level=2,tokens=243), 67, 343, True
2025-12-28 19:14:07 - 20251228_191406_cec5531b - markdown_it.rules_block.fence - DEBUG - fence.fence:10 - entering fence: StateBlock(line=61,level=2,tokens=254), 68, 343, True
2025-12-28 19:14:07 - 20251228_191406_cec5531b - markdown_it.rules_block.blockquote - DEBUG - blockquote.blockquote:13 - entering blockquote: StateBlock(line=61,level=2,tokens=254), 68, 343, True
2025-12-28 19:14:07 - 20251228_191406_cec5531b - markdown_it.rules_block.hr - DEBUG - hr.hr:14 - entering hr: StateBlock(line=61,level=2,tokens=254), 68, 343, True
2025-12-28 19:14:07 - 20251228_191406_cec5531b - markdown_it.rules_block.list - DEBUG - list.list_block:102 - entering list: StateBlock(line=61,level=2,tokens=254), 68, 343, True
2025-12-28 19:14:07 - 20251228_191406_cec5531b - markdown_it.rules_block.html_block - DEBUG - html_block.html_block:35 - entering html_block: StateBlock(line=61,level=2,tokens=254), 68, 343, True
2025-12-28 19:14:07 - 20251228_191406_cec5531b - markdown_it.rules_block.heading - DEBUG - heading.heading:13 - entering heading: StateBlock(line=61,level=2,tokens=254), 68, 343, True
2025-12-28 19:14:07 - 20251228_191406_cec5531b - markdown_it.rules_block.fence - DEBUG - fence.fence:10 - entering fence: StateBlock(line=61,level=2,tokens=265), 69, 343, True
2025-12-28 19:14:07 - 20251228_191406_cec5531b - markdown_it.rules_block.blockquote - DEBUG - blockquote.blockquote:13 - entering blockquote: StateBlock(line=61,level=2,tokens=265), 69, 343, True
2025-12-28 19:14:07 - 20251228_191406_cec5531b - markdown_it.rules_block.hr - DEBUG - hr.hr:14 - entering hr: StateBlock(line=61,level=2,tokens=265), 69, 343, True
2025-12-28 19:14:07 - 20251228_191406_cec5531b - markdown_it.rules_block.list - DEBUG - list.list_block:102 - entering list: StateBlock(line=61,level=2,tokens=265), 69, 343, True
2025-12-28 19:14:07 - 20251228_191406_cec5531b - markdown_it.rules_block.html_block - DEBUG - html_block.html_block:35 - entering html_block: StateBlock(line=61,level=2,tokens=265), 69, 343, True
2025-12-28 19:14:07 - 20251228_191406_cec5531b - markdown_it.rules_block.heading - DEBUG - heading.heading:13 - entering heading: StateBlock(line=61,level=2,tokens=265), 69, 343, True
2025-12-28 19:14:07 - 20251228_191406_cec5531b - markdown_it.rules_block.fence - DEBUG - fence.fence:10 - entering fence: StateBlock(line=61,level=2,tokens=276), 70, 343, True
2025-12-28 19:14:07 - 20251228_191406_cec5531b - markdown_it.rules_block.blockquote - DEBUG - blockquote.blockquote:13 - entering blockquote: StateBlock(line=61,level=2,tokens=276), 70, 343, True
2025-12-28 19:14:07 - 20251228_191406_cec5531b - markdown_it.rules_block.hr - DEBUG - hr.hr:14 - entering hr: StateBlock(line=61,level=2,tokens=276), 70, 343, True
2025-12-28 19:14:07 - 20251228_191406_cec5531b - markdown_it.rules_block.list - DEBUG - list.list_block:102 - entering list: StateBlock(line=61,level=2,tokens=276), 70, 343, True
2025-12-28 19:14:07 - 20251228_191406_cec5531b - markdown_it.rules_block.html_block - DEBUG - html_block.html_block:35 - entering html_block: StateBlock(line=61,level=2,tokens=276), 70, 343, True
2025-12-28 19:14:07 - 20251228_191406_cec5531b - markdown_it.rules_block.heading - DEBUG - heading.heading:13 - entering heading: StateBlock(line=61,level=2,tokens=276), 70, 343, True
2025-12-28 19:14:07 - 20251228_191406_cec5531b - markdown_it.rules_block.code - DEBUG - code.code:10 - entering code: StateBlock(line=71,level=0,tokens=278), 71, 343, False
2025-12-28 19:14:07 - 20251228_191406_cec5531b - markdown_it.rules_block.fence - DEBUG - fence.fence:10 - entering fence: StateBlock(line=71,level=0,tokens=278), 71, 343, False
2025-12-28 19:14:07 - 20251228_191406_cec5531b - markdown_it.rules_block.blockquote - DEBUG - blockquote.blockquote:13 - entering blockquote: StateBlock(line=71,level=0,tokens=278), 71, 343, False
2025-12-28 19:14:07 - 20251228_191406_cec5531b - markdown_it.rules_block.hr - DEBUG - hr.hr:14 - entering hr: StateBlock(line=71,level=0,tokens=278), 71, 343, False
2025-12-28 19:14:07 - 20251228_191406_cec5531b - markdown_it.rules_block.code - DEBUG - code.code:10 - entering code: StateBlock(line=73,level=0,tokens=279), 73, 343, False
2025-12-28 19:14:07 - 20251228_191406_cec5531b - markdown_it.rules_block.fence - DEBUG - fence.fence:10 - entering fence: StateBlock(line=73,level=0,tokens=279), 73, 343, False
2025-12-28 19:14:07 - 20251228_191406_cec5531b - markdown_it.rules_block.blockquote - DEBUG - blockquote.blockquote:13 - entering blockquote: StateBlock(line=73,level=0,tokens=279), 73, 343, False
2025-12-28 19:14:07 - 20251228_191406_cec5531b - markdown_it.rules_block.hr - DEBUG - hr.hr:14 - entering hr: StateBlock(line=73,level=0,tokens=279), 73, 343, False
2025-12-28 19:14:07 - 20251228_191406_cec5531b - markdown_it.rules_block.list - DEBUG - list.list_block:102 - entering list: StateBlock(line=73,level=0,tokens=279), 73, 343, False
2025-12-28 19:14:07 - 20251228_191406_cec5531b - markdown_it.rules_block.reference - DEBUG - reference.reference:10 - entering reference: StateBlock(line=73,level=0,tokens=279), 73, 343, False
2025-12-28 19:14:07 - 20251228_191406_cec5531b - markdown_it.rules_block.html_block - DEBUG - html_block.html_block:35 - entering html_block: StateBlock(line=73,level=0,tokens=279), 73, 343, False
2025-12-28 19:14:07 - 20251228_191406_cec5531b - markdown_it.rules_block.heading - DEBUG - heading.heading:13 - entering heading: StateBlock(line=73,level=0,tokens=279), 73, 343, False
2025-12-28 19:14:07 - 20251228_191406_cec5531b - markdown_it.rules_block.code - DEBUG - code.code:10 - entering code: StateBlock(line=75,level=0,tokens=282), 75, 343, False
2025-12-28 19:14:07 - 20251228_191406_cec5531b - markdown_it.rules_block.fence - DEBUG - fence.fence:10 - entering fence: StateBlock(line=75,level=0,tokens=282), 75, 343, False
2025-12-28 19:14:07 - 20251228_191406_cec5531b - markdown_it.rules_block.blockquote - DEBUG - blockquote.blockquote:13 - entering blockquote: StateBlock(line=75,level=0,tokens=282), 75, 343, False
2025-12-28 19:14:07 - 20251228_191406_cec5531b - markdown_it.rules_block.hr - DEBUG - hr.hr:14 - entering hr: StateBlock(line=75,level=0,tokens=282), 75, 343, False
2025-12-28 19:14:07 - 20251228_191406_cec5531b - markdown_it.rules_block.list - DEBUG - list.list_block:102 - entering list: StateBlock(line=75,level=0,tokens=282), 75, 343, False
2025-12-28 19:14:07 - 20251228_191406_cec5531b - markdown_it.rules_block.reference - DEBUG - reference.reference:10 - entering reference: StateBlock(line=75,level=0,tokens=282), 75, 343, False
2025-12-28 19:14:07 - 20251228_191406_cec5531b - markdown_it.rules_block.html_block - DEBUG - html_block.html_block:35 - entering html_block: StateBlock(line=75,level=0,tokens=282), 75, 343, False
2025-12-28 19:14:07 - 20251228_191406_cec5531b - markdown_it.rules_block.heading - DEBUG - heading.heading:13 - entering heading: StateBlock(line=75,level=0,tokens=282), 75, 343, False
2025-12-28 19:14:07 - 20251228_191406_cec5531b - markdown_it.rules_block.code - DEBUG - code.code:10 - entering code: StateBlock(line=77,level=0,tokens=285), 77, 343, False
2025-12-28 19:14:07 - 20251228_191406_cec5531b - markdown_it.rules_block.fence - DEBUG - fence.fence:10 - entering fence: StateBlock(line=77,level=0,tokens=285), 77, 343, False
2025-12-28 19:14:07 - 20251228_191406_cec5531b - markdown_it.rules_block.blockquote - DEBUG - blockquote.blockquote:13 - entering blockquote: StateBlock(line=77,level=0,tokens=285), 77, 343, False
2025-12-28 19:14:07 - 20251228_191406_cec5531b - markdown_it.rules_block.hr - DEBUG - hr.hr:14 - entering hr: StateBlock(line=77,level=0,tokens=285), 77, 343, False
2025-12-28 19:14:07 - 20251228_191406_cec5531b - markdown_it.rules_block.list - DEBUG - list.list_block:102 - entering list: StateBlock(line=77,level=0,tokens=285), 77, 343, False
2025-12-28 19:14:07 - 20251228_191406_cec5531b - markdown_it.rules_block.reference - DEBUG - reference.reference:10 - entering reference: StateBlock(line=77,level=0,tokens=285), 77, 343, False
2025-12-28 19:14:07 - 20251228_191406_cec5531b - markdown_it.rules_block.html_block - DEBUG - html_block.html_block:35 - entering html_block: StateBlock(line=77,level=0,tokens=285), 77, 343, False
2025-12-28 19:14:07 - 20251228_191406_cec5531b - markdown_it.rules_block.heading - DEBUG - heading.heading:13 - entering heading: StateBlock(line=77,level=0,tokens=285), 77, 343, False
2025-12-28 19:14:07 - 20251228_191406_cec5531b - markdown_it.rules_block.lheading - DEBUG - lheading.lheading:10 - entering lheading: StateBlock(line=77,level=0,tokens=285), 77, 343, False
2025-12-28 19:14:07 - 20251228_191406_cec5531b - markdown_it.rules_block.paragraph - DEBUG - paragraph.paragraph:10 - entering paragraph: StateBlock(line=77,level=0,tokens=285), 77, 343, False
2025-12-28 19:14:07 - 20251228_191406_cec5531b - markdown_it.rules_block.code - DEBUG - code.code:10 - entering code: StateBlock(line=79,level=0,tokens=288), 79, 343, False
2025-12-28 19:14:07 - 20251228_191406_cec5531b - markdown_it.rules_block.fence - DEBUG - fence.fence:10 - entering fence: StateBlock(line=79,level=0,tokens=288), 79, 343, False
2025-12-28 19:14:07 - 20251228_191406_cec5531b - markdown_it.rules_block.blockquote - DEBUG - blockquote.blockquote:13 - entering blockquote: StateBlock(line=79,level=0,tokens=288), 79, 343, False
2025-12-28 19:14:07 - 20251228_191406_cec5531b - markdown_it.rules_block.hr - DEBUG - hr.hr:14 - entering hr: StateBlock(line=79,level=0,tokens=288), 79, 343, False
2025-12-28 19:14:07 - 20251228_191406_cec5531b - markdown_it.rules_block.list - DEBUG - list.list_block:102 - entering list: StateBlock(line=79,level=0,tokens=288), 79, 343, False
2025-12-28 19:14:07 - 20251228_191406_cec5531b - markdown_it.rules_block.reference - DEBUG - reference.reference:10 - entering reference: StateBlock(line=79,level=0,tokens=288), 79, 343, False
2025-12-28 19:14:07 - 20251228_191406_cec5531b - markdown_it.rules_block.html_block - DEBUG - html_block.html_block:35 - entering html_block: StateBlock(line=79,level=0,tokens=288), 79, 343, False
2025-12-28 19:14:07 - 20251228_191406_cec5531b - markdown_it.rules_block.heading - DEBUG - heading.heading:13 - entering heading: StateBlock(line=79,level=0,tokens=288), 79, 343, False
2025-12-28 19:14:07 - 20251228_191406_cec5531b - markdown_it.rules_block.fence - DEBUG - fence.fence:10 - entering fence: StateBlock(line=81,level=1,tokens=308), 83, 343, True
2025-12-28 19:14:07 - 20251228_191406_cec5531b - markdown_it.rules_block.blockquote - DEBUG - blockquote.blockquote:13 - entering blockquote: StateBlock(line=81,level=1,tokens=308), 83, 343, True
2025-12-28 19:14:07 - 20251228_191406_cec5531b - markdown_it.rules_block.hr - DEBUG - hr.hr:14 - entering hr: StateBlock(line=81,level=1,tokens=308), 83, 343, True
2025-12-28 19:14:07 - 20251228_191406_cec5531b - markdown_it.rules_block.list - DEBUG - list.list_block:102 - entering list: StateBlock(line=81,level=1,tokens=308), 83, 343, True
2025-12-28 19:14:07 - 20251228_191406_cec5531b - markdown_it.rules_block.html_block - DEBUG - html_block.html_block:35 - entering html_block: StateBlock(line=81,level=1,tokens=308), 83, 343, True
2025-12-28 19:14:07 - 20251228_191406_cec5531b - markdown_it.rules_block.heading - DEBUG - heading.heading:13 - entering heading: StateBlock(line=81,level=1,tokens=308), 83, 343, True
2025-12-28 19:14:07 - 20251228_191406_cec5531b - markdown_it.rules_block.fence - DEBUG - fence.fence:10 - entering fence: StateBlock(line=81,level=2,tokens=323), 84, 343, True
2025-12-28 19:14:07 - 20251228_191406_cec5531b - markdown_it.rules_block.blockquote - DEBUG - blockquote.blockquote:13 - entering blockquote: StateBlock(line=81,level=2,tokens=323), 84, 343, True
2025-12-28 19:14:07 - 20251228_191406_cec5531b - markdown_it.rules_block.hr - DEBUG - hr.hr:14 - entering hr: StateBlock(line=81,level=2,tokens=323), 84, 343, True
2025-12-28 19:14:07 - 20251228_191406_cec5531b - markdown_it.rules_block.list - DEBUG - list.list_block:102 - entering list: StateBlock(line=81,level=2,tokens=323), 84, 343, True
2025-12-28 19:14:07 - 20251228_191406_cec5531b - markdown_it.rules_block.html_block - DEBUG - html_block.html_block:35 - entering html_block: StateBlock(line=81,level=2,tokens=323), 84, 343, True
2025-12-28 19:14:07 - 20251228_191406_cec5531b - markdown_it.rules_block.heading - DEBUG - heading.heading:13 - entering heading: StateBlock(line=81,level=2,tokens=323), 84, 343, True
2025-12-28 19:14:07 - 20251228_191406_cec5531b - markdown_it.rules_block.fence - DEBUG - fence.fence:10 - entering fence: StateBlock(line=81,level=2,tokens=337), 85, 343, True
2025-12-28 19:14:07 - 20251228_191406_cec5531b - markdown_it.rules_block.blockquote - DEBUG - blockquote.blockquote:13 - entering blockquote: StateBlock(line=81,level=2,tokens=337), 85, 343, True
2025-12-28 19:14:07 - 20251228_191406_cec5531b - markdown_it.rules_block.hr - DEBUG - hr.hr:14 - entering hr: StateBlock(line=81,level=2,tokens=337), 85, 343, True
2025-12-28 19:14:07 - 20251228_191406_cec5531b - markdown_it.rules_block.list - DEBUG - list.list_block:102 - entering list: StateBlock(line=81,level=2,tokens=337), 85, 343, True
2025-12-28 19:14:07 - 20251228_191406_cec5531b - markdown_it.rules_block.html_block - DEBUG - html_block.html_block:35 - entering html_block: StateBlock(line=81,level=2,tokens=337), 85, 343, True
2025-12-28 19:14:07 - 20251228_191406_cec5531b - markdown_it.rules_block.heading - DEBUG - heading.heading:13 - entering heading: StateBlock(line=81,level=2,tokens=337), 85, 343, True
2025-12-28 19:14:07 - 20251228_191406_cec5531b - markdown_it.rules_block.fence - DEBUG - fence.fence:10 - entering fence: StateBlock(line=81,level=2,tokens=351), 86, 343, True
2025-12-28 19:14:07 - 20251228_191406_cec5531b - markdown_it.rules_block.blockquote - DEBUG - blockquote.blockquote:13 - entering blockquote: StateBlock(line=81,level=2,tokens=351), 86, 343, True
2025-12-28 19:14:07 - 20251228_191406_cec5531b - markdown_it.rules_block.hr - DEBUG - hr.hr:14 - entering hr: StateBlock(line=81,level=2,tokens=351), 86, 343, True
2025-12-28 19:14:07 - 20251228_191406_cec5531b - markdown_it.rules_block.list - DEBUG - list.list_block:102 - entering list: StateBlock(line=81,level=2,tokens=351), 86, 343, True
2025-12-28 19:14:07 - 20251228_191406_cec5531b - markdown_it.rules_block.html_block - DEBUG - html_block.html_block:35 - entering html_block: StateBlock(line=81,level=2,tokens=351), 86, 343, True
2025-12-28 19:14:07 - 20251228_191406_cec5531b - markdown_it.rules_block.heading - DEBUG - heading.heading:13 - entering heading: StateBlock(line=81,level=2,tokens=351), 86, 343, True
2025-12-28 19:14:07 - 20251228_191406_cec5531b - markdown_it.rules_block.fence - DEBUG - fence.fence:10 - entering fence: StateBlock(line=81,level=2,tokens=365), 87, 343, True
2025-12-28 19:14:07 - 20251228_191406_cec5531b - markdown_it.rules_block.blockquote - DEBUG - blockquote.blockquote:13 - entering blockquote: StateBlock(line=81,level=2,tokens=365), 87, 343, True
2025-12-28 19:14:07 - 20251228_191406_cec5531b - markdown_it.rules_block.hr - DEBUG - hr.hr:14 - entering hr: StateBlock(line=81,level=2,tokens=365), 87, 343, True
2025-12-28 19:14:07 - 20251228_191406_cec5531b - markdown_it.rules_block.list - DEBUG - list.list_block:102 - entering list: StateBlock(line=81,level=2,tokens=365), 87, 343, True
2025-12-28 19:14:07 - 20251228_191406_cec5531b - markdown_it.rules_block.html_block - DEBUG - html_block.html_block:35 - entering html_block: StateBlock(line=81,level=2,tokens=365), 87, 343, True
2025-12-28 19:14:07 - 20251228_191406_cec5531b - markdown_it.rules_block.heading - DEBUG - heading.heading:13 - entering heading: StateBlock(line=81,level=2,tokens=365), 87, 343, True
2025-12-28 19:14:07 - 20251228_191406_cec5531b - markdown_it.rules_block.fence - DEBUG - fence.fence:10 - entering fence: StateBlock(line=81,level=2,tokens=379), 88, 343, True
2025-12-28 19:14:07 - 20251228_191406_cec5531b - markdown_it.rules_block.blockquote - DEBUG - blockquote.blockquote:13 - entering blockquote: StateBlock(line=81,level=2,tokens=379), 88, 343, True
2025-12-28 19:14:07 - 20251228_191406_cec5531b - markdown_it.rules_block.hr - DEBUG - hr.hr:14 - entering hr: StateBlock(line=81,level=2,tokens=379), 88, 343, True
2025-12-28 19:14:07 - 20251228_191406_cec5531b - markdown_it.rules_block.list - DEBUG - list.list_block:102 - entering list: StateBlock(line=81,level=2,tokens=379), 88, 343, True
2025-12-28 19:14:07 - 20251228_191406_cec5531b - markdown_it.rules_block.html_block - DEBUG - html_block.html_block:35 - entering html_block: StateBlock(line=81,level=2,tokens=379), 88, 343, True
2025-12-28 19:14:07 - 20251228_191406_cec5531b - markdown_it.rules_block.heading - DEBUG - heading.heading:13 - entering heading: StateBlock(line=81,level=2,tokens=379), 88, 343, True
2025-12-28 19:14:07 - 20251228_191406_cec5531b - markdown_it.rules_block.code - DEBUG - code.code:10 - entering code: StateBlock(line=89,level=0,tokens=381), 89, 343, False
2025-12-28 19:14:07 - 20251228_191406_cec5531b - markdown_it.rules_block.fence - DEBUG - fence.fence:10 - entering fence: StateBlock(line=89,level=0,tokens=381), 89, 343, False
2025-12-28 19:14:07 - 20251228_191406_cec5531b - markdown_it.rules_block.blockquote - DEBUG - blockquote.blockquote:13 - entering blockquote: StateBlock(line=89,level=0,tokens=381), 89, 343, False
2025-12-28 19:14:07 - 20251228_191406_cec5531b - markdown_it.rules_block.hr - DEBUG - hr.hr:14 - entering hr: StateBlock(line=89,level=0,tokens=381), 89, 343, False
2025-12-28 19:14:07 - 20251228_191406_cec5531b - markdown_it.rules_block.list - DEBUG - list.list_block:102 - entering list: StateBlock(line=89,level=0,tokens=381), 89, 343, False
2025-12-28 19:14:07 - 20251228_191406_cec5531b - markdown_it.rules_block.reference - DEBUG - reference.reference:10 - entering reference: StateBlock(line=89,level=0,tokens=381), 89, 343, False
2025-12-28 19:14:07 - 20251228_191406_cec5531b - markdown_it.rules_block.html_block - DEBUG - html_block.html_block:35 - entering html_block: StateBlock(line=89,level=0,tokens=381), 89, 343, False
2025-12-28 19:14:07 - 20251228_191406_cec5531b - markdown_it.rules_block.heading - DEBUG - heading.heading:13 - entering heading: StateBlock(line=89,level=0,tokens=381), 89, 343, False
2025-12-28 19:14:07 - 20251228_191406_cec5531b - markdown_it.rules_block.fence - DEBUG - fence.fence:10 - entering fence: StateBlock(line=91,level=1,tokens=398), 93, 343, True
2025-12-28 19:14:07 - 20251228_191406_cec5531b - markdown_it.rules_block.blockquote - DEBUG - blockquote.blockquote:13 - entering blockquote: StateBlock(line=91,level=1,tokens=398), 93, 343, True
2025-12-28 19:14:07 - 20251228_191406_cec5531b - markdown_it.rules_block.hr - DEBUG - hr.hr:14 - entering hr: StateBlock(line=91,level=1,tokens=398), 93, 343, True
2025-12-28 19:14:07 - 20251228_191406_cec5531b - markdown_it.rules_block.list - DEBUG - list.list_block:102 - entering list: StateBlock(line=91,level=1,tokens=398), 93, 343, True
2025-12-28 19:14:07 - 20251228_191406_cec5531b - markdown_it.rules_block.html_block - DEBUG - html_block.html_block:35 - entering html_block: StateBlock(line=91,level=1,tokens=398), 93, 343, True
2025-12-28 19:14:07 - 20251228_191406_cec5531b - markdown_it.rules_block.heading - DEBUG - heading.heading:13 - entering heading: StateBlock(line=91,level=1,tokens=398), 93, 343, True
2025-12-28 19:14:07 - 20251228_191406_cec5531b - markdown_it.rules_block.fence - DEBUG - fence.fence:10 - entering fence: StateBlock(line=91,level=2,tokens=410), 94, 343, True
2025-12-28 19:14:07 - 20251228_191406_cec5531b - markdown_it.rules_block.blockquote - DEBUG - blockquote.blockquote:13 - entering blockquote: StateBlock(line=91,level=2,tokens=410), 94, 343, True
2025-12-28 19:14:07 - 20251228_191406_cec5531b - markdown_it.rules_block.hr - DEBUG - hr.hr:14 - entering hr: StateBlock(line=91,level=2,tokens=410), 94, 343, True
2025-12-28 19:14:07 - 20251228_191406_cec5531b - markdown_it.rules_block.list - DEBUG - list.list_block:102 - entering list: StateBlock(line=91,level=2,tokens=410), 94, 343, True
2025-12-28 19:14:07 - 20251228_191406_cec5531b - markdown_it.rules_block.html_block - DEBUG - html_block.html_block:35 - entering html_block: StateBlock(line=91,level=2,tokens=410), 94, 343, True
2025-12-28 19:14:07 - 20251228_191406_cec5531b - markdown_it.rules_block.heading - DEBUG - heading.heading:13 - entering heading: StateBlock(line=91,level=2,tokens=410), 94, 343, True
2025-12-28 19:14:07 - 20251228_191406_cec5531b - markdown_it.rules_block.fence - DEBUG - fence.fence:10 - entering fence: StateBlock(line=91,level=2,tokens=421), 95, 343, True
2025-12-28 19:14:07 - 20251228_191406_cec5531b - markdown_it.rules_block.blockquote - DEBUG - blockquote.blockquote:13 - entering blockquote: StateBlock(line=91,level=2,tokens=421), 95, 343, True
2025-12-28 19:14:07 - 20251228_191406_cec5531b - markdown_it.rules_block.hr - DEBUG - hr.hr:14 - entering hr: StateBlock(line=91,level=2,tokens=421), 95, 343, True
2025-12-28 19:14:07 - 20251228_191406_cec5531b - markdown_it.rules_block.list - DEBUG - list.list_block:102 - entering list: StateBlock(line=91,level=2,tokens=421), 95, 343, True
2025-12-28 19:14:07 - 20251228_191406_cec5531b - markdown_it.rules_block.html_block - DEBUG - html_block.html_block:35 - entering html_block: StateBlock(line=91,level=2,tokens=421), 95, 343, True
2025-12-28 19:14:07 - 20251228_191406_cec5531b - markdown_it.rules_block.heading - DEBUG - heading.heading:13 - entering heading: StateBlock(line=91,level=2,tokens=421), 95, 343, True
2025-12-28 19:14:07 - 20251228_191406_cec5531b - markdown_it.rules_block.fence - DEBUG - fence.fence:10 - entering fence: StateBlock(line=91,level=2,tokens=432), 96, 343, True
2025-12-28 19:14:07 - 20251228_191406_cec5531b - markdown_it.rules_block.blockquote - DEBUG - blockquote.blockquote:13 - entering blockquote: StateBlock(line=91,level=2,tokens=432), 96, 343, True
2025-12-28 19:14:07 - 20251228_191406_cec5531b - markdown_it.rules_block.hr - DEBUG - hr.hr:14 - entering hr: StateBlock(line=91,level=2,tokens=432), 96, 343, True
2025-12-28 19:14:07 - 20251228_191406_cec5531b - markdown_it.rules_block.list - DEBUG - list.list_block:102 - entering list: StateBlock(line=91,level=2,tokens=432), 96, 343, True
2025-12-28 19:14:07 - 20251228_191406_cec5531b - markdown_it.rules_block.html_block - DEBUG - html_block.html_block:35 - entering html_block: StateBlock(line=91,level=2,tokens=432), 96, 343, True
2025-12-28 19:14:07 - 20251228_191406_cec5531b - markdown_it.rules_block.heading - DEBUG - heading.heading:13 - entering heading: StateBlock(line=91,level=2,tokens=432), 96, 343, True
2025-12-28 19:14:07 - 20251228_191406_cec5531b - markdown_it.rules_block.fence - DEBUG - fence.fence:10 - entering fence: StateBlock(line=91,level=2,tokens=443), 97, 343, True
2025-12-28 19:14:07 - 20251228_191406_cec5531b - markdown_it.rules_block.blockquote - DEBUG - blockquote.blockquote:13 - entering blockquote: StateBlock(line=91,level=2,tokens=443), 97, 343, True
2025-12-28 19:14:07 - 20251228_191406_cec5531b - markdown_it.rules_block.hr - DEBUG - hr.hr:14 - entering hr: StateBlock(line=91,level=2,tokens=443), 97, 343, True
2025-12-28 19:14:07 - 20251228_191406_cec5531b - markdown_it.rules_block.list - DEBUG - list.list_block:102 - entering list: StateBlock(line=91,level=2,tokens=443), 97, 343, True
2025-12-28 19:14:07 - 20251228_191406_cec5531b - markdown_it.rules_block.html_block - DEBUG - html_block.html_block:35 - entering html_block: StateBlock(line=91,level=2,tokens=443), 97, 343, True
2025-12-28 19:14:07 - 20251228_191406_cec5531b - markdown_it.rules_block.heading - DEBUG - heading.heading:13 - entering heading: StateBlock(line=91,level=2,tokens=443), 97, 343, True
2025-12-28 19:14:07 - 20251228_191406_cec5531b - markdown_it.rules_block.fence - DEBUG - fence.fence:10 - entering fence: StateBlock(line=91,level=2,tokens=454), 98, 343, True
2025-12-28 19:14:07 - 20251228_191406_cec5531b - markdown_it.rules_block.blockquote - DEBUG - blockquote.blockquote:13 - entering blockquote: StateBlock(line=91,level=2,tokens=454), 98, 343, True
2025-12-28 19:14:07 - 20251228_191406_cec5531b - markdown_it.rules_block.hr - DEBUG - hr.hr:14 - entering hr: StateBlock(line=91,level=2,tokens=454), 98, 343, True
2025-12-28 19:14:07 - 20251228_191406_cec5531b - markdown_it.rules_block.list - DEBUG - list.list_block:102 - entering list: StateBlock(line=91,level=2,tokens=454), 98, 343, True
2025-12-28 19:14:07 - 20251228_191406_cec5531b - markdown_it.rules_block.html_block - DEBUG - html_block.html_block:35 - entering html_block: StateBlock(line=91,level=2,tokens=454), 98, 343, True
2025-12-28 19:14:07 - 20251228_191406_cec5531b - markdown_it.rules_block.heading - DEBUG - heading.heading:13 - entering heading: StateBlock(line=91,level=2,tokens=454), 98, 343, True
2025-12-28 19:14:07 - 20251228_191406_cec5531b - markdown_it.rules_block.code - DEBUG - code.code:10 - entering code: StateBlock(line=99,level=0,tokens=456), 99, 343, False
2025-12-28 19:14:07 - 20251228_191406_cec5531b - markdown_it.rules_block.fence - DEBUG - fence.fence:10 - entering fence: StateBlock(line=99,level=0,tokens=456), 99, 343, False
2025-12-28 19:14:07 - 20251228_191406_cec5531b - markdown_it.rules_block.blockquote - DEBUG - blockquote.blockquote:13 - entering blockquote: StateBlock(line=99,level=0,tokens=456), 99, 343, False
2025-12-28 19:14:07 - 20251228_191406_cec5531b - markdown_it.rules_block.hr - DEBUG - hr.hr:14 - entering hr: StateBlock(line=99,level=0,tokens=456), 99, 343, False
2025-12-28 19:14:07 - 20251228_191406_cec5531b - markdown_it.rules_block.list - DEBUG - list.list_block:102 - entering list: StateBlock(line=99,level=0,tokens=456), 99, 343, False
2025-12-28 19:14:07 - 20251228_191406_cec5531b - markdown_it.rules_block.reference - DEBUG - reference.reference:10 - entering reference: StateBlock(line=99,level=0,tokens=456), 99, 343, False
2025-12-28 19:14:07 - 20251228_191406_cec5531b - markdown_it.rules_block.html_block - DEBUG - html_block.html_block:35 - entering html_block: StateBlock(line=99,level=0,tokens=456), 99, 343, False
2025-12-28 19:14:07 - 20251228_191406_cec5531b - markdown_it.rules_block.heading - DEBUG - heading.heading:13 - entering heading: StateBlock(line=99,level=0,tokens=456), 99, 343, False
2025-12-28 19:14:07 - 20251228_191406_cec5531b - markdown_it.rules_block.fence - DEBUG - fence.fence:10 - entering fence: StateBlock(line=101,level=1,tokens=476), 103, 343, True
2025-12-28 19:14:07 - 20251228_191406_cec5531b - markdown_it.rules_block.blockquote - DEBUG - blockquote.blockquote:13 - entering blockquote: StateBlock(line=101,level=1,tokens=476), 103, 343, True
2025-12-28 19:14:07 - 20251228_191406_cec5531b - markdown_it.rules_block.hr - DEBUG - hr.hr:14 - entering hr: StateBlock(line=101,level=1,tokens=476), 103, 343, True
2025-12-28 19:14:07 - 20251228_191406_cec5531b - markdown_it.rules_block.list - DEBUG - list.list_block:102 - entering list: StateBlock(line=101,level=1,tokens=476), 103, 343, True
2025-12-28 19:14:07 - 20251228_191406_cec5531b - markdown_it.rules_block.html_block - DEBUG - html_block.html_block:35 - entering html_block: StateBlock(line=101,level=1,tokens=476), 103, 343, True
2025-12-28 19:14:07 - 20251228_191406_cec5531b - markdown_it.rules_block.heading - DEBUG - heading.heading:13 - entering heading: StateBlock(line=101,level=1,tokens=476), 103, 343, True
2025-12-28 19:14:07 - 20251228_191406_cec5531b - markdown_it.rules_block.fence - DEBUG - fence.fence:10 - entering fence: StateBlock(line=101,level=2,tokens=491), 104, 343, True
2025-12-28 19:14:07 - 20251228_191406_cec5531b - markdown_it.rules_block.blockquote - DEBUG - blockquote.blockquote:13 - entering blockquote: StateBlock(line=101,level=2,tokens=491), 104, 343, True
2025-12-28 19:14:07 - 20251228_191406_cec5531b - markdown_it.rules_block.hr - DEBUG - hr.hr:14 - entering hr: StateBlock(line=101,level=2,tokens=491), 104, 343, True
2025-12-28 19:14:07 - 20251228_191406_cec5531b - markdown_it.rules_block.list - DEBUG - list.list_block:102 - entering list: StateBlock(line=101,level=2,tokens=491), 104, 343, True
2025-12-28 19:14:07 - 20251228_191406_cec5531b - markdown_it.rules_block.html_block - DEBUG - html_block.html_block:35 - entering html_block: StateBlock(line=101,level=2,tokens=491), 104, 343, True
2025-12-28 19:14:07 - 20251228_191406_cec5531b - markdown_it.rules_block.heading - DEBUG - heading.heading:13 - entering heading: StateBlock(line=101,level=2,tokens=491), 104, 343, True
2025-12-28 19:14:07 - 20251228_191406_cec5531b - markdown_it.rules_block.code - DEBUG - code.code:10 - entering code: StateBlock(line=105,level=0,tokens=493), 105, 343, False
2025-12-28 19:14:07 - 20251228_191406_cec5531b - markdown_it.rules_block.fence - DEBUG - fence.fence:10 - entering fence: StateBlock(line=105,level=0,tokens=493), 105, 343, False
2025-12-28 19:14:07 - 20251228_191406_cec5531b - markdown_it.rules_block.blockquote - DEBUG - blockquote.blockquote:13 - entering blockquote: StateBlock(line=105,level=0,tokens=493), 105, 343, False
2025-12-28 19:14:07 - 20251228_191406_cec5531b - markdown_it.rules_block.hr - DEBUG - hr.hr:14 - entering hr: StateBlock(line=105,level=0,tokens=493), 105, 343, False
2025-12-28 19:14:07 - 20251228_191406_cec5531b - markdown_it.rules_block.list - DEBUG - list.list_block:102 - entering list: StateBlock(line=105,level=0,tokens=493), 105, 343, False
2025-12-28 19:14:07 - 20251228_191406_cec5531b - markdown_it.rules_block.reference - DEBUG - reference.reference:10 - entering reference: StateBlock(line=105,level=0,tokens=493), 105, 343, False
2025-12-28 19:14:07 - 20251228_191406_cec5531b - markdown_it.rules_block.html_block - DEBUG - html_block.html_block:35 - entering html_block: StateBlock(line=105,level=0,tokens=493), 105, 343, False
2025-12-28 19:14:07 - 20251228_191406_cec5531b - markdown_it.rules_block.heading - DEBUG - heading.heading:13 - entering heading: StateBlock(line=105,level=0,tokens=493), 105, 343, False
2025-12-28 19:14:07 - 20251228_191406_cec5531b - markdown_it.rules_block.code - DEBUG - code.code:10 - entering code: StateBlock(line=107,level=0,tokens=496), 107, 343, False
2025-12-28 19:14:07 - 20251228_191406_cec5531b - markdown_it.rules_block.fence - DEBUG - fence.fence:10 - entering fence: StateBlock(line=107,level=0,tokens=496), 107, 343, False
2025-12-28 19:14:07 - 20251228_191406_cec5531b - markdown_it.rules_block.blockquote - DEBUG - blockquote.blockquote:13 - entering blockquote: StateBlock(line=107,level=0,tokens=496), 107, 343, False
2025-12-28 19:14:07 - 20251228_191406_cec5531b - markdown_it.rules_block.hr - DEBUG - hr.hr:14 - entering hr: StateBlock(line=107,level=0,tokens=496), 107, 343, False
2025-12-28 19:14:07 - 20251228_191406_cec5531b - markdown_it.rules_block.list - DEBUG - list.list_block:102 - entering list: StateBlock(line=107,level=0,tokens=496), 107, 343, False
2025-12-28 19:14:07 - 20251228_191406_cec5531b - markdown_it.rules_block.reference - DEBUG - reference.reference:10 - entering reference: StateBlock(line=107,level=0,tokens=496), 107, 343, False
2025-12-28 19:14:07 - 20251228_191406_cec5531b - markdown_it.rules_block.html_block - DEBUG - html_block.html_block:35 - entering html_block: StateBlock(line=107,level=0,tokens=496), 107, 343, False
2025-12-28 19:14:07 - 20251228_191406_cec5531b - markdown_it.rules_block.heading - DEBUG - heading.heading:13 - entering heading: StateBlock(line=107,level=0,tokens=496), 107, 343, False
2025-12-28 19:14:07 - 20251228_191406_cec5531b - markdown_it.rules_block.lheading - DEBUG - lheading.lheading:10 - entering lheading: StateBlock(line=107,level=0,tokens=496), 107, 343, False
2025-12-28 19:14:07 - 20251228_191406_cec5531b - markdown_it.rules_block.paragraph - DEBUG - paragraph.paragraph:10 - entering paragraph: StateBlock(line=107,level=0,tokens=496), 107, 343, False
2025-12-28 19:14:07 - 20251228_191406_cec5531b - markdown_it.rules_block.fence - DEBUG - fence.fence:10 - entering fence: StateBlock(line=109,level=1,tokens=516), 111, 343, True
2025-12-28 19:14:07 - 20251228_191406_cec5531b - markdown_it.rules_block.blockquote - DEBUG - blockquote.blockquote:13 - entering blockquote: StateBlock(line=109,level=1,tokens=516), 111, 343, True
2025-12-28 19:14:07 - 20251228_191406_cec5531b - markdown_it.rules_block.hr - DEBUG - hr.hr:14 - entering hr: StateBlock(line=109,level=1,tokens=516), 111, 343, True
2025-12-28 19:14:07 - 20251228_191406_cec5531b - markdown_it.rules_block.list - DEBUG - list.list_block:102 - entering list: StateBlock(line=109,level=1,tokens=516), 111, 343, True
2025-12-28 19:14:07 - 20251228_191406_cec5531b - markdown_it.rules_block.html_block - DEBUG - html_block.html_block:35 - entering html_block: StateBlock(line=109,level=1,tokens=516), 111, 343, True
2025-12-28 19:14:07 - 20251228_191406_cec5531b - markdown_it.rules_block.heading - DEBUG - heading.heading:13 - entering heading: StateBlock(line=109,level=1,tokens=516), 111, 343, True
2025-12-28 19:14:07 - 20251228_191406_cec5531b - markdown_it.rules_block.fence - DEBUG - fence.fence:10 - entering fence: StateBlock(line=109,level=2,tokens=531), 112, 343, True
2025-12-28 19:14:07 - 20251228_191406_cec5531b - markdown_it.rules_block.blockquote - DEBUG - blockquote.blockquote:13 - entering blockquote: StateBlock(line=109,level=2,tokens=531), 112, 343, True
2025-12-28 19:14:07 - 20251228_191406_cec5531b - markdown_it.rules_block.hr - DEBUG - hr.hr:14 - entering hr: StateBlock(line=109,level=2,tokens=531), 112, 343, True
2025-12-28 19:14:07 - 20251228_191406_cec5531b - markdown_it.rules_block.list - DEBUG - list.list_block:102 - entering list: StateBlock(line=109,level=2,tokens=531), 112, 343, True
2025-12-28 19:14:07 - 20251228_191406_cec5531b - markdown_it.rules_block.html_block - DEBUG - html_block.html_block:35 - entering html_block: StateBlock(line=109,level=2,tokens=531), 112, 343, True
2025-12-28 19:14:07 - 20251228_191406_cec5531b - markdown_it.rules_block.heading - DEBUG - heading.heading:13 - entering heading: StateBlock(line=109,level=2,tokens=531), 112, 343, True
2025-12-28 19:14:07 - 20251228_191406_cec5531b - markdown_it.rules_block.fence - DEBUG - fence.fence:10 - entering fence: StateBlock(line=109,level=2,tokens=545), 113, 343, True
2025-12-28 19:14:07 - 20251228_191406_cec5531b - markdown_it.rules_block.blockquote - DEBUG - blockquote.blockquote:13 - entering blockquote: StateBlock(line=109,level=2,tokens=545), 113, 343, True
2025-12-28 19:14:07 - 20251228_191406_cec5531b - markdown_it.rules_block.hr - DEBUG - hr.hr:14 - entering hr: StateBlock(line=109,level=2,tokens=545), 113, 343, True
2025-12-28 19:14:07 - 20251228_191406_cec5531b - markdown_it.rules_block.list - DEBUG - list.list_block:102 - entering list: StateBlock(line=109,level=2,tokens=545), 113, 343, True
2025-12-28 19:14:07 - 20251228_191406_cec5531b - markdown_it.rules_block.html_block - DEBUG - html_block.html_block:35 - entering html_block: StateBlock(line=109,level=2,tokens=545), 113, 343, True
2025-12-28 19:14:07 - 20251228_191406_cec5531b - markdown_it.rules_block.heading - DEBUG - heading.heading:13 - entering heading: StateBlock(line=109,level=2,tokens=545), 113, 343, True
2025-12-28 19:14:07 - 20251228_191406_cec5531b - markdown_it.rules_block.code - DEBUG - code.code:10 - entering code: StateBlock(line=114,level=0,tokens=547), 114, 343, False
2025-12-28 19:14:07 - 20251228_191406_cec5531b - markdown_it.rules_block.fence - DEBUG - fence.fence:10 - entering fence: StateBlock(line=114,level=0,tokens=547), 114, 343, False
2025-12-28 19:14:07 - 20251228_191406_cec5531b - markdown_it.rules_block.blockquote - DEBUG - blockquote.blockquote:13 - entering blockquote: StateBlock(line=114,level=0,tokens=547), 114, 343, False
2025-12-28 19:14:07 - 20251228_191406_cec5531b - markdown_it.rules_block.hr - DEBUG - hr.hr:14 - entering hr: StateBlock(line=114,level=0,tokens=547), 114, 343, False
2025-12-28 19:14:07 - 20251228_191406_cec5531b - markdown_it.rules_block.code - DEBUG - code.code:10 - entering code: StateBlock(line=116,level=0,tokens=548), 116, 343, False
2025-12-28 19:14:07 - 20251228_191406_cec5531b - markdown_it.rules_block.fence - DEBUG - fence.fence:10 - entering fence: StateBlock(line=116,level=0,tokens=548), 116, 343, False
2025-12-28 19:14:07 - 20251228_191406_cec5531b - markdown_it.rules_block.blockquote - DEBUG - blockquote.blockquote:13 - entering blockquote: StateBlock(line=116,level=0,tokens=548), 116, 343, False
2025-12-28 19:14:07 - 20251228_191406_cec5531b - markdown_it.rules_block.hr - DEBUG - hr.hr:14 - entering hr: StateBlock(line=116,level=0,tokens=548), 116, 343, False
2025-12-28 19:14:07 - 20251228_191406_cec5531b - markdown_it.rules_block.list - DEBUG - list.list_block:102 - entering list: StateBlock(line=116,level=0,tokens=548), 116, 343, False
2025-12-28 19:14:07 - 20251228_191406_cec5531b - markdown_it.rules_block.reference - DEBUG - reference.reference:10 - entering reference: StateBlock(line=116,level=0,tokens=548), 116, 343, False
2025-12-28 19:14:07 - 20251228_191406_cec5531b - markdown_it.rules_block.html_block - DEBUG - html_block.html_block:35 - entering html_block: StateBlock(line=116,level=0,tokens=548), 116, 343, False
2025-12-28 19:14:07 - 20251228_191406_cec5531b - markdown_it.rules_block.heading - DEBUG - heading.heading:13 - entering heading: StateBlock(line=116,level=0,tokens=548), 116, 343, False
2025-12-28 19:14:07 - 20251228_191406_cec5531b - markdown_it.rules_block.code - DEBUG - code.code:10 - entering code: StateBlock(line=118,level=0,tokens=551), 118, 343, False
2025-12-28 19:14:07 - 20251228_191406_cec5531b - markdown_it.rules_block.fence - DEBUG - fence.fence:10 - entering fence: StateBlock(line=118,level=0,tokens=551), 118, 343, False
2025-12-28 19:14:07 - 20251228_191406_cec5531b - markdown_it.rules_block.blockquote - DEBUG - blockquote.blockquote:13 - entering blockquote: StateBlock(line=118,level=0,tokens=551), 118, 343, False
2025-12-28 19:14:07 - 20251228_191406_cec5531b - markdown_it.rules_block.hr - DEBUG - hr.hr:14 - entering hr: StateBlock(line=118,level=0,tokens=551), 118, 343, False
2025-12-28 19:14:07 - 20251228_191406_cec5531b - markdown_it.rules_block.list - DEBUG - list.list_block:102 - entering list: StateBlock(line=118,level=0,tokens=551), 118, 343, False
2025-12-28 19:14:07 - 20251228_191406_cec5531b - markdown_it.rules_block.reference - DEBUG - reference.reference:10 - entering reference: StateBlock(line=118,level=0,tokens=551), 118, 343, False
2025-12-28 19:14:07 - 20251228_191406_cec5531b - markdown_it.rules_block.html_block - DEBUG - html_block.html_block:35 - entering html_block: StateBlock(line=118,level=0,tokens=551), 118, 343, False
2025-12-28 19:14:07 - 20251228_191406_cec5531b - markdown_it.rules_block.heading - DEBUG - heading.heading:13 - entering heading: StateBlock(line=118,level=0,tokens=551), 118, 343, False
2025-12-28 19:14:07 - 20251228_191406_cec5531b - markdown_it.rules_block.code - DEBUG - code.code:10 - entering code: StateBlock(line=120,level=0,tokens=554), 120, 343, False
2025-12-28 19:14:07 - 20251228_191406_cec5531b - markdown_it.rules_block.fence - DEBUG - fence.fence:10 - entering fence: StateBlock(line=120,level=0,tokens=554), 120, 343, False
2025-12-28 19:14:07 - 20251228_191406_cec5531b - markdown_it.rules_block.blockquote - DEBUG - blockquote.blockquote:13 - entering blockquote: StateBlock(line=120,level=0,tokens=554), 120, 343, False
2025-12-28 19:14:07 - 20251228_191406_cec5531b - markdown_it.rules_block.hr - DEBUG - hr.hr:14 - entering hr: StateBlock(line=120,level=0,tokens=554), 120, 343, False
2025-12-28 19:14:07 - 20251228_191406_cec5531b - markdown_it.rules_block.list - DEBUG - list.list_block:102 - entering list: StateBlock(line=120,level=0,tokens=554), 120, 343, False
2025-12-28 19:14:07 - 20251228_191406_cec5531b - markdown_it.rules_block.reference - DEBUG - reference.reference:10 - entering reference: StateBlock(line=120,level=0,tokens=554), 120, 343, False
2025-12-28 19:14:07 - 20251228_191406_cec5531b - markdown_it.rules_block.html_block - DEBUG - html_block.html_block:35 - entering html_block: StateBlock(line=120,level=0,tokens=554), 120, 343, False
2025-12-28 19:14:07 - 20251228_191406_cec5531b - markdown_it.rules_block.heading - DEBUG - heading.heading:13 - entering heading: StateBlock(line=120,level=0,tokens=554), 120, 343, False
2025-12-28 19:14:07 - 20251228_191406_cec5531b - markdown_it.rules_block.lheading - DEBUG - lheading.lheading:10 - entering lheading: StateBlock(line=120,level=0,tokens=554), 120, 343, False
2025-12-28 19:14:07 - 20251228_191406_cec5531b - markdown_it.rules_block.fence - DEBUG - fence.fence:10 - entering fence: StateBlock(line=120,level=0,tokens=554), 121, 343, True
2025-12-28 19:14:07 - 20251228_191406_cec5531b - markdown_it.rules_block.blockquote - DEBUG - blockquote.blockquote:13 - entering blockquote: StateBlock(line=120,level=0,tokens=554), 121, 343, True
2025-12-28 19:14:07 - 20251228_191406_cec5531b - markdown_it.rules_block.hr - DEBUG - hr.hr:14 - entering hr: StateBlock(line=120,level=0,tokens=554), 121, 343, True
2025-12-28 19:14:07 - 20251228_191406_cec5531b - markdown_it.rules_block.list - DEBUG - list.list_block:102 - entering list: StateBlock(line=120,level=0,tokens=554), 121, 343, True
2025-12-28 19:14:07 - 20251228_191406_cec5531b - markdown_it.rules_block.html_block - DEBUG - html_block.html_block:35 - entering html_block: StateBlock(line=120,level=0,tokens=554), 121, 343, True
2025-12-28 19:14:07 - 20251228_191406_cec5531b - markdown_it.rules_block.heading - DEBUG - heading.heading:13 - entering heading: StateBlock(line=120,level=0,tokens=554), 121, 343, True
2025-12-28 19:14:07 - 20251228_191406_cec5531b - markdown_it.rules_block.paragraph - DEBUG - paragraph.paragraph:10 - entering paragraph: StateBlock(line=120,level=0,tokens=554), 120, 343, False
2025-12-28 19:14:07 - 20251228_191406_cec5531b - markdown_it.rules_block.fence - DEBUG - fence.fence:10 - entering fence: StateBlock(line=120,level=0,tokens=554), 121, 343, True
2025-12-28 19:14:07 - 20251228_191406_cec5531b - markdown_it.rules_block.blockquote - DEBUG - blockquote.blockquote:13 - entering blockquote: StateBlock(line=120,level=0,tokens=554), 121, 343, True
2025-12-28 19:14:07 - 20251228_191406_cec5531b - markdown_it.rules_block.hr - DEBUG - hr.hr:14 - entering hr: StateBlock(line=120,level=0,tokens=554), 121, 343, True
2025-12-28 19:14:07 - 20251228_191406_cec5531b - markdown_it.rules_block.list - DEBUG - list.list_block:102 - entering list: StateBlock(line=120,level=0,tokens=554), 121, 343, True
2025-12-28 19:14:07 - 20251228_191406_cec5531b - markdown_it.rules_block.html_block - DEBUG - html_block.html_block:35 - entering html_block: StateBlock(line=120,level=0,tokens=554), 121, 343, True
2025-12-28 19:14:07 - 20251228_191406_cec5531b - markdown_it.rules_block.heading - DEBUG - heading.heading:13 - entering heading: StateBlock(line=120,level=0,tokens=554), 121, 343, True
2025-12-28 19:14:07 - 20251228_191406_cec5531b - markdown_it.rules_block.fence - DEBUG - fence.fence:10 - entering fence: StateBlock(line=123,level=1,tokens=568), 125, 343, True
2025-12-28 19:14:07 - 20251228_191406_cec5531b - markdown_it.rules_block.blockquote - DEBUG - blockquote.blockquote:13 - entering blockquote: StateBlock(line=123,level=1,tokens=568), 125, 343, True
2025-12-28 19:14:07 - 20251228_191406_cec5531b - markdown_it.rules_block.hr - DEBUG - hr.hr:14 - entering hr: StateBlock(line=123,level=1,tokens=568), 125, 343, True
2025-12-28 19:14:07 - 20251228_191406_cec5531b - markdown_it.rules_block.list - DEBUG - list.list_block:102 - entering list: StateBlock(line=123,level=1,tokens=568), 125, 343, True
2025-12-28 19:14:07 - 20251228_191406_cec5531b - markdown_it.rules_block.html_block - DEBUG - html_block.html_block:35 - entering html_block: StateBlock(line=123,level=1,tokens=568), 125, 343, True
2025-12-28 19:14:07 - 20251228_191406_cec5531b - markdown_it.rules_block.heading - DEBUG - heading.heading:13 - entering heading: StateBlock(line=123,level=1,tokens=568), 125, 343, True
2025-12-28 19:14:07 - 20251228_191406_cec5531b - markdown_it.rules_block.fence - DEBUG - fence.fence:10 - entering fence: StateBlock(line=123,level=2,tokens=577), 126, 343, True
2025-12-28 19:14:07 - 20251228_191406_cec5531b - markdown_it.rules_block.blockquote - DEBUG - blockquote.blockquote:13 - entering blockquote: StateBlock(line=123,level=2,tokens=577), 126, 343, True
2025-12-28 19:14:07 - 20251228_191406_cec5531b - markdown_it.rules_block.hr - DEBUG - hr.hr:14 - entering hr: StateBlock(line=123,level=2,tokens=577), 126, 343, True
2025-12-28 19:14:07 - 20251228_191406_cec5531b - markdown_it.rules_block.list - DEBUG - list.list_block:102 - entering list: StateBlock(line=123,level=2,tokens=577), 126, 343, True
2025-12-28 19:14:07 - 20251228_191406_cec5531b - markdown_it.rules_block.html_block - DEBUG - html_block.html_block:35 - entering html_block: StateBlock(line=123,level=2,tokens=577), 126, 343, True
2025-12-28 19:14:07 - 20251228_191406_cec5531b - markdown_it.rules_block.heading - DEBUG - heading.heading:13 - entering heading: StateBlock(line=123,level=2,tokens=577), 126, 343, True
2025-12-28 19:14:07 - 20251228_191406_cec5531b - markdown_it.rules_block.fence - DEBUG - fence.fence:10 - entering fence: StateBlock(line=123,level=2,tokens=585), 127, 343, True
2025-12-28 19:14:07 - 20251228_191406_cec5531b - markdown_it.rules_block.blockquote - DEBUG - blockquote.blockquote:13 - entering blockquote: StateBlock(line=123,level=2,tokens=585), 127, 343, True
2025-12-28 19:14:07 - 20251228_191406_cec5531b - markdown_it.rules_block.hr - DEBUG - hr.hr:14 - entering hr: StateBlock(line=123,level=2,tokens=585), 127, 343, True
2025-12-28 19:14:07 - 20251228_191406_cec5531b - markdown_it.rules_block.list - DEBUG - list.list_block:102 - entering list: StateBlock(line=123,level=2,tokens=585), 127, 343, True
2025-12-28 19:14:07 - 20251228_191406_cec5531b - markdown_it.rules_block.html_block - DEBUG - html_block.html_block:35 - entering html_block: StateBlock(line=123,level=2,tokens=585), 127, 343, True
2025-12-28 19:14:07 - 20251228_191406_cec5531b - markdown_it.rules_block.heading - DEBUG - heading.heading:13 - entering heading: StateBlock(line=123,level=2,tokens=585), 127, 343, True
2025-12-28 19:14:07 - 20251228_191406_cec5531b - markdown_it.rules_block.fence - DEBUG - fence.fence:10 - entering fence: StateBlock(line=123,level=2,tokens=593), 128, 343, True
2025-12-28 19:14:07 - 20251228_191406_cec5531b - markdown_it.rules_block.blockquote - DEBUG - blockquote.blockquote:13 - entering blockquote: StateBlock(line=123,level=2,tokens=593), 128, 343, True
2025-12-28 19:14:07 - 20251228_191406_cec5531b - markdown_it.rules_block.hr - DEBUG - hr.hr:14 - entering hr: StateBlock(line=123,level=2,tokens=593), 128, 343, True
2025-12-28 19:14:07 - 20251228_191406_cec5531b - markdown_it.rules_block.list - DEBUG - list.list_block:102 - entering list: StateBlock(line=123,level=2,tokens=593), 128, 343, True
2025-12-28 19:14:07 - 20251228_191406_cec5531b - markdown_it.rules_block.html_block - DEBUG - html_block.html_block:35 - entering html_block: StateBlock(line=123,level=2,tokens=593), 128, 343, True
2025-12-28 19:14:07 - 20251228_191406_cec5531b - markdown_it.rules_block.heading - DEBUG - heading.heading:13 - entering heading: StateBlock(line=123,level=2,tokens=593), 128, 343, True
2025-12-28 19:14:07 - 20251228_191406_cec5531b - markdown_it.rules_block.fence - DEBUG - fence.fence:10 - entering fence: StateBlock(line=123,level=2,tokens=601), 129, 343, True
2025-12-28 19:14:07 - 20251228_191406_cec5531b - markdown_it.rules_block.blockquote - DEBUG - blockquote.blockquote:13 - entering blockquote: StateBlock(line=123,level=2,tokens=601), 129, 343, True
2025-12-28 19:14:07 - 20251228_191406_cec5531b - markdown_it.rules_block.hr - DEBUG - hr.hr:14 - entering hr: StateBlock(line=123,level=2,tokens=601), 129, 343, True
2025-12-28 19:14:07 - 20251228_191406_cec5531b - markdown_it.rules_block.list - DEBUG - list.list_block:102 - entering list: StateBlock(line=123,level=2,tokens=601), 129, 343, True
2025-12-28 19:14:07 - 20251228_191406_cec5531b - markdown_it.rules_block.html_block - DEBUG - html_block.html_block:35 - entering html_block: StateBlock(line=123,level=2,tokens=601), 129, 343, True
2025-12-28 19:14:07 - 20251228_191406_cec5531b - markdown_it.rules_block.heading - DEBUG - heading.heading:13 - entering heading: StateBlock(line=123,level=2,tokens=601), 129, 343, True
2025-12-28 19:14:07 - 20251228_191406_cec5531b - markdown_it.rules_block.fence - DEBUG - fence.fence:10 - entering fence: StateBlock(line=123,level=2,tokens=609), 130, 343, True
2025-12-28 19:14:07 - 20251228_191406_cec5531b - markdown_it.rules_block.blockquote - DEBUG - blockquote.blockquote:13 - entering blockquote: StateBlock(line=123,level=2,tokens=609), 130, 343, True
2025-12-28 19:14:07 - 20251228_191406_cec5531b - markdown_it.rules_block.hr - DEBUG - hr.hr:14 - entering hr: StateBlock(line=123,level=2,tokens=609), 130, 343, True
2025-12-28 19:14:07 - 20251228_191406_cec5531b - markdown_it.rules_block.list - DEBUG - list.list_block:102 - entering list: StateBlock(line=123,level=2,tokens=609), 130, 343, True
2025-12-28 19:14:07 - 20251228_191406_cec5531b - markdown_it.rules_block.html_block - DEBUG - html_block.html_block:35 - entering html_block: StateBlock(line=123,level=2,tokens=609), 130, 343, True
2025-12-28 19:14:07 - 20251228_191406_cec5531b - markdown_it.rules_block.heading - DEBUG - heading.heading:13 - entering heading: StateBlock(line=123,level=2,tokens=609), 130, 343, True
2025-12-28 19:14:07 - 20251228_191406_cec5531b - markdown_it.rules_block.code - DEBUG - code.code:10 - entering code: StateBlock(line=131,level=0,tokens=611), 131, 343, False
2025-12-28 19:14:07 - 20251228_191406_cec5531b - markdown_it.rules_block.fence - DEBUG - fence.fence:10 - entering fence: StateBlock(line=131,level=0,tokens=611), 131, 343, False
2025-12-28 19:14:07 - 20251228_191406_cec5531b - markdown_it.rules_block.blockquote - DEBUG - blockquote.blockquote:13 - entering blockquote: StateBlock(line=131,level=0,tokens=611), 131, 343, False
2025-12-28 19:14:07 - 20251228_191406_cec5531b - markdown_it.rules_block.hr - DEBUG - hr.hr:14 - entering hr: StateBlock(line=131,level=0,tokens=611), 131, 343, False
2025-12-28 19:14:07 - 20251228_191406_cec5531b - markdown_it.rules_block.list - DEBUG - list.list_block:102 - entering list: StateBlock(line=131,level=0,tokens=611), 131, 343, False
2025-12-28 19:14:07 - 20251228_191406_cec5531b - markdown_it.rules_block.reference - DEBUG - reference.reference:10 - entering reference: StateBlock(line=131,level=0,tokens=611), 131, 343, False
2025-12-28 19:14:07 - 20251228_191406_cec5531b - markdown_it.rules_block.html_block - DEBUG - html_block.html_block:35 - entering html_block: StateBlock(line=131,level=0,tokens=611), 131, 343, False
2025-12-28 19:14:07 - 20251228_191406_cec5531b - markdown_it.rules_block.heading - DEBUG - heading.heading:13 - entering heading: StateBlock(line=131,level=0,tokens=611), 131, 343, False
2025-12-28 19:14:07 - 20251228_191406_cec5531b - markdown_it.rules_block.lheading - DEBUG - lheading.lheading:10 - entering lheading: StateBlock(line=131,level=0,tokens=611), 131, 343, False
2025-12-28 19:14:07 - 20251228_191406_cec5531b - markdown_it.rules_block.paragraph - DEBUG - paragraph.paragraph:10 - entering paragraph: StateBlock(line=131,level=0,tokens=611), 131, 343, False
2025-12-28 19:14:07 - 20251228_191406_cec5531b - markdown_it.rules_block.code - DEBUG - code.code:10 - entering code: StateBlock(line=133,level=0,tokens=614), 133, 343, False
2025-12-28 19:14:07 - 20251228_191406_cec5531b - markdown_it.rules_block.fence - DEBUG - fence.fence:10 - entering fence: StateBlock(line=133,level=0,tokens=614), 133, 343, False
2025-12-28 19:14:07 - 20251228_191406_cec5531b - markdown_it.rules_block.blockquote - DEBUG - blockquote.blockquote:13 - entering blockquote: StateBlock(line=133,level=0,tokens=614), 133, 343, False
2025-12-28 19:14:07 - 20251228_191406_cec5531b - markdown_it.rules_block.hr - DEBUG - hr.hr:14 - entering hr: StateBlock(line=133,level=0,tokens=614), 133, 343, False
2025-12-28 19:14:07 - 20251228_191406_cec5531b - markdown_it.rules_block.list - DEBUG - list.list_block:102 - entering list: StateBlock(line=133,level=0,tokens=614), 133, 343, False
2025-12-28 19:14:07 - 20251228_191406_cec5531b - markdown_it.rules_block.code - DEBUG - code.code:10 - entering code: StateBlock(line=133,level=2,tokens=616), 133, 343, False
2025-12-28 19:14:07 - 20251228_191406_cec5531b - markdown_it.rules_block.fence - DEBUG - fence.fence:10 - entering fence: StateBlock(line=133,level=2,tokens=616), 133, 343, False
2025-12-28 19:14:07 - 20251228_191406_cec5531b - markdown_it.rules_block.blockquote - DEBUG - blockquote.blockquote:13 - entering blockquote: StateBlock(line=133,level=2,tokens=616), 133, 343, False
2025-12-28 19:14:07 - 20251228_191406_cec5531b - markdown_it.rules_block.hr - DEBUG - hr.hr:14 - entering hr: StateBlock(line=133,level=2,tokens=616), 133, 343, False
2025-12-28 19:14:07 - 20251228_191406_cec5531b - markdown_it.rules_block.list - DEBUG - list.list_block:102 - entering list: StateBlock(line=133,level=2,tokens=616), 133, 343, False
2025-12-28 19:14:07 - 20251228_191406_cec5531b - markdown_it.rules_block.reference - DEBUG - reference.reference:10 - entering reference: StateBlock(line=133,level=2,tokens=616), 133, 343, False
2025-12-28 19:14:07 - 20251228_191406_cec5531b - markdown_it.rules_block.html_block - DEBUG - html_block.html_block:35 - entering html_block: StateBlock(line=133,level=2,tokens=616), 133, 343, False
2025-12-28 19:14:07 - 20251228_191406_cec5531b - markdown_it.rules_block.heading - DEBUG - heading.heading:13 - entering heading: StateBlock(line=133,level=2,tokens=616), 133, 343, False
2025-12-28 19:14:07 - 20251228_191406_cec5531b - markdown_it.rules_block.lheading - DEBUG - lheading.lheading:10 - entering lheading: StateBlock(line=133,level=2,tokens=616), 133, 343, False
2025-12-28 19:14:07 - 20251228_191406_cec5531b - markdown_it.rules_block.fence - DEBUG - fence.fence:10 - entering fence: StateBlock(line=133,level=2,tokens=616), 134, 343, True
2025-12-28 19:14:07 - 20251228_191406_cec5531b - markdown_it.rules_block.blockquote - DEBUG - blockquote.blockquote:13 - entering blockquote: StateBlock(line=133,level=2,tokens=616), 134, 343, True
2025-12-28 19:14:07 - 20251228_191406_cec5531b - markdown_it.rules_block.hr - DEBUG - hr.hr:14 - entering hr: StateBlock(line=133,level=2,tokens=616), 134, 343, True
2025-12-28 19:14:07 - 20251228_191406_cec5531b - markdown_it.rules_block.list - DEBUG - list.list_block:102 - entering list: StateBlock(line=133,level=2,tokens=616), 134, 343, True
2025-12-28 19:14:07 - 20251228_191406_cec5531b - markdown_it.rules_block.paragraph - DEBUG - paragraph.paragraph:10 - entering paragraph: StateBlock(line=133,level=2,tokens=616), 133, 343, False
2025-12-28 19:14:07 - 20251228_191406_cec5531b - markdown_it.rules_block.fence - DEBUG - fence.fence:10 - entering fence: StateBlock(line=133,level=2,tokens=616), 134, 343, True
2025-12-28 19:14:07 - 20251228_191406_cec5531b - markdown_it.rules_block.blockquote - DEBUG - blockquote.blockquote:13 - entering blockquote: StateBlock(line=133,level=2,tokens=616), 134, 343, True
2025-12-28 19:14:07 - 20251228_191406_cec5531b - markdown_it.rules_block.hr - DEBUG - hr.hr:14 - entering hr: StateBlock(line=133,level=2,tokens=616), 134, 343, True
2025-12-28 19:14:07 - 20251228_191406_cec5531b - markdown_it.rules_block.list - DEBUG - list.list_block:102 - entering list: StateBlock(line=133,level=2,tokens=616), 134, 343, True
2025-12-28 19:14:07 - 20251228_191406_cec5531b - markdown_it.rules_block.fence - DEBUG - fence.fence:10 - entering fence: StateBlock(line=134,level=1,tokens=620), 134, 343, True
2025-12-28 19:14:07 - 20251228_191406_cec5531b - markdown_it.rules_block.blockquote - DEBUG - blockquote.blockquote:13 - entering blockquote: StateBlock(line=134,level=1,tokens=620), 134, 343, True
2025-12-28 19:14:07 - 20251228_191406_cec5531b - markdown_it.rules_block.hr - DEBUG - hr.hr:14 - entering hr: StateBlock(line=134,level=1,tokens=620), 134, 343, True
2025-12-28 19:14:07 - 20251228_191406_cec5531b - markdown_it.rules_block.code - DEBUG - code.code:10 - entering code: StateBlock(line=134,level=2,tokens=621), 134, 343, False
2025-12-28 19:14:07 - 20251228_191406_cec5531b - markdown_it.rules_block.fence - DEBUG - fence.fence:10 - entering fence: StateBlock(line=134,level=2,tokens=621), 134, 343, False
2025-12-28 19:14:07 - 20251228_191406_cec5531b - markdown_it.rules_block.blockquote - DEBUG - blockquote.blockquote:13 - entering blockquote: StateBlock(line=134,level=2,tokens=621), 134, 343, False
2025-12-28 19:14:07 - 20251228_191406_cec5531b - markdown_it.rules_block.hr - DEBUG - hr.hr:14 - entering hr: StateBlock(line=134,level=2,tokens=621), 134, 343, False
2025-12-28 19:14:07 - 20251228_191406_cec5531b - markdown_it.rules_block.list - DEBUG - list.list_block:102 - entering list: StateBlock(line=134,level=2,tokens=621), 134, 343, False
2025-12-28 19:14:07 - 20251228_191406_cec5531b - markdown_it.rules_block.reference - DEBUG - reference.reference:10 - entering reference: StateBlock(line=134,level=2,tokens=621), 134, 343, False
2025-12-28 19:14:07 - 20251228_191406_cec5531b - markdown_it.rules_block.html_block - DEBUG - html_block.html_block:35 - entering html_block: StateBlock(line=134,level=2,tokens=621), 134, 343, False
2025-12-28 19:14:07 - 20251228_191406_cec5531b - markdown_it.rules_block.heading - DEBUG - heading.heading:13 - entering heading: StateBlock(line=134,level=2,tokens=621), 134, 343, False
2025-12-28 19:14:07 - 20251228_191406_cec5531b - markdown_it.rules_block.lheading - DEBUG - lheading.lheading:10 - entering lheading: StateBlock(line=134,level=2,tokens=621), 134, 343, False
2025-12-28 19:14:07 - 20251228_191406_cec5531b - markdown_it.rules_block.fence - DEBUG - fence.fence:10 - entering fence: StateBlock(line=134,level=2,tokens=621), 135, 343, True
2025-12-28 19:14:07 - 20251228_191406_cec5531b - markdown_it.rules_block.blockquote - DEBUG - blockquote.blockquote:13 - entering blockquote: StateBlock(line=134,level=2,tokens=621), 135, 343, True
2025-12-28 19:14:07 - 20251228_191406_cec5531b - markdown_it.rules_block.hr - DEBUG - hr.hr:14 - entering hr: StateBlock(line=134,level=2,tokens=621), 135, 343, True
2025-12-28 19:14:07 - 20251228_191406_cec5531b - markdown_it.rules_block.list - DEBUG - list.list_block:102 - entering list: StateBlock(line=134,level=2,tokens=621), 135, 343, True
2025-12-28 19:14:07 - 20251228_191406_cec5531b - markdown_it.rules_block.paragraph - DEBUG - paragraph.paragraph:10 - entering paragraph: StateBlock(line=134,level=2,tokens=621), 134, 343, False
2025-12-28 19:14:07 - 20251228_191406_cec5531b - markdown_it.rules_block.fence - DEBUG - fence.fence:10 - entering fence: StateBlock(line=134,level=2,tokens=621), 135, 343, True
2025-12-28 19:14:07 - 20251228_191406_cec5531b - markdown_it.rules_block.blockquote - DEBUG - blockquote.blockquote:13 - entering blockquote: StateBlock(line=134,level=2,tokens=621), 135, 343, True
2025-12-28 19:14:07 - 20251228_191406_cec5531b - markdown_it.rules_block.hr - DEBUG - hr.hr:14 - entering hr: StateBlock(line=134,level=2,tokens=621), 135, 343, True
2025-12-28 19:14:07 - 20251228_191406_cec5531b - markdown_it.rules_block.list - DEBUG - list.list_block:102 - entering list: StateBlock(line=134,level=2,tokens=621), 135, 343, True
2025-12-28 19:14:07 - 20251228_191406_cec5531b - markdown_it.rules_block.fence - DEBUG - fence.fence:10 - entering fence: StateBlock(line=135,level=1,tokens=625), 135, 343, True
2025-12-28 19:14:07 - 20251228_191406_cec5531b - markdown_it.rules_block.blockquote - DEBUG - blockquote.blockquote:13 - entering blockquote: StateBlock(line=135,level=1,tokens=625), 135, 343, True
2025-12-28 19:14:07 - 20251228_191406_cec5531b - markdown_it.rules_block.hr - DEBUG - hr.hr:14 - entering hr: StateBlock(line=135,level=1,tokens=625), 135, 343, True
2025-12-28 19:14:07 - 20251228_191406_cec5531b - markdown_it.rules_block.code - DEBUG - code.code:10 - entering code: StateBlock(line=135,level=2,tokens=626), 135, 343, False
2025-12-28 19:14:07 - 20251228_191406_cec5531b - markdown_it.rules_block.fence - DEBUG - fence.fence:10 - entering fence: StateBlock(line=135,level=2,tokens=626), 135, 343, False
2025-12-28 19:14:07 - 20251228_191406_cec5531b - markdown_it.rules_block.blockquote - DEBUG - blockquote.blockquote:13 - entering blockquote: StateBlock(line=135,level=2,tokens=626), 135, 343, False
2025-12-28 19:14:07 - 20251228_191406_cec5531b - markdown_it.rules_block.hr - DEBUG - hr.hr:14 - entering hr: StateBlock(line=135,level=2,tokens=626), 135, 343, False
2025-12-28 19:14:07 - 20251228_191406_cec5531b - markdown_it.rules_block.list - DEBUG - list.list_block:102 - entering list: StateBlock(line=135,level=2,tokens=626), 135, 343, False
2025-12-28 19:14:07 - 20251228_191406_cec5531b - markdown_it.rules_block.reference - DEBUG - reference.reference:10 - entering reference: StateBlock(line=135,level=2,tokens=626), 135, 343, False
2025-12-28 19:14:07 - 20251228_191406_cec5531b - markdown_it.rules_block.html_block - DEBUG - html_block.html_block:35 - entering html_block: StateBlock(line=135,level=2,tokens=626), 135, 343, False
2025-12-28 19:14:07 - 20251228_191406_cec5531b - markdown_it.rules_block.heading - DEBUG - heading.heading:13 - entering heading: StateBlock(line=135,level=2,tokens=626), 135, 343, False
2025-12-28 19:14:07 - 20251228_191406_cec5531b - markdown_it.rules_block.lheading - DEBUG - lheading.lheading:10 - entering lheading: StateBlock(line=135,level=2,tokens=626), 135, 343, False
2025-12-28 19:14:07 - 20251228_191406_cec5531b - markdown_it.rules_block.fence - DEBUG - fence.fence:10 - entering fence: StateBlock(line=135,level=2,tokens=626), 136, 343, True
2025-12-28 19:14:07 - 20251228_191406_cec5531b - markdown_it.rules_block.blockquote - DEBUG - blockquote.blockquote:13 - entering blockquote: StateBlock(line=135,level=2,tokens=626), 136, 343, True
2025-12-28 19:14:07 - 20251228_191406_cec5531b - markdown_it.rules_block.hr - DEBUG - hr.hr:14 - entering hr: StateBlock(line=135,level=2,tokens=626), 136, 343, True
2025-12-28 19:14:07 - 20251228_191406_cec5531b - markdown_it.rules_block.list - DEBUG - list.list_block:102 - entering list: StateBlock(line=135,level=2,tokens=626), 136, 343, True
2025-12-28 19:14:07 - 20251228_191406_cec5531b - markdown_it.rules_block.paragraph - DEBUG - paragraph.paragraph:10 - entering paragraph: StateBlock(line=135,level=2,tokens=626), 135, 343, False
2025-12-28 19:14:07 - 20251228_191406_cec5531b - markdown_it.rules_block.fence - DEBUG - fence.fence:10 - entering fence: StateBlock(line=135,level=2,tokens=626), 136, 343, True
2025-12-28 19:14:07 - 20251228_191406_cec5531b - markdown_it.rules_block.blockquote - DEBUG - blockquote.blockquote:13 - entering blockquote: StateBlock(line=135,level=2,tokens=626), 136, 343, True
2025-12-28 19:14:07 - 20251228_191406_cec5531b - markdown_it.rules_block.hr - DEBUG - hr.hr:14 - entering hr: StateBlock(line=135,level=2,tokens=626), 136, 343, True
2025-12-28 19:14:07 - 20251228_191406_cec5531b - markdown_it.rules_block.list - DEBUG - list.list_block:102 - entering list: StateBlock(line=135,level=2,tokens=626), 136, 343, True
2025-12-28 19:14:07 - 20251228_191406_cec5531b - markdown_it.rules_block.fence - DEBUG - fence.fence:10 - entering fence: StateBlock(line=136,level=1,tokens=630), 136, 343, True
2025-12-28 19:14:07 - 20251228_191406_cec5531b - markdown_it.rules_block.blockquote - DEBUG - blockquote.blockquote:13 - entering blockquote: StateBlock(line=136,level=1,tokens=630), 136, 343, True
2025-12-28 19:14:07 - 20251228_191406_cec5531b - markdown_it.rules_block.hr - DEBUG - hr.hr:14 - entering hr: StateBlock(line=136,level=1,tokens=630), 136, 343, True
2025-12-28 19:14:07 - 20251228_191406_cec5531b - markdown_it.rules_block.code - DEBUG - code.code:10 - entering code: StateBlock(line=136,level=2,tokens=631), 136, 343, False
2025-12-28 19:14:07 - 20251228_191406_cec5531b - markdown_it.rules_block.fence - DEBUG - fence.fence:10 - entering fence: StateBlock(line=136,level=2,tokens=631), 136, 343, False
2025-12-28 19:14:07 - 20251228_191406_cec5531b - markdown_it.rules_block.blockquote - DEBUG - blockquote.blockquote:13 - entering blockquote: StateBlock(line=136,level=2,tokens=631), 136, 343, False
2025-12-28 19:14:07 - 20251228_191406_cec5531b - markdown_it.rules_block.hr - DEBUG - hr.hr:14 - entering hr: StateBlock(line=136,level=2,tokens=631), 136, 343, False
2025-12-28 19:14:07 - 20251228_191406_cec5531b - markdown_it.rules_block.list - DEBUG - list.list_block:102 - entering list: StateBlock(line=136,level=2,tokens=631), 136, 343, False
2025-12-28 19:14:07 - 20251228_191406_cec5531b - markdown_it.rules_block.reference - DEBUG - reference.reference:10 - entering reference: StateBlock(line=136,level=2,tokens=631), 136, 343, False
2025-12-28 19:14:07 - 20251228_191406_cec5531b - markdown_it.rules_block.html_block - DEBUG - html_block.html_block:35 - entering html_block: StateBlock(line=136,level=2,tokens=631), 136, 343, False
2025-12-28 19:14:07 - 20251228_191406_cec5531b - markdown_it.rules_block.heading - DEBUG - heading.heading:13 - entering heading: StateBlock(line=136,level=2,tokens=631), 136, 343, False
2025-12-28 19:14:07 - 20251228_191406_cec5531b - markdown_it.rules_block.lheading - DEBUG - lheading.lheading:10 - entering lheading: StateBlock(line=136,level=2,tokens=631), 136, 343, False
2025-12-28 19:14:07 - 20251228_191406_cec5531b - markdown_it.rules_block.paragraph - DEBUG - paragraph.paragraph:10 - entering paragraph: StateBlock(line=136,level=2,tokens=631), 136, 343, False
2025-12-28 19:14:07 - 20251228_191406_cec5531b - markdown_it.rules_block.fence - DEBUG - fence.fence:10 - entering fence: StateBlock(line=138,level=1,tokens=635), 138, 343, True
2025-12-28 19:14:07 - 20251228_191406_cec5531b - markdown_it.rules_block.blockquote - DEBUG - blockquote.blockquote:13 - entering blockquote: StateBlock(line=138,level=1,tokens=635), 138, 343, True
2025-12-28 19:14:07 - 20251228_191406_cec5531b - markdown_it.rules_block.hr - DEBUG - hr.hr:14 - entering hr: StateBlock(line=138,level=1,tokens=635), 138, 343, True
2025-12-28 19:14:07 - 20251228_191406_cec5531b - markdown_it.rules_block.code - DEBUG - code.code:10 - entering code: StateBlock(line=138,level=0,tokens=636), 138, 343, False
2025-12-28 19:14:07 - 20251228_191406_cec5531b - markdown_it.rules_block.fence - DEBUG - fence.fence:10 - entering fence: StateBlock(line=138,level=0,tokens=636), 138, 343, False
2025-12-28 19:14:07 - 20251228_191406_cec5531b - markdown_it.rules_block.blockquote - DEBUG - blockquote.blockquote:13 - entering blockquote: StateBlock(line=138,level=0,tokens=636), 138, 343, False
2025-12-28 19:14:07 - 20251228_191406_cec5531b - markdown_it.rules_block.hr - DEBUG - hr.hr:14 - entering hr: StateBlock(line=138,level=0,tokens=636), 138, 343, False
2025-12-28 19:14:07 - 20251228_191406_cec5531b - markdown_it.rules_block.list - DEBUG - list.list_block:102 - entering list: StateBlock(line=138,level=0,tokens=636), 138, 343, False
2025-12-28 19:14:07 - 20251228_191406_cec5531b - markdown_it.rules_block.reference - DEBUG - reference.reference:10 - entering reference: StateBlock(line=138,level=0,tokens=636), 138, 343, False
2025-12-28 19:14:07 - 20251228_191406_cec5531b - markdown_it.rules_block.html_block - DEBUG - html_block.html_block:35 - entering html_block: StateBlock(line=138,level=0,tokens=636), 138, 343, False
2025-12-28 19:14:07 - 20251228_191406_cec5531b - markdown_it.rules_block.heading - DEBUG - heading.heading:13 - entering heading: StateBlock(line=138,level=0,tokens=636), 138, 343, False
2025-12-28 19:14:07 - 20251228_191406_cec5531b - markdown_it.rules_block.code - DEBUG - code.code:10 - entering code: StateBlock(line=140,level=0,tokens=639), 140, 343, False
2025-12-28 19:14:07 - 20251228_191406_cec5531b - markdown_it.rules_block.fence - DEBUG - fence.fence:10 - entering fence: StateBlock(line=140,level=0,tokens=639), 140, 343, False
2025-12-28 19:14:07 - 20251228_191406_cec5531b - markdown_it.rules_block.blockquote - DEBUG - blockquote.blockquote:13 - entering blockquote: StateBlock(line=140,level=0,tokens=639), 140, 343, False
2025-12-28 19:14:07 - 20251228_191406_cec5531b - markdown_it.rules_block.hr - DEBUG - hr.hr:14 - entering hr: StateBlock(line=140,level=0,tokens=639), 140, 343, False
2025-12-28 19:14:07 - 20251228_191406_cec5531b - markdown_it.rules_block.list - DEBUG - list.list_block:102 - entering list: StateBlock(line=140,level=0,tokens=639), 140, 343, False
2025-12-28 19:14:07 - 20251228_191406_cec5531b - markdown_it.rules_block.reference - DEBUG - reference.reference:10 - entering reference: StateBlock(line=140,level=0,tokens=639), 140, 343, False
2025-12-28 19:14:07 - 20251228_191406_cec5531b - markdown_it.rules_block.html_block - DEBUG - html_block.html_block:35 - entering html_block: StateBlock(line=140,level=0,tokens=639), 140, 343, False
2025-12-28 19:14:07 - 20251228_191406_cec5531b - markdown_it.rules_block.heading - DEBUG - heading.heading:13 - entering heading: StateBlock(line=140,level=0,tokens=639), 140, 343, False
2025-12-28 19:14:07 - 20251228_191406_cec5531b - markdown_it.rules_block.lheading - DEBUG - lheading.lheading:10 - entering lheading: StateBlock(line=140,level=0,tokens=639), 140, 343, False
2025-12-28 19:14:07 - 20251228_191406_cec5531b - markdown_it.rules_block.fence - DEBUG - fence.fence:10 - entering fence: StateBlock(line=140,level=0,tokens=639), 141, 343, True
2025-12-28 19:14:07 - 20251228_191406_cec5531b - markdown_it.rules_block.blockquote - DEBUG - blockquote.blockquote:13 - entering blockquote: StateBlock(line=140,level=0,tokens=639), 141, 343, True
2025-12-28 19:14:07 - 20251228_191406_cec5531b - markdown_it.rules_block.hr - DEBUG - hr.hr:14 - entering hr: StateBlock(line=140,level=0,tokens=639), 141, 343, True
2025-12-28 19:14:07 - 20251228_191406_cec5531b - markdown_it.rules_block.list - DEBUG - list.list_block:102 - entering list: StateBlock(line=140,level=0,tokens=639), 141, 343, True
2025-12-28 19:14:07 - 20251228_191406_cec5531b - markdown_it.rules_block.html_block - DEBUG - html_block.html_block:35 - entering html_block: StateBlock(line=140,level=0,tokens=639), 141, 343, True
2025-12-28 19:14:07 - 20251228_191406_cec5531b - markdown_it.rules_block.heading - DEBUG - heading.heading:13 - entering heading: StateBlock(line=140,level=0,tokens=639), 141, 343, True
2025-12-28 19:14:07 - 20251228_191406_cec5531b - markdown_it.rules_block.fence - DEBUG - fence.fence:10 - entering fence: StateBlock(line=140,level=0,tokens=639), 142, 343, True
2025-12-28 19:14:07 - 20251228_191406_cec5531b - markdown_it.rules_block.blockquote - DEBUG - blockquote.blockquote:13 - entering blockquote: StateBlock(line=140,level=0,tokens=639), 142, 343, True
2025-12-28 19:14:07 - 20251228_191406_cec5531b - markdown_it.rules_block.hr - DEBUG - hr.hr:14 - entering hr: StateBlock(line=140,level=0,tokens=639), 142, 343, True
2025-12-28 19:14:07 - 20251228_191406_cec5531b - markdown_it.rules_block.list - DEBUG - list.list_block:102 - entering list: StateBlock(line=140,level=0,tokens=639), 142, 343, True
2025-12-28 19:14:07 - 20251228_191406_cec5531b - markdown_it.rules_block.html_block - DEBUG - html_block.html_block:35 - entering html_block: StateBlock(line=140,level=0,tokens=639), 142, 343, True
2025-12-28 19:14:07 - 20251228_191406_cec5531b - markdown_it.rules_block.heading - DEBUG - heading.heading:13 - entering heading: StateBlock(line=140,level=0,tokens=639), 142, 343, True
2025-12-28 19:14:07 - 20251228_191406_cec5531b - markdown_it.rules_block.paragraph - DEBUG - paragraph.paragraph:10 - entering paragraph: StateBlock(line=140,level=0,tokens=639), 140, 343, False
2025-12-28 19:14:07 - 20251228_191406_cec5531b - markdown_it.rules_block.fence - DEBUG - fence.fence:10 - entering fence: StateBlock(line=140,level=0,tokens=639), 141, 343, True
2025-12-28 19:14:07 - 20251228_191406_cec5531b - markdown_it.rules_block.blockquote - DEBUG - blockquote.blockquote:13 - entering blockquote: StateBlock(line=140,level=0,tokens=639), 141, 343, True
2025-12-28 19:14:07 - 20251228_191406_cec5531b - markdown_it.rules_block.hr - DEBUG - hr.hr:14 - entering hr: StateBlock(line=140,level=0,tokens=639), 141, 343, True
2025-12-28 19:14:07 - 20251228_191406_cec5531b - markdown_it.rules_block.list - DEBUG - list.list_block:102 - entering list: StateBlock(line=140,level=0,tokens=639), 141, 343, True
2025-12-28 19:14:07 - 20251228_191406_cec5531b - markdown_it.rules_block.html_block - DEBUG - html_block.html_block:35 - entering html_block: StateBlock(line=140,level=0,tokens=639), 141, 343, True
2025-12-28 19:14:07 - 20251228_191406_cec5531b - markdown_it.rules_block.heading - DEBUG - heading.heading:13 - entering heading: StateBlock(line=140,level=0,tokens=639), 141, 343, True
2025-12-28 19:14:07 - 20251228_191406_cec5531b - markdown_it.rules_block.fence - DEBUG - fence.fence:10 - entering fence: StateBlock(line=140,level=0,tokens=639), 142, 343, True
2025-12-28 19:14:07 - 20251228_191406_cec5531b - markdown_it.rules_block.blockquote - DEBUG - blockquote.blockquote:13 - entering blockquote: StateBlock(line=140,level=0,tokens=639), 142, 343, True
2025-12-28 19:14:07 - 20251228_191406_cec5531b - markdown_it.rules_block.hr - DEBUG - hr.hr:14 - entering hr: StateBlock(line=140,level=0,tokens=639), 142, 343, True
2025-12-28 19:14:07 - 20251228_191406_cec5531b - markdown_it.rules_block.list - DEBUG - list.list_block:102 - entering list: StateBlock(line=140,level=0,tokens=639), 142, 343, True
2025-12-28 19:14:07 - 20251228_191406_cec5531b - markdown_it.rules_block.html_block - DEBUG - html_block.html_block:35 - entering html_block: StateBlock(line=140,level=0,tokens=639), 142, 343, True
2025-12-28 19:14:07 - 20251228_191406_cec5531b - markdown_it.rules_block.heading - DEBUG - heading.heading:13 - entering heading: StateBlock(line=140,level=0,tokens=639), 142, 343, True
2025-12-28 19:14:07 - 20251228_191406_cec5531b - markdown_it.rules_block.fence - DEBUG - fence.fence:10 - entering fence: StateBlock(line=144,level=1,tokens=659), 146, 343, True
2025-12-28 19:14:07 - 20251228_191406_cec5531b - markdown_it.rules_block.blockquote - DEBUG - blockquote.blockquote:13 - entering blockquote: StateBlock(line=144,level=1,tokens=659), 146, 343, True
2025-12-28 19:14:07 - 20251228_191406_cec5531b - markdown_it.rules_block.hr - DEBUG - hr.hr:14 - entering hr: StateBlock(line=144,level=1,tokens=659), 146, 343, True
2025-12-28 19:14:07 - 20251228_191406_cec5531b - markdown_it.rules_block.list - DEBUG - list.list_block:102 - entering list: StateBlock(line=144,level=1,tokens=659), 146, 343, True
2025-12-28 19:14:07 - 20251228_191406_cec5531b - markdown_it.rules_block.html_block - DEBUG - html_block.html_block:35 - entering html_block: StateBlock(line=144,level=1,tokens=659), 146, 343, True
2025-12-28 19:14:07 - 20251228_191406_cec5531b - markdown_it.rules_block.heading - DEBUG - heading.heading:13 - entering heading: StateBlock(line=144,level=1,tokens=659), 146, 343, True
2025-12-28 19:14:07 - 20251228_191406_cec5531b - markdown_it.rules_block.fence - DEBUG - fence.fence:10 - entering fence: StateBlock(line=144,level=2,tokens=674), 147, 343, True
2025-12-28 19:14:07 - 20251228_191406_cec5531b - markdown_it.rules_block.blockquote - DEBUG - blockquote.blockquote:13 - entering blockquote: StateBlock(line=144,level=2,tokens=674), 147, 343, True
2025-12-28 19:14:07 - 20251228_191406_cec5531b - markdown_it.rules_block.hr - DEBUG - hr.hr:14 - entering hr: StateBlock(line=144,level=2,tokens=674), 147, 343, True
2025-12-28 19:14:07 - 20251228_191406_cec5531b - markdown_it.rules_block.list - DEBUG - list.list_block:102 - entering list: StateBlock(line=144,level=2,tokens=674), 147, 343, True
2025-12-28 19:14:07 - 20251228_191406_cec5531b - markdown_it.rules_block.html_block - DEBUG - html_block.html_block:35 - entering html_block: StateBlock(line=144,level=2,tokens=674), 147, 343, True
2025-12-28 19:14:07 - 20251228_191406_cec5531b - markdown_it.rules_block.heading - DEBUG - heading.heading:13 - entering heading: StateBlock(line=144,level=2,tokens=674), 147, 343, True
2025-12-28 19:14:07 - 20251228_191406_cec5531b - markdown_it.rules_block.fence - DEBUG - fence.fence:10 - entering fence: StateBlock(line=144,level=2,tokens=688), 148, 343, True
2025-12-28 19:14:07 - 20251228_191406_cec5531b - markdown_it.rules_block.blockquote - DEBUG - blockquote.blockquote:13 - entering blockquote: StateBlock(line=144,level=2,tokens=688), 148, 343, True
2025-12-28 19:14:07 - 20251228_191406_cec5531b - markdown_it.rules_block.hr - DEBUG - hr.hr:14 - entering hr: StateBlock(line=144,level=2,tokens=688), 148, 343, True
2025-12-28 19:14:07 - 20251228_191406_cec5531b - markdown_it.rules_block.list - DEBUG - list.list_block:102 - entering list: StateBlock(line=144,level=2,tokens=688), 148, 343, True
2025-12-28 19:14:07 - 20251228_191406_cec5531b - markdown_it.rules_block.html_block - DEBUG - html_block.html_block:35 - entering html_block: StateBlock(line=144,level=2,tokens=688), 148, 343, True
2025-12-28 19:14:07 - 20251228_191406_cec5531b - markdown_it.rules_block.heading - DEBUG - heading.heading:13 - entering heading: StateBlock(line=144,level=2,tokens=688), 148, 343, True
2025-12-28 19:14:07 - 20251228_191406_cec5531b - markdown_it.rules_block.fence - DEBUG - fence.fence:10 - entering fence: StateBlock(line=144,level=2,tokens=702), 149, 343, True
2025-12-28 19:14:07 - 20251228_191406_cec5531b - markdown_it.rules_block.blockquote - DEBUG - blockquote.blockquote:13 - entering blockquote: StateBlock(line=144,level=2,tokens=702), 149, 343, True
2025-12-28 19:14:07 - 20251228_191406_cec5531b - markdown_it.rules_block.hr - DEBUG - hr.hr:14 - entering hr: StateBlock(line=144,level=2,tokens=702), 149, 343, True
2025-12-28 19:14:07 - 20251228_191406_cec5531b - markdown_it.rules_block.list - DEBUG - list.list_block:102 - entering list: StateBlock(line=144,level=2,tokens=702), 149, 343, True
2025-12-28 19:14:07 - 20251228_191406_cec5531b - markdown_it.rules_block.html_block - DEBUG - html_block.html_block:35 - entering html_block: StateBlock(line=144,level=2,tokens=702), 149, 343, True
2025-12-28 19:14:07 - 20251228_191406_cec5531b - markdown_it.rules_block.heading - DEBUG - heading.heading:13 - entering heading: StateBlock(line=144,level=2,tokens=702), 149, 343, True
2025-12-28 19:14:07 - 20251228_191406_cec5531b - markdown_it.rules_block.fence - DEBUG - fence.fence:10 - entering fence: StateBlock(line=144,level=2,tokens=716), 150, 343, True
2025-12-28 19:14:07 - 20251228_191406_cec5531b - markdown_it.rules_block.blockquote - DEBUG - blockquote.blockquote:13 - entering blockquote: StateBlock(line=144,level=2,tokens=716), 150, 343, True
2025-12-28 19:14:07 - 20251228_191406_cec5531b - markdown_it.rules_block.hr - DEBUG - hr.hr:14 - entering hr: StateBlock(line=144,level=2,tokens=716), 150, 343, True
2025-12-28 19:14:07 - 20251228_191406_cec5531b - markdown_it.rules_block.list - DEBUG - list.list_block:102 - entering list: StateBlock(line=144,level=2,tokens=716), 150, 343, True
2025-12-28 19:14:07 - 20251228_191406_cec5531b - markdown_it.rules_block.html_block - DEBUG - html_block.html_block:35 - entering html_block: StateBlock(line=144,level=2,tokens=716), 150, 343, True
2025-12-28 19:14:07 - 20251228_191406_cec5531b - markdown_it.rules_block.heading - DEBUG - heading.heading:13 - entering heading: StateBlock(line=144,level=2,tokens=716), 150, 343, True
2025-12-28 19:14:07 - 20251228_191406_cec5531b - markdown_it.rules_block.code - DEBUG - code.code:10 - entering code: StateBlock(line=151,level=0,tokens=718), 151, 343, False
2025-12-28 19:14:07 - 20251228_191406_cec5531b - markdown_it.rules_block.fence - DEBUG - fence.fence:10 - entering fence: StateBlock(line=151,level=0,tokens=718), 151, 343, False
2025-12-28 19:14:07 - 20251228_191406_cec5531b - markdown_it.rules_block.blockquote - DEBUG - blockquote.blockquote:13 - entering blockquote: StateBlock(line=151,level=0,tokens=718), 151, 343, False
2025-12-28 19:14:07 - 20251228_191406_cec5531b - markdown_it.rules_block.hr - DEBUG - hr.hr:14 - entering hr: StateBlock(line=151,level=0,tokens=718), 151, 343, False
2025-12-28 19:14:07 - 20251228_191406_cec5531b - markdown_it.rules_block.list - DEBUG - list.list_block:102 - entering list: StateBlock(line=151,level=0,tokens=718), 151, 343, False
2025-12-28 19:14:07 - 20251228_191406_cec5531b - markdown_it.rules_block.reference - DEBUG - reference.reference:10 - entering reference: StateBlock(line=151,level=0,tokens=718), 151, 343, False
2025-12-28 19:14:07 - 20251228_191406_cec5531b - markdown_it.rules_block.html_block - DEBUG - html_block.html_block:35 - entering html_block: StateBlock(line=151,level=0,tokens=718), 151, 343, False
2025-12-28 19:14:07 - 20251228_191406_cec5531b - markdown_it.rules_block.heading - DEBUG - heading.heading:13 - entering heading: StateBlock(line=151,level=0,tokens=718), 151, 343, False
2025-12-28 19:14:07 - 20251228_191406_cec5531b - markdown_it.rules_block.lheading - DEBUG - lheading.lheading:10 - entering lheading: StateBlock(line=151,level=0,tokens=718), 151, 343, False
2025-12-28 19:14:07 - 20251228_191406_cec5531b - markdown_it.rules_block.fence - DEBUG - fence.fence:10 - entering fence: StateBlock(line=151,level=0,tokens=718), 152, 343, True
2025-12-28 19:14:07 - 20251228_191406_cec5531b - markdown_it.rules_block.blockquote - DEBUG - blockquote.blockquote:13 - entering blockquote: StateBlock(line=151,level=0,tokens=718), 152, 343, True
2025-12-28 19:14:07 - 20251228_191406_cec5531b - markdown_it.rules_block.hr - DEBUG - hr.hr:14 - entering hr: StateBlock(line=151,level=0,tokens=718), 152, 343, True
2025-12-28 19:14:07 - 20251228_191406_cec5531b - markdown_it.rules_block.list - DEBUG - list.list_block:102 - entering list: StateBlock(line=151,level=0,tokens=718), 152, 343, True
2025-12-28 19:14:07 - 20251228_191406_cec5531b - markdown_it.rules_block.html_block - DEBUG - html_block.html_block:35 - entering html_block: StateBlock(line=151,level=0,tokens=718), 152, 343, True
2025-12-28 19:14:07 - 20251228_191406_cec5531b - markdown_it.rules_block.heading - DEBUG - heading.heading:13 - entering heading: StateBlock(line=151,level=0,tokens=718), 152, 343, True
2025-12-28 19:14:07 - 20251228_191406_cec5531b - markdown_it.rules_block.paragraph - DEBUG - paragraph.paragraph:10 - entering paragraph: StateBlock(line=151,level=0,tokens=718), 151, 343, False
2025-12-28 19:14:07 - 20251228_191406_cec5531b - markdown_it.rules_block.fence - DEBUG - fence.fence:10 - entering fence: StateBlock(line=151,level=0,tokens=718), 152, 343, True
2025-12-28 19:14:07 - 20251228_191406_cec5531b - markdown_it.rules_block.blockquote - DEBUG - blockquote.blockquote:13 - entering blockquote: StateBlock(line=151,level=0,tokens=718), 152, 343, True
2025-12-28 19:14:07 - 20251228_191406_cec5531b - markdown_it.rules_block.hr - DEBUG - hr.hr:14 - entering hr: StateBlock(line=151,level=0,tokens=718), 152, 343, True
2025-12-28 19:14:07 - 20251228_191406_cec5531b - markdown_it.rules_block.list - DEBUG - list.list_block:102 - entering list: StateBlock(line=151,level=0,tokens=718), 152, 343, True
2025-12-28 19:14:07 - 20251228_191406_cec5531b - markdown_it.rules_block.html_block - DEBUG - html_block.html_block:35 - entering html_block: StateBlock(line=151,level=0,tokens=718), 152, 343, True
2025-12-28 19:14:07 - 20251228_191406_cec5531b - markdown_it.rules_block.heading - DEBUG - heading.heading:13 - entering heading: StateBlock(line=151,level=0,tokens=718), 152, 343, True
2025-12-28 19:14:07 - 20251228_191406_cec5531b - markdown_it.rules_block.code - DEBUG - code.code:10 - entering code: StateBlock(line=154,level=0,tokens=721), 154, 343, False
2025-12-28 19:14:07 - 20251228_191406_cec5531b - markdown_it.rules_block.fence - DEBUG - fence.fence:10 - entering fence: StateBlock(line=154,level=0,tokens=721), 154, 343, False
2025-12-28 19:14:07 - 20251228_191406_cec5531b - markdown_it.rules_block.blockquote - DEBUG - blockquote.blockquote:13 - entering blockquote: StateBlock(line=154,level=0,tokens=721), 154, 343, False
2025-12-28 19:14:07 - 20251228_191406_cec5531b - markdown_it.rules_block.hr - DEBUG - hr.hr:14 - entering hr: StateBlock(line=154,level=0,tokens=721), 154, 343, False
2025-12-28 19:14:07 - 20251228_191406_cec5531b - markdown_it.rules_block.code - DEBUG - code.code:10 - entering code: StateBlock(line=156,level=0,tokens=722), 156, 343, False
2025-12-28 19:14:07 - 20251228_191406_cec5531b - markdown_it.rules_block.fence - DEBUG - fence.fence:10 - entering fence: StateBlock(line=156,level=0,tokens=722), 156, 343, False
2025-12-28 19:14:07 - 20251228_191406_cec5531b - markdown_it.rules_block.blockquote - DEBUG - blockquote.blockquote:13 - entering blockquote: StateBlock(line=156,level=0,tokens=722), 156, 343, False
2025-12-28 19:14:07 - 20251228_191406_cec5531b - markdown_it.rules_block.hr - DEBUG - hr.hr:14 - entering hr: StateBlock(line=156,level=0,tokens=722), 156, 343, False
2025-12-28 19:14:07 - 20251228_191406_cec5531b - markdown_it.rules_block.list - DEBUG - list.list_block:102 - entering list: StateBlock(line=156,level=0,tokens=722), 156, 343, False
2025-12-28 19:14:07 - 20251228_191406_cec5531b - markdown_it.rules_block.reference - DEBUG - reference.reference:10 - entering reference: StateBlock(line=156,level=0,tokens=722), 156, 343, False
2025-12-28 19:14:07 - 20251228_191406_cec5531b - markdown_it.rules_block.html_block - DEBUG - html_block.html_block:35 - entering html_block: StateBlock(line=156,level=0,tokens=722), 156, 343, False
2025-12-28 19:14:07 - 20251228_191406_cec5531b - markdown_it.rules_block.heading - DEBUG - heading.heading:13 - entering heading: StateBlock(line=156,level=0,tokens=722), 156, 343, False
2025-12-28 19:14:07 - 20251228_191406_cec5531b - markdown_it.rules_block.code - DEBUG - code.code:10 - entering code: StateBlock(line=158,level=0,tokens=725), 158, 343, False
2025-12-28 19:14:07 - 20251228_191406_cec5531b - markdown_it.rules_block.fence - DEBUG - fence.fence:10 - entering fence: StateBlock(line=158,level=0,tokens=725), 158, 343, False
2025-12-28 19:14:07 - 20251228_191406_cec5531b - markdown_it.rules_block.blockquote - DEBUG - blockquote.blockquote:13 - entering blockquote: StateBlock(line=158,level=0,tokens=725), 158, 343, False
2025-12-28 19:14:07 - 20251228_191406_cec5531b - markdown_it.rules_block.hr - DEBUG - hr.hr:14 - entering hr: StateBlock(line=158,level=0,tokens=725), 158, 343, False
2025-12-28 19:14:07 - 20251228_191406_cec5531b - markdown_it.rules_block.list - DEBUG - list.list_block:102 - entering list: StateBlock(line=158,level=0,tokens=725), 158, 343, False
2025-12-28 19:14:07 - 20251228_191406_cec5531b - markdown_it.rules_block.reference - DEBUG - reference.reference:10 - entering reference: StateBlock(line=158,level=0,tokens=725), 158, 343, False
2025-12-28 19:14:07 - 20251228_191406_cec5531b - markdown_it.rules_block.html_block - DEBUG - html_block.html_block:35 - entering html_block: StateBlock(line=158,level=0,tokens=725), 158, 343, False
2025-12-28 19:14:07 - 20251228_191406_cec5531b - markdown_it.rules_block.heading - DEBUG - heading.heading:13 - entering heading: StateBlock(line=158,level=0,tokens=725), 158, 343, False
2025-12-28 19:14:07 - 20251228_191406_cec5531b - markdown_it.rules_block.fence - DEBUG - fence.fence:10 - entering fence: StateBlock(line=160,level=1,tokens=745), 162, 343, True
2025-12-28 19:14:07 - 20251228_191406_cec5531b - markdown_it.rules_block.blockquote - DEBUG - blockquote.blockquote:13 - entering blockquote: StateBlock(line=160,level=1,tokens=745), 162, 343, True
2025-12-28 19:14:07 - 20251228_191406_cec5531b - markdown_it.rules_block.hr - DEBUG - hr.hr:14 - entering hr: StateBlock(line=160,level=1,tokens=745), 162, 343, True
2025-12-28 19:14:07 - 20251228_191406_cec5531b - markdown_it.rules_block.list - DEBUG - list.list_block:102 - entering list: StateBlock(line=160,level=1,tokens=745), 162, 343, True
2025-12-28 19:14:07 - 20251228_191406_cec5531b - markdown_it.rules_block.html_block - DEBUG - html_block.html_block:35 - entering html_block: StateBlock(line=160,level=1,tokens=745), 162, 343, True
2025-12-28 19:14:07 - 20251228_191406_cec5531b - markdown_it.rules_block.heading - DEBUG - heading.heading:13 - entering heading: StateBlock(line=160,level=1,tokens=745), 162, 343, True
2025-12-28 19:14:07 - 20251228_191406_cec5531b - markdown_it.rules_block.fence - DEBUG - fence.fence:10 - entering fence: StateBlock(line=160,level=2,tokens=760), 163, 343, True
2025-12-28 19:14:07 - 20251228_191406_cec5531b - markdown_it.rules_block.blockquote - DEBUG - blockquote.blockquote:13 - entering blockquote: StateBlock(line=160,level=2,tokens=760), 163, 343, True
2025-12-28 19:14:07 - 20251228_191406_cec5531b - markdown_it.rules_block.hr - DEBUG - hr.hr:14 - entering hr: StateBlock(line=160,level=2,tokens=760), 163, 343, True
2025-12-28 19:14:07 - 20251228_191406_cec5531b - markdown_it.rules_block.list - DEBUG - list.list_block:102 - entering list: StateBlock(line=160,level=2,tokens=760), 163, 343, True
2025-12-28 19:14:07 - 20251228_191406_cec5531b - markdown_it.rules_block.html_block - DEBUG - html_block.html_block:35 - entering html_block: StateBlock(line=160,level=2,tokens=760), 163, 343, True
2025-12-28 19:14:07 - 20251228_191406_cec5531b - markdown_it.rules_block.heading - DEBUG - heading.heading:13 - entering heading: StateBlock(line=160,level=2,tokens=760), 163, 343, True
2025-12-28 19:14:07 - 20251228_191406_cec5531b - markdown_it.rules_block.fence - DEBUG - fence.fence:10 - entering fence: StateBlock(line=160,level=2,tokens=774), 164, 343, True
2025-12-28 19:14:07 - 20251228_191406_cec5531b - markdown_it.rules_block.blockquote - DEBUG - blockquote.blockquote:13 - entering blockquote: StateBlock(line=160,level=2,tokens=774), 164, 343, True
2025-12-28 19:14:07 - 20251228_191406_cec5531b - markdown_it.rules_block.hr - DEBUG - hr.hr:14 - entering hr: StateBlock(line=160,level=2,tokens=774), 164, 343, True
2025-12-28 19:14:07 - 20251228_191406_cec5531b - markdown_it.rules_block.list - DEBUG - list.list_block:102 - entering list: StateBlock(line=160,level=2,tokens=774), 164, 343, True
2025-12-28 19:14:07 - 20251228_191406_cec5531b - markdown_it.rules_block.html_block - DEBUG - html_block.html_block:35 - entering html_block: StateBlock(line=160,level=2,tokens=774), 164, 343, True
2025-12-28 19:14:07 - 20251228_191406_cec5531b - markdown_it.rules_block.heading - DEBUG - heading.heading:13 - entering heading: StateBlock(line=160,level=2,tokens=774), 164, 343, True
2025-12-28 19:14:07 - 20251228_191406_cec5531b - markdown_it.rules_block.code - DEBUG - code.code:10 - entering code: StateBlock(line=165,level=0,tokens=776), 165, 343, False
2025-12-28 19:14:07 - 20251228_191406_cec5531b - markdown_it.rules_block.fence - DEBUG - fence.fence:10 - entering fence: StateBlock(line=165,level=0,tokens=776), 165, 343, False
2025-12-28 19:14:07 - 20251228_191406_cec5531b - markdown_it.rules_block.blockquote - DEBUG - blockquote.blockquote:13 - entering blockquote: StateBlock(line=165,level=0,tokens=776), 165, 343, False
2025-12-28 19:14:07 - 20251228_191406_cec5531b - markdown_it.rules_block.hr - DEBUG - hr.hr:14 - entering hr: StateBlock(line=165,level=0,tokens=776), 165, 343, False
2025-12-28 19:14:07 - 20251228_191406_cec5531b - markdown_it.rules_block.list - DEBUG - list.list_block:102 - entering list: StateBlock(line=165,level=0,tokens=776), 165, 343, False
2025-12-28 19:14:07 - 20251228_191406_cec5531b - markdown_it.rules_block.reference - DEBUG - reference.reference:10 - entering reference: StateBlock(line=165,level=0,tokens=776), 165, 343, False
2025-12-28 19:14:07 - 20251228_191406_cec5531b - markdown_it.rules_block.html_block - DEBUG - html_block.html_block:35 - entering html_block: StateBlock(line=165,level=0,tokens=776), 165, 343, False
2025-12-28 19:14:07 - 20251228_191406_cec5531b - markdown_it.rules_block.heading - DEBUG - heading.heading:13 - entering heading: StateBlock(line=165,level=0,tokens=776), 165, 343, False
2025-12-28 19:14:07 - 20251228_191406_cec5531b - markdown_it.rules_block.fence - DEBUG - fence.fence:10 - entering fence: StateBlock(line=167,level=1,tokens=793), 169, 343, True
2025-12-28 19:14:07 - 20251228_191406_cec5531b - markdown_it.rules_block.blockquote - DEBUG - blockquote.blockquote:13 - entering blockquote: StateBlock(line=167,level=1,tokens=793), 169, 343, True
2025-12-28 19:14:07 - 20251228_191406_cec5531b - markdown_it.rules_block.hr - DEBUG - hr.hr:14 - entering hr: StateBlock(line=167,level=1,tokens=793), 169, 343, True
2025-12-28 19:14:07 - 20251228_191406_cec5531b - markdown_it.rules_block.list - DEBUG - list.list_block:102 - entering list: StateBlock(line=167,level=1,tokens=793), 169, 343, True
2025-12-28 19:14:07 - 20251228_191406_cec5531b - markdown_it.rules_block.html_block - DEBUG - html_block.html_block:35 - entering html_block: StateBlock(line=167,level=1,tokens=793), 169, 343, True
2025-12-28 19:14:07 - 20251228_191406_cec5531b - markdown_it.rules_block.heading - DEBUG - heading.heading:13 - entering heading: StateBlock(line=167,level=1,tokens=793), 169, 343, True
2025-12-28 19:14:07 - 20251228_191406_cec5531b - markdown_it.rules_block.fence - DEBUG - fence.fence:10 - entering fence: StateBlock(line=167,level=2,tokens=805), 170, 343, True
2025-12-28 19:14:07 - 20251228_191406_cec5531b - markdown_it.rules_block.blockquote - DEBUG - blockquote.blockquote:13 - entering blockquote: StateBlock(line=167,level=2,tokens=805), 170, 343, True
2025-12-28 19:14:07 - 20251228_191406_cec5531b - markdown_it.rules_block.hr - DEBUG - hr.hr:14 - entering hr: StateBlock(line=167,level=2,tokens=805), 170, 343, True
2025-12-28 19:14:07 - 20251228_191406_cec5531b - markdown_it.rules_block.list - DEBUG - list.list_block:102 - entering list: StateBlock(line=167,level=2,tokens=805), 170, 343, True
2025-12-28 19:14:07 - 20251228_191406_cec5531b - markdown_it.rules_block.html_block - DEBUG - html_block.html_block:35 - entering html_block: StateBlock(line=167,level=2,tokens=805), 170, 343, True
2025-12-28 19:14:07 - 20251228_191406_cec5531b - markdown_it.rules_block.heading - DEBUG - heading.heading:13 - entering heading: StateBlock(line=167,level=2,tokens=805), 170, 343, True
2025-12-28 19:14:07 - 20251228_191406_cec5531b - markdown_it.rules_block.fence - DEBUG - fence.fence:10 - entering fence: StateBlock(line=167,level=2,tokens=816), 171, 343, True
2025-12-28 19:14:07 - 20251228_191406_cec5531b - markdown_it.rules_block.blockquote - DEBUG - blockquote.blockquote:13 - entering blockquote: StateBlock(line=167,level=2,tokens=816), 171, 343, True
2025-12-28 19:14:07 - 20251228_191406_cec5531b - markdown_it.rules_block.hr - DEBUG - hr.hr:14 - entering hr: StateBlock(line=167,level=2,tokens=816), 171, 343, True
2025-12-28 19:14:07 - 20251228_191406_cec5531b - markdown_it.rules_block.list - DEBUG - list.list_block:102 - entering list: StateBlock(line=167,level=2,tokens=816), 171, 343, True
2025-12-28 19:14:07 - 20251228_191406_cec5531b - markdown_it.rules_block.html_block - DEBUG - html_block.html_block:35 - entering html_block: StateBlock(line=167,level=2,tokens=816), 171, 343, True
2025-12-28 19:14:07 - 20251228_191406_cec5531b - markdown_it.rules_block.heading - DEBUG - heading.heading:13 - entering heading: StateBlock(line=167,level=2,tokens=816), 171, 343, True
2025-12-28 19:14:07 - 20251228_191406_cec5531b - markdown_it.rules_block.fence - DEBUG - fence.fence:10 - entering fence: StateBlock(line=167,level=2,tokens=827), 172, 343, True
2025-12-28 19:14:07 - 20251228_191406_cec5531b - markdown_it.rules_block.blockquote - DEBUG - blockquote.blockquote:13 - entering blockquote: StateBlock(line=167,level=2,tokens=827), 172, 343, True
2025-12-28 19:14:07 - 20251228_191406_cec5531b - markdown_it.rules_block.hr - DEBUG - hr.hr:14 - entering hr: StateBlock(line=167,level=2,tokens=827), 172, 343, True
2025-12-28 19:14:07 - 20251228_191406_cec5531b - markdown_it.rules_block.list - DEBUG - list.list_block:102 - entering list: StateBlock(line=167,level=2,tokens=827), 172, 343, True
2025-12-28 19:14:07 - 20251228_191406_cec5531b - markdown_it.rules_block.html_block - DEBUG - html_block.html_block:35 - entering html_block: StateBlock(line=167,level=2,tokens=827), 172, 343, True
2025-12-28 19:14:07 - 20251228_191406_cec5531b - markdown_it.rules_block.heading - DEBUG - heading.heading:13 - entering heading: StateBlock(line=167,level=2,tokens=827), 172, 343, True
2025-12-28 19:14:07 - 20251228_191406_cec5531b - markdown_it.rules_block.fence - DEBUG - fence.fence:10 - entering fence: StateBlock(line=167,level=2,tokens=838), 173, 343, True
2025-12-28 19:14:07 - 20251228_191406_cec5531b - markdown_it.rules_block.blockquote - DEBUG - blockquote.blockquote:13 - entering blockquote: StateBlock(line=167,level=2,tokens=838), 173, 343, True
2025-12-28 19:14:07 - 20251228_191406_cec5531b - markdown_it.rules_block.hr - DEBUG - hr.hr:14 - entering hr: StateBlock(line=167,level=2,tokens=838), 173, 343, True
2025-12-28 19:14:07 - 20251228_191406_cec5531b - markdown_it.rules_block.list - DEBUG - list.list_block:102 - entering list: StateBlock(line=167,level=2,tokens=838), 173, 343, True
2025-12-28 19:14:07 - 20251228_191406_cec5531b - markdown_it.rules_block.html_block - DEBUG - html_block.html_block:35 - entering html_block: StateBlock(line=167,level=2,tokens=838), 173, 343, True
2025-12-28 19:14:07 - 20251228_191406_cec5531b - markdown_it.rules_block.heading - DEBUG - heading.heading:13 - entering heading: StateBlock(line=167,level=2,tokens=838), 173, 343, True
2025-12-28 19:14:07 - 20251228_191406_cec5531b - markdown_it.rules_block.fence - DEBUG - fence.fence:10 - entering fence: StateBlock(line=167,level=2,tokens=849), 174, 343, True
2025-12-28 19:14:07 - 20251228_191406_cec5531b - markdown_it.rules_block.blockquote - DEBUG - blockquote.blockquote:13 - entering blockquote: StateBlock(line=167,level=2,tokens=849), 174, 343, True
2025-12-28 19:14:07 - 20251228_191406_cec5531b - markdown_it.rules_block.hr - DEBUG - hr.hr:14 - entering hr: StateBlock(line=167,level=2,tokens=849), 174, 343, True
2025-12-28 19:14:07 - 20251228_191406_cec5531b - markdown_it.rules_block.list - DEBUG - list.list_block:102 - entering list: StateBlock(line=167,level=2,tokens=849), 174, 343, True
2025-12-28 19:14:07 - 20251228_191406_cec5531b - markdown_it.rules_block.html_block - DEBUG - html_block.html_block:35 - entering html_block: StateBlock(line=167,level=2,tokens=849), 174, 343, True
2025-12-28 19:14:07 - 20251228_191406_cec5531b - markdown_it.rules_block.heading - DEBUG - heading.heading:13 - entering heading: StateBlock(line=167,level=2,tokens=849), 174, 343, True
2025-12-28 19:14:07 - 20251228_191406_cec5531b - markdown_it.rules_block.code - DEBUG - code.code:10 - entering code: StateBlock(line=175,level=0,tokens=851), 175, 343, False
2025-12-28 19:14:07 - 20251228_191406_cec5531b - markdown_it.rules_block.fence - DEBUG - fence.fence:10 - entering fence: StateBlock(line=175,level=0,tokens=851), 175, 343, False
2025-12-28 19:14:07 - 20251228_191406_cec5531b - markdown_it.rules_block.blockquote - DEBUG - blockquote.blockquote:13 - entering blockquote: StateBlock(line=175,level=0,tokens=851), 175, 343, False
2025-12-28 19:14:07 - 20251228_191406_cec5531b - markdown_it.rules_block.hr - DEBUG - hr.hr:14 - entering hr: StateBlock(line=175,level=0,tokens=851), 175, 343, False
2025-12-28 19:14:07 - 20251228_191406_cec5531b - markdown_it.rules_block.list - DEBUG - list.list_block:102 - entering list: StateBlock(line=175,level=0,tokens=851), 175, 343, False
2025-12-28 19:14:07 - 20251228_191406_cec5531b - markdown_it.rules_block.reference - DEBUG - reference.reference:10 - entering reference: StateBlock(line=175,level=0,tokens=851), 175, 343, False
2025-12-28 19:14:07 - 20251228_191406_cec5531b - markdown_it.rules_block.html_block - DEBUG - html_block.html_block:35 - entering html_block: StateBlock(line=175,level=0,tokens=851), 175, 343, False
2025-12-28 19:14:07 - 20251228_191406_cec5531b - markdown_it.rules_block.heading - DEBUG - heading.heading:13 - entering heading: StateBlock(line=175,level=0,tokens=851), 175, 343, False
2025-12-28 19:14:07 - 20251228_191406_cec5531b - markdown_it.rules_block.fence - DEBUG - fence.fence:10 - entering fence: StateBlock(line=177,level=1,tokens=868), 179, 343, True
2025-12-28 19:14:07 - 20251228_191406_cec5531b - markdown_it.rules_block.blockquote - DEBUG - blockquote.blockquote:13 - entering blockquote: StateBlock(line=177,level=1,tokens=868), 179, 343, True
2025-12-28 19:14:07 - 20251228_191406_cec5531b - markdown_it.rules_block.hr - DEBUG - hr.hr:14 - entering hr: StateBlock(line=177,level=1,tokens=868), 179, 343, True
2025-12-28 19:14:07 - 20251228_191406_cec5531b - markdown_it.rules_block.list - DEBUG - list.list_block:102 - entering list: StateBlock(line=177,level=1,tokens=868), 179, 343, True
2025-12-28 19:14:07 - 20251228_191406_cec5531b - markdown_it.rules_block.html_block - DEBUG - html_block.html_block:35 - entering html_block: StateBlock(line=177,level=1,tokens=868), 179, 343, True
2025-12-28 19:14:07 - 20251228_191406_cec5531b - markdown_it.rules_block.heading - DEBUG - heading.heading:13 - entering heading: StateBlock(line=177,level=1,tokens=868), 179, 343, True
2025-12-28 19:14:07 - 20251228_191406_cec5531b - markdown_it.rules_block.fence - DEBUG - fence.fence:10 - entering fence: StateBlock(line=177,level=2,tokens=880), 180, 343, True
2025-12-28 19:14:07 - 20251228_191406_cec5531b - markdown_it.rules_block.blockquote - DEBUG - blockquote.blockquote:13 - entering blockquote: StateBlock(line=177,level=2,tokens=880), 180, 343, True
2025-12-28 19:14:07 - 20251228_191406_cec5531b - markdown_it.rules_block.hr - DEBUG - hr.hr:14 - entering hr: StateBlock(line=177,level=2,tokens=880), 180, 343, True
2025-12-28 19:14:07 - 20251228_191406_cec5531b - markdown_it.rules_block.list - DEBUG - list.list_block:102 - entering list: StateBlock(line=177,level=2,tokens=880), 180, 343, True
2025-12-28 19:14:07 - 20251228_191406_cec5531b - markdown_it.rules_block.html_block - DEBUG - html_block.html_block:35 - entering html_block: StateBlock(line=177,level=2,tokens=880), 180, 343, True
2025-12-28 19:14:07 - 20251228_191406_cec5531b - markdown_it.rules_block.heading - DEBUG - heading.heading:13 - entering heading: StateBlock(line=177,level=2,tokens=880), 180, 343, True
2025-12-28 19:14:07 - 20251228_191406_cec5531b - markdown_it.rules_block.fence - DEBUG - fence.fence:10 - entering fence: StateBlock(line=177,level=2,tokens=891), 181, 343, True
2025-12-28 19:14:07 - 20251228_191406_cec5531b - markdown_it.rules_block.blockquote - DEBUG - blockquote.blockquote:13 - entering blockquote: StateBlock(line=177,level=2,tokens=891), 181, 343, True
2025-12-28 19:14:07 - 20251228_191406_cec5531b - markdown_it.rules_block.hr - DEBUG - hr.hr:14 - entering hr: StateBlock(line=177,level=2,tokens=891), 181, 343, True
2025-12-28 19:14:07 - 20251228_191406_cec5531b - markdown_it.rules_block.list - DEBUG - list.list_block:102 - entering list: StateBlock(line=177,level=2,tokens=891), 181, 343, True
2025-12-28 19:14:07 - 20251228_191406_cec5531b - markdown_it.rules_block.html_block - DEBUG - html_block.html_block:35 - entering html_block: StateBlock(line=177,level=2,tokens=891), 181, 343, True
2025-12-28 19:14:07 - 20251228_191406_cec5531b - markdown_it.rules_block.heading - DEBUG - heading.heading:13 - entering heading: StateBlock(line=177,level=2,tokens=891), 181, 343, True
2025-12-28 19:14:07 - 20251228_191406_cec5531b - markdown_it.rules_block.fence - DEBUG - fence.fence:10 - entering fence: StateBlock(line=177,level=2,tokens=902), 182, 343, True
2025-12-28 19:14:07 - 20251228_191406_cec5531b - markdown_it.rules_block.blockquote - DEBUG - blockquote.blockquote:13 - entering blockquote: StateBlock(line=177,level=2,tokens=902), 182, 343, True
2025-12-28 19:14:07 - 20251228_191406_cec5531b - markdown_it.rules_block.hr - DEBUG - hr.hr:14 - entering hr: StateBlock(line=177,level=2,tokens=902), 182, 343, True
2025-12-28 19:14:07 - 20251228_191406_cec5531b - markdown_it.rules_block.list - DEBUG - list.list_block:102 - entering list: StateBlock(line=177,level=2,tokens=902), 182, 343, True
2025-12-28 19:14:07 - 20251228_191406_cec5531b - markdown_it.rules_block.html_block - DEBUG - html_block.html_block:35 - entering html_block: StateBlock(line=177,level=2,tokens=902), 182, 343, True
2025-12-28 19:14:07 - 20251228_191406_cec5531b - markdown_it.rules_block.heading - DEBUG - heading.heading:13 - entering heading: StateBlock(line=177,level=2,tokens=902), 182, 343, True
2025-12-28 19:14:07 - 20251228_191406_cec5531b - markdown_it.rules_block.fence - DEBUG - fence.fence:10 - entering fence: StateBlock(line=177,level=2,tokens=913), 183, 343, True
2025-12-28 19:14:07 - 20251228_191406_cec5531b - markdown_it.rules_block.blockquote - DEBUG - blockquote.blockquote:13 - entering blockquote: StateBlock(line=177,level=2,tokens=913), 183, 343, True
2025-12-28 19:14:07 - 20251228_191406_cec5531b - markdown_it.rules_block.hr - DEBUG - hr.hr:14 - entering hr: StateBlock(line=177,level=2,tokens=913), 183, 343, True
2025-12-28 19:14:07 - 20251228_191406_cec5531b - markdown_it.rules_block.list - DEBUG - list.list_block:102 - entering list: StateBlock(line=177,level=2,tokens=913), 183, 343, True
2025-12-28 19:14:07 - 20251228_191406_cec5531b - markdown_it.rules_block.html_block - DEBUG - html_block.html_block:35 - entering html_block: StateBlock(line=177,level=2,tokens=913), 183, 343, True
2025-12-28 19:14:07 - 20251228_191406_cec5531b - markdown_it.rules_block.heading - DEBUG - heading.heading:13 - entering heading: StateBlock(line=177,level=2,tokens=913), 183, 343, True
2025-12-28 19:14:07 - 20251228_191406_cec5531b - markdown_it.rules_block.fence - DEBUG - fence.fence:10 - entering fence: StateBlock(line=177,level=2,tokens=924), 184, 343, True
2025-12-28 19:14:07 - 20251228_191406_cec5531b - markdown_it.rules_block.blockquote - DEBUG - blockquote.blockquote:13 - entering blockquote: StateBlock(line=177,level=2,tokens=924), 184, 343, True
2025-12-28 19:14:07 - 20251228_191406_cec5531b - markdown_it.rules_block.hr - DEBUG - hr.hr:14 - entering hr: StateBlock(line=177,level=2,tokens=924), 184, 343, True
2025-12-28 19:14:07 - 20251228_191406_cec5531b - markdown_it.rules_block.list - DEBUG - list.list_block:102 - entering list: StateBlock(line=177,level=2,tokens=924), 184, 343, True
2025-12-28 19:14:07 - 20251228_191406_cec5531b - markdown_it.rules_block.html_block - DEBUG - html_block.html_block:35 - entering html_block: StateBlock(line=177,level=2,tokens=924), 184, 343, True
2025-12-28 19:14:07 - 20251228_191406_cec5531b - markdown_it.rules_block.heading - DEBUG - heading.heading:13 - entering heading: StateBlock(line=177,level=2,tokens=924), 184, 343, True
2025-12-28 19:14:07 - 20251228_191406_cec5531b - markdown_it.rules_block.code - DEBUG - code.code:10 - entering code: StateBlock(line=185,level=0,tokens=926), 185, 343, False
2025-12-28 19:14:07 - 20251228_191406_cec5531b - markdown_it.rules_block.fence - DEBUG - fence.fence:10 - entering fence: StateBlock(line=185,level=0,tokens=926), 185, 343, False
2025-12-28 19:14:07 - 20251228_191406_cec5531b - markdown_it.rules_block.blockquote - DEBUG - blockquote.blockquote:13 - entering blockquote: StateBlock(line=185,level=0,tokens=926), 185, 343, False
2025-12-28 19:14:07 - 20251228_191406_cec5531b - markdown_it.rules_block.hr - DEBUG - hr.hr:14 - entering hr: StateBlock(line=185,level=0,tokens=926), 185, 343, False
2025-12-28 19:14:07 - 20251228_191406_cec5531b - markdown_it.rules_block.list - DEBUG - list.list_block:102 - entering list: StateBlock(line=185,level=0,tokens=926), 185, 343, False
2025-12-28 19:14:07 - 20251228_191406_cec5531b - markdown_it.rules_block.reference - DEBUG - reference.reference:10 - entering reference: StateBlock(line=185,level=0,tokens=926), 185, 343, False
2025-12-28 19:14:07 - 20251228_191406_cec5531b - markdown_it.rules_block.html_block - DEBUG - html_block.html_block:35 - entering html_block: StateBlock(line=185,level=0,tokens=926), 185, 343, False
2025-12-28 19:14:07 - 20251228_191406_cec5531b - markdown_it.rules_block.heading - DEBUG - heading.heading:13 - entering heading: StateBlock(line=185,level=0,tokens=926), 185, 343, False
2025-12-28 19:14:07 - 20251228_191406_cec5531b - markdown_it.rules_block.lheading - DEBUG - lheading.lheading:10 - entering lheading: StateBlock(line=185,level=0,tokens=926), 185, 343, False
2025-12-28 19:14:07 - 20251228_191406_cec5531b - markdown_it.rules_block.fence - DEBUG - fence.fence:10 - entering fence: StateBlock(line=185,level=0,tokens=926), 186, 343, True
2025-12-28 19:14:07 - 20251228_191406_cec5531b - markdown_it.rules_block.blockquote - DEBUG - blockquote.blockquote:13 - entering blockquote: StateBlock(line=185,level=0,tokens=926), 186, 343, True
2025-12-28 19:14:07 - 20251228_191406_cec5531b - markdown_it.rules_block.hr - DEBUG - hr.hr:14 - entering hr: StateBlock(line=185,level=0,tokens=926), 186, 343, True
2025-12-28 19:14:07 - 20251228_191406_cec5531b - markdown_it.rules_block.list - DEBUG - list.list_block:102 - entering list: StateBlock(line=185,level=0,tokens=926), 186, 343, True
2025-12-28 19:14:07 - 20251228_191406_cec5531b - markdown_it.rules_block.html_block - DEBUG - html_block.html_block:35 - entering html_block: StateBlock(line=185,level=0,tokens=926), 186, 343, True
2025-12-28 19:14:07 - 20251228_191406_cec5531b - markdown_it.rules_block.heading - DEBUG - heading.heading:13 - entering heading: StateBlock(line=185,level=0,tokens=926), 186, 343, True
2025-12-28 19:14:07 - 20251228_191406_cec5531b - markdown_it.rules_block.paragraph - DEBUG - paragraph.paragraph:10 - entering paragraph: StateBlock(line=185,level=0,tokens=926), 185, 343, False
2025-12-28 19:14:07 - 20251228_191406_cec5531b - markdown_it.rules_block.fence - DEBUG - fence.fence:10 - entering fence: StateBlock(line=185,level=0,tokens=926), 186, 343, True
2025-12-28 19:14:07 - 20251228_191406_cec5531b - markdown_it.rules_block.blockquote - DEBUG - blockquote.blockquote:13 - entering blockquote: StateBlock(line=185,level=0,tokens=926), 186, 343, True
2025-12-28 19:14:07 - 20251228_191406_cec5531b - markdown_it.rules_block.hr - DEBUG - hr.hr:14 - entering hr: StateBlock(line=185,level=0,tokens=926), 186, 343, True
2025-12-28 19:14:07 - 20251228_191406_cec5531b - markdown_it.rules_block.list - DEBUG - list.list_block:102 - entering list: StateBlock(line=185,level=0,tokens=926), 186, 343, True
2025-12-28 19:14:07 - 20251228_191406_cec5531b - markdown_it.rules_block.html_block - DEBUG - html_block.html_block:35 - entering html_block: StateBlock(line=185,level=0,tokens=926), 186, 343, True
2025-12-28 19:14:07 - 20251228_191406_cec5531b - markdown_it.rules_block.heading - DEBUG - heading.heading:13 - entering heading: StateBlock(line=185,level=0,tokens=926), 186, 343, True
2025-12-28 19:14:07 - 20251228_191406_cec5531b - markdown_it.rules_block.code - DEBUG - code.code:10 - entering code: StateBlock(line=188,level=0,tokens=929), 188, 343, False
2025-12-28 19:14:07 - 20251228_191406_cec5531b - markdown_it.rules_block.fence - DEBUG - fence.fence:10 - entering fence: StateBlock(line=188,level=0,tokens=929), 188, 343, False
2025-12-28 19:14:07 - 20251228_191406_cec5531b - markdown_it.rules_block.blockquote - DEBUG - blockquote.blockquote:13 - entering blockquote: StateBlock(line=188,level=0,tokens=929), 188, 343, False
2025-12-28 19:14:07 - 20251228_191406_cec5531b - markdown_it.rules_block.hr - DEBUG - hr.hr:14 - entering hr: StateBlock(line=188,level=0,tokens=929), 188, 343, False
2025-12-28 19:14:07 - 20251228_191406_cec5531b - markdown_it.rules_block.code - DEBUG - code.code:10 - entering code: StateBlock(line=190,level=0,tokens=930), 190, 343, False
2025-12-28 19:14:07 - 20251228_191406_cec5531b - markdown_it.rules_block.fence - DEBUG - fence.fence:10 - entering fence: StateBlock(line=190,level=0,tokens=930), 190, 343, False
2025-12-28 19:14:07 - 20251228_191406_cec5531b - markdown_it.rules_block.blockquote - DEBUG - blockquote.blockquote:13 - entering blockquote: StateBlock(line=190,level=0,tokens=930), 190, 343, False
2025-12-28 19:14:07 - 20251228_191406_cec5531b - markdown_it.rules_block.hr - DEBUG - hr.hr:14 - entering hr: StateBlock(line=190,level=0,tokens=930), 190, 343, False
2025-12-28 19:14:07 - 20251228_191406_cec5531b - markdown_it.rules_block.list - DEBUG - list.list_block:102 - entering list: StateBlock(line=190,level=0,tokens=930), 190, 343, False
2025-12-28 19:14:07 - 20251228_191406_cec5531b - markdown_it.rules_block.reference - DEBUG - reference.reference:10 - entering reference: StateBlock(line=190,level=0,tokens=930), 190, 343, False
2025-12-28 19:14:07 - 20251228_191406_cec5531b - markdown_it.rules_block.html_block - DEBUG - html_block.html_block:35 - entering html_block: StateBlock(line=190,level=0,tokens=930), 190, 343, False
2025-12-28 19:14:07 - 20251228_191406_cec5531b - markdown_it.rules_block.heading - DEBUG - heading.heading:13 - entering heading: StateBlock(line=190,level=0,tokens=930), 190, 343, False
2025-12-28 19:14:07 - 20251228_191406_cec5531b - markdown_it.rules_block.code - DEBUG - code.code:10 - entering code: StateBlock(line=192,level=0,tokens=933), 192, 343, False
2025-12-28 19:14:07 - 20251228_191406_cec5531b - markdown_it.rules_block.fence - DEBUG - fence.fence:10 - entering fence: StateBlock(line=192,level=0,tokens=933), 192, 343, False
2025-12-28 19:14:07 - 20251228_191406_cec5531b - markdown_it.rules_block.blockquote - DEBUG - blockquote.blockquote:13 - entering blockquote: StateBlock(line=192,level=0,tokens=933), 192, 343, False
2025-12-28 19:14:07 - 20251228_191406_cec5531b - markdown_it.rules_block.hr - DEBUG - hr.hr:14 - entering hr: StateBlock(line=192,level=0,tokens=933), 192, 343, False
2025-12-28 19:14:07 - 20251228_191406_cec5531b - markdown_it.rules_block.list - DEBUG - list.list_block:102 - entering list: StateBlock(line=192,level=0,tokens=933), 192, 343, False
2025-12-28 19:14:07 - 20251228_191406_cec5531b - markdown_it.rules_block.reference - DEBUG - reference.reference:10 - entering reference: StateBlock(line=192,level=0,tokens=933), 192, 343, False
2025-12-28 19:14:07 - 20251228_191406_cec5531b - markdown_it.rules_block.html_block - DEBUG - html_block.html_block:35 - entering html_block: StateBlock(line=192,level=0,tokens=933), 192, 343, False
2025-12-28 19:14:07 - 20251228_191406_cec5531b - markdown_it.rules_block.heading - DEBUG - heading.heading:13 - entering heading: StateBlock(line=192,level=0,tokens=933), 192, 343, False
2025-12-28 19:14:07 - 20251228_191406_cec5531b - markdown_it.rules_block.lheading - DEBUG - lheading.lheading:10 - entering lheading: StateBlock(line=192,level=0,tokens=933), 192, 343, False
2025-12-28 19:14:07 - 20251228_191406_cec5531b - markdown_it.rules_block.fence - DEBUG - fence.fence:10 - entering fence: StateBlock(line=192,level=0,tokens=933), 193, 343, True
2025-12-28 19:14:07 - 20251228_191406_cec5531b - markdown_it.rules_block.blockquote - DEBUG - blockquote.blockquote:13 - entering blockquote: StateBlock(line=192,level=0,tokens=933), 193, 343, True
2025-12-28 19:14:07 - 20251228_191406_cec5531b - markdown_it.rules_block.hr - DEBUG - hr.hr:14 - entering hr: StateBlock(line=192,level=0,tokens=933), 193, 343, True
2025-12-28 19:14:07 - 20251228_191406_cec5531b - markdown_it.rules_block.list - DEBUG - list.list_block:102 - entering list: StateBlock(line=192,level=0,tokens=933), 193, 343, True
2025-12-28 19:14:07 - 20251228_191406_cec5531b - markdown_it.rules_block.html_block - DEBUG - html_block.html_block:35 - entering html_block: StateBlock(line=192,level=0,tokens=933), 193, 343, True
2025-12-28 19:14:07 - 20251228_191406_cec5531b - markdown_it.rules_block.heading - DEBUG - heading.heading:13 - entering heading: StateBlock(line=192,level=0,tokens=933), 193, 343, True
2025-12-28 19:14:07 - 20251228_191406_cec5531b - markdown_it.rules_block.paragraph - DEBUG - paragraph.paragraph:10 - entering paragraph: StateBlock(line=192,level=0,tokens=933), 192, 343, False
2025-12-28 19:14:07 - 20251228_191406_cec5531b - markdown_it.rules_block.fence - DEBUG - fence.fence:10 - entering fence: StateBlock(line=192,level=0,tokens=933), 193, 343, True
2025-12-28 19:14:07 - 20251228_191406_cec5531b - markdown_it.rules_block.blockquote - DEBUG - blockquote.blockquote:13 - entering blockquote: StateBlock(line=192,level=0,tokens=933), 193, 343, True
2025-12-28 19:14:07 - 20251228_191406_cec5531b - markdown_it.rules_block.hr - DEBUG - hr.hr:14 - entering hr: StateBlock(line=192,level=0,tokens=933), 193, 343, True
2025-12-28 19:14:07 - 20251228_191406_cec5531b - markdown_it.rules_block.list - DEBUG - list.list_block:102 - entering list: StateBlock(line=192,level=0,tokens=933), 193, 343, True
2025-12-28 19:14:07 - 20251228_191406_cec5531b - markdown_it.rules_block.html_block - DEBUG - html_block.html_block:35 - entering html_block: StateBlock(line=192,level=0,tokens=933), 193, 343, True
2025-12-28 19:14:07 - 20251228_191406_cec5531b - markdown_it.rules_block.heading - DEBUG - heading.heading:13 - entering heading: StateBlock(line=192,level=0,tokens=933), 193, 343, True
2025-12-28 19:14:07 - 20251228_191406_cec5531b - markdown_it.rules_block.code - DEBUG - code.code:10 - entering code: StateBlock(line=195,level=0,tokens=936), 195, 343, False
2025-12-28 19:14:07 - 20251228_191406_cec5531b - markdown_it.rules_block.fence - DEBUG - fence.fence:10 - entering fence: StateBlock(line=195,level=0,tokens=936), 195, 343, False
2025-12-28 19:14:07 - 20251228_191406_cec5531b - markdown_it.rules_block.blockquote - DEBUG - blockquote.blockquote:13 - entering blockquote: StateBlock(line=195,level=0,tokens=936), 195, 343, False
2025-12-28 19:14:07 - 20251228_191406_cec5531b - markdown_it.rules_block.hr - DEBUG - hr.hr:14 - entering hr: StateBlock(line=195,level=0,tokens=936), 195, 343, False
2025-12-28 19:14:07 - 20251228_191406_cec5531b - markdown_it.rules_block.list - DEBUG - list.list_block:102 - entering list: StateBlock(line=195,level=0,tokens=936), 195, 343, False
2025-12-28 19:14:07 - 20251228_191406_cec5531b - markdown_it.rules_block.reference - DEBUG - reference.reference:10 - entering reference: StateBlock(line=195,level=0,tokens=936), 195, 343, False
2025-12-28 19:14:07 - 20251228_191406_cec5531b - markdown_it.rules_block.html_block - DEBUG - html_block.html_block:35 - entering html_block: StateBlock(line=195,level=0,tokens=936), 195, 343, False
2025-12-28 19:14:07 - 20251228_191406_cec5531b - markdown_it.rules_block.heading - DEBUG - heading.heading:13 - entering heading: StateBlock(line=195,level=0,tokens=936), 195, 343, False
2025-12-28 19:14:07 - 20251228_191406_cec5531b - markdown_it.rules_block.fence - DEBUG - fence.fence:10 - entering fence: StateBlock(line=197,level=1,tokens=953), 199, 343, True
2025-12-28 19:14:07 - 20251228_191406_cec5531b - markdown_it.rules_block.blockquote - DEBUG - blockquote.blockquote:13 - entering blockquote: StateBlock(line=197,level=1,tokens=953), 199, 343, True
2025-12-28 19:14:07 - 20251228_191406_cec5531b - markdown_it.rules_block.hr - DEBUG - hr.hr:14 - entering hr: StateBlock(line=197,level=1,tokens=953), 199, 343, True
2025-12-28 19:14:07 - 20251228_191406_cec5531b - markdown_it.rules_block.list - DEBUG - list.list_block:102 - entering list: StateBlock(line=197,level=1,tokens=953), 199, 343, True
2025-12-28 19:14:07 - 20251228_191406_cec5531b - markdown_it.rules_block.html_block - DEBUG - html_block.html_block:35 - entering html_block: StateBlock(line=197,level=1,tokens=953), 199, 343, True
2025-12-28 19:14:07 - 20251228_191406_cec5531b - markdown_it.rules_block.heading - DEBUG - heading.heading:13 - entering heading: StateBlock(line=197,level=1,tokens=953), 199, 343, True
2025-12-28 19:14:07 - 20251228_191406_cec5531b - markdown_it.rules_block.fence - DEBUG - fence.fence:10 - entering fence: StateBlock(line=197,level=2,tokens=965), 200, 343, True
2025-12-28 19:14:07 - 20251228_191406_cec5531b - markdown_it.rules_block.blockquote - DEBUG - blockquote.blockquote:13 - entering blockquote: StateBlock(line=197,level=2,tokens=965), 200, 343, True
2025-12-28 19:14:07 - 20251228_191406_cec5531b - markdown_it.rules_block.hr - DEBUG - hr.hr:14 - entering hr: StateBlock(line=197,level=2,tokens=965), 200, 343, True
2025-12-28 19:14:07 - 20251228_191406_cec5531b - markdown_it.rules_block.list - DEBUG - list.list_block:102 - entering list: StateBlock(line=197,level=2,tokens=965), 200, 343, True
2025-12-28 19:14:07 - 20251228_191406_cec5531b - markdown_it.rules_block.html_block - DEBUG - html_block.html_block:35 - entering html_block: StateBlock(line=197,level=2,tokens=965), 200, 343, True
2025-12-28 19:14:07 - 20251228_191406_cec5531b - markdown_it.rules_block.heading - DEBUG - heading.heading:13 - entering heading: StateBlock(line=197,level=2,tokens=965), 200, 343, True
2025-12-28 19:14:07 - 20251228_191406_cec5531b - markdown_it.rules_block.fence - DEBUG - fence.fence:10 - entering fence: StateBlock(line=197,level=2,tokens=976), 201, 343, True
2025-12-28 19:14:07 - 20251228_191406_cec5531b - markdown_it.rules_block.blockquote - DEBUG - blockquote.blockquote:13 - entering blockquote: StateBlock(line=197,level=2,tokens=976), 201, 343, True
2025-12-28 19:14:07 - 20251228_191406_cec5531b - markdown_it.rules_block.hr - DEBUG - hr.hr:14 - entering hr: StateBlock(line=197,level=2,tokens=976), 201, 343, True
2025-12-28 19:14:07 - 20251228_191406_cec5531b - markdown_it.rules_block.list - DEBUG - list.list_block:102 - entering list: StateBlock(line=197,level=2,tokens=976), 201, 343, True
2025-12-28 19:14:07 - 20251228_191406_cec5531b - markdown_it.rules_block.html_block - DEBUG - html_block.html_block:35 - entering html_block: StateBlock(line=197,level=2,tokens=976), 201, 343, True
2025-12-28 19:14:07 - 20251228_191406_cec5531b - markdown_it.rules_block.heading - DEBUG - heading.heading:13 - entering heading: StateBlock(line=197,level=2,tokens=976), 201, 343, True
2025-12-28 19:14:07 - 20251228_191406_cec5531b - markdown_it.rules_block.fence - DEBUG - fence.fence:10 - entering fence: StateBlock(line=197,level=2,tokens=987), 202, 343, True
2025-12-28 19:14:07 - 20251228_191406_cec5531b - markdown_it.rules_block.blockquote - DEBUG - blockquote.blockquote:13 - entering blockquote: StateBlock(line=197,level=2,tokens=987), 202, 343, True
2025-12-28 19:14:07 - 20251228_191406_cec5531b - markdown_it.rules_block.hr - DEBUG - hr.hr:14 - entering hr: StateBlock(line=197,level=2,tokens=987), 202, 343, True
2025-12-28 19:14:07 - 20251228_191406_cec5531b - markdown_it.rules_block.list - DEBUG - list.list_block:102 - entering list: StateBlock(line=197,level=2,tokens=987), 202, 343, True
2025-12-28 19:14:07 - 20251228_191406_cec5531b - markdown_it.rules_block.html_block - DEBUG - html_block.html_block:35 - entering html_block: StateBlock(line=197,level=2,tokens=987), 202, 343, True
2025-12-28 19:14:07 - 20251228_191406_cec5531b - markdown_it.rules_block.heading - DEBUG - heading.heading:13 - entering heading: StateBlock(line=197,level=2,tokens=987), 202, 343, True
2025-12-28 19:14:07 - 20251228_191406_cec5531b - markdown_it.rules_block.fence - DEBUG - fence.fence:10 - entering fence: StateBlock(line=197,level=2,tokens=998), 203, 343, True
2025-12-28 19:14:07 - 20251228_191406_cec5531b - markdown_it.rules_block.blockquote - DEBUG - blockquote.blockquote:13 - entering blockquote: StateBlock(line=197,level=2,tokens=998), 203, 343, True
2025-12-28 19:14:07 - 20251228_191406_cec5531b - markdown_it.rules_block.hr - DEBUG - hr.hr:14 - entering hr: StateBlock(line=197,level=2,tokens=998), 203, 343, True
2025-12-28 19:14:07 - 20251228_191406_cec5531b - markdown_it.rules_block.list - DEBUG - list.list_block:102 - entering list: StateBlock(line=197,level=2,tokens=998), 203, 343, True
2025-12-28 19:14:07 - 20251228_191406_cec5531b - markdown_it.rules_block.html_block - DEBUG - html_block.html_block:35 - entering html_block: StateBlock(line=197,level=2,tokens=998), 203, 343, True
2025-12-28 19:14:07 - 20251228_191406_cec5531b - markdown_it.rules_block.heading - DEBUG - heading.heading:13 - entering heading: StateBlock(line=197,level=2,tokens=998), 203, 343, True
2025-12-28 19:14:07 - 20251228_191406_cec5531b - markdown_it.rules_block.fence - DEBUG - fence.fence:10 - entering fence: StateBlock(line=197,level=2,tokens=1009), 204, 343, True
2025-12-28 19:14:07 - 20251228_191406_cec5531b - markdown_it.rules_block.blockquote - DEBUG - blockquote.blockquote:13 - entering blockquote: StateBlock(line=197,level=2,tokens=1009), 204, 343, True
2025-12-28 19:14:07 - 20251228_191406_cec5531b - markdown_it.rules_block.hr - DEBUG - hr.hr:14 - entering hr: StateBlock(line=197,level=2,tokens=1009), 204, 343, True
2025-12-28 19:14:07 - 20251228_191406_cec5531b - markdown_it.rules_block.list - DEBUG - list.list_block:102 - entering list: StateBlock(line=197,level=2,tokens=1009), 204, 343, True
2025-12-28 19:14:07 - 20251228_191406_cec5531b - markdown_it.rules_block.html_block - DEBUG - html_block.html_block:35 - entering html_block: StateBlock(line=197,level=2,tokens=1009), 204, 343, True
2025-12-28 19:14:07 - 20251228_191406_cec5531b - markdown_it.rules_block.heading - DEBUG - heading.heading:13 - entering heading: StateBlock(line=197,level=2,tokens=1009), 204, 343, True
2025-12-28 19:14:07 - 20251228_191406_cec5531b - markdown_it.rules_block.fence - DEBUG - fence.fence:10 - entering fence: StateBlock(line=197,level=2,tokens=1020), 205, 343, True
2025-12-28 19:14:07 - 20251228_191406_cec5531b - markdown_it.rules_block.blockquote - DEBUG - blockquote.blockquote:13 - entering blockquote: StateBlock(line=197,level=2,tokens=1020), 205, 343, True
2025-12-28 19:14:07 - 20251228_191406_cec5531b - markdown_it.rules_block.hr - DEBUG - hr.hr:14 - entering hr: StateBlock(line=197,level=2,tokens=1020), 205, 343, True
2025-12-28 19:14:07 - 20251228_191406_cec5531b - markdown_it.rules_block.list - DEBUG - list.list_block:102 - entering list: StateBlock(line=197,level=2,tokens=1020), 205, 343, True
2025-12-28 19:14:07 - 20251228_191406_cec5531b - markdown_it.rules_block.html_block - DEBUG - html_block.html_block:35 - entering html_block: StateBlock(line=197,level=2,tokens=1020), 205, 343, True
2025-12-28 19:14:07 - 20251228_191406_cec5531b - markdown_it.rules_block.heading - DEBUG - heading.heading:13 - entering heading: StateBlock(line=197,level=2,tokens=1020), 205, 343, True
2025-12-28 19:14:07 - 20251228_191406_cec5531b - markdown_it.rules_block.fence - DEBUG - fence.fence:10 - entering fence: StateBlock(line=197,level=2,tokens=1031), 206, 343, True
2025-12-28 19:14:07 - 20251228_191406_cec5531b - markdown_it.rules_block.blockquote - DEBUG - blockquote.blockquote:13 - entering blockquote: StateBlock(line=197,level=2,tokens=1031), 206, 343, True
2025-12-28 19:14:07 - 20251228_191406_cec5531b - markdown_it.rules_block.hr - DEBUG - hr.hr:14 - entering hr: StateBlock(line=197,level=2,tokens=1031), 206, 343, True
2025-12-28 19:14:07 - 20251228_191406_cec5531b - markdown_it.rules_block.list - DEBUG - list.list_block:102 - entering list: StateBlock(line=197,level=2,tokens=1031), 206, 343, True
2025-12-28 19:14:07 - 20251228_191406_cec5531b - markdown_it.rules_block.html_block - DEBUG - html_block.html_block:35 - entering html_block: StateBlock(line=197,level=2,tokens=1031), 206, 343, True
2025-12-28 19:14:07 - 20251228_191406_cec5531b - markdown_it.rules_block.heading - DEBUG - heading.heading:13 - entering heading: StateBlock(line=197,level=2,tokens=1031), 206, 343, True
2025-12-28 19:14:07 - 20251228_191406_cec5531b - markdown_it.rules_block.fence - DEBUG - fence.fence:10 - entering fence: StateBlock(line=197,level=2,tokens=1042), 207, 343, True
2025-12-28 19:14:07 - 20251228_191406_cec5531b - markdown_it.rules_block.blockquote - DEBUG - blockquote.blockquote:13 - entering blockquote: StateBlock(line=197,level=2,tokens=1042), 207, 343, True
2025-12-28 19:14:07 - 20251228_191406_cec5531b - markdown_it.rules_block.hr - DEBUG - hr.hr:14 - entering hr: StateBlock(line=197,level=2,tokens=1042), 207, 343, True
2025-12-28 19:14:07 - 20251228_191406_cec5531b - markdown_it.rules_block.list - DEBUG - list.list_block:102 - entering list: StateBlock(line=197,level=2,tokens=1042), 207, 343, True
2025-12-28 19:14:07 - 20251228_191406_cec5531b - markdown_it.rules_block.html_block - DEBUG - html_block.html_block:35 - entering html_block: StateBlock(line=197,level=2,tokens=1042), 207, 343, True
2025-12-28 19:14:07 - 20251228_191406_cec5531b - markdown_it.rules_block.heading - DEBUG - heading.heading:13 - entering heading: StateBlock(line=197,level=2,tokens=1042), 207, 343, True
2025-12-28 19:14:07 - 20251228_191406_cec5531b - markdown_it.rules_block.code - DEBUG - code.code:10 - entering code: StateBlock(line=208,level=0,tokens=1044), 208, 343, False
2025-12-28 19:14:07 - 20251228_191406_cec5531b - markdown_it.rules_block.fence - DEBUG - fence.fence:10 - entering fence: StateBlock(line=208,level=0,tokens=1044), 208, 343, False
2025-12-28 19:14:07 - 20251228_191406_cec5531b - markdown_it.rules_block.blockquote - DEBUG - blockquote.blockquote:13 - entering blockquote: StateBlock(line=208,level=0,tokens=1044), 208, 343, False
2025-12-28 19:14:07 - 20251228_191406_cec5531b - markdown_it.rules_block.hr - DEBUG - hr.hr:14 - entering hr: StateBlock(line=208,level=0,tokens=1044), 208, 343, False
2025-12-28 19:14:07 - 20251228_191406_cec5531b - markdown_it.rules_block.list - DEBUG - list.list_block:102 - entering list: StateBlock(line=208,level=0,tokens=1044), 208, 343, False
2025-12-28 19:14:07 - 20251228_191406_cec5531b - markdown_it.rules_block.reference - DEBUG - reference.reference:10 - entering reference: StateBlock(line=208,level=0,tokens=1044), 208, 343, False
2025-12-28 19:14:07 - 20251228_191406_cec5531b - markdown_it.rules_block.html_block - DEBUG - html_block.html_block:35 - entering html_block: StateBlock(line=208,level=0,tokens=1044), 208, 343, False
2025-12-28 19:14:07 - 20251228_191406_cec5531b - markdown_it.rules_block.heading - DEBUG - heading.heading:13 - entering heading: StateBlock(line=208,level=0,tokens=1044), 208, 343, False
2025-12-28 19:14:07 - 20251228_191406_cec5531b - markdown_it.rules_block.fence - DEBUG - fence.fence:10 - entering fence: StateBlock(line=210,level=1,tokens=1061), 212, 343, True
2025-12-28 19:14:07 - 20251228_191406_cec5531b - markdown_it.rules_block.blockquote - DEBUG - blockquote.blockquote:13 - entering blockquote: StateBlock(line=210,level=1,tokens=1061), 212, 343, True
2025-12-28 19:14:07 - 20251228_191406_cec5531b - markdown_it.rules_block.hr - DEBUG - hr.hr:14 - entering hr: StateBlock(line=210,level=1,tokens=1061), 212, 343, True
2025-12-28 19:14:07 - 20251228_191406_cec5531b - markdown_it.rules_block.list - DEBUG - list.list_block:102 - entering list: StateBlock(line=210,level=1,tokens=1061), 212, 343, True
2025-12-28 19:14:07 - 20251228_191406_cec5531b - markdown_it.rules_block.html_block - DEBUG - html_block.html_block:35 - entering html_block: StateBlock(line=210,level=1,tokens=1061), 212, 343, True
2025-12-28 19:14:07 - 20251228_191406_cec5531b - markdown_it.rules_block.heading - DEBUG - heading.heading:13 - entering heading: StateBlock(line=210,level=1,tokens=1061), 212, 343, True
2025-12-28 19:14:07 - 20251228_191406_cec5531b - markdown_it.rules_block.fence - DEBUG - fence.fence:10 - entering fence: StateBlock(line=210,level=2,tokens=1073), 213, 343, True
2025-12-28 19:14:07 - 20251228_191406_cec5531b - markdown_it.rules_block.blockquote - DEBUG - blockquote.blockquote:13 - entering blockquote: StateBlock(line=210,level=2,tokens=1073), 213, 343, True
2025-12-28 19:14:07 - 20251228_191406_cec5531b - markdown_it.rules_block.hr - DEBUG - hr.hr:14 - entering hr: StateBlock(line=210,level=2,tokens=1073), 213, 343, True
2025-12-28 19:14:07 - 20251228_191406_cec5531b - markdown_it.rules_block.list - DEBUG - list.list_block:102 - entering list: StateBlock(line=210,level=2,tokens=1073), 213, 343, True
2025-12-28 19:14:07 - 20251228_191406_cec5531b - markdown_it.rules_block.html_block - DEBUG - html_block.html_block:35 - entering html_block: StateBlock(line=210,level=2,tokens=1073), 213, 343, True
2025-12-28 19:14:07 - 20251228_191406_cec5531b - markdown_it.rules_block.heading - DEBUG - heading.heading:13 - entering heading: StateBlock(line=210,level=2,tokens=1073), 213, 343, True
2025-12-28 19:14:07 - 20251228_191406_cec5531b - markdown_it.rules_block.fence - DEBUG - fence.fence:10 - entering fence: StateBlock(line=210,level=2,tokens=1084), 214, 343, True
2025-12-28 19:14:07 - 20251228_191406_cec5531b - markdown_it.rules_block.blockquote - DEBUG - blockquote.blockquote:13 - entering blockquote: StateBlock(line=210,level=2,tokens=1084), 214, 343, True
2025-12-28 19:14:07 - 20251228_191406_cec5531b - markdown_it.rules_block.hr - DEBUG - hr.hr:14 - entering hr: StateBlock(line=210,level=2,tokens=1084), 214, 343, True
2025-12-28 19:14:07 - 20251228_191406_cec5531b - markdown_it.rules_block.list - DEBUG - list.list_block:102 - entering list: StateBlock(line=210,level=2,tokens=1084), 214, 343, True
2025-12-28 19:14:07 - 20251228_191406_cec5531b - markdown_it.rules_block.html_block - DEBUG - html_block.html_block:35 - entering html_block: StateBlock(line=210,level=2,tokens=1084), 214, 343, True
2025-12-28 19:14:07 - 20251228_191406_cec5531b - markdown_it.rules_block.heading - DEBUG - heading.heading:13 - entering heading: StateBlock(line=210,level=2,tokens=1084), 214, 343, True
2025-12-28 19:14:07 - 20251228_191406_cec5531b - markdown_it.rules_block.fence - DEBUG - fence.fence:10 - entering fence: StateBlock(line=210,level=2,tokens=1095), 215, 343, True
2025-12-28 19:14:07 - 20251228_191406_cec5531b - markdown_it.rules_block.blockquote - DEBUG - blockquote.blockquote:13 - entering blockquote: StateBlock(line=210,level=2,tokens=1095), 215, 343, True
2025-12-28 19:14:07 - 20251228_191406_cec5531b - markdown_it.rules_block.hr - DEBUG - hr.hr:14 - entering hr: StateBlock(line=210,level=2,tokens=1095), 215, 343, True
2025-12-28 19:14:07 - 20251228_191406_cec5531b - markdown_it.rules_block.list - DEBUG - list.list_block:102 - entering list: StateBlock(line=210,level=2,tokens=1095), 215, 343, True
2025-12-28 19:14:07 - 20251228_191406_cec5531b - markdown_it.rules_block.html_block - DEBUG - html_block.html_block:35 - entering html_block: StateBlock(line=210,level=2,tokens=1095), 215, 343, True
2025-12-28 19:14:07 - 20251228_191406_cec5531b - markdown_it.rules_block.heading - DEBUG - heading.heading:13 - entering heading: StateBlock(line=210,level=2,tokens=1095), 215, 343, True
2025-12-28 19:14:07 - 20251228_191406_cec5531b - markdown_it.rules_block.code - DEBUG - code.code:10 - entering code: StateBlock(line=216,level=0,tokens=1097), 216, 343, False
2025-12-28 19:14:07 - 20251228_191406_cec5531b - markdown_it.rules_block.fence - DEBUG - fence.fence:10 - entering fence: StateBlock(line=216,level=0,tokens=1097), 216, 343, False
2025-12-28 19:14:07 - 20251228_191406_cec5531b - markdown_it.rules_block.blockquote - DEBUG - blockquote.blockquote:13 - entering blockquote: StateBlock(line=216,level=0,tokens=1097), 216, 343, False
2025-12-28 19:14:07 - 20251228_191406_cec5531b - markdown_it.rules_block.hr - DEBUG - hr.hr:14 - entering hr: StateBlock(line=216,level=0,tokens=1097), 216, 343, False
2025-12-28 19:14:07 - 20251228_191406_cec5531b - markdown_it.rules_block.list - DEBUG - list.list_block:102 - entering list: StateBlock(line=216,level=0,tokens=1097), 216, 343, False
2025-12-28 19:14:07 - 20251228_191406_cec5531b - markdown_it.rules_block.reference - DEBUG - reference.reference:10 - entering reference: StateBlock(line=216,level=0,tokens=1097), 216, 343, False
2025-12-28 19:14:07 - 20251228_191406_cec5531b - markdown_it.rules_block.html_block - DEBUG - html_block.html_block:35 - entering html_block: StateBlock(line=216,level=0,tokens=1097), 216, 343, False
2025-12-28 19:14:07 - 20251228_191406_cec5531b - markdown_it.rules_block.heading - DEBUG - heading.heading:13 - entering heading: StateBlock(line=216,level=0,tokens=1097), 216, 343, False
2025-12-28 19:14:07 - 20251228_191406_cec5531b - markdown_it.rules_block.code - DEBUG - code.code:10 - entering code: StateBlock(line=218,level=0,tokens=1100), 218, 343, False
2025-12-28 19:14:07 - 20251228_191406_cec5531b - markdown_it.rules_block.fence - DEBUG - fence.fence:10 - entering fence: StateBlock(line=218,level=0,tokens=1100), 218, 343, False
2025-12-28 19:14:07 - 20251228_191406_cec5531b - markdown_it.rules_block.blockquote - DEBUG - blockquote.blockquote:13 - entering blockquote: StateBlock(line=218,level=0,tokens=1100), 218, 343, False
2025-12-28 19:14:07 - 20251228_191406_cec5531b - markdown_it.rules_block.hr - DEBUG - hr.hr:14 - entering hr: StateBlock(line=218,level=0,tokens=1100), 218, 343, False
2025-12-28 19:14:07 - 20251228_191406_cec5531b - markdown_it.rules_block.list - DEBUG - list.list_block:102 - entering list: StateBlock(line=218,level=0,tokens=1100), 218, 343, False
2025-12-28 19:14:07 - 20251228_191406_cec5531b - markdown_it.rules_block.code - DEBUG - code.code:10 - entering code: StateBlock(line=218,level=2,tokens=1102), 218, 343, False
2025-12-28 19:14:07 - 20251228_191406_cec5531b - markdown_it.rules_block.fence - DEBUG - fence.fence:10 - entering fence: StateBlock(line=218,level=2,tokens=1102), 218, 343, False
2025-12-28 19:14:07 - 20251228_191406_cec5531b - markdown_it.rules_block.blockquote - DEBUG - blockquote.blockquote:13 - entering blockquote: StateBlock(line=218,level=2,tokens=1102), 218, 343, False
2025-12-28 19:14:07 - 20251228_191406_cec5531b - markdown_it.rules_block.hr - DEBUG - hr.hr:14 - entering hr: StateBlock(line=218,level=2,tokens=1102), 218, 343, False
2025-12-28 19:14:07 - 20251228_191406_cec5531b - markdown_it.rules_block.list - DEBUG - list.list_block:102 - entering list: StateBlock(line=218,level=2,tokens=1102), 218, 343, False
2025-12-28 19:14:07 - 20251228_191406_cec5531b - markdown_it.rules_block.reference - DEBUG - reference.reference:10 - entering reference: StateBlock(line=218,level=2,tokens=1102), 218, 343, False
2025-12-28 19:14:07 - 20251228_191406_cec5531b - markdown_it.rules_block.html_block - DEBUG - html_block.html_block:35 - entering html_block: StateBlock(line=218,level=2,tokens=1102), 218, 343, False
2025-12-28 19:14:07 - 20251228_191406_cec5531b - markdown_it.rules_block.heading - DEBUG - heading.heading:13 - entering heading: StateBlock(line=218,level=2,tokens=1102), 218, 343, False
2025-12-28 19:14:07 - 20251228_191406_cec5531b - markdown_it.rules_block.lheading - DEBUG - lheading.lheading:10 - entering lheading: StateBlock(line=218,level=2,tokens=1102), 218, 343, False
2025-12-28 19:14:07 - 20251228_191406_cec5531b - markdown_it.rules_block.fence - DEBUG - fence.fence:10 - entering fence: StateBlock(line=218,level=2,tokens=1102), 219, 343, True
2025-12-28 19:14:07 - 20251228_191406_cec5531b - markdown_it.rules_block.blockquote - DEBUG - blockquote.blockquote:13 - entering blockquote: StateBlock(line=218,level=2,tokens=1102), 219, 343, True
2025-12-28 19:14:07 - 20251228_191406_cec5531b - markdown_it.rules_block.hr - DEBUG - hr.hr:14 - entering hr: StateBlock(line=218,level=2,tokens=1102), 219, 343, True
2025-12-28 19:14:07 - 20251228_191406_cec5531b - markdown_it.rules_block.list - DEBUG - list.list_block:102 - entering list: StateBlock(line=218,level=2,tokens=1102), 219, 343, True
2025-12-28 19:14:07 - 20251228_191406_cec5531b - markdown_it.rules_block.paragraph - DEBUG - paragraph.paragraph:10 - entering paragraph: StateBlock(line=218,level=2,tokens=1102), 218, 343, False
2025-12-28 19:14:07 - 20251228_191406_cec5531b - markdown_it.rules_block.fence - DEBUG - fence.fence:10 - entering fence: StateBlock(line=218,level=2,tokens=1102), 219, 343, True
2025-12-28 19:14:07 - 20251228_191406_cec5531b - markdown_it.rules_block.blockquote - DEBUG - blockquote.blockquote:13 - entering blockquote: StateBlock(line=218,level=2,tokens=1102), 219, 343, True
2025-12-28 19:14:07 - 20251228_191406_cec5531b - markdown_it.rules_block.hr - DEBUG - hr.hr:14 - entering hr: StateBlock(line=218,level=2,tokens=1102), 219, 343, True
2025-12-28 19:14:07 - 20251228_191406_cec5531b - markdown_it.rules_block.list - DEBUG - list.list_block:102 - entering list: StateBlock(line=218,level=2,tokens=1102), 219, 343, True
2025-12-28 19:14:07 - 20251228_191406_cec5531b - markdown_it.rules_block.fence - DEBUG - fence.fence:10 - entering fence: StateBlock(line=219,level=1,tokens=1106), 219, 343, True
2025-12-28 19:14:07 - 20251228_191406_cec5531b - markdown_it.rules_block.blockquote - DEBUG - blockquote.blockquote:13 - entering blockquote: StateBlock(line=219,level=1,tokens=1106), 219, 343, True
2025-12-28 19:14:07 - 20251228_191406_cec5531b - markdown_it.rules_block.hr - DEBUG - hr.hr:14 - entering hr: StateBlock(line=219,level=1,tokens=1106), 219, 343, True
2025-12-28 19:14:07 - 20251228_191406_cec5531b - markdown_it.rules_block.code - DEBUG - code.code:10 - entering code: StateBlock(line=219,level=2,tokens=1107), 219, 343, False
2025-12-28 19:14:07 - 20251228_191406_cec5531b - markdown_it.rules_block.fence - DEBUG - fence.fence:10 - entering fence: StateBlock(line=219,level=2,tokens=1107), 219, 343, False
2025-12-28 19:14:07 - 20251228_191406_cec5531b - markdown_it.rules_block.blockquote - DEBUG - blockquote.blockquote:13 - entering blockquote: StateBlock(line=219,level=2,tokens=1107), 219, 343, False
2025-12-28 19:14:07 - 20251228_191406_cec5531b - markdown_it.rules_block.hr - DEBUG - hr.hr:14 - entering hr: StateBlock(line=219,level=2,tokens=1107), 219, 343, False
2025-12-28 19:14:07 - 20251228_191406_cec5531b - markdown_it.rules_block.list - DEBUG - list.list_block:102 - entering list: StateBlock(line=219,level=2,tokens=1107), 219, 343, False
2025-12-28 19:14:07 - 20251228_191406_cec5531b - markdown_it.rules_block.reference - DEBUG - reference.reference:10 - entering reference: StateBlock(line=219,level=2,tokens=1107), 219, 343, False
2025-12-28 19:14:07 - 20251228_191406_cec5531b - markdown_it.rules_block.html_block - DEBUG - html_block.html_block:35 - entering html_block: StateBlock(line=219,level=2,tokens=1107), 219, 343, False
2025-12-28 19:14:07 - 20251228_191406_cec5531b - markdown_it.rules_block.heading - DEBUG - heading.heading:13 - entering heading: StateBlock(line=219,level=2,tokens=1107), 219, 343, False
2025-12-28 19:14:07 - 20251228_191406_cec5531b - markdown_it.rules_block.lheading - DEBUG - lheading.lheading:10 - entering lheading: StateBlock(line=219,level=2,tokens=1107), 219, 343, False
2025-12-28 19:14:07 - 20251228_191406_cec5531b - markdown_it.rules_block.fence - DEBUG - fence.fence:10 - entering fence: StateBlock(line=219,level=2,tokens=1107), 220, 343, True
2025-12-28 19:14:07 - 20251228_191406_cec5531b - markdown_it.rules_block.blockquote - DEBUG - blockquote.blockquote:13 - entering blockquote: StateBlock(line=219,level=2,tokens=1107), 220, 343, True
2025-12-28 19:14:07 - 20251228_191406_cec5531b - markdown_it.rules_block.hr - DEBUG - hr.hr:14 - entering hr: StateBlock(line=219,level=2,tokens=1107), 220, 343, True
2025-12-28 19:14:07 - 20251228_191406_cec5531b - markdown_it.rules_block.list - DEBUG - list.list_block:102 - entering list: StateBlock(line=219,level=2,tokens=1107), 220, 343, True
2025-12-28 19:14:07 - 20251228_191406_cec5531b - markdown_it.rules_block.paragraph - DEBUG - paragraph.paragraph:10 - entering paragraph: StateBlock(line=219,level=2,tokens=1107), 219, 343, False
2025-12-28 19:14:07 - 20251228_191406_cec5531b - markdown_it.rules_block.fence - DEBUG - fence.fence:10 - entering fence: StateBlock(line=219,level=2,tokens=1107), 220, 343, True
2025-12-28 19:14:07 - 20251228_191406_cec5531b - markdown_it.rules_block.blockquote - DEBUG - blockquote.blockquote:13 - entering blockquote: StateBlock(line=219,level=2,tokens=1107), 220, 343, True
2025-12-28 19:14:07 - 20251228_191406_cec5531b - markdown_it.rules_block.hr - DEBUG - hr.hr:14 - entering hr: StateBlock(line=219,level=2,tokens=1107), 220, 343, True
2025-12-28 19:14:07 - 20251228_191406_cec5531b - markdown_it.rules_block.list - DEBUG - list.list_block:102 - entering list: StateBlock(line=219,level=2,tokens=1107), 220, 343, True
2025-12-28 19:14:07 - 20251228_191406_cec5531b - markdown_it.rules_block.fence - DEBUG - fence.fence:10 - entering fence: StateBlock(line=220,level=1,tokens=1111), 220, 343, True
2025-12-28 19:14:07 - 20251228_191406_cec5531b - markdown_it.rules_block.blockquote - DEBUG - blockquote.blockquote:13 - entering blockquote: StateBlock(line=220,level=1,tokens=1111), 220, 343, True
2025-12-28 19:14:07 - 20251228_191406_cec5531b - markdown_it.rules_block.hr - DEBUG - hr.hr:14 - entering hr: StateBlock(line=220,level=1,tokens=1111), 220, 343, True
2025-12-28 19:14:07 - 20251228_191406_cec5531b - markdown_it.rules_block.code - DEBUG - code.code:10 - entering code: StateBlock(line=220,level=2,tokens=1112), 220, 343, False
2025-12-28 19:14:07 - 20251228_191406_cec5531b - markdown_it.rules_block.fence - DEBUG - fence.fence:10 - entering fence: StateBlock(line=220,level=2,tokens=1112), 220, 343, False
2025-12-28 19:14:07 - 20251228_191406_cec5531b - markdown_it.rules_block.blockquote - DEBUG - blockquote.blockquote:13 - entering blockquote: StateBlock(line=220,level=2,tokens=1112), 220, 343, False
2025-12-28 19:14:07 - 20251228_191406_cec5531b - markdown_it.rules_block.hr - DEBUG - hr.hr:14 - entering hr: StateBlock(line=220,level=2,tokens=1112), 220, 343, False
2025-12-28 19:14:07 - 20251228_191406_cec5531b - markdown_it.rules_block.list - DEBUG - list.list_block:102 - entering list: StateBlock(line=220,level=2,tokens=1112), 220, 343, False
2025-12-28 19:14:07 - 20251228_191406_cec5531b - markdown_it.rules_block.reference - DEBUG - reference.reference:10 - entering reference: StateBlock(line=220,level=2,tokens=1112), 220, 343, False
2025-12-28 19:14:07 - 20251228_191406_cec5531b - markdown_it.rules_block.html_block - DEBUG - html_block.html_block:35 - entering html_block: StateBlock(line=220,level=2,tokens=1112), 220, 343, False
2025-12-28 19:14:07 - 20251228_191406_cec5531b - markdown_it.rules_block.heading - DEBUG - heading.heading:13 - entering heading: StateBlock(line=220,level=2,tokens=1112), 220, 343, False
2025-12-28 19:14:07 - 20251228_191406_cec5531b - markdown_it.rules_block.lheading - DEBUG - lheading.lheading:10 - entering lheading: StateBlock(line=220,level=2,tokens=1112), 220, 343, False
2025-12-28 19:14:07 - 20251228_191406_cec5531b - markdown_it.rules_block.fence - DEBUG - fence.fence:10 - entering fence: StateBlock(line=220,level=2,tokens=1112), 221, 343, True
2025-12-28 19:14:07 - 20251228_191406_cec5531b - markdown_it.rules_block.blockquote - DEBUG - blockquote.blockquote:13 - entering blockquote: StateBlock(line=220,level=2,tokens=1112), 221, 343, True
2025-12-28 19:14:07 - 20251228_191406_cec5531b - markdown_it.rules_block.hr - DEBUG - hr.hr:14 - entering hr: StateBlock(line=220,level=2,tokens=1112), 221, 343, True
2025-12-28 19:14:07 - 20251228_191406_cec5531b - markdown_it.rules_block.list - DEBUG - list.list_block:102 - entering list: StateBlock(line=220,level=2,tokens=1112), 221, 343, True
2025-12-28 19:14:07 - 20251228_191406_cec5531b - markdown_it.rules_block.paragraph - DEBUG - paragraph.paragraph:10 - entering paragraph: StateBlock(line=220,level=2,tokens=1112), 220, 343, False
2025-12-28 19:14:07 - 20251228_191406_cec5531b - markdown_it.rules_block.fence - DEBUG - fence.fence:10 - entering fence: StateBlock(line=220,level=2,tokens=1112), 221, 343, True
2025-12-28 19:14:07 - 20251228_191406_cec5531b - markdown_it.rules_block.blockquote - DEBUG - blockquote.blockquote:13 - entering blockquote: StateBlock(line=220,level=2,tokens=1112), 221, 343, True
2025-12-28 19:14:07 - 20251228_191406_cec5531b - markdown_it.rules_block.hr - DEBUG - hr.hr:14 - entering hr: StateBlock(line=220,level=2,tokens=1112), 221, 343, True
2025-12-28 19:14:07 - 20251228_191406_cec5531b - markdown_it.rules_block.list - DEBUG - list.list_block:102 - entering list: StateBlock(line=220,level=2,tokens=1112), 221, 343, True
2025-12-28 19:14:07 - 20251228_191406_cec5531b - markdown_it.rules_block.fence - DEBUG - fence.fence:10 - entering fence: StateBlock(line=221,level=1,tokens=1116), 221, 343, True
2025-12-28 19:14:07 - 20251228_191406_cec5531b - markdown_it.rules_block.blockquote - DEBUG - blockquote.blockquote:13 - entering blockquote: StateBlock(line=221,level=1,tokens=1116), 221, 343, True
2025-12-28 19:14:07 - 20251228_191406_cec5531b - markdown_it.rules_block.hr - DEBUG - hr.hr:14 - entering hr: StateBlock(line=221,level=1,tokens=1116), 221, 343, True
2025-12-28 19:14:07 - 20251228_191406_cec5531b - markdown_it.rules_block.code - DEBUG - code.code:10 - entering code: StateBlock(line=221,level=2,tokens=1117), 221, 343, False
2025-12-28 19:14:07 - 20251228_191406_cec5531b - markdown_it.rules_block.fence - DEBUG - fence.fence:10 - entering fence: StateBlock(line=221,level=2,tokens=1117), 221, 343, False
2025-12-28 19:14:07 - 20251228_191406_cec5531b - markdown_it.rules_block.blockquote - DEBUG - blockquote.blockquote:13 - entering blockquote: StateBlock(line=221,level=2,tokens=1117), 221, 343, False
2025-12-28 19:14:07 - 20251228_191406_cec5531b - markdown_it.rules_block.hr - DEBUG - hr.hr:14 - entering hr: StateBlock(line=221,level=2,tokens=1117), 221, 343, False
2025-12-28 19:14:07 - 20251228_191406_cec5531b - markdown_it.rules_block.list - DEBUG - list.list_block:102 - entering list: StateBlock(line=221,level=2,tokens=1117), 221, 343, False
2025-12-28 19:14:07 - 20251228_191406_cec5531b - markdown_it.rules_block.reference - DEBUG - reference.reference:10 - entering reference: StateBlock(line=221,level=2,tokens=1117), 221, 343, False
2025-12-28 19:14:07 - 20251228_191406_cec5531b - markdown_it.rules_block.html_block - DEBUG - html_block.html_block:35 - entering html_block: StateBlock(line=221,level=2,tokens=1117), 221, 343, False
2025-12-28 19:14:07 - 20251228_191406_cec5531b - markdown_it.rules_block.heading - DEBUG - heading.heading:13 - entering heading: StateBlock(line=221,level=2,tokens=1117), 221, 343, False
2025-12-28 19:14:07 - 20251228_191406_cec5531b - markdown_it.rules_block.lheading - DEBUG - lheading.lheading:10 - entering lheading: StateBlock(line=221,level=2,tokens=1117), 221, 343, False
2025-12-28 19:14:07 - 20251228_191406_cec5531b - markdown_it.rules_block.fence - DEBUG - fence.fence:10 - entering fence: StateBlock(line=221,level=2,tokens=1117), 222, 343, True
2025-12-28 19:14:07 - 20251228_191406_cec5531b - markdown_it.rules_block.blockquote - DEBUG - blockquote.blockquote:13 - entering blockquote: StateBlock(line=221,level=2,tokens=1117), 222, 343, True
2025-12-28 19:14:07 - 20251228_191406_cec5531b - markdown_it.rules_block.hr - DEBUG - hr.hr:14 - entering hr: StateBlock(line=221,level=2,tokens=1117), 222, 343, True
2025-12-28 19:14:07 - 20251228_191406_cec5531b - markdown_it.rules_block.list - DEBUG - list.list_block:102 - entering list: StateBlock(line=221,level=2,tokens=1117), 222, 343, True
2025-12-28 19:14:07 - 20251228_191406_cec5531b - markdown_it.rules_block.paragraph - DEBUG - paragraph.paragraph:10 - entering paragraph: StateBlock(line=221,level=2,tokens=1117), 221, 343, False
2025-12-28 19:14:07 - 20251228_191406_cec5531b - markdown_it.rules_block.fence - DEBUG - fence.fence:10 - entering fence: StateBlock(line=221,level=2,tokens=1117), 222, 343, True
2025-12-28 19:14:07 - 20251228_191406_cec5531b - markdown_it.rules_block.blockquote - DEBUG - blockquote.blockquote:13 - entering blockquote: StateBlock(line=221,level=2,tokens=1117), 222, 343, True
2025-12-28 19:14:07 - 20251228_191406_cec5531b - markdown_it.rules_block.hr - DEBUG - hr.hr:14 - entering hr: StateBlock(line=221,level=2,tokens=1117), 222, 343, True
2025-12-28 19:14:07 - 20251228_191406_cec5531b - markdown_it.rules_block.list - DEBUG - list.list_block:102 - entering list: StateBlock(line=221,level=2,tokens=1117), 222, 343, True
2025-12-28 19:14:07 - 20251228_191406_cec5531b - markdown_it.rules_block.fence - DEBUG - fence.fence:10 - entering fence: StateBlock(line=222,level=1,tokens=1121), 222, 343, True
2025-12-28 19:14:07 - 20251228_191406_cec5531b - markdown_it.rules_block.blockquote - DEBUG - blockquote.blockquote:13 - entering blockquote: StateBlock(line=222,level=1,tokens=1121), 222, 343, True
2025-12-28 19:14:07 - 20251228_191406_cec5531b - markdown_it.rules_block.hr - DEBUG - hr.hr:14 - entering hr: StateBlock(line=222,level=1,tokens=1121), 222, 343, True
2025-12-28 19:14:07 - 20251228_191406_cec5531b - markdown_it.rules_block.code - DEBUG - code.code:10 - entering code: StateBlock(line=222,level=2,tokens=1122), 222, 343, False
2025-12-28 19:14:07 - 20251228_191406_cec5531b - markdown_it.rules_block.fence - DEBUG - fence.fence:10 - entering fence: StateBlock(line=222,level=2,tokens=1122), 222, 343, False
2025-12-28 19:14:07 - 20251228_191406_cec5531b - markdown_it.rules_block.blockquote - DEBUG - blockquote.blockquote:13 - entering blockquote: StateBlock(line=222,level=2,tokens=1122), 222, 343, False
2025-12-28 19:14:07 - 20251228_191406_cec5531b - markdown_it.rules_block.hr - DEBUG - hr.hr:14 - entering hr: StateBlock(line=222,level=2,tokens=1122), 222, 343, False
2025-12-28 19:14:07 - 20251228_191406_cec5531b - markdown_it.rules_block.list - DEBUG - list.list_block:102 - entering list: StateBlock(line=222,level=2,tokens=1122), 222, 343, False
2025-12-28 19:14:07 - 20251228_191406_cec5531b - markdown_it.rules_block.reference - DEBUG - reference.reference:10 - entering reference: StateBlock(line=222,level=2,tokens=1122), 222, 343, False
2025-12-28 19:14:07 - 20251228_191406_cec5531b - markdown_it.rules_block.html_block - DEBUG - html_block.html_block:35 - entering html_block: StateBlock(line=222,level=2,tokens=1122), 222, 343, False
2025-12-28 19:14:07 - 20251228_191406_cec5531b - markdown_it.rules_block.heading - DEBUG - heading.heading:13 - entering heading: StateBlock(line=222,level=2,tokens=1122), 222, 343, False
2025-12-28 19:14:07 - 20251228_191406_cec5531b - markdown_it.rules_block.lheading - DEBUG - lheading.lheading:10 - entering lheading: StateBlock(line=222,level=2,tokens=1122), 222, 343, False
2025-12-28 19:14:07 - 20251228_191406_cec5531b - markdown_it.rules_block.fence - DEBUG - fence.fence:10 - entering fence: StateBlock(line=222,level=2,tokens=1122), 223, 343, True
2025-12-28 19:14:07 - 20251228_191406_cec5531b - markdown_it.rules_block.blockquote - DEBUG - blockquote.blockquote:13 - entering blockquote: StateBlock(line=222,level=2,tokens=1122), 223, 343, True
2025-12-28 19:14:07 - 20251228_191406_cec5531b - markdown_it.rules_block.hr - DEBUG - hr.hr:14 - entering hr: StateBlock(line=222,level=2,tokens=1122), 223, 343, True
2025-12-28 19:14:07 - 20251228_191406_cec5531b - markdown_it.rules_block.list - DEBUG - list.list_block:102 - entering list: StateBlock(line=222,level=2,tokens=1122), 223, 343, True
2025-12-28 19:14:07 - 20251228_191406_cec5531b - markdown_it.rules_block.html_block - DEBUG - html_block.html_block:35 - entering html_block: StateBlock(line=222,level=2,tokens=1122), 223, 343, True
2025-12-28 19:14:07 - 20251228_191406_cec5531b - markdown_it.rules_block.heading - DEBUG - heading.heading:13 - entering heading: StateBlock(line=222,level=2,tokens=1122), 223, 343, True
2025-12-28 19:14:07 - 20251228_191406_cec5531b - markdown_it.rules_block.fence - DEBUG - fence.fence:10 - entering fence: StateBlock(line=222,level=2,tokens=1122), 224, 343, True
2025-12-28 19:14:07 - 20251228_191406_cec5531b - markdown_it.rules_block.blockquote - DEBUG - blockquote.blockquote:13 - entering blockquote: StateBlock(line=222,level=2,tokens=1122), 224, 343, True
2025-12-28 19:14:07 - 20251228_191406_cec5531b - markdown_it.rules_block.hr - DEBUG - hr.hr:14 - entering hr: StateBlock(line=222,level=2,tokens=1122), 224, 343, True
2025-12-28 19:14:07 - 20251228_191406_cec5531b - markdown_it.rules_block.list - DEBUG - list.list_block:102 - entering list: StateBlock(line=222,level=2,tokens=1122), 224, 343, True
2025-12-28 19:14:07 - 20251228_191406_cec5531b - markdown_it.rules_block.paragraph - DEBUG - paragraph.paragraph:10 - entering paragraph: StateBlock(line=222,level=2,tokens=1122), 222, 343, False
2025-12-28 19:14:07 - 20251228_191406_cec5531b - markdown_it.rules_block.fence - DEBUG - fence.fence:10 - entering fence: StateBlock(line=222,level=2,tokens=1122), 223, 343, True
2025-12-28 19:14:07 - 20251228_191406_cec5531b - markdown_it.rules_block.blockquote - DEBUG - blockquote.blockquote:13 - entering blockquote: StateBlock(line=222,level=2,tokens=1122), 223, 343, True
2025-12-28 19:14:07 - 20251228_191406_cec5531b - markdown_it.rules_block.hr - DEBUG - hr.hr:14 - entering hr: StateBlock(line=222,level=2,tokens=1122), 223, 343, True
2025-12-28 19:14:07 - 20251228_191406_cec5531b - markdown_it.rules_block.list - DEBUG - list.list_block:102 - entering list: StateBlock(line=222,level=2,tokens=1122), 223, 343, True
2025-12-28 19:14:07 - 20251228_191406_cec5531b - markdown_it.rules_block.html_block - DEBUG - html_block.html_block:35 - entering html_block: StateBlock(line=222,level=2,tokens=1122), 223, 343, True
2025-12-28 19:14:07 - 20251228_191406_cec5531b - markdown_it.rules_block.heading - DEBUG - heading.heading:13 - entering heading: StateBlock(line=222,level=2,tokens=1122), 223, 343, True
2025-12-28 19:14:07 - 20251228_191406_cec5531b - markdown_it.rules_block.fence - DEBUG - fence.fence:10 - entering fence: StateBlock(line=222,level=2,tokens=1122), 224, 343, True
2025-12-28 19:14:07 - 20251228_191406_cec5531b - markdown_it.rules_block.blockquote - DEBUG - blockquote.blockquote:13 - entering blockquote: StateBlock(line=222,level=2,tokens=1122), 224, 343, True
2025-12-28 19:14:07 - 20251228_191406_cec5531b - markdown_it.rules_block.hr - DEBUG - hr.hr:14 - entering hr: StateBlock(line=222,level=2,tokens=1122), 224, 343, True
2025-12-28 19:14:07 - 20251228_191406_cec5531b - markdown_it.rules_block.list - DEBUG - list.list_block:102 - entering list: StateBlock(line=222,level=2,tokens=1122), 224, 343, True
2025-12-28 19:14:07 - 20251228_191406_cec5531b - markdown_it.rules_block.fence - DEBUG - fence.fence:10 - entering fence: StateBlock(line=224,level=1,tokens=1126), 224, 343, True
2025-12-28 19:14:07 - 20251228_191406_cec5531b - markdown_it.rules_block.blockquote - DEBUG - blockquote.blockquote:13 - entering blockquote: StateBlock(line=224,level=1,tokens=1126), 224, 343, True
2025-12-28 19:14:07 - 20251228_191406_cec5531b - markdown_it.rules_block.hr - DEBUG - hr.hr:14 - entering hr: StateBlock(line=224,level=1,tokens=1126), 224, 343, True
2025-12-28 19:14:07 - 20251228_191406_cec5531b - markdown_it.rules_block.code - DEBUG - code.code:10 - entering code: StateBlock(line=224,level=2,tokens=1127), 224, 343, False
2025-12-28 19:14:07 - 20251228_191406_cec5531b - markdown_it.rules_block.fence - DEBUG - fence.fence:10 - entering fence: StateBlock(line=224,level=2,tokens=1127), 224, 343, False
2025-12-28 19:14:07 - 20251228_191406_cec5531b - markdown_it.rules_block.blockquote - DEBUG - blockquote.blockquote:13 - entering blockquote: StateBlock(line=224,level=2,tokens=1127), 224, 343, False
2025-12-28 19:14:07 - 20251228_191406_cec5531b - markdown_it.rules_block.hr - DEBUG - hr.hr:14 - entering hr: StateBlock(line=224,level=2,tokens=1127), 224, 343, False
2025-12-28 19:14:07 - 20251228_191406_cec5531b - markdown_it.rules_block.list - DEBUG - list.list_block:102 - entering list: StateBlock(line=224,level=2,tokens=1127), 224, 343, False
2025-12-28 19:14:07 - 20251228_191406_cec5531b - markdown_it.rules_block.reference - DEBUG - reference.reference:10 - entering reference: StateBlock(line=224,level=2,tokens=1127), 224, 343, False
2025-12-28 19:14:07 - 20251228_191406_cec5531b - markdown_it.rules_block.html_block - DEBUG - html_block.html_block:35 - entering html_block: StateBlock(line=224,level=2,tokens=1127), 224, 343, False
2025-12-28 19:14:07 - 20251228_191406_cec5531b - markdown_it.rules_block.heading - DEBUG - heading.heading:13 - entering heading: StateBlock(line=224,level=2,tokens=1127), 224, 343, False
2025-12-28 19:14:07 - 20251228_191406_cec5531b - markdown_it.rules_block.lheading - DEBUG - lheading.lheading:10 - entering lheading: StateBlock(line=224,level=2,tokens=1127), 224, 343, False
2025-12-28 19:14:07 - 20251228_191406_cec5531b - markdown_it.rules_block.fence - DEBUG - fence.fence:10 - entering fence: StateBlock(line=224,level=2,tokens=1127), 225, 343, True
2025-12-28 19:14:07 - 20251228_191406_cec5531b - markdown_it.rules_block.blockquote - DEBUG - blockquote.blockquote:13 - entering blockquote: StateBlock(line=224,level=2,tokens=1127), 225, 343, True
2025-12-28 19:14:07 - 20251228_191406_cec5531b - markdown_it.rules_block.hr - DEBUG - hr.hr:14 - entering hr: StateBlock(line=224,level=2,tokens=1127), 225, 343, True
2025-12-28 19:14:07 - 20251228_191406_cec5531b - markdown_it.rules_block.list - DEBUG - list.list_block:102 - entering list: StateBlock(line=224,level=2,tokens=1127), 225, 343, True
2025-12-28 19:14:07 - 20251228_191406_cec5531b - markdown_it.rules_block.paragraph - DEBUG - paragraph.paragraph:10 - entering paragraph: StateBlock(line=224,level=2,tokens=1127), 224, 343, False
2025-12-28 19:14:07 - 20251228_191406_cec5531b - markdown_it.rules_block.fence - DEBUG - fence.fence:10 - entering fence: StateBlock(line=224,level=2,tokens=1127), 225, 343, True
2025-12-28 19:14:07 - 20251228_191406_cec5531b - markdown_it.rules_block.blockquote - DEBUG - blockquote.blockquote:13 - entering blockquote: StateBlock(line=224,level=2,tokens=1127), 225, 343, True
2025-12-28 19:14:07 - 20251228_191406_cec5531b - markdown_it.rules_block.hr - DEBUG - hr.hr:14 - entering hr: StateBlock(line=224,level=2,tokens=1127), 225, 343, True
2025-12-28 19:14:07 - 20251228_191406_cec5531b - markdown_it.rules_block.list - DEBUG - list.list_block:102 - entering list: StateBlock(line=224,level=2,tokens=1127), 225, 343, True
2025-12-28 19:14:07 - 20251228_191406_cec5531b - markdown_it.rules_block.fence - DEBUG - fence.fence:10 - entering fence: StateBlock(line=225,level=1,tokens=1131), 225, 343, True
2025-12-28 19:14:07 - 20251228_191406_cec5531b - markdown_it.rules_block.blockquote - DEBUG - blockquote.blockquote:13 - entering blockquote: StateBlock(line=225,level=1,tokens=1131), 225, 343, True
2025-12-28 19:14:07 - 20251228_191406_cec5531b - markdown_it.rules_block.hr - DEBUG - hr.hr:14 - entering hr: StateBlock(line=225,level=1,tokens=1131), 225, 343, True
2025-12-28 19:14:07 - 20251228_191406_cec5531b - markdown_it.rules_block.code - DEBUG - code.code:10 - entering code: StateBlock(line=225,level=2,tokens=1132), 225, 343, False
2025-12-28 19:14:07 - 20251228_191406_cec5531b - markdown_it.rules_block.fence - DEBUG - fence.fence:10 - entering fence: StateBlock(line=225,level=2,tokens=1132), 225, 343, False
2025-12-28 19:14:07 - 20251228_191406_cec5531b - markdown_it.rules_block.blockquote - DEBUG - blockquote.blockquote:13 - entering blockquote: StateBlock(line=225,level=2,tokens=1132), 225, 343, False
2025-12-28 19:14:07 - 20251228_191406_cec5531b - markdown_it.rules_block.hr - DEBUG - hr.hr:14 - entering hr: StateBlock(line=225,level=2,tokens=1132), 225, 343, False
2025-12-28 19:14:07 - 20251228_191406_cec5531b - markdown_it.rules_block.list - DEBUG - list.list_block:102 - entering list: StateBlock(line=225,level=2,tokens=1132), 225, 343, False
2025-12-28 19:14:07 - 20251228_191406_cec5531b - markdown_it.rules_block.reference - DEBUG - reference.reference:10 - entering reference: StateBlock(line=225,level=2,tokens=1132), 225, 343, False
2025-12-28 19:14:07 - 20251228_191406_cec5531b - markdown_it.rules_block.html_block - DEBUG - html_block.html_block:35 - entering html_block: StateBlock(line=225,level=2,tokens=1132), 225, 343, False
2025-12-28 19:14:07 - 20251228_191406_cec5531b - markdown_it.rules_block.heading - DEBUG - heading.heading:13 - entering heading: StateBlock(line=225,level=2,tokens=1132), 225, 343, False
2025-12-28 19:14:07 - 20251228_191406_cec5531b - markdown_it.rules_block.lheading - DEBUG - lheading.lheading:10 - entering lheading: StateBlock(line=225,level=2,tokens=1132), 225, 343, False
2025-12-28 19:14:07 - 20251228_191406_cec5531b - markdown_it.rules_block.fence - DEBUG - fence.fence:10 - entering fence: StateBlock(line=225,level=2,tokens=1132), 226, 343, True
2025-12-28 19:14:07 - 20251228_191406_cec5531b - markdown_it.rules_block.blockquote - DEBUG - blockquote.blockquote:13 - entering blockquote: StateBlock(line=225,level=2,tokens=1132), 226, 343, True
2025-12-28 19:14:07 - 20251228_191406_cec5531b - markdown_it.rules_block.hr - DEBUG - hr.hr:14 - entering hr: StateBlock(line=225,level=2,tokens=1132), 226, 343, True
2025-12-28 19:14:07 - 20251228_191406_cec5531b - markdown_it.rules_block.list - DEBUG - list.list_block:102 - entering list: StateBlock(line=225,level=2,tokens=1132), 226, 343, True
2025-12-28 19:14:07 - 20251228_191406_cec5531b - markdown_it.rules_block.paragraph - DEBUG - paragraph.paragraph:10 - entering paragraph: StateBlock(line=225,level=2,tokens=1132), 225, 343, False
2025-12-28 19:14:07 - 20251228_191406_cec5531b - markdown_it.rules_block.fence - DEBUG - fence.fence:10 - entering fence: StateBlock(line=225,level=2,tokens=1132), 226, 343, True
2025-12-28 19:14:07 - 20251228_191406_cec5531b - markdown_it.rules_block.blockquote - DEBUG - blockquote.blockquote:13 - entering blockquote: StateBlock(line=225,level=2,tokens=1132), 226, 343, True
2025-12-28 19:14:07 - 20251228_191406_cec5531b - markdown_it.rules_block.hr - DEBUG - hr.hr:14 - entering hr: StateBlock(line=225,level=2,tokens=1132), 226, 343, True
2025-12-28 19:14:07 - 20251228_191406_cec5531b - markdown_it.rules_block.list - DEBUG - list.list_block:102 - entering list: StateBlock(line=225,level=2,tokens=1132), 226, 343, True
2025-12-28 19:14:07 - 20251228_191406_cec5531b - markdown_it.rules_block.fence - DEBUG - fence.fence:10 - entering fence: StateBlock(line=226,level=1,tokens=1136), 226, 343, True
2025-12-28 19:14:07 - 20251228_191406_cec5531b - markdown_it.rules_block.blockquote - DEBUG - blockquote.blockquote:13 - entering blockquote: StateBlock(line=226,level=1,tokens=1136), 226, 343, True
2025-12-28 19:14:07 - 20251228_191406_cec5531b - markdown_it.rules_block.hr - DEBUG - hr.hr:14 - entering hr: StateBlock(line=226,level=1,tokens=1136), 226, 343, True
2025-12-28 19:14:07 - 20251228_191406_cec5531b - markdown_it.rules_block.code - DEBUG - code.code:10 - entering code: StateBlock(line=226,level=2,tokens=1137), 226, 343, False
2025-12-28 19:14:07 - 20251228_191406_cec5531b - markdown_it.rules_block.fence - DEBUG - fence.fence:10 - entering fence: StateBlock(line=226,level=2,tokens=1137), 226, 343, False
2025-12-28 19:14:07 - 20251228_191406_cec5531b - markdown_it.rules_block.blockquote - DEBUG - blockquote.blockquote:13 - entering blockquote: StateBlock(line=226,level=2,tokens=1137), 226, 343, False
2025-12-28 19:14:07 - 20251228_191406_cec5531b - markdown_it.rules_block.hr - DEBUG - hr.hr:14 - entering hr: StateBlock(line=226,level=2,tokens=1137), 226, 343, False
2025-12-28 19:14:07 - 20251228_191406_cec5531b - markdown_it.rules_block.list - DEBUG - list.list_block:102 - entering list: StateBlock(line=226,level=2,tokens=1137), 226, 343, False
2025-12-28 19:14:07 - 20251228_191406_cec5531b - markdown_it.rules_block.reference - DEBUG - reference.reference:10 - entering reference: StateBlock(line=226,level=2,tokens=1137), 226, 343, False
2025-12-28 19:14:07 - 20251228_191406_cec5531b - markdown_it.rules_block.html_block - DEBUG - html_block.html_block:35 - entering html_block: StateBlock(line=226,level=2,tokens=1137), 226, 343, False
2025-12-28 19:14:07 - 20251228_191406_cec5531b - markdown_it.rules_block.heading - DEBUG - heading.heading:13 - entering heading: StateBlock(line=226,level=2,tokens=1137), 226, 343, False
2025-12-28 19:14:07 - 20251228_191406_cec5531b - markdown_it.rules_block.lheading - DEBUG - lheading.lheading:10 - entering lheading: StateBlock(line=226,level=2,tokens=1137), 226, 343, False
2025-12-28 19:14:07 - 20251228_191406_cec5531b - markdown_it.rules_block.fence - DEBUG - fence.fence:10 - entering fence: StateBlock(line=226,level=2,tokens=1137), 227, 343, True
2025-12-28 19:14:07 - 20251228_191406_cec5531b - markdown_it.rules_block.blockquote - DEBUG - blockquote.blockquote:13 - entering blockquote: StateBlock(line=226,level=2,tokens=1137), 227, 343, True
2025-12-28 19:14:07 - 20251228_191406_cec5531b - markdown_it.rules_block.hr - DEBUG - hr.hr:14 - entering hr: StateBlock(line=226,level=2,tokens=1137), 227, 343, True
2025-12-28 19:14:07 - 20251228_191406_cec5531b - markdown_it.rules_block.list - DEBUG - list.list_block:102 - entering list: StateBlock(line=226,level=2,tokens=1137), 227, 343, True
2025-12-28 19:14:07 - 20251228_191406_cec5531b - markdown_it.rules_block.html_block - DEBUG - html_block.html_block:35 - entering html_block: StateBlock(line=226,level=2,tokens=1137), 227, 343, True
2025-12-28 19:14:07 - 20251228_191406_cec5531b - markdown_it.rules_block.heading - DEBUG - heading.heading:13 - entering heading: StateBlock(line=226,level=2,tokens=1137), 227, 343, True
2025-12-28 19:14:07 - 20251228_191406_cec5531b - markdown_it.rules_block.fence - DEBUG - fence.fence:10 - entering fence: StateBlock(line=226,level=2,tokens=1137), 228, 343, True
2025-12-28 19:14:07 - 20251228_191406_cec5531b - markdown_it.rules_block.blockquote - DEBUG - blockquote.blockquote:13 - entering blockquote: StateBlock(line=226,level=2,tokens=1137), 228, 343, True
2025-12-28 19:14:07 - 20251228_191406_cec5531b - markdown_it.rules_block.hr - DEBUG - hr.hr:14 - entering hr: StateBlock(line=226,level=2,tokens=1137), 228, 343, True
2025-12-28 19:14:07 - 20251228_191406_cec5531b - markdown_it.rules_block.list - DEBUG - list.list_block:102 - entering list: StateBlock(line=226,level=2,tokens=1137), 228, 343, True
2025-12-28 19:14:07 - 20251228_191406_cec5531b - markdown_it.rules_block.html_block - DEBUG - html_block.html_block:35 - entering html_block: StateBlock(line=226,level=2,tokens=1137), 228, 343, True
2025-12-28 19:14:07 - 20251228_191406_cec5531b - markdown_it.rules_block.heading - DEBUG - heading.heading:13 - entering heading: StateBlock(line=226,level=2,tokens=1137), 228, 343, True
2025-12-28 19:14:07 - 20251228_191406_cec5531b - markdown_it.rules_block.fence - DEBUG - fence.fence:10 - entering fence: StateBlock(line=226,level=2,tokens=1137), 229, 343, True
2025-12-28 19:14:07 - 20251228_191406_cec5531b - markdown_it.rules_block.blockquote - DEBUG - blockquote.blockquote:13 - entering blockquote: StateBlock(line=226,level=2,tokens=1137), 229, 343, True
2025-12-28 19:14:07 - 20251228_191406_cec5531b - markdown_it.rules_block.hr - DEBUG - hr.hr:14 - entering hr: StateBlock(line=226,level=2,tokens=1137), 229, 343, True
2025-12-28 19:14:07 - 20251228_191406_cec5531b - markdown_it.rules_block.list - DEBUG - list.list_block:102 - entering list: StateBlock(line=226,level=2,tokens=1137), 229, 343, True
2025-12-28 19:14:07 - 20251228_191406_cec5531b - markdown_it.rules_block.html_block - DEBUG - html_block.html_block:35 - entering html_block: StateBlock(line=226,level=2,tokens=1137), 229, 343, True
2025-12-28 19:14:07 - 20251228_191406_cec5531b - markdown_it.rules_block.heading - DEBUG - heading.heading:13 - entering heading: StateBlock(line=226,level=2,tokens=1137), 229, 343, True
2025-12-28 19:14:07 - 20251228_191406_cec5531b - markdown_it.rules_block.fence - DEBUG - fence.fence:10 - entering fence: StateBlock(line=226,level=2,tokens=1137), 230, 343, True
2025-12-28 19:14:07 - 20251228_191406_cec5531b - markdown_it.rules_block.blockquote - DEBUG - blockquote.blockquote:13 - entering blockquote: StateBlock(line=226,level=2,tokens=1137), 230, 343, True
2025-12-28 19:14:07 - 20251228_191406_cec5531b - markdown_it.rules_block.hr - DEBUG - hr.hr:14 - entering hr: StateBlock(line=226,level=2,tokens=1137), 230, 343, True
2025-12-28 19:14:07 - 20251228_191406_cec5531b - markdown_it.rules_block.list - DEBUG - list.list_block:102 - entering list: StateBlock(line=226,level=2,tokens=1137), 230, 343, True
2025-12-28 19:14:07 - 20251228_191406_cec5531b - markdown_it.rules_block.paragraph - DEBUG - paragraph.paragraph:10 - entering paragraph: StateBlock(line=226,level=2,tokens=1137), 226, 343, False
2025-12-28 19:14:07 - 20251228_191406_cec5531b - markdown_it.rules_block.fence - DEBUG - fence.fence:10 - entering fence: StateBlock(line=226,level=2,tokens=1137), 227, 343, True
2025-12-28 19:14:07 - 20251228_191406_cec5531b - markdown_it.rules_block.blockquote - DEBUG - blockquote.blockquote:13 - entering blockquote: StateBlock(line=226,level=2,tokens=1137), 227, 343, True
2025-12-28 19:14:07 - 20251228_191406_cec5531b - markdown_it.rules_block.hr - DEBUG - hr.hr:14 - entering hr: StateBlock(line=226,level=2,tokens=1137), 227, 343, True
2025-12-28 19:14:07 - 20251228_191406_cec5531b - markdown_it.rules_block.list - DEBUG - list.list_block:102 - entering list: StateBlock(line=226,level=2,tokens=1137), 227, 343, True
2025-12-28 19:14:07 - 20251228_191406_cec5531b - markdown_it.rules_block.html_block - DEBUG - html_block.html_block:35 - entering html_block: StateBlock(line=226,level=2,tokens=1137), 227, 343, True
2025-12-28 19:14:07 - 20251228_191406_cec5531b - markdown_it.rules_block.heading - DEBUG - heading.heading:13 - entering heading: StateBlock(line=226,level=2,tokens=1137), 227, 343, True
2025-12-28 19:14:07 - 20251228_191406_cec5531b - markdown_it.rules_block.fence - DEBUG - fence.fence:10 - entering fence: StateBlock(line=226,level=2,tokens=1137), 228, 343, True
2025-12-28 19:14:07 - 20251228_191406_cec5531b - markdown_it.rules_block.blockquote - DEBUG - blockquote.blockquote:13 - entering blockquote: StateBlock(line=226,level=2,tokens=1137), 228, 343, True
2025-12-28 19:14:07 - 20251228_191406_cec5531b - markdown_it.rules_block.hr - DEBUG - hr.hr:14 - entering hr: StateBlock(line=226,level=2,tokens=1137), 228, 343, True
2025-12-28 19:14:07 - 20251228_191406_cec5531b - markdown_it.rules_block.list - DEBUG - list.list_block:102 - entering list: StateBlock(line=226,level=2,tokens=1137), 228, 343, True
2025-12-28 19:14:07 - 20251228_191406_cec5531b - markdown_it.rules_block.html_block - DEBUG - html_block.html_block:35 - entering html_block: StateBlock(line=226,level=2,tokens=1137), 228, 343, True
2025-12-28 19:14:07 - 20251228_191406_cec5531b - markdown_it.rules_block.heading - DEBUG - heading.heading:13 - entering heading: StateBlock(line=226,level=2,tokens=1137), 228, 343, True
2025-12-28 19:14:07 - 20251228_191406_cec5531b - markdown_it.rules_block.fence - DEBUG - fence.fence:10 - entering fence: StateBlock(line=226,level=2,tokens=1137), 229, 343, True
2025-12-28 19:14:07 - 20251228_191406_cec5531b - markdown_it.rules_block.blockquote - DEBUG - blockquote.blockquote:13 - entering blockquote: StateBlock(line=226,level=2,tokens=1137), 229, 343, True
2025-12-28 19:14:07 - 20251228_191406_cec5531b - markdown_it.rules_block.hr - DEBUG - hr.hr:14 - entering hr: StateBlock(line=226,level=2,tokens=1137), 229, 343, True
2025-12-28 19:14:07 - 20251228_191406_cec5531b - markdown_it.rules_block.list - DEBUG - list.list_block:102 - entering list: StateBlock(line=226,level=2,tokens=1137), 229, 343, True
2025-12-28 19:14:07 - 20251228_191406_cec5531b - markdown_it.rules_block.html_block - DEBUG - html_block.html_block:35 - entering html_block: StateBlock(line=226,level=2,tokens=1137), 229, 343, True
2025-12-28 19:14:07 - 20251228_191406_cec5531b - markdown_it.rules_block.heading - DEBUG - heading.heading:13 - entering heading: StateBlock(line=226,level=2,tokens=1137), 229, 343, True
2025-12-28 19:14:07 - 20251228_191406_cec5531b - markdown_it.rules_block.fence - DEBUG - fence.fence:10 - entering fence: StateBlock(line=226,level=2,tokens=1137), 230, 343, True
2025-12-28 19:14:07 - 20251228_191406_cec5531b - markdown_it.rules_block.blockquote - DEBUG - blockquote.blockquote:13 - entering blockquote: StateBlock(line=226,level=2,tokens=1137), 230, 343, True
2025-12-28 19:14:07 - 20251228_191406_cec5531b - markdown_it.rules_block.hr - DEBUG - hr.hr:14 - entering hr: StateBlock(line=226,level=2,tokens=1137), 230, 343, True
2025-12-28 19:14:07 - 20251228_191406_cec5531b - markdown_it.rules_block.list - DEBUG - list.list_block:102 - entering list: StateBlock(line=226,level=2,tokens=1137), 230, 343, True
2025-12-28 19:14:07 - 20251228_191406_cec5531b - markdown_it.rules_block.fence - DEBUG - fence.fence:10 - entering fence: StateBlock(line=230,level=1,tokens=1141), 230, 343, True
2025-12-28 19:14:07 - 20251228_191406_cec5531b - markdown_it.rules_block.blockquote - DEBUG - blockquote.blockquote:13 - entering blockquote: StateBlock(line=230,level=1,tokens=1141), 230, 343, True
2025-12-28 19:14:07 - 20251228_191406_cec5531b - markdown_it.rules_block.hr - DEBUG - hr.hr:14 - entering hr: StateBlock(line=230,level=1,tokens=1141), 230, 343, True
2025-12-28 19:14:07 - 20251228_191406_cec5531b - markdown_it.rules_block.code - DEBUG - code.code:10 - entering code: StateBlock(line=230,level=2,tokens=1142), 230, 343, False
2025-12-28 19:14:07 - 20251228_191406_cec5531b - markdown_it.rules_block.fence - DEBUG - fence.fence:10 - entering fence: StateBlock(line=230,level=2,tokens=1142), 230, 343, False
2025-12-28 19:14:07 - 20251228_191406_cec5531b - markdown_it.rules_block.blockquote - DEBUG - blockquote.blockquote:13 - entering blockquote: StateBlock(line=230,level=2,tokens=1142), 230, 343, False
2025-12-28 19:14:07 - 20251228_191406_cec5531b - markdown_it.rules_block.hr - DEBUG - hr.hr:14 - entering hr: StateBlock(line=230,level=2,tokens=1142), 230, 343, False
2025-12-28 19:14:07 - 20251228_191406_cec5531b - markdown_it.rules_block.list - DEBUG - list.list_block:102 - entering list: StateBlock(line=230,level=2,tokens=1142), 230, 343, False
2025-12-28 19:14:07 - 20251228_191406_cec5531b - markdown_it.rules_block.reference - DEBUG - reference.reference:10 - entering reference: StateBlock(line=230,level=2,tokens=1142), 230, 343, False
2025-12-28 19:14:07 - 20251228_191406_cec5531b - markdown_it.rules_block.html_block - DEBUG - html_block.html_block:35 - entering html_block: StateBlock(line=230,level=2,tokens=1142), 230, 343, False
2025-12-28 19:14:07 - 20251228_191406_cec5531b - markdown_it.rules_block.heading - DEBUG - heading.heading:13 - entering heading: StateBlock(line=230,level=2,tokens=1142), 230, 343, False
2025-12-28 19:14:07 - 20251228_191406_cec5531b - markdown_it.rules_block.lheading - DEBUG - lheading.lheading:10 - entering lheading: StateBlock(line=230,level=2,tokens=1142), 230, 343, False
2025-12-28 19:14:07 - 20251228_191406_cec5531b - markdown_it.rules_block.fence - DEBUG - fence.fence:10 - entering fence: StateBlock(line=230,level=2,tokens=1142), 231, 343, True
2025-12-28 19:14:07 - 20251228_191406_cec5531b - markdown_it.rules_block.blockquote - DEBUG - blockquote.blockquote:13 - entering blockquote: StateBlock(line=230,level=2,tokens=1142), 231, 343, True
2025-12-28 19:14:07 - 20251228_191406_cec5531b - markdown_it.rules_block.hr - DEBUG - hr.hr:14 - entering hr: StateBlock(line=230,level=2,tokens=1142), 231, 343, True
2025-12-28 19:14:07 - 20251228_191406_cec5531b - markdown_it.rules_block.list - DEBUG - list.list_block:102 - entering list: StateBlock(line=230,level=2,tokens=1142), 231, 343, True
2025-12-28 19:14:07 - 20251228_191406_cec5531b - markdown_it.rules_block.html_block - DEBUG - html_block.html_block:35 - entering html_block: StateBlock(line=230,level=2,tokens=1142), 231, 343, True
2025-12-28 19:14:07 - 20251228_191406_cec5531b - markdown_it.rules_block.heading - DEBUG - heading.heading:13 - entering heading: StateBlock(line=230,level=2,tokens=1142), 231, 343, True
2025-12-28 19:14:07 - 20251228_191406_cec5531b - markdown_it.rules_block.fence - DEBUG - fence.fence:10 - entering fence: StateBlock(line=230,level=2,tokens=1142), 232, 343, True
2025-12-28 19:14:07 - 20251228_191406_cec5531b - markdown_it.rules_block.blockquote - DEBUG - blockquote.blockquote:13 - entering blockquote: StateBlock(line=230,level=2,tokens=1142), 232, 343, True
2025-12-28 19:14:07 - 20251228_191406_cec5531b - markdown_it.rules_block.hr - DEBUG - hr.hr:14 - entering hr: StateBlock(line=230,level=2,tokens=1142), 232, 343, True
2025-12-28 19:14:07 - 20251228_191406_cec5531b - markdown_it.rules_block.list - DEBUG - list.list_block:102 - entering list: StateBlock(line=230,level=2,tokens=1142), 232, 343, True
2025-12-28 19:14:07 - 20251228_191406_cec5531b - markdown_it.rules_block.html_block - DEBUG - html_block.html_block:35 - entering html_block: StateBlock(line=230,level=2,tokens=1142), 232, 343, True
2025-12-28 19:14:07 - 20251228_191406_cec5531b - markdown_it.rules_block.heading - DEBUG - heading.heading:13 - entering heading: StateBlock(line=230,level=2,tokens=1142), 232, 343, True
2025-12-28 19:14:07 - 20251228_191406_cec5531b - markdown_it.rules_block.fence - DEBUG - fence.fence:10 - entering fence: StateBlock(line=230,level=2,tokens=1142), 233, 343, True
2025-12-28 19:14:07 - 20251228_191406_cec5531b - markdown_it.rules_block.blockquote - DEBUG - blockquote.blockquote:13 - entering blockquote: StateBlock(line=230,level=2,tokens=1142), 233, 343, True
2025-12-28 19:14:07 - 20251228_191406_cec5531b - markdown_it.rules_block.hr - DEBUG - hr.hr:14 - entering hr: StateBlock(line=230,level=2,tokens=1142), 233, 343, True
2025-12-28 19:14:07 - 20251228_191406_cec5531b - markdown_it.rules_block.list - DEBUG - list.list_block:102 - entering list: StateBlock(line=230,level=2,tokens=1142), 233, 343, True
2025-12-28 19:14:07 - 20251228_191406_cec5531b - markdown_it.rules_block.html_block - DEBUG - html_block.html_block:35 - entering html_block: StateBlock(line=230,level=2,tokens=1142), 233, 343, True
2025-12-28 19:14:07 - 20251228_191406_cec5531b - markdown_it.rules_block.heading - DEBUG - heading.heading:13 - entering heading: StateBlock(line=230,level=2,tokens=1142), 233, 343, True
2025-12-28 19:14:07 - 20251228_191406_cec5531b - markdown_it.rules_block.paragraph - DEBUG - paragraph.paragraph:10 - entering paragraph: StateBlock(line=230,level=2,tokens=1142), 230, 343, False
2025-12-28 19:14:07 - 20251228_191406_cec5531b - markdown_it.rules_block.fence - DEBUG - fence.fence:10 - entering fence: StateBlock(line=230,level=2,tokens=1142), 231, 343, True
2025-12-28 19:14:07 - 20251228_191406_cec5531b - markdown_it.rules_block.blockquote - DEBUG - blockquote.blockquote:13 - entering blockquote: StateBlock(line=230,level=2,tokens=1142), 231, 343, True
2025-12-28 19:14:07 - 20251228_191406_cec5531b - markdown_it.rules_block.hr - DEBUG - hr.hr:14 - entering hr: StateBlock(line=230,level=2,tokens=1142), 231, 343, True
2025-12-28 19:14:07 - 20251228_191406_cec5531b - markdown_it.rules_block.list - DEBUG - list.list_block:102 - entering list: StateBlock(line=230,level=2,tokens=1142), 231, 343, True
2025-12-28 19:14:07 - 20251228_191406_cec5531b - markdown_it.rules_block.html_block - DEBUG - html_block.html_block:35 - entering html_block: StateBlock(line=230,level=2,tokens=1142), 231, 343, True
2025-12-28 19:14:07 - 20251228_191406_cec5531b - markdown_it.rules_block.heading - DEBUG - heading.heading:13 - entering heading: StateBlock(line=230,level=2,tokens=1142), 231, 343, True
2025-12-28 19:14:07 - 20251228_191406_cec5531b - markdown_it.rules_block.fence - DEBUG - fence.fence:10 - entering fence: StateBlock(line=230,level=2,tokens=1142), 232, 343, True
2025-12-28 19:14:07 - 20251228_191406_cec5531b - markdown_it.rules_block.blockquote - DEBUG - blockquote.blockquote:13 - entering blockquote: StateBlock(line=230,level=2,tokens=1142), 232, 343, True
2025-12-28 19:14:07 - 20251228_191406_cec5531b - markdown_it.rules_block.hr - DEBUG - hr.hr:14 - entering hr: StateBlock(line=230,level=2,tokens=1142), 232, 343, True
2025-12-28 19:14:07 - 20251228_191406_cec5531b - markdown_it.rules_block.list - DEBUG - list.list_block:102 - entering list: StateBlock(line=230,level=2,tokens=1142), 232, 343, True
2025-12-28 19:14:07 - 20251228_191406_cec5531b - markdown_it.rules_block.html_block - DEBUG - html_block.html_block:35 - entering html_block: StateBlock(line=230,level=2,tokens=1142), 232, 343, True
2025-12-28 19:14:07 - 20251228_191406_cec5531b - markdown_it.rules_block.heading - DEBUG - heading.heading:13 - entering heading: StateBlock(line=230,level=2,tokens=1142), 232, 343, True
2025-12-28 19:14:07 - 20251228_191406_cec5531b - markdown_it.rules_block.fence - DEBUG - fence.fence:10 - entering fence: StateBlock(line=230,level=2,tokens=1142), 233, 343, True
2025-12-28 19:14:07 - 20251228_191406_cec5531b - markdown_it.rules_block.blockquote - DEBUG - blockquote.blockquote:13 - entering blockquote: StateBlock(line=230,level=2,tokens=1142), 233, 343, True
2025-12-28 19:14:07 - 20251228_191406_cec5531b - markdown_it.rules_block.hr - DEBUG - hr.hr:14 - entering hr: StateBlock(line=230,level=2,tokens=1142), 233, 343, True
2025-12-28 19:14:07 - 20251228_191406_cec5531b - markdown_it.rules_block.list - DEBUG - list.list_block:102 - entering list: StateBlock(line=230,level=2,tokens=1142), 233, 343, True
2025-12-28 19:14:07 - 20251228_191406_cec5531b - markdown_it.rules_block.html_block - DEBUG - html_block.html_block:35 - entering html_block: StateBlock(line=230,level=2,tokens=1142), 233, 343, True
2025-12-28 19:14:07 - 20251228_191406_cec5531b - markdown_it.rules_block.heading - DEBUG - heading.heading:13 - entering heading: StateBlock(line=230,level=2,tokens=1142), 233, 343, True
2025-12-28 19:14:07 - 20251228_191406_cec5531b - markdown_it.rules_block.fence - DEBUG - fence.fence:10 - entering fence: StateBlock(line=235,level=1,tokens=1146), 235, 343, True
2025-12-28 19:14:07 - 20251228_191406_cec5531b - markdown_it.rules_block.blockquote - DEBUG - blockquote.blockquote:13 - entering blockquote: StateBlock(line=235,level=1,tokens=1146), 235, 343, True
2025-12-28 19:14:07 - 20251228_191406_cec5531b - markdown_it.rules_block.hr - DEBUG - hr.hr:14 - entering hr: StateBlock(line=235,level=1,tokens=1146), 235, 343, True
2025-12-28 19:14:07 - 20251228_191406_cec5531b - markdown_it.rules_block.code - DEBUG - code.code:10 - entering code: StateBlock(line=235,level=0,tokens=1147), 235, 343, False
2025-12-28 19:14:07 - 20251228_191406_cec5531b - markdown_it.rules_block.fence - DEBUG - fence.fence:10 - entering fence: StateBlock(line=235,level=0,tokens=1147), 235, 343, False
2025-12-28 19:14:07 - 20251228_191406_cec5531b - markdown_it.rules_block.blockquote - DEBUG - blockquote.blockquote:13 - entering blockquote: StateBlock(line=235,level=0,tokens=1147), 235, 343, False
2025-12-28 19:14:07 - 20251228_191406_cec5531b - markdown_it.rules_block.hr - DEBUG - hr.hr:14 - entering hr: StateBlock(line=235,level=0,tokens=1147), 235, 343, False
2025-12-28 19:14:07 - 20251228_191406_cec5531b - markdown_it.rules_block.list - DEBUG - list.list_block:102 - entering list: StateBlock(line=235,level=0,tokens=1147), 235, 343, False
2025-12-28 19:14:07 - 20251228_191406_cec5531b - markdown_it.rules_block.reference - DEBUG - reference.reference:10 - entering reference: StateBlock(line=235,level=0,tokens=1147), 235, 343, False
2025-12-28 19:14:07 - 20251228_191406_cec5531b - markdown_it.rules_block.html_block - DEBUG - html_block.html_block:35 - entering html_block: StateBlock(line=235,level=0,tokens=1147), 235, 343, False
2025-12-28 19:14:07 - 20251228_191406_cec5531b - markdown_it.rules_block.heading - DEBUG - heading.heading:13 - entering heading: StateBlock(line=235,level=0,tokens=1147), 235, 343, False
2025-12-28 19:14:07 - 20251228_191406_cec5531b - markdown_it.rules_block.lheading - DEBUG - lheading.lheading:10 - entering lheading: StateBlock(line=235,level=0,tokens=1147), 235, 343, False
2025-12-28 19:14:07 - 20251228_191406_cec5531b - markdown_it.rules_block.fence - DEBUG - fence.fence:10 - entering fence: StateBlock(line=235,level=0,tokens=1147), 236, 343, True
2025-12-28 19:14:07 - 20251228_191406_cec5531b - markdown_it.rules_block.blockquote - DEBUG - blockquote.blockquote:13 - entering blockquote: StateBlock(line=235,level=0,tokens=1147), 236, 343, True
2025-12-28 19:14:07 - 20251228_191406_cec5531b - markdown_it.rules_block.hr - DEBUG - hr.hr:14 - entering hr: StateBlock(line=235,level=0,tokens=1147), 236, 343, True
2025-12-28 19:14:07 - 20251228_191406_cec5531b - markdown_it.rules_block.list - DEBUG - list.list_block:102 - entering list: StateBlock(line=235,level=0,tokens=1147), 236, 343, True
2025-12-28 19:14:07 - 20251228_191406_cec5531b - markdown_it.rules_block.html_block - DEBUG - html_block.html_block:35 - entering html_block: StateBlock(line=235,level=0,tokens=1147), 236, 343, True
2025-12-28 19:14:07 - 20251228_191406_cec5531b - markdown_it.rules_block.heading - DEBUG - heading.heading:13 - entering heading: StateBlock(line=235,level=0,tokens=1147), 236, 343, True
2025-12-28 19:14:07 - 20251228_191406_cec5531b - markdown_it.rules_block.paragraph - DEBUG - paragraph.paragraph:10 - entering paragraph: StateBlock(line=235,level=0,tokens=1147), 235, 343, False
2025-12-28 19:14:07 - 20251228_191406_cec5531b - markdown_it.rules_block.fence - DEBUG - fence.fence:10 - entering fence: StateBlock(line=235,level=0,tokens=1147), 236, 343, True
2025-12-28 19:14:07 - 20251228_191406_cec5531b - markdown_it.rules_block.blockquote - DEBUG - blockquote.blockquote:13 - entering blockquote: StateBlock(line=235,level=0,tokens=1147), 236, 343, True
2025-12-28 19:14:07 - 20251228_191406_cec5531b - markdown_it.rules_block.hr - DEBUG - hr.hr:14 - entering hr: StateBlock(line=235,level=0,tokens=1147), 236, 343, True
2025-12-28 19:14:07 - 20251228_191406_cec5531b - markdown_it.rules_block.list - DEBUG - list.list_block:102 - entering list: StateBlock(line=235,level=0,tokens=1147), 236, 343, True
2025-12-28 19:14:07 - 20251228_191406_cec5531b - markdown_it.rules_block.html_block - DEBUG - html_block.html_block:35 - entering html_block: StateBlock(line=235,level=0,tokens=1147), 236, 343, True
2025-12-28 19:14:07 - 20251228_191406_cec5531b - markdown_it.rules_block.heading - DEBUG - heading.heading:13 - entering heading: StateBlock(line=235,level=0,tokens=1147), 236, 343, True
2025-12-28 19:14:07 - 20251228_191406_cec5531b - markdown_it.rules_block.code - DEBUG - code.code:10 - entering code: StateBlock(line=238,level=0,tokens=1150), 238, 343, False
2025-12-28 19:14:07 - 20251228_191406_cec5531b - markdown_it.rules_block.fence - DEBUG - fence.fence:10 - entering fence: StateBlock(line=238,level=0,tokens=1150), 238, 343, False
2025-12-28 19:14:07 - 20251228_191406_cec5531b - markdown_it.rules_block.blockquote - DEBUG - blockquote.blockquote:13 - entering blockquote: StateBlock(line=238,level=0,tokens=1150), 238, 343, False
2025-12-28 19:14:07 - 20251228_191406_cec5531b - markdown_it.rules_block.hr - DEBUG - hr.hr:14 - entering hr: StateBlock(line=238,level=0,tokens=1150), 238, 343, False
2025-12-28 19:14:07 - 20251228_191406_cec5531b - markdown_it.rules_block.code - DEBUG - code.code:10 - entering code: StateBlock(line=240,level=0,tokens=1151), 240, 343, False
2025-12-28 19:14:07 - 20251228_191406_cec5531b - markdown_it.rules_block.fence - DEBUG - fence.fence:10 - entering fence: StateBlock(line=240,level=0,tokens=1151), 240, 343, False
2025-12-28 19:14:07 - 20251228_191406_cec5531b - markdown_it.rules_block.blockquote - DEBUG - blockquote.blockquote:13 - entering blockquote: StateBlock(line=240,level=0,tokens=1151), 240, 343, False
2025-12-28 19:14:07 - 20251228_191406_cec5531b - markdown_it.rules_block.hr - DEBUG - hr.hr:14 - entering hr: StateBlock(line=240,level=0,tokens=1151), 240, 343, False
2025-12-28 19:14:07 - 20251228_191406_cec5531b - markdown_it.rules_block.list - DEBUG - list.list_block:102 - entering list: StateBlock(line=240,level=0,tokens=1151), 240, 343, False
2025-12-28 19:14:07 - 20251228_191406_cec5531b - markdown_it.rules_block.reference - DEBUG - reference.reference:10 - entering reference: StateBlock(line=240,level=0,tokens=1151), 240, 343, False
2025-12-28 19:14:07 - 20251228_191406_cec5531b - markdown_it.rules_block.html_block - DEBUG - html_block.html_block:35 - entering html_block: StateBlock(line=240,level=0,tokens=1151), 240, 343, False
2025-12-28 19:14:07 - 20251228_191406_cec5531b - markdown_it.rules_block.heading - DEBUG - heading.heading:13 - entering heading: StateBlock(line=240,level=0,tokens=1151), 240, 343, False
2025-12-28 19:14:07 - 20251228_191406_cec5531b - markdown_it.rules_block.fence - DEBUG - fence.fence:10 - entering fence: StateBlock(line=242,level=1,tokens=1168), 244, 343, True
2025-12-28 19:14:07 - 20251228_191406_cec5531b - markdown_it.rules_block.blockquote - DEBUG - blockquote.blockquote:13 - entering blockquote: StateBlock(line=242,level=1,tokens=1168), 244, 343, True
2025-12-28 19:14:07 - 20251228_191406_cec5531b - markdown_it.rules_block.hr - DEBUG - hr.hr:14 - entering hr: StateBlock(line=242,level=1,tokens=1168), 244, 343, True
2025-12-28 19:14:07 - 20251228_191406_cec5531b - markdown_it.rules_block.list - DEBUG - list.list_block:102 - entering list: StateBlock(line=242,level=1,tokens=1168), 244, 343, True
2025-12-28 19:14:07 - 20251228_191406_cec5531b - markdown_it.rules_block.html_block - DEBUG - html_block.html_block:35 - entering html_block: StateBlock(line=242,level=1,tokens=1168), 244, 343, True
2025-12-28 19:14:07 - 20251228_191406_cec5531b - markdown_it.rules_block.heading - DEBUG - heading.heading:13 - entering heading: StateBlock(line=242,level=1,tokens=1168), 244, 343, True
2025-12-28 19:14:07 - 20251228_191406_cec5531b - markdown_it.rules_block.fence - DEBUG - fence.fence:10 - entering fence: StateBlock(line=242,level=2,tokens=1180), 245, 343, True
2025-12-28 19:14:07 - 20251228_191406_cec5531b - markdown_it.rules_block.blockquote - DEBUG - blockquote.blockquote:13 - entering blockquote: StateBlock(line=242,level=2,tokens=1180), 245, 343, True
2025-12-28 19:14:07 - 20251228_191406_cec5531b - markdown_it.rules_block.hr - DEBUG - hr.hr:14 - entering hr: StateBlock(line=242,level=2,tokens=1180), 245, 343, True
2025-12-28 19:14:07 - 20251228_191406_cec5531b - markdown_it.rules_block.list - DEBUG - list.list_block:102 - entering list: StateBlock(line=242,level=2,tokens=1180), 245, 343, True
2025-12-28 19:14:07 - 20251228_191406_cec5531b - markdown_it.rules_block.html_block - DEBUG - html_block.html_block:35 - entering html_block: StateBlock(line=242,level=2,tokens=1180), 245, 343, True
2025-12-28 19:14:07 - 20251228_191406_cec5531b - markdown_it.rules_block.heading - DEBUG - heading.heading:13 - entering heading: StateBlock(line=242,level=2,tokens=1180), 245, 343, True
2025-12-28 19:14:07 - 20251228_191406_cec5531b - markdown_it.rules_block.fence - DEBUG - fence.fence:10 - entering fence: StateBlock(line=242,level=2,tokens=1191), 246, 343, True
2025-12-28 19:14:07 - 20251228_191406_cec5531b - markdown_it.rules_block.blockquote - DEBUG - blockquote.blockquote:13 - entering blockquote: StateBlock(line=242,level=2,tokens=1191), 246, 343, True
2025-12-28 19:14:07 - 20251228_191406_cec5531b - markdown_it.rules_block.hr - DEBUG - hr.hr:14 - entering hr: StateBlock(line=242,level=2,tokens=1191), 246, 343, True
2025-12-28 19:14:07 - 20251228_191406_cec5531b - markdown_it.rules_block.list - DEBUG - list.list_block:102 - entering list: StateBlock(line=242,level=2,tokens=1191), 246, 343, True
2025-12-28 19:14:07 - 20251228_191406_cec5531b - markdown_it.rules_block.html_block - DEBUG - html_block.html_block:35 - entering html_block: StateBlock(line=242,level=2,tokens=1191), 246, 343, True
2025-12-28 19:14:07 - 20251228_191406_cec5531b - markdown_it.rules_block.heading - DEBUG - heading.heading:13 - entering heading: StateBlock(line=242,level=2,tokens=1191), 246, 343, True
2025-12-28 19:14:07 - 20251228_191406_cec5531b - markdown_it.rules_block.fence - DEBUG - fence.fence:10 - entering fence: StateBlock(line=242,level=2,tokens=1202), 247, 343, True
2025-12-28 19:14:07 - 20251228_191406_cec5531b - markdown_it.rules_block.blockquote - DEBUG - blockquote.blockquote:13 - entering blockquote: StateBlock(line=242,level=2,tokens=1202), 247, 343, True
2025-12-28 19:14:07 - 20251228_191406_cec5531b - markdown_it.rules_block.hr - DEBUG - hr.hr:14 - entering hr: StateBlock(line=242,level=2,tokens=1202), 247, 343, True
2025-12-28 19:14:07 - 20251228_191406_cec5531b - markdown_it.rules_block.list - DEBUG - list.list_block:102 - entering list: StateBlock(line=242,level=2,tokens=1202), 247, 343, True
2025-12-28 19:14:07 - 20251228_191406_cec5531b - markdown_it.rules_block.html_block - DEBUG - html_block.html_block:35 - entering html_block: StateBlock(line=242,level=2,tokens=1202), 247, 343, True
2025-12-28 19:14:07 - 20251228_191406_cec5531b - markdown_it.rules_block.heading - DEBUG - heading.heading:13 - entering heading: StateBlock(line=242,level=2,tokens=1202), 247, 343, True
2025-12-28 19:14:07 - 20251228_191406_cec5531b - markdown_it.rules_block.fence - DEBUG - fence.fence:10 - entering fence: StateBlock(line=242,level=2,tokens=1213), 248, 343, True
2025-12-28 19:14:07 - 20251228_191406_cec5531b - markdown_it.rules_block.blockquote - DEBUG - blockquote.blockquote:13 - entering blockquote: StateBlock(line=242,level=2,tokens=1213), 248, 343, True
2025-12-28 19:14:07 - 20251228_191406_cec5531b - markdown_it.rules_block.hr - DEBUG - hr.hr:14 - entering hr: StateBlock(line=242,level=2,tokens=1213), 248, 343, True
2025-12-28 19:14:07 - 20251228_191406_cec5531b - markdown_it.rules_block.list - DEBUG - list.list_block:102 - entering list: StateBlock(line=242,level=2,tokens=1213), 248, 343, True
2025-12-28 19:14:07 - 20251228_191406_cec5531b - markdown_it.rules_block.html_block - DEBUG - html_block.html_block:35 - entering html_block: StateBlock(line=242,level=2,tokens=1213), 248, 343, True
2025-12-28 19:14:07 - 20251228_191406_cec5531b - markdown_it.rules_block.heading - DEBUG - heading.heading:13 - entering heading: StateBlock(line=242,level=2,tokens=1213), 248, 343, True
2025-12-28 19:14:07 - 20251228_191406_cec5531b - markdown_it.rules_block.code - DEBUG - code.code:10 - entering code: StateBlock(line=249,level=0,tokens=1215), 249, 343, False
2025-12-28 19:14:07 - 20251228_191406_cec5531b - markdown_it.rules_block.fence - DEBUG - fence.fence:10 - entering fence: StateBlock(line=249,level=0,tokens=1215), 249, 343, False
2025-12-28 19:14:07 - 20251228_191406_cec5531b - markdown_it.rules_block.blockquote - DEBUG - blockquote.blockquote:13 - entering blockquote: StateBlock(line=249,level=0,tokens=1215), 249, 343, False
2025-12-28 19:14:07 - 20251228_191406_cec5531b - markdown_it.rules_block.hr - DEBUG - hr.hr:14 - entering hr: StateBlock(line=249,level=0,tokens=1215), 249, 343, False
2025-12-28 19:14:07 - 20251228_191406_cec5531b - markdown_it.rules_block.list - DEBUG - list.list_block:102 - entering list: StateBlock(line=249,level=0,tokens=1215), 249, 343, False
2025-12-28 19:14:07 - 20251228_191406_cec5531b - markdown_it.rules_block.reference - DEBUG - reference.reference:10 - entering reference: StateBlock(line=249,level=0,tokens=1215), 249, 343, False
2025-12-28 19:14:07 - 20251228_191406_cec5531b - markdown_it.rules_block.html_block - DEBUG - html_block.html_block:35 - entering html_block: StateBlock(line=249,level=0,tokens=1215), 249, 343, False
2025-12-28 19:14:07 - 20251228_191406_cec5531b - markdown_it.rules_block.heading - DEBUG - heading.heading:13 - entering heading: StateBlock(line=249,level=0,tokens=1215), 249, 343, False
2025-12-28 19:14:07 - 20251228_191406_cec5531b - markdown_it.rules_block.lheading - DEBUG - lheading.lheading:10 - entering lheading: StateBlock(line=249,level=0,tokens=1215), 249, 343, False
2025-12-28 19:14:07 - 20251228_191406_cec5531b - markdown_it.rules_block.fence - DEBUG - fence.fence:10 - entering fence: StateBlock(line=249,level=0,tokens=1215), 250, 343, True
2025-12-28 19:14:07 - 20251228_191406_cec5531b - markdown_it.rules_block.blockquote - DEBUG - blockquote.blockquote:13 - entering blockquote: StateBlock(line=249,level=0,tokens=1215), 250, 343, True
2025-12-28 19:14:07 - 20251228_191406_cec5531b - markdown_it.rules_block.hr - DEBUG - hr.hr:14 - entering hr: StateBlock(line=249,level=0,tokens=1215), 250, 343, True
2025-12-28 19:14:07 - 20251228_191406_cec5531b - markdown_it.rules_block.list - DEBUG - list.list_block:102 - entering list: StateBlock(line=249,level=0,tokens=1215), 250, 343, True
2025-12-28 19:14:07 - 20251228_191406_cec5531b - markdown_it.rules_block.html_block - DEBUG - html_block.html_block:35 - entering html_block: StateBlock(line=249,level=0,tokens=1215), 250, 343, True
2025-12-28 19:14:07 - 20251228_191406_cec5531b - markdown_it.rules_block.heading - DEBUG - heading.heading:13 - entering heading: StateBlock(line=249,level=0,tokens=1215), 250, 343, True
2025-12-28 19:14:07 - 20251228_191406_cec5531b - markdown_it.rules_block.paragraph - DEBUG - paragraph.paragraph:10 - entering paragraph: StateBlock(line=249,level=0,tokens=1215), 249, 343, False
2025-12-28 19:14:07 - 20251228_191406_cec5531b - markdown_it.rules_block.fence - DEBUG - fence.fence:10 - entering fence: StateBlock(line=249,level=0,tokens=1215), 250, 343, True
2025-12-28 19:14:07 - 20251228_191406_cec5531b - markdown_it.rules_block.blockquote - DEBUG - blockquote.blockquote:13 - entering blockquote: StateBlock(line=249,level=0,tokens=1215), 250, 343, True
2025-12-28 19:14:07 - 20251228_191406_cec5531b - markdown_it.rules_block.hr - DEBUG - hr.hr:14 - entering hr: StateBlock(line=249,level=0,tokens=1215), 250, 343, True
2025-12-28 19:14:07 - 20251228_191406_cec5531b - markdown_it.rules_block.list - DEBUG - list.list_block:102 - entering list: StateBlock(line=249,level=0,tokens=1215), 250, 343, True
2025-12-28 19:14:07 - 20251228_191406_cec5531b - markdown_it.rules_block.html_block - DEBUG - html_block.html_block:35 - entering html_block: StateBlock(line=249,level=0,tokens=1215), 250, 343, True
2025-12-28 19:14:07 - 20251228_191406_cec5531b - markdown_it.rules_block.heading - DEBUG - heading.heading:13 - entering heading: StateBlock(line=249,level=0,tokens=1215), 250, 343, True
2025-12-28 19:14:07 - 20251228_191406_cec5531b - markdown_it.rules_block.code - DEBUG - code.code:10 - entering code: StateBlock(line=252,level=0,tokens=1218), 252, 343, False
2025-12-28 19:14:07 - 20251228_191406_cec5531b - markdown_it.rules_block.fence - DEBUG - fence.fence:10 - entering fence: StateBlock(line=252,level=0,tokens=1218), 252, 343, False
2025-12-28 19:14:07 - 20251228_191406_cec5531b - markdown_it.rules_block.blockquote - DEBUG - blockquote.blockquote:13 - entering blockquote: StateBlock(line=252,level=0,tokens=1218), 252, 343, False
2025-12-28 19:14:07 - 20251228_191406_cec5531b - markdown_it.rules_block.hr - DEBUG - hr.hr:14 - entering hr: StateBlock(line=252,level=0,tokens=1218), 252, 343, False
2025-12-28 19:14:07 - 20251228_191406_cec5531b - markdown_it.rules_block.code - DEBUG - code.code:10 - entering code: StateBlock(line=254,level=0,tokens=1219), 254, 343, False
2025-12-28 19:14:07 - 20251228_191406_cec5531b - markdown_it.rules_block.fence - DEBUG - fence.fence:10 - entering fence: StateBlock(line=254,level=0,tokens=1219), 254, 343, False
2025-12-28 19:14:07 - 20251228_191406_cec5531b - markdown_it.rules_block.blockquote - DEBUG - blockquote.blockquote:13 - entering blockquote: StateBlock(line=254,level=0,tokens=1219), 254, 343, False
2025-12-28 19:14:07 - 20251228_191406_cec5531b - markdown_it.rules_block.hr - DEBUG - hr.hr:14 - entering hr: StateBlock(line=254,level=0,tokens=1219), 254, 343, False
2025-12-28 19:14:07 - 20251228_191406_cec5531b - markdown_it.rules_block.list - DEBUG - list.list_block:102 - entering list: StateBlock(line=254,level=0,tokens=1219), 254, 343, False
2025-12-28 19:14:07 - 20251228_191406_cec5531b - markdown_it.rules_block.reference - DEBUG - reference.reference:10 - entering reference: StateBlock(line=254,level=0,tokens=1219), 254, 343, False
2025-12-28 19:14:07 - 20251228_191406_cec5531b - markdown_it.rules_block.html_block - DEBUG - html_block.html_block:35 - entering html_block: StateBlock(line=254,level=0,tokens=1219), 254, 343, False
2025-12-28 19:14:07 - 20251228_191406_cec5531b - markdown_it.rules_block.heading - DEBUG - heading.heading:13 - entering heading: StateBlock(line=254,level=0,tokens=1219), 254, 343, False
2025-12-28 19:14:07 - 20251228_191406_cec5531b - markdown_it.rules_block.code - DEBUG - code.code:10 - entering code: StateBlock(line=256,level=0,tokens=1222), 256, 343, False
2025-12-28 19:14:07 - 20251228_191406_cec5531b - markdown_it.rules_block.fence - DEBUG - fence.fence:10 - entering fence: StateBlock(line=256,level=0,tokens=1222), 256, 343, False
2025-12-28 19:14:07 - 20251228_191406_cec5531b - markdown_it.rules_block.blockquote - DEBUG - blockquote.blockquote:13 - entering blockquote: StateBlock(line=256,level=0,tokens=1222), 256, 343, False
2025-12-28 19:14:07 - 20251228_191406_cec5531b - markdown_it.rules_block.hr - DEBUG - hr.hr:14 - entering hr: StateBlock(line=256,level=0,tokens=1222), 256, 343, False
2025-12-28 19:14:07 - 20251228_191406_cec5531b - markdown_it.rules_block.list - DEBUG - list.list_block:102 - entering list: StateBlock(line=256,level=0,tokens=1222), 256, 343, False
2025-12-28 19:14:07 - 20251228_191406_cec5531b - markdown_it.rules_block.reference - DEBUG - reference.reference:10 - entering reference: StateBlock(line=256,level=0,tokens=1222), 256, 343, False
2025-12-28 19:14:07 - 20251228_191406_cec5531b - markdown_it.rules_block.html_block - DEBUG - html_block.html_block:35 - entering html_block: StateBlock(line=256,level=0,tokens=1222), 256, 343, False
2025-12-28 19:14:07 - 20251228_191406_cec5531b - markdown_it.rules_block.heading - DEBUG - heading.heading:13 - entering heading: StateBlock(line=256,level=0,tokens=1222), 256, 343, False
2025-12-28 19:14:07 - 20251228_191406_cec5531b - markdown_it.rules_block.fence - DEBUG - fence.fence:10 - entering fence: StateBlock(line=258,level=1,tokens=1239), 260, 343, True
2025-12-28 19:14:07 - 20251228_191406_cec5531b - markdown_it.rules_block.blockquote - DEBUG - blockquote.blockquote:13 - entering blockquote: StateBlock(line=258,level=1,tokens=1239), 260, 343, True
2025-12-28 19:14:07 - 20251228_191406_cec5531b - markdown_it.rules_block.hr - DEBUG - hr.hr:14 - entering hr: StateBlock(line=258,level=1,tokens=1239), 260, 343, True
2025-12-28 19:14:07 - 20251228_191406_cec5531b - markdown_it.rules_block.list - DEBUG - list.list_block:102 - entering list: StateBlock(line=258,level=1,tokens=1239), 260, 343, True
2025-12-28 19:14:07 - 20251228_191406_cec5531b - markdown_it.rules_block.html_block - DEBUG - html_block.html_block:35 - entering html_block: StateBlock(line=258,level=1,tokens=1239), 260, 343, True
2025-12-28 19:14:07 - 20251228_191406_cec5531b - markdown_it.rules_block.heading - DEBUG - heading.heading:13 - entering heading: StateBlock(line=258,level=1,tokens=1239), 260, 343, True
2025-12-28 19:14:07 - 20251228_191406_cec5531b - markdown_it.rules_block.fence - DEBUG - fence.fence:10 - entering fence: StateBlock(line=258,level=2,tokens=1251), 261, 343, True
2025-12-28 19:14:07 - 20251228_191406_cec5531b - markdown_it.rules_block.blockquote - DEBUG - blockquote.blockquote:13 - entering blockquote: StateBlock(line=258,level=2,tokens=1251), 261, 343, True
2025-12-28 19:14:07 - 20251228_191406_cec5531b - markdown_it.rules_block.hr - DEBUG - hr.hr:14 - entering hr: StateBlock(line=258,level=2,tokens=1251), 261, 343, True
2025-12-28 19:14:07 - 20251228_191406_cec5531b - markdown_it.rules_block.list - DEBUG - list.list_block:102 - entering list: StateBlock(line=258,level=2,tokens=1251), 261, 343, True
2025-12-28 19:14:07 - 20251228_191406_cec5531b - markdown_it.rules_block.html_block - DEBUG - html_block.html_block:35 - entering html_block: StateBlock(line=258,level=2,tokens=1251), 261, 343, True
2025-12-28 19:14:07 - 20251228_191406_cec5531b - markdown_it.rules_block.heading - DEBUG - heading.heading:13 - entering heading: StateBlock(line=258,level=2,tokens=1251), 261, 343, True
2025-12-28 19:14:07 - 20251228_191406_cec5531b - markdown_it.rules_block.fence - DEBUG - fence.fence:10 - entering fence: StateBlock(line=258,level=2,tokens=1262), 262, 343, True
2025-12-28 19:14:07 - 20251228_191406_cec5531b - markdown_it.rules_block.blockquote - DEBUG - blockquote.blockquote:13 - entering blockquote: StateBlock(line=258,level=2,tokens=1262), 262, 343, True
2025-12-28 19:14:07 - 20251228_191406_cec5531b - markdown_it.rules_block.hr - DEBUG - hr.hr:14 - entering hr: StateBlock(line=258,level=2,tokens=1262), 262, 343, True
2025-12-28 19:14:07 - 20251228_191406_cec5531b - markdown_it.rules_block.list - DEBUG - list.list_block:102 - entering list: StateBlock(line=258,level=2,tokens=1262), 262, 343, True
2025-12-28 19:14:07 - 20251228_191406_cec5531b - markdown_it.rules_block.html_block - DEBUG - html_block.html_block:35 - entering html_block: StateBlock(line=258,level=2,tokens=1262), 262, 343, True
2025-12-28 19:14:07 - 20251228_191406_cec5531b - markdown_it.rules_block.heading - DEBUG - heading.heading:13 - entering heading: StateBlock(line=258,level=2,tokens=1262), 262, 343, True
2025-12-28 19:14:07 - 20251228_191406_cec5531b - markdown_it.rules_block.fence - DEBUG - fence.fence:10 - entering fence: StateBlock(line=258,level=2,tokens=1273), 263, 343, True
2025-12-28 19:14:07 - 20251228_191406_cec5531b - markdown_it.rules_block.blockquote - DEBUG - blockquote.blockquote:13 - entering blockquote: StateBlock(line=258,level=2,tokens=1273), 263, 343, True
2025-12-28 19:14:07 - 20251228_191406_cec5531b - markdown_it.rules_block.hr - DEBUG - hr.hr:14 - entering hr: StateBlock(line=258,level=2,tokens=1273), 263, 343, True
2025-12-28 19:14:07 - 20251228_191406_cec5531b - markdown_it.rules_block.list - DEBUG - list.list_block:102 - entering list: StateBlock(line=258,level=2,tokens=1273), 263, 343, True
2025-12-28 19:14:07 - 20251228_191406_cec5531b - markdown_it.rules_block.html_block - DEBUG - html_block.html_block:35 - entering html_block: StateBlock(line=258,level=2,tokens=1273), 263, 343, True
2025-12-28 19:14:07 - 20251228_191406_cec5531b - markdown_it.rules_block.heading - DEBUG - heading.heading:13 - entering heading: StateBlock(line=258,level=2,tokens=1273), 263, 343, True
2025-12-28 19:14:07 - 20251228_191406_cec5531b - markdown_it.rules_block.fence - DEBUG - fence.fence:10 - entering fence: StateBlock(line=258,level=2,tokens=1284), 264, 343, True
2025-12-28 19:14:07 - 20251228_191406_cec5531b - markdown_it.rules_block.blockquote - DEBUG - blockquote.blockquote:13 - entering blockquote: StateBlock(line=258,level=2,tokens=1284), 264, 343, True
2025-12-28 19:14:07 - 20251228_191406_cec5531b - markdown_it.rules_block.hr - DEBUG - hr.hr:14 - entering hr: StateBlock(line=258,level=2,tokens=1284), 264, 343, True
2025-12-28 19:14:07 - 20251228_191406_cec5531b - markdown_it.rules_block.list - DEBUG - list.list_block:102 - entering list: StateBlock(line=258,level=2,tokens=1284), 264, 343, True
2025-12-28 19:14:07 - 20251228_191406_cec5531b - markdown_it.rules_block.html_block - DEBUG - html_block.html_block:35 - entering html_block: StateBlock(line=258,level=2,tokens=1284), 264, 343, True
2025-12-28 19:14:07 - 20251228_191406_cec5531b - markdown_it.rules_block.heading - DEBUG - heading.heading:13 - entering heading: StateBlock(line=258,level=2,tokens=1284), 264, 343, True
2025-12-28 19:14:07 - 20251228_191406_cec5531b - markdown_it.rules_block.fence - DEBUG - fence.fence:10 - entering fence: StateBlock(line=258,level=2,tokens=1295), 265, 343, True
2025-12-28 19:14:07 - 20251228_191406_cec5531b - markdown_it.rules_block.blockquote - DEBUG - blockquote.blockquote:13 - entering blockquote: StateBlock(line=258,level=2,tokens=1295), 265, 343, True
2025-12-28 19:14:07 - 20251228_191406_cec5531b - markdown_it.rules_block.hr - DEBUG - hr.hr:14 - entering hr: StateBlock(line=258,level=2,tokens=1295), 265, 343, True
2025-12-28 19:14:07 - 20251228_191406_cec5531b - markdown_it.rules_block.list - DEBUG - list.list_block:102 - entering list: StateBlock(line=258,level=2,tokens=1295), 265, 343, True
2025-12-28 19:14:07 - 20251228_191406_cec5531b - markdown_it.rules_block.html_block - DEBUG - html_block.html_block:35 - entering html_block: StateBlock(line=258,level=2,tokens=1295), 265, 343, True
2025-12-28 19:14:07 - 20251228_191406_cec5531b - markdown_it.rules_block.heading - DEBUG - heading.heading:13 - entering heading: StateBlock(line=258,level=2,tokens=1295), 265, 343, True
2025-12-28 19:14:07 - 20251228_191406_cec5531b - markdown_it.rules_block.fence - DEBUG - fence.fence:10 - entering fence: StateBlock(line=258,level=2,tokens=1306), 266, 343, True
2025-12-28 19:14:07 - 20251228_191406_cec5531b - markdown_it.rules_block.blockquote - DEBUG - blockquote.blockquote:13 - entering blockquote: StateBlock(line=258,level=2,tokens=1306), 266, 343, True
2025-12-28 19:14:07 - 20251228_191406_cec5531b - markdown_it.rules_block.hr - DEBUG - hr.hr:14 - entering hr: StateBlock(line=258,level=2,tokens=1306), 266, 343, True
2025-12-28 19:14:07 - 20251228_191406_cec5531b - markdown_it.rules_block.list - DEBUG - list.list_block:102 - entering list: StateBlock(line=258,level=2,tokens=1306), 266, 343, True
2025-12-28 19:14:07 - 20251228_191406_cec5531b - markdown_it.rules_block.html_block - DEBUG - html_block.html_block:35 - entering html_block: StateBlock(line=258,level=2,tokens=1306), 266, 343, True
2025-12-28 19:14:07 - 20251228_191406_cec5531b - markdown_it.rules_block.heading - DEBUG - heading.heading:13 - entering heading: StateBlock(line=258,level=2,tokens=1306), 266, 343, True
2025-12-28 19:14:07 - 20251228_191406_cec5531b - markdown_it.rules_block.fence - DEBUG - fence.fence:10 - entering fence: StateBlock(line=258,level=2,tokens=1317), 267, 343, True
2025-12-28 19:14:07 - 20251228_191406_cec5531b - markdown_it.rules_block.blockquote - DEBUG - blockquote.blockquote:13 - entering blockquote: StateBlock(line=258,level=2,tokens=1317), 267, 343, True
2025-12-28 19:14:07 - 20251228_191406_cec5531b - markdown_it.rules_block.hr - DEBUG - hr.hr:14 - entering hr: StateBlock(line=258,level=2,tokens=1317), 267, 343, True
2025-12-28 19:14:07 - 20251228_191406_cec5531b - markdown_it.rules_block.list - DEBUG - list.list_block:102 - entering list: StateBlock(line=258,level=2,tokens=1317), 267, 343, True
2025-12-28 19:14:07 - 20251228_191406_cec5531b - markdown_it.rules_block.html_block - DEBUG - html_block.html_block:35 - entering html_block: StateBlock(line=258,level=2,tokens=1317), 267, 343, True
2025-12-28 19:14:07 - 20251228_191406_cec5531b - markdown_it.rules_block.heading - DEBUG - heading.heading:13 - entering heading: StateBlock(line=258,level=2,tokens=1317), 267, 343, True
2025-12-28 19:14:07 - 20251228_191406_cec5531b - markdown_it.rules_block.code - DEBUG - code.code:10 - entering code: StateBlock(line=268,level=0,tokens=1319), 268, 343, False
2025-12-28 19:14:07 - 20251228_191406_cec5531b - markdown_it.rules_block.fence - DEBUG - fence.fence:10 - entering fence: StateBlock(line=268,level=0,tokens=1319), 268, 343, False
2025-12-28 19:14:07 - 20251228_191406_cec5531b - markdown_it.rules_block.blockquote - DEBUG - blockquote.blockquote:13 - entering blockquote: StateBlock(line=268,level=0,tokens=1319), 268, 343, False
2025-12-28 19:14:07 - 20251228_191406_cec5531b - markdown_it.rules_block.hr - DEBUG - hr.hr:14 - entering hr: StateBlock(line=268,level=0,tokens=1319), 268, 343, False
2025-12-28 19:14:07 - 20251228_191406_cec5531b - markdown_it.rules_block.list - DEBUG - list.list_block:102 - entering list: StateBlock(line=268,level=0,tokens=1319), 268, 343, False
2025-12-28 19:14:07 - 20251228_191406_cec5531b - markdown_it.rules_block.reference - DEBUG - reference.reference:10 - entering reference: StateBlock(line=268,level=0,tokens=1319), 268, 343, False
2025-12-28 19:14:07 - 20251228_191406_cec5531b - markdown_it.rules_block.html_block - DEBUG - html_block.html_block:35 - entering html_block: StateBlock(line=268,level=0,tokens=1319), 268, 343, False
2025-12-28 19:14:07 - 20251228_191406_cec5531b - markdown_it.rules_block.heading - DEBUG - heading.heading:13 - entering heading: StateBlock(line=268,level=0,tokens=1319), 268, 343, False
2025-12-28 19:14:07 - 20251228_191406_cec5531b - markdown_it.rules_block.fence - DEBUG - fence.fence:10 - entering fence: StateBlock(line=270,level=1,tokens=1336), 272, 343, True
2025-12-28 19:14:07 - 20251228_191406_cec5531b - markdown_it.rules_block.blockquote - DEBUG - blockquote.blockquote:13 - entering blockquote: StateBlock(line=270,level=1,tokens=1336), 272, 343, True
2025-12-28 19:14:07 - 20251228_191406_cec5531b - markdown_it.rules_block.hr - DEBUG - hr.hr:14 - entering hr: StateBlock(line=270,level=1,tokens=1336), 272, 343, True
2025-12-28 19:14:07 - 20251228_191406_cec5531b - markdown_it.rules_block.list - DEBUG - list.list_block:102 - entering list: StateBlock(line=270,level=1,tokens=1336), 272, 343, True
2025-12-28 19:14:07 - 20251228_191406_cec5531b - markdown_it.rules_block.html_block - DEBUG - html_block.html_block:35 - entering html_block: StateBlock(line=270,level=1,tokens=1336), 272, 343, True
2025-12-28 19:14:07 - 20251228_191406_cec5531b - markdown_it.rules_block.heading - DEBUG - heading.heading:13 - entering heading: StateBlock(line=270,level=1,tokens=1336), 272, 343, True
2025-12-28 19:14:07 - 20251228_191406_cec5531b - markdown_it.rules_block.fence - DEBUG - fence.fence:10 - entering fence: StateBlock(line=270,level=2,tokens=1348), 273, 343, True
2025-12-28 19:14:07 - 20251228_191406_cec5531b - markdown_it.rules_block.blockquote - DEBUG - blockquote.blockquote:13 - entering blockquote: StateBlock(line=270,level=2,tokens=1348), 273, 343, True
2025-12-28 19:14:07 - 20251228_191406_cec5531b - markdown_it.rules_block.hr - DEBUG - hr.hr:14 - entering hr: StateBlock(line=270,level=2,tokens=1348), 273, 343, True
2025-12-28 19:14:07 - 20251228_191406_cec5531b - markdown_it.rules_block.list - DEBUG - list.list_block:102 - entering list: StateBlock(line=270,level=2,tokens=1348), 273, 343, True
2025-12-28 19:14:07 - 20251228_191406_cec5531b - markdown_it.rules_block.html_block - DEBUG - html_block.html_block:35 - entering html_block: StateBlock(line=270,level=2,tokens=1348), 273, 343, True
2025-12-28 19:14:07 - 20251228_191406_cec5531b - markdown_it.rules_block.heading - DEBUG - heading.heading:13 - entering heading: StateBlock(line=270,level=2,tokens=1348), 273, 343, True
2025-12-28 19:14:07 - 20251228_191406_cec5531b - markdown_it.rules_block.fence - DEBUG - fence.fence:10 - entering fence: StateBlock(line=270,level=2,tokens=1359), 274, 343, True
2025-12-28 19:14:07 - 20251228_191406_cec5531b - markdown_it.rules_block.blockquote - DEBUG - blockquote.blockquote:13 - entering blockquote: StateBlock(line=270,level=2,tokens=1359), 274, 343, True
2025-12-28 19:14:07 - 20251228_191406_cec5531b - markdown_it.rules_block.hr - DEBUG - hr.hr:14 - entering hr: StateBlock(line=270,level=2,tokens=1359), 274, 343, True
2025-12-28 19:14:07 - 20251228_191406_cec5531b - markdown_it.rules_block.list - DEBUG - list.list_block:102 - entering list: StateBlock(line=270,level=2,tokens=1359), 274, 343, True
2025-12-28 19:14:07 - 20251228_191406_cec5531b - markdown_it.rules_block.html_block - DEBUG - html_block.html_block:35 - entering html_block: StateBlock(line=270,level=2,tokens=1359), 274, 343, True
2025-12-28 19:14:07 - 20251228_191406_cec5531b - markdown_it.rules_block.heading - DEBUG - heading.heading:13 - entering heading: StateBlock(line=270,level=2,tokens=1359), 274, 343, True
2025-12-28 19:14:07 - 20251228_191406_cec5531b - markdown_it.rules_block.fence - DEBUG - fence.fence:10 - entering fence: StateBlock(line=270,level=2,tokens=1370), 275, 343, True
2025-12-28 19:14:07 - 20251228_191406_cec5531b - markdown_it.rules_block.blockquote - DEBUG - blockquote.blockquote:13 - entering blockquote: StateBlock(line=270,level=2,tokens=1370), 275, 343, True
2025-12-28 19:14:07 - 20251228_191406_cec5531b - markdown_it.rules_block.hr - DEBUG - hr.hr:14 - entering hr: StateBlock(line=270,level=2,tokens=1370), 275, 343, True
2025-12-28 19:14:07 - 20251228_191406_cec5531b - markdown_it.rules_block.list - DEBUG - list.list_block:102 - entering list: StateBlock(line=270,level=2,tokens=1370), 275, 343, True
2025-12-28 19:14:07 - 20251228_191406_cec5531b - markdown_it.rules_block.html_block - DEBUG - html_block.html_block:35 - entering html_block: StateBlock(line=270,level=2,tokens=1370), 275, 343, True
2025-12-28 19:14:07 - 20251228_191406_cec5531b - markdown_it.rules_block.heading - DEBUG - heading.heading:13 - entering heading: StateBlock(line=270,level=2,tokens=1370), 275, 343, True
2025-12-28 19:14:07 - 20251228_191406_cec5531b - markdown_it.rules_block.code - DEBUG - code.code:10 - entering code: StateBlock(line=276,level=0,tokens=1372), 276, 343, False
2025-12-28 19:14:07 - 20251228_191406_cec5531b - markdown_it.rules_block.fence - DEBUG - fence.fence:10 - entering fence: StateBlock(line=276,level=0,tokens=1372), 276, 343, False
2025-12-28 19:14:07 - 20251228_191406_cec5531b - markdown_it.rules_block.blockquote - DEBUG - blockquote.blockquote:13 - entering blockquote: StateBlock(line=276,level=0,tokens=1372), 276, 343, False
2025-12-28 19:14:07 - 20251228_191406_cec5531b - markdown_it.rules_block.hr - DEBUG - hr.hr:14 - entering hr: StateBlock(line=276,level=0,tokens=1372), 276, 343, False
2025-12-28 19:14:07 - 20251228_191406_cec5531b - markdown_it.rules_block.code - DEBUG - code.code:10 - entering code: StateBlock(line=278,level=0,tokens=1373), 278, 343, False
2025-12-28 19:14:07 - 20251228_191406_cec5531b - markdown_it.rules_block.fence - DEBUG - fence.fence:10 - entering fence: StateBlock(line=278,level=0,tokens=1373), 278, 343, False
2025-12-28 19:14:07 - 20251228_191406_cec5531b - markdown_it.rules_block.blockquote - DEBUG - blockquote.blockquote:13 - entering blockquote: StateBlock(line=278,level=0,tokens=1373), 278, 343, False
2025-12-28 19:14:07 - 20251228_191406_cec5531b - markdown_it.rules_block.hr - DEBUG - hr.hr:14 - entering hr: StateBlock(line=278,level=0,tokens=1373), 278, 343, False
2025-12-28 19:14:07 - 20251228_191406_cec5531b - markdown_it.rules_block.list - DEBUG - list.list_block:102 - entering list: StateBlock(line=278,level=0,tokens=1373), 278, 343, False
2025-12-28 19:14:07 - 20251228_191406_cec5531b - markdown_it.rules_block.reference - DEBUG - reference.reference:10 - entering reference: StateBlock(line=278,level=0,tokens=1373), 278, 343, False
2025-12-28 19:14:07 - 20251228_191406_cec5531b - markdown_it.rules_block.html_block - DEBUG - html_block.html_block:35 - entering html_block: StateBlock(line=278,level=0,tokens=1373), 278, 343, False
2025-12-28 19:14:07 - 20251228_191406_cec5531b - markdown_it.rules_block.heading - DEBUG - heading.heading:13 - entering heading: StateBlock(line=278,level=0,tokens=1373), 278, 343, False
2025-12-28 19:14:07 - 20251228_191406_cec5531b - markdown_it.rules_block.code - DEBUG - code.code:10 - entering code: StateBlock(line=280,level=0,tokens=1376), 280, 343, False
2025-12-28 19:14:07 - 20251228_191406_cec5531b - markdown_it.rules_block.fence - DEBUG - fence.fence:10 - entering fence: StateBlock(line=280,level=0,tokens=1376), 280, 343, False
2025-12-28 19:14:07 - 20251228_191406_cec5531b - markdown_it.rules_block.blockquote - DEBUG - blockquote.blockquote:13 - entering blockquote: StateBlock(line=280,level=0,tokens=1376), 280, 343, False
2025-12-28 19:14:07 - 20251228_191406_cec5531b - markdown_it.rules_block.hr - DEBUG - hr.hr:14 - entering hr: StateBlock(line=280,level=0,tokens=1376), 280, 343, False
2025-12-28 19:14:07 - 20251228_191406_cec5531b - markdown_it.rules_block.list - DEBUG - list.list_block:102 - entering list: StateBlock(line=280,level=0,tokens=1376), 280, 343, False
2025-12-28 19:14:07 - 20251228_191406_cec5531b - markdown_it.rules_block.reference - DEBUG - reference.reference:10 - entering reference: StateBlock(line=280,level=0,tokens=1376), 280, 343, False
2025-12-28 19:14:07 - 20251228_191406_cec5531b - markdown_it.rules_block.html_block - DEBUG - html_block.html_block:35 - entering html_block: StateBlock(line=280,level=0,tokens=1376), 280, 343, False
2025-12-28 19:14:07 - 20251228_191406_cec5531b - markdown_it.rules_block.heading - DEBUG - heading.heading:13 - entering heading: StateBlock(line=280,level=0,tokens=1376), 280, 343, False
2025-12-28 19:14:07 - 20251228_191406_cec5531b - markdown_it.rules_block.code - DEBUG - code.code:10 - entering code: StateBlock(line=282,level=0,tokens=1379), 282, 343, False
2025-12-28 19:14:07 - 20251228_191406_cec5531b - markdown_it.rules_block.fence - DEBUG - fence.fence:10 - entering fence: StateBlock(line=282,level=0,tokens=1379), 282, 343, False
2025-12-28 19:14:07 - 20251228_191406_cec5531b - markdown_it.rules_block.blockquote - DEBUG - blockquote.blockquote:13 - entering blockquote: StateBlock(line=282,level=0,tokens=1379), 282, 343, False
2025-12-28 19:14:07 - 20251228_191406_cec5531b - markdown_it.rules_block.hr - DEBUG - hr.hr:14 - entering hr: StateBlock(line=282,level=0,tokens=1379), 282, 343, False
2025-12-28 19:14:07 - 20251228_191406_cec5531b - markdown_it.rules_block.list - DEBUG - list.list_block:102 - entering list: StateBlock(line=282,level=0,tokens=1379), 282, 343, False
2025-12-28 19:14:07 - 20251228_191406_cec5531b - markdown_it.rules_block.reference - DEBUG - reference.reference:10 - entering reference: StateBlock(line=282,level=0,tokens=1379), 282, 343, False
2025-12-28 19:14:07 - 20251228_191406_cec5531b - markdown_it.rules_block.html_block - DEBUG - html_block.html_block:35 - entering html_block: StateBlock(line=282,level=0,tokens=1379), 282, 343, False
2025-12-28 19:14:07 - 20251228_191406_cec5531b - markdown_it.rules_block.heading - DEBUG - heading.heading:13 - entering heading: StateBlock(line=282,level=0,tokens=1379), 282, 343, False
2025-12-28 19:14:07 - 20251228_191406_cec5531b - markdown_it.rules_block.lheading - DEBUG - lheading.lheading:10 - entering lheading: StateBlock(line=282,level=0,tokens=1379), 282, 343, False
2025-12-28 19:14:07 - 20251228_191406_cec5531b - markdown_it.rules_block.paragraph - DEBUG - paragraph.paragraph:10 - entering paragraph: StateBlock(line=282,level=0,tokens=1379), 282, 343, False
2025-12-28 19:14:07 - 20251228_191406_cec5531b - markdown_it.rules_block.code - DEBUG - code.code:10 - entering code: StateBlock(line=284,level=0,tokens=1382), 284, 343, False
2025-12-28 19:14:07 - 20251228_191406_cec5531b - markdown_it.rules_block.fence - DEBUG - fence.fence:10 - entering fence: StateBlock(line=284,level=0,tokens=1382), 284, 343, False
2025-12-28 19:14:07 - 20251228_191406_cec5531b - markdown_it.rules_block.blockquote - DEBUG - blockquote.blockquote:13 - entering blockquote: StateBlock(line=284,level=0,tokens=1382), 284, 343, False
2025-12-28 19:14:07 - 20251228_191406_cec5531b - markdown_it.rules_block.hr - DEBUG - hr.hr:14 - entering hr: StateBlock(line=284,level=0,tokens=1382), 284, 343, False
2025-12-28 19:14:07 - 20251228_191406_cec5531b - markdown_it.rules_block.list - DEBUG - list.list_block:102 - entering list: StateBlock(line=284,level=0,tokens=1382), 284, 343, False
2025-12-28 19:14:07 - 20251228_191406_cec5531b - markdown_it.rules_block.code - DEBUG - code.code:10 - entering code: StateBlock(line=284,level=2,tokens=1384), 284, 343, False
2025-12-28 19:14:07 - 20251228_191406_cec5531b - markdown_it.rules_block.fence - DEBUG - fence.fence:10 - entering fence: StateBlock(line=284,level=2,tokens=1384), 284, 343, False
2025-12-28 19:14:07 - 20251228_191406_cec5531b - markdown_it.rules_block.blockquote - DEBUG - blockquote.blockquote:13 - entering blockquote: StateBlock(line=284,level=2,tokens=1384), 284, 343, False
2025-12-28 19:14:07 - 20251228_191406_cec5531b - markdown_it.rules_block.hr - DEBUG - hr.hr:14 - entering hr: StateBlock(line=284,level=2,tokens=1384), 284, 343, False
2025-12-28 19:14:07 - 20251228_191406_cec5531b - markdown_it.rules_block.list - DEBUG - list.list_block:102 - entering list: StateBlock(line=284,level=2,tokens=1384), 284, 343, False
2025-12-28 19:14:07 - 20251228_191406_cec5531b - markdown_it.rules_block.reference - DEBUG - reference.reference:10 - entering reference: StateBlock(line=284,level=2,tokens=1384), 284, 343, False
2025-12-28 19:14:07 - 20251228_191406_cec5531b - markdown_it.rules_block.html_block - DEBUG - html_block.html_block:35 - entering html_block: StateBlock(line=284,level=2,tokens=1384), 284, 343, False
2025-12-28 19:14:07 - 20251228_191406_cec5531b - markdown_it.rules_block.heading - DEBUG - heading.heading:13 - entering heading: StateBlock(line=284,level=2,tokens=1384), 284, 343, False
2025-12-28 19:14:07 - 20251228_191406_cec5531b - markdown_it.rules_block.lheading - DEBUG - lheading.lheading:10 - entering lheading: StateBlock(line=284,level=2,tokens=1384), 284, 343, False
2025-12-28 19:14:07 - 20251228_191406_cec5531b - markdown_it.rules_block.fence - DEBUG - fence.fence:10 - entering fence: StateBlock(line=284,level=2,tokens=1384), 285, 343, True
2025-12-28 19:14:07 - 20251228_191406_cec5531b - markdown_it.rules_block.blockquote - DEBUG - blockquote.blockquote:13 - entering blockquote: StateBlock(line=284,level=2,tokens=1384), 285, 343, True
2025-12-28 19:14:07 - 20251228_191406_cec5531b - markdown_it.rules_block.hr - DEBUG - hr.hr:14 - entering hr: StateBlock(line=284,level=2,tokens=1384), 285, 343, True
2025-12-28 19:14:07 - 20251228_191406_cec5531b - markdown_it.rules_block.list - DEBUG - list.list_block:102 - entering list: StateBlock(line=284,level=2,tokens=1384), 285, 343, True
2025-12-28 19:14:07 - 20251228_191406_cec5531b - markdown_it.rules_block.paragraph - DEBUG - paragraph.paragraph:10 - entering paragraph: StateBlock(line=284,level=2,tokens=1384), 284, 343, False
2025-12-28 19:14:07 - 20251228_191406_cec5531b - markdown_it.rules_block.fence - DEBUG - fence.fence:10 - entering fence: StateBlock(line=284,level=2,tokens=1384), 285, 343, True
2025-12-28 19:14:07 - 20251228_191406_cec5531b - markdown_it.rules_block.blockquote - DEBUG - blockquote.blockquote:13 - entering blockquote: StateBlock(line=284,level=2,tokens=1384), 285, 343, True
2025-12-28 19:14:07 - 20251228_191406_cec5531b - markdown_it.rules_block.hr - DEBUG - hr.hr:14 - entering hr: StateBlock(line=284,level=2,tokens=1384), 285, 343, True
2025-12-28 19:14:07 - 20251228_191406_cec5531b - markdown_it.rules_block.list - DEBUG - list.list_block:102 - entering list: StateBlock(line=284,level=2,tokens=1384), 285, 343, True
2025-12-28 19:14:07 - 20251228_191406_cec5531b - markdown_it.rules_block.fence - DEBUG - fence.fence:10 - entering fence: StateBlock(line=285,level=1,tokens=1388), 285, 343, True
2025-12-28 19:14:07 - 20251228_191406_cec5531b - markdown_it.rules_block.blockquote - DEBUG - blockquote.blockquote:13 - entering blockquote: StateBlock(line=285,level=1,tokens=1388), 285, 343, True
2025-12-28 19:14:07 - 20251228_191406_cec5531b - markdown_it.rules_block.hr - DEBUG - hr.hr:14 - entering hr: StateBlock(line=285,level=1,tokens=1388), 285, 343, True
2025-12-28 19:14:07 - 20251228_191406_cec5531b - markdown_it.rules_block.code - DEBUG - code.code:10 - entering code: StateBlock(line=285,level=2,tokens=1389), 285, 343, False
2025-12-28 19:14:07 - 20251228_191406_cec5531b - markdown_it.rules_block.fence - DEBUG - fence.fence:10 - entering fence: StateBlock(line=285,level=2,tokens=1389), 285, 343, False
2025-12-28 19:14:07 - 20251228_191406_cec5531b - markdown_it.rules_block.blockquote - DEBUG - blockquote.blockquote:13 - entering blockquote: StateBlock(line=285,level=2,tokens=1389), 285, 343, False
2025-12-28 19:14:07 - 20251228_191406_cec5531b - markdown_it.rules_block.hr - DEBUG - hr.hr:14 - entering hr: StateBlock(line=285,level=2,tokens=1389), 285, 343, False
2025-12-28 19:14:07 - 20251228_191406_cec5531b - markdown_it.rules_block.list - DEBUG - list.list_block:102 - entering list: StateBlock(line=285,level=2,tokens=1389), 285, 343, False
2025-12-28 19:14:07 - 20251228_191406_cec5531b - markdown_it.rules_block.reference - DEBUG - reference.reference:10 - entering reference: StateBlock(line=285,level=2,tokens=1389), 285, 343, False
2025-12-28 19:14:07 - 20251228_191406_cec5531b - markdown_it.rules_block.html_block - DEBUG - html_block.html_block:35 - entering html_block: StateBlock(line=285,level=2,tokens=1389), 285, 343, False
2025-12-28 19:14:07 - 20251228_191406_cec5531b - markdown_it.rules_block.heading - DEBUG - heading.heading:13 - entering heading: StateBlock(line=285,level=2,tokens=1389), 285, 343, False
2025-12-28 19:14:07 - 20251228_191406_cec5531b - markdown_it.rules_block.lheading - DEBUG - lheading.lheading:10 - entering lheading: StateBlock(line=285,level=2,tokens=1389), 285, 343, False
2025-12-28 19:14:07 - 20251228_191406_cec5531b - markdown_it.rules_block.fence - DEBUG - fence.fence:10 - entering fence: StateBlock(line=285,level=2,tokens=1389), 286, 343, True
2025-12-28 19:14:07 - 20251228_191406_cec5531b - markdown_it.rules_block.blockquote - DEBUG - blockquote.blockquote:13 - entering blockquote: StateBlock(line=285,level=2,tokens=1389), 286, 343, True
2025-12-28 19:14:07 - 20251228_191406_cec5531b - markdown_it.rules_block.hr - DEBUG - hr.hr:14 - entering hr: StateBlock(line=285,level=2,tokens=1389), 286, 343, True
2025-12-28 19:14:07 - 20251228_191406_cec5531b - markdown_it.rules_block.list - DEBUG - list.list_block:102 - entering list: StateBlock(line=285,level=2,tokens=1389), 286, 343, True
2025-12-28 19:14:07 - 20251228_191406_cec5531b - markdown_it.rules_block.paragraph - DEBUG - paragraph.paragraph:10 - entering paragraph: StateBlock(line=285,level=2,tokens=1389), 285, 343, False
2025-12-28 19:14:07 - 20251228_191406_cec5531b - markdown_it.rules_block.fence - DEBUG - fence.fence:10 - entering fence: StateBlock(line=285,level=2,tokens=1389), 286, 343, True
2025-12-28 19:14:07 - 20251228_191406_cec5531b - markdown_it.rules_block.blockquote - DEBUG - blockquote.blockquote:13 - entering blockquote: StateBlock(line=285,level=2,tokens=1389), 286, 343, True
2025-12-28 19:14:07 - 20251228_191406_cec5531b - markdown_it.rules_block.hr - DEBUG - hr.hr:14 - entering hr: StateBlock(line=285,level=2,tokens=1389), 286, 343, True
2025-12-28 19:14:07 - 20251228_191406_cec5531b - markdown_it.rules_block.list - DEBUG - list.list_block:102 - entering list: StateBlock(line=285,level=2,tokens=1389), 286, 343, True
2025-12-28 19:14:07 - 20251228_191406_cec5531b - markdown_it.rules_block.fence - DEBUG - fence.fence:10 - entering fence: StateBlock(line=286,level=1,tokens=1393), 286, 343, True
2025-12-28 19:14:07 - 20251228_191406_cec5531b - markdown_it.rules_block.blockquote - DEBUG - blockquote.blockquote:13 - entering blockquote: StateBlock(line=286,level=1,tokens=1393), 286, 343, True
2025-12-28 19:14:07 - 20251228_191406_cec5531b - markdown_it.rules_block.hr - DEBUG - hr.hr:14 - entering hr: StateBlock(line=286,level=1,tokens=1393), 286, 343, True
2025-12-28 19:14:07 - 20251228_191406_cec5531b - markdown_it.rules_block.code - DEBUG - code.code:10 - entering code: StateBlock(line=286,level=2,tokens=1394), 286, 343, False
2025-12-28 19:14:07 - 20251228_191406_cec5531b - markdown_it.rules_block.fence - DEBUG - fence.fence:10 - entering fence: StateBlock(line=286,level=2,tokens=1394), 286, 343, False
2025-12-28 19:14:07 - 20251228_191406_cec5531b - markdown_it.rules_block.blockquote - DEBUG - blockquote.blockquote:13 - entering blockquote: StateBlock(line=286,level=2,tokens=1394), 286, 343, False
2025-12-28 19:14:07 - 20251228_191406_cec5531b - markdown_it.rules_block.hr - DEBUG - hr.hr:14 - entering hr: StateBlock(line=286,level=2,tokens=1394), 286, 343, False
2025-12-28 19:14:07 - 20251228_191406_cec5531b - markdown_it.rules_block.list - DEBUG - list.list_block:102 - entering list: StateBlock(line=286,level=2,tokens=1394), 286, 343, False
2025-12-28 19:14:07 - 20251228_191406_cec5531b - markdown_it.rules_block.reference - DEBUG - reference.reference:10 - entering reference: StateBlock(line=286,level=2,tokens=1394), 286, 343, False
2025-12-28 19:14:07 - 20251228_191406_cec5531b - markdown_it.rules_block.html_block - DEBUG - html_block.html_block:35 - entering html_block: StateBlock(line=286,level=2,tokens=1394), 286, 343, False
2025-12-28 19:14:07 - 20251228_191406_cec5531b - markdown_it.rules_block.heading - DEBUG - heading.heading:13 - entering heading: StateBlock(line=286,level=2,tokens=1394), 286, 343, False
2025-12-28 19:14:07 - 20251228_191406_cec5531b - markdown_it.rules_block.lheading - DEBUG - lheading.lheading:10 - entering lheading: StateBlock(line=286,level=2,tokens=1394), 286, 343, False
2025-12-28 19:14:07 - 20251228_191406_cec5531b - markdown_it.rules_block.fence - DEBUG - fence.fence:10 - entering fence: StateBlock(line=286,level=2,tokens=1394), 287, 343, True
2025-12-28 19:14:07 - 20251228_191406_cec5531b - markdown_it.rules_block.blockquote - DEBUG - blockquote.blockquote:13 - entering blockquote: StateBlock(line=286,level=2,tokens=1394), 287, 343, True
2025-12-28 19:14:07 - 20251228_191406_cec5531b - markdown_it.rules_block.hr - DEBUG - hr.hr:14 - entering hr: StateBlock(line=286,level=2,tokens=1394), 287, 343, True
2025-12-28 19:14:07 - 20251228_191406_cec5531b - markdown_it.rules_block.list - DEBUG - list.list_block:102 - entering list: StateBlock(line=286,level=2,tokens=1394), 287, 343, True
2025-12-28 19:14:07 - 20251228_191406_cec5531b - markdown_it.rules_block.paragraph - DEBUG - paragraph.paragraph:10 - entering paragraph: StateBlock(line=286,level=2,tokens=1394), 286, 343, False
2025-12-28 19:14:07 - 20251228_191406_cec5531b - markdown_it.rules_block.fence - DEBUG - fence.fence:10 - entering fence: StateBlock(line=286,level=2,tokens=1394), 287, 343, True
2025-12-28 19:14:07 - 20251228_191406_cec5531b - markdown_it.rules_block.blockquote - DEBUG - blockquote.blockquote:13 - entering blockquote: StateBlock(line=286,level=2,tokens=1394), 287, 343, True
2025-12-28 19:14:07 - 20251228_191406_cec5531b - markdown_it.rules_block.hr - DEBUG - hr.hr:14 - entering hr: StateBlock(line=286,level=2,tokens=1394), 287, 343, True
2025-12-28 19:14:07 - 20251228_191406_cec5531b - markdown_it.rules_block.list - DEBUG - list.list_block:102 - entering list: StateBlock(line=286,level=2,tokens=1394), 287, 343, True
2025-12-28 19:14:07 - 20251228_191406_cec5531b - markdown_it.rules_block.fence - DEBUG - fence.fence:10 - entering fence: StateBlock(line=287,level=1,tokens=1398), 287, 343, True
2025-12-28 19:14:07 - 20251228_191406_cec5531b - markdown_it.rules_block.blockquote - DEBUG - blockquote.blockquote:13 - entering blockquote: StateBlock(line=287,level=1,tokens=1398), 287, 343, True
2025-12-28 19:14:07 - 20251228_191406_cec5531b - markdown_it.rules_block.hr - DEBUG - hr.hr:14 - entering hr: StateBlock(line=287,level=1,tokens=1398), 287, 343, True
2025-12-28 19:14:07 - 20251228_191406_cec5531b - markdown_it.rules_block.code - DEBUG - code.code:10 - entering code: StateBlock(line=287,level=2,tokens=1399), 287, 343, False
2025-12-28 19:14:07 - 20251228_191406_cec5531b - markdown_it.rules_block.fence - DEBUG - fence.fence:10 - entering fence: StateBlock(line=287,level=2,tokens=1399), 287, 343, False
2025-12-28 19:14:07 - 20251228_191406_cec5531b - markdown_it.rules_block.blockquote - DEBUG - blockquote.blockquote:13 - entering blockquote: StateBlock(line=287,level=2,tokens=1399), 287, 343, False
2025-12-28 19:14:07 - 20251228_191406_cec5531b - markdown_it.rules_block.hr - DEBUG - hr.hr:14 - entering hr: StateBlock(line=287,level=2,tokens=1399), 287, 343, False
2025-12-28 19:14:07 - 20251228_191406_cec5531b - markdown_it.rules_block.list - DEBUG - list.list_block:102 - entering list: StateBlock(line=287,level=2,tokens=1399), 287, 343, False
2025-12-28 19:14:07 - 20251228_191406_cec5531b - markdown_it.rules_block.reference - DEBUG - reference.reference:10 - entering reference: StateBlock(line=287,level=2,tokens=1399), 287, 343, False
2025-12-28 19:14:07 - 20251228_191406_cec5531b - markdown_it.rules_block.html_block - DEBUG - html_block.html_block:35 - entering html_block: StateBlock(line=287,level=2,tokens=1399), 287, 343, False
2025-12-28 19:14:07 - 20251228_191406_cec5531b - markdown_it.rules_block.heading - DEBUG - heading.heading:13 - entering heading: StateBlock(line=287,level=2,tokens=1399), 287, 343, False
2025-12-28 19:14:07 - 20251228_191406_cec5531b - markdown_it.rules_block.lheading - DEBUG - lheading.lheading:10 - entering lheading: StateBlock(line=287,level=2,tokens=1399), 287, 343, False
2025-12-28 19:14:07 - 20251228_191406_cec5531b - markdown_it.rules_block.paragraph - DEBUG - paragraph.paragraph:10 - entering paragraph: StateBlock(line=287,level=2,tokens=1399), 287, 343, False
2025-12-28 19:14:07 - 20251228_191406_cec5531b - markdown_it.rules_block.fence - DEBUG - fence.fence:10 - entering fence: StateBlock(line=289,level=1,tokens=1403), 289, 343, True
2025-12-28 19:14:07 - 20251228_191406_cec5531b - markdown_it.rules_block.blockquote - DEBUG - blockquote.blockquote:13 - entering blockquote: StateBlock(line=289,level=1,tokens=1403), 289, 343, True
2025-12-28 19:14:07 - 20251228_191406_cec5531b - markdown_it.rules_block.hr - DEBUG - hr.hr:14 - entering hr: StateBlock(line=289,level=1,tokens=1403), 289, 343, True
2025-12-28 19:14:07 - 20251228_191406_cec5531b - markdown_it.rules_block.code - DEBUG - code.code:10 - entering code: StateBlock(line=289,level=0,tokens=1404), 289, 343, False
2025-12-28 19:14:07 - 20251228_191406_cec5531b - markdown_it.rules_block.fence - DEBUG - fence.fence:10 - entering fence: StateBlock(line=289,level=0,tokens=1404), 289, 343, False
2025-12-28 19:14:07 - 20251228_191406_cec5531b - markdown_it.rules_block.blockquote - DEBUG - blockquote.blockquote:13 - entering blockquote: StateBlock(line=289,level=0,tokens=1404), 289, 343, False
2025-12-28 19:14:07 - 20251228_191406_cec5531b - markdown_it.rules_block.hr - DEBUG - hr.hr:14 - entering hr: StateBlock(line=289,level=0,tokens=1404), 289, 343, False
2025-12-28 19:14:07 - 20251228_191406_cec5531b - markdown_it.rules_block.list - DEBUG - list.list_block:102 - entering list: StateBlock(line=289,level=0,tokens=1404), 289, 343, False
2025-12-28 19:14:07 - 20251228_191406_cec5531b - markdown_it.rules_block.reference - DEBUG - reference.reference:10 - entering reference: StateBlock(line=289,level=0,tokens=1404), 289, 343, False
2025-12-28 19:14:07 - 20251228_191406_cec5531b - markdown_it.rules_block.html_block - DEBUG - html_block.html_block:35 - entering html_block: StateBlock(line=289,level=0,tokens=1404), 289, 343, False
2025-12-28 19:14:07 - 20251228_191406_cec5531b - markdown_it.rules_block.heading - DEBUG - heading.heading:13 - entering heading: StateBlock(line=289,level=0,tokens=1404), 289, 343, False
2025-12-28 19:14:07 - 20251228_191406_cec5531b - markdown_it.rules_block.fence - DEBUG - fence.fence:10 - entering fence: StateBlock(line=291,level=1,tokens=1424), 293, 343, True
2025-12-28 19:14:07 - 20251228_191406_cec5531b - markdown_it.rules_block.blockquote - DEBUG - blockquote.blockquote:13 - entering blockquote: StateBlock(line=291,level=1,tokens=1424), 293, 343, True
2025-12-28 19:14:07 - 20251228_191406_cec5531b - markdown_it.rules_block.hr - DEBUG - hr.hr:14 - entering hr: StateBlock(line=291,level=1,tokens=1424), 293, 343, True
2025-12-28 19:14:07 - 20251228_191406_cec5531b - markdown_it.rules_block.list - DEBUG - list.list_block:102 - entering list: StateBlock(line=291,level=1,tokens=1424), 293, 343, True
2025-12-28 19:14:07 - 20251228_191406_cec5531b - markdown_it.rules_block.html_block - DEBUG - html_block.html_block:35 - entering html_block: StateBlock(line=291,level=1,tokens=1424), 293, 343, True
2025-12-28 19:14:07 - 20251228_191406_cec5531b - markdown_it.rules_block.heading - DEBUG - heading.heading:13 - entering heading: StateBlock(line=291,level=1,tokens=1424), 293, 343, True
2025-12-28 19:14:07 - 20251228_191406_cec5531b - markdown_it.rules_block.fence - DEBUG - fence.fence:10 - entering fence: StateBlock(line=291,level=2,tokens=1439), 294, 343, True
2025-12-28 19:14:07 - 20251228_191406_cec5531b - markdown_it.rules_block.blockquote - DEBUG - blockquote.blockquote:13 - entering blockquote: StateBlock(line=291,level=2,tokens=1439), 294, 343, True
2025-12-28 19:14:07 - 20251228_191406_cec5531b - markdown_it.rules_block.hr - DEBUG - hr.hr:14 - entering hr: StateBlock(line=291,level=2,tokens=1439), 294, 343, True
2025-12-28 19:14:07 - 20251228_191406_cec5531b - markdown_it.rules_block.list - DEBUG - list.list_block:102 - entering list: StateBlock(line=291,level=2,tokens=1439), 294, 343, True
2025-12-28 19:14:07 - 20251228_191406_cec5531b - markdown_it.rules_block.html_block - DEBUG - html_block.html_block:35 - entering html_block: StateBlock(line=291,level=2,tokens=1439), 294, 343, True
2025-12-28 19:14:07 - 20251228_191406_cec5531b - markdown_it.rules_block.heading - DEBUG - heading.heading:13 - entering heading: StateBlock(line=291,level=2,tokens=1439), 294, 343, True
2025-12-28 19:14:07 - 20251228_191406_cec5531b - markdown_it.rules_block.fence - DEBUG - fence.fence:10 - entering fence: StateBlock(line=291,level=2,tokens=1453), 295, 343, True
2025-12-28 19:14:07 - 20251228_191406_cec5531b - markdown_it.rules_block.blockquote - DEBUG - blockquote.blockquote:13 - entering blockquote: StateBlock(line=291,level=2,tokens=1453), 295, 343, True
2025-12-28 19:14:07 - 20251228_191406_cec5531b - markdown_it.rules_block.hr - DEBUG - hr.hr:14 - entering hr: StateBlock(line=291,level=2,tokens=1453), 295, 343, True
2025-12-28 19:14:07 - 20251228_191406_cec5531b - markdown_it.rules_block.list - DEBUG - list.list_block:102 - entering list: StateBlock(line=291,level=2,tokens=1453), 295, 343, True
2025-12-28 19:14:07 - 20251228_191406_cec5531b - markdown_it.rules_block.html_block - DEBUG - html_block.html_block:35 - entering html_block: StateBlock(line=291,level=2,tokens=1453), 295, 343, True
2025-12-28 19:14:07 - 20251228_191406_cec5531b - markdown_it.rules_block.heading - DEBUG - heading.heading:13 - entering heading: StateBlock(line=291,level=2,tokens=1453), 295, 343, True
2025-12-28 19:14:07 - 20251228_191406_cec5531b - markdown_it.rules_block.fence - DEBUG - fence.fence:10 - entering fence: StateBlock(line=291,level=2,tokens=1467), 296, 343, True
2025-12-28 19:14:07 - 20251228_191406_cec5531b - markdown_it.rules_block.blockquote - DEBUG - blockquote.blockquote:13 - entering blockquote: StateBlock(line=291,level=2,tokens=1467), 296, 343, True
2025-12-28 19:14:07 - 20251228_191406_cec5531b - markdown_it.rules_block.hr - DEBUG - hr.hr:14 - entering hr: StateBlock(line=291,level=2,tokens=1467), 296, 343, True
2025-12-28 19:14:07 - 20251228_191406_cec5531b - markdown_it.rules_block.list - DEBUG - list.list_block:102 - entering list: StateBlock(line=291,level=2,tokens=1467), 296, 343, True
2025-12-28 19:14:07 - 20251228_191406_cec5531b - markdown_it.rules_block.html_block - DEBUG - html_block.html_block:35 - entering html_block: StateBlock(line=291,level=2,tokens=1467), 296, 343, True
2025-12-28 19:14:07 - 20251228_191406_cec5531b - markdown_it.rules_block.heading - DEBUG - heading.heading:13 - entering heading: StateBlock(line=291,level=2,tokens=1467), 296, 343, True
2025-12-28 19:14:07 - 20251228_191406_cec5531b - markdown_it.rules_block.fence - DEBUG - fence.fence:10 - entering fence: StateBlock(line=291,level=2,tokens=1481), 297, 343, True
2025-12-28 19:14:07 - 20251228_191406_cec5531b - markdown_it.rules_block.blockquote - DEBUG - blockquote.blockquote:13 - entering blockquote: StateBlock(line=291,level=2,tokens=1481), 297, 343, True
2025-12-28 19:14:07 - 20251228_191406_cec5531b - markdown_it.rules_block.hr - DEBUG - hr.hr:14 - entering hr: StateBlock(line=291,level=2,tokens=1481), 297, 343, True
2025-12-28 19:14:07 - 20251228_191406_cec5531b - markdown_it.rules_block.list - DEBUG - list.list_block:102 - entering list: StateBlock(line=291,level=2,tokens=1481), 297, 343, True
2025-12-28 19:14:07 - 20251228_191406_cec5531b - markdown_it.rules_block.html_block - DEBUG - html_block.html_block:35 - entering html_block: StateBlock(line=291,level=2,tokens=1481), 297, 343, True
2025-12-28 19:14:07 - 20251228_191406_cec5531b - markdown_it.rules_block.heading - DEBUG - heading.heading:13 - entering heading: StateBlock(line=291,level=2,tokens=1481), 297, 343, True
2025-12-28 19:14:07 - 20251228_191406_cec5531b - markdown_it.rules_block.fence - DEBUG - fence.fence:10 - entering fence: StateBlock(line=291,level=2,tokens=1495), 298, 343, True
2025-12-28 19:14:07 - 20251228_191406_cec5531b - markdown_it.rules_block.blockquote - DEBUG - blockquote.blockquote:13 - entering blockquote: StateBlock(line=291,level=2,tokens=1495), 298, 343, True
2025-12-28 19:14:07 - 20251228_191406_cec5531b - markdown_it.rules_block.hr - DEBUG - hr.hr:14 - entering hr: StateBlock(line=291,level=2,tokens=1495), 298, 343, True
2025-12-28 19:14:07 - 20251228_191406_cec5531b - markdown_it.rules_block.list - DEBUG - list.list_block:102 - entering list: StateBlock(line=291,level=2,tokens=1495), 298, 343, True
2025-12-28 19:14:07 - 20251228_191406_cec5531b - markdown_it.rules_block.html_block - DEBUG - html_block.html_block:35 - entering html_block: StateBlock(line=291,level=2,tokens=1495), 298, 343, True
2025-12-28 19:14:07 - 20251228_191406_cec5531b - markdown_it.rules_block.heading - DEBUG - heading.heading:13 - entering heading: StateBlock(line=291,level=2,tokens=1495), 298, 343, True
2025-12-28 19:14:07 - 20251228_191406_cec5531b - markdown_it.rules_block.fence - DEBUG - fence.fence:10 - entering fence: StateBlock(line=291,level=2,tokens=1509), 299, 343, True
2025-12-28 19:14:07 - 20251228_191406_cec5531b - markdown_it.rules_block.blockquote - DEBUG - blockquote.blockquote:13 - entering blockquote: StateBlock(line=291,level=2,tokens=1509), 299, 343, True
2025-12-28 19:14:07 - 20251228_191406_cec5531b - markdown_it.rules_block.hr - DEBUG - hr.hr:14 - entering hr: StateBlock(line=291,level=2,tokens=1509), 299, 343, True
2025-12-28 19:14:07 - 20251228_191406_cec5531b - markdown_it.rules_block.list - DEBUG - list.list_block:102 - entering list: StateBlock(line=291,level=2,tokens=1509), 299, 343, True
2025-12-28 19:14:07 - 20251228_191406_cec5531b - markdown_it.rules_block.html_block - DEBUG - html_block.html_block:35 - entering html_block: StateBlock(line=291,level=2,tokens=1509), 299, 343, True
2025-12-28 19:14:07 - 20251228_191406_cec5531b - markdown_it.rules_block.heading - DEBUG - heading.heading:13 - entering heading: StateBlock(line=291,level=2,tokens=1509), 299, 343, True
2025-12-28 19:14:07 - 20251228_191406_cec5531b - markdown_it.rules_block.fence - DEBUG - fence.fence:10 - entering fence: StateBlock(line=291,level=2,tokens=1523), 300, 343, True
2025-12-28 19:14:07 - 20251228_191406_cec5531b - markdown_it.rules_block.blockquote - DEBUG - blockquote.blockquote:13 - entering blockquote: StateBlock(line=291,level=2,tokens=1523), 300, 343, True
2025-12-28 19:14:07 - 20251228_191406_cec5531b - markdown_it.rules_block.hr - DEBUG - hr.hr:14 - entering hr: StateBlock(line=291,level=2,tokens=1523), 300, 343, True
2025-12-28 19:14:07 - 20251228_191406_cec5531b - markdown_it.rules_block.list - DEBUG - list.list_block:102 - entering list: StateBlock(line=291,level=2,tokens=1523), 300, 343, True
2025-12-28 19:14:07 - 20251228_191406_cec5531b - markdown_it.rules_block.html_block - DEBUG - html_block.html_block:35 - entering html_block: StateBlock(line=291,level=2,tokens=1523), 300, 343, True
2025-12-28 19:14:07 - 20251228_191406_cec5531b - markdown_it.rules_block.heading - DEBUG - heading.heading:13 - entering heading: StateBlock(line=291,level=2,tokens=1523), 300, 343, True
2025-12-28 19:14:07 - 20251228_191406_cec5531b - markdown_it.rules_block.code - DEBUG - code.code:10 - entering code: StateBlock(line=301,level=0,tokens=1525), 301, 343, False
2025-12-28 19:14:07 - 20251228_191406_cec5531b - markdown_it.rules_block.fence - DEBUG - fence.fence:10 - entering fence: StateBlock(line=301,level=0,tokens=1525), 301, 343, False
2025-12-28 19:14:07 - 20251228_191406_cec5531b - markdown_it.rules_block.blockquote - DEBUG - blockquote.blockquote:13 - entering blockquote: StateBlock(line=301,level=0,tokens=1525), 301, 343, False
2025-12-28 19:14:07 - 20251228_191406_cec5531b - markdown_it.rules_block.hr - DEBUG - hr.hr:14 - entering hr: StateBlock(line=301,level=0,tokens=1525), 301, 343, False
2025-12-28 19:14:07 - 20251228_191406_cec5531b - markdown_it.rules_block.list - DEBUG - list.list_block:102 - entering list: StateBlock(line=301,level=0,tokens=1525), 301, 343, False
2025-12-28 19:14:07 - 20251228_191406_cec5531b - markdown_it.rules_block.reference - DEBUG - reference.reference:10 - entering reference: StateBlock(line=301,level=0,tokens=1525), 301, 343, False
2025-12-28 19:14:07 - 20251228_191406_cec5531b - markdown_it.rules_block.html_block - DEBUG - html_block.html_block:35 - entering html_block: StateBlock(line=301,level=0,tokens=1525), 301, 343, False
2025-12-28 19:14:07 - 20251228_191406_cec5531b - markdown_it.rules_block.heading - DEBUG - heading.heading:13 - entering heading: StateBlock(line=301,level=0,tokens=1525), 301, 343, False
2025-12-28 19:14:07 - 20251228_191406_cec5531b - markdown_it.rules_block.code - DEBUG - code.code:10 - entering code: StateBlock(line=303,level=0,tokens=1528), 303, 343, False
2025-12-28 19:14:07 - 20251228_191406_cec5531b - markdown_it.rules_block.fence - DEBUG - fence.fence:10 - entering fence: StateBlock(line=303,level=0,tokens=1528), 303, 343, False
2025-12-28 19:14:07 - 20251228_191406_cec5531b - markdown_it.rules_block.blockquote - DEBUG - blockquote.blockquote:13 - entering blockquote: StateBlock(line=303,level=0,tokens=1528), 303, 343, False
2025-12-28 19:14:07 - 20251228_191406_cec5531b - markdown_it.rules_block.hr - DEBUG - hr.hr:14 - entering hr: StateBlock(line=303,level=0,tokens=1528), 303, 343, False
2025-12-28 19:14:07 - 20251228_191406_cec5531b - markdown_it.rules_block.list - DEBUG - list.list_block:102 - entering list: StateBlock(line=303,level=0,tokens=1528), 303, 343, False
2025-12-28 19:14:07 - 20251228_191406_cec5531b - markdown_it.rules_block.code - DEBUG - code.code:10 - entering code: StateBlock(line=303,level=2,tokens=1530), 303, 343, False
2025-12-28 19:14:07 - 20251228_191406_cec5531b - markdown_it.rules_block.fence - DEBUG - fence.fence:10 - entering fence: StateBlock(line=303,level=2,tokens=1530), 303, 343, False
2025-12-28 19:14:07 - 20251228_191406_cec5531b - markdown_it.rules_block.blockquote - DEBUG - blockquote.blockquote:13 - entering blockquote: StateBlock(line=303,level=2,tokens=1530), 303, 343, False
2025-12-28 19:14:07 - 20251228_191406_cec5531b - markdown_it.rules_block.hr - DEBUG - hr.hr:14 - entering hr: StateBlock(line=303,level=2,tokens=1530), 303, 343, False
2025-12-28 19:14:07 - 20251228_191406_cec5531b - markdown_it.rules_block.list - DEBUG - list.list_block:102 - entering list: StateBlock(line=303,level=2,tokens=1530), 303, 343, False
2025-12-28 19:14:07 - 20251228_191406_cec5531b - markdown_it.rules_block.reference - DEBUG - reference.reference:10 - entering reference: StateBlock(line=303,level=2,tokens=1530), 303, 343, False
2025-12-28 19:14:07 - 20251228_191406_cec5531b - markdown_it.rules_block.html_block - DEBUG - html_block.html_block:35 - entering html_block: StateBlock(line=303,level=2,tokens=1530), 303, 343, False
2025-12-28 19:14:07 - 20251228_191406_cec5531b - markdown_it.rules_block.heading - DEBUG - heading.heading:13 - entering heading: StateBlock(line=303,level=2,tokens=1530), 303, 343, False
2025-12-28 19:14:07 - 20251228_191406_cec5531b - markdown_it.rules_block.lheading - DEBUG - lheading.lheading:10 - entering lheading: StateBlock(line=303,level=2,tokens=1530), 303, 343, False
2025-12-28 19:14:07 - 20251228_191406_cec5531b - markdown_it.rules_block.fence - DEBUG - fence.fence:10 - entering fence: StateBlock(line=303,level=2,tokens=1530), 304, 343, True
2025-12-28 19:14:07 - 20251228_191406_cec5531b - markdown_it.rules_block.blockquote - DEBUG - blockquote.blockquote:13 - entering blockquote: StateBlock(line=303,level=2,tokens=1530), 304, 343, True
2025-12-28 19:14:07 - 20251228_191406_cec5531b - markdown_it.rules_block.hr - DEBUG - hr.hr:14 - entering hr: StateBlock(line=303,level=2,tokens=1530), 304, 343, True
2025-12-28 19:14:07 - 20251228_191406_cec5531b - markdown_it.rules_block.list - DEBUG - list.list_block:102 - entering list: StateBlock(line=303,level=2,tokens=1530), 304, 343, True
2025-12-28 19:14:07 - 20251228_191406_cec5531b - markdown_it.rules_block.paragraph - DEBUG - paragraph.paragraph:10 - entering paragraph: StateBlock(line=303,level=2,tokens=1530), 303, 343, False
2025-12-28 19:14:07 - 20251228_191406_cec5531b - markdown_it.rules_block.fence - DEBUG - fence.fence:10 - entering fence: StateBlock(line=303,level=2,tokens=1530), 304, 343, True
2025-12-28 19:14:07 - 20251228_191406_cec5531b - markdown_it.rules_block.blockquote - DEBUG - blockquote.blockquote:13 - entering blockquote: StateBlock(line=303,level=2,tokens=1530), 304, 343, True
2025-12-28 19:14:07 - 20251228_191406_cec5531b - markdown_it.rules_block.hr - DEBUG - hr.hr:14 - entering hr: StateBlock(line=303,level=2,tokens=1530), 304, 343, True
2025-12-28 19:14:07 - 20251228_191406_cec5531b - markdown_it.rules_block.list - DEBUG - list.list_block:102 - entering list: StateBlock(line=303,level=2,tokens=1530), 304, 343, True
2025-12-28 19:14:07 - 20251228_191406_cec5531b - markdown_it.rules_block.fence - DEBUG - fence.fence:10 - entering fence: StateBlock(line=304,level=1,tokens=1534), 304, 343, True
2025-12-28 19:14:07 - 20251228_191406_cec5531b - markdown_it.rules_block.blockquote - DEBUG - blockquote.blockquote:13 - entering blockquote: StateBlock(line=304,level=1,tokens=1534), 304, 343, True
2025-12-28 19:14:07 - 20251228_191406_cec5531b - markdown_it.rules_block.hr - DEBUG - hr.hr:14 - entering hr: StateBlock(line=304,level=1,tokens=1534), 304, 343, True
2025-12-28 19:14:07 - 20251228_191406_cec5531b - markdown_it.rules_block.code - DEBUG - code.code:10 - entering code: StateBlock(line=304,level=2,tokens=1535), 304, 343, False
2025-12-28 19:14:07 - 20251228_191406_cec5531b - markdown_it.rules_block.fence - DEBUG - fence.fence:10 - entering fence: StateBlock(line=304,level=2,tokens=1535), 304, 343, False
2025-12-28 19:14:07 - 20251228_191406_cec5531b - markdown_it.rules_block.blockquote - DEBUG - blockquote.blockquote:13 - entering blockquote: StateBlock(line=304,level=2,tokens=1535), 304, 343, False
2025-12-28 19:14:07 - 20251228_191406_cec5531b - markdown_it.rules_block.hr - DEBUG - hr.hr:14 - entering hr: StateBlock(line=304,level=2,tokens=1535), 304, 343, False
2025-12-28 19:14:07 - 20251228_191406_cec5531b - markdown_it.rules_block.list - DEBUG - list.list_block:102 - entering list: StateBlock(line=304,level=2,tokens=1535), 304, 343, False
2025-12-28 19:14:07 - 20251228_191406_cec5531b - markdown_it.rules_block.reference - DEBUG - reference.reference:10 - entering reference: StateBlock(line=304,level=2,tokens=1535), 304, 343, False
2025-12-28 19:14:07 - 20251228_191406_cec5531b - markdown_it.rules_block.html_block - DEBUG - html_block.html_block:35 - entering html_block: StateBlock(line=304,level=2,tokens=1535), 304, 343, False
2025-12-28 19:14:07 - 20251228_191406_cec5531b - markdown_it.rules_block.heading - DEBUG - heading.heading:13 - entering heading: StateBlock(line=304,level=2,tokens=1535), 304, 343, False
2025-12-28 19:14:07 - 20251228_191406_cec5531b - markdown_it.rules_block.lheading - DEBUG - lheading.lheading:10 - entering lheading: StateBlock(line=304,level=2,tokens=1535), 304, 343, False
2025-12-28 19:14:07 - 20251228_191406_cec5531b - markdown_it.rules_block.fence - DEBUG - fence.fence:10 - entering fence: StateBlock(line=304,level=2,tokens=1535), 305, 343, True
2025-12-28 19:14:07 - 20251228_191406_cec5531b - markdown_it.rules_block.blockquote - DEBUG - blockquote.blockquote:13 - entering blockquote: StateBlock(line=304,level=2,tokens=1535), 305, 343, True
2025-12-28 19:14:07 - 20251228_191406_cec5531b - markdown_it.rules_block.hr - DEBUG - hr.hr:14 - entering hr: StateBlock(line=304,level=2,tokens=1535), 305, 343, True
2025-12-28 19:14:07 - 20251228_191406_cec5531b - markdown_it.rules_block.list - DEBUG - list.list_block:102 - entering list: StateBlock(line=304,level=2,tokens=1535), 305, 343, True
2025-12-28 19:14:07 - 20251228_191406_cec5531b - markdown_it.rules_block.paragraph - DEBUG - paragraph.paragraph:10 - entering paragraph: StateBlock(line=304,level=2,tokens=1535), 304, 343, False
2025-12-28 19:14:07 - 20251228_191406_cec5531b - markdown_it.rules_block.fence - DEBUG - fence.fence:10 - entering fence: StateBlock(line=304,level=2,tokens=1535), 305, 343, True
2025-12-28 19:14:07 - 20251228_191406_cec5531b - markdown_it.rules_block.blockquote - DEBUG - blockquote.blockquote:13 - entering blockquote: StateBlock(line=304,level=2,tokens=1535), 305, 343, True
2025-12-28 19:14:07 - 20251228_191406_cec5531b - markdown_it.rules_block.hr - DEBUG - hr.hr:14 - entering hr: StateBlock(line=304,level=2,tokens=1535), 305, 343, True
2025-12-28 19:14:07 - 20251228_191406_cec5531b - markdown_it.rules_block.list - DEBUG - list.list_block:102 - entering list: StateBlock(line=304,level=2,tokens=1535), 305, 343, True
2025-12-28 19:14:07 - 20251228_191406_cec5531b - markdown_it.rules_block.fence - DEBUG - fence.fence:10 - entering fence: StateBlock(line=305,level=1,tokens=1539), 305, 343, True
2025-12-28 19:14:07 - 20251228_191406_cec5531b - markdown_it.rules_block.blockquote - DEBUG - blockquote.blockquote:13 - entering blockquote: StateBlock(line=305,level=1,tokens=1539), 305, 343, True
2025-12-28 19:14:07 - 20251228_191406_cec5531b - markdown_it.rules_block.hr - DEBUG - hr.hr:14 - entering hr: StateBlock(line=305,level=1,tokens=1539), 305, 343, True
2025-12-28 19:14:07 - 20251228_191406_cec5531b - markdown_it.rules_block.code - DEBUG - code.code:10 - entering code: StateBlock(line=305,level=2,tokens=1540), 305, 343, False
2025-12-28 19:14:07 - 20251228_191406_cec5531b - markdown_it.rules_block.fence - DEBUG - fence.fence:10 - entering fence: StateBlock(line=305,level=2,tokens=1540), 305, 343, False
2025-12-28 19:14:07 - 20251228_191406_cec5531b - markdown_it.rules_block.blockquote - DEBUG - blockquote.blockquote:13 - entering blockquote: StateBlock(line=305,level=2,tokens=1540), 305, 343, False
2025-12-28 19:14:07 - 20251228_191406_cec5531b - markdown_it.rules_block.hr - DEBUG - hr.hr:14 - entering hr: StateBlock(line=305,level=2,tokens=1540), 305, 343, False
2025-12-28 19:14:07 - 20251228_191406_cec5531b - markdown_it.rules_block.list - DEBUG - list.list_block:102 - entering list: StateBlock(line=305,level=2,tokens=1540), 305, 343, False
2025-12-28 19:14:07 - 20251228_191406_cec5531b - markdown_it.rules_block.reference - DEBUG - reference.reference:10 - entering reference: StateBlock(line=305,level=2,tokens=1540), 305, 343, False
2025-12-28 19:14:07 - 20251228_191406_cec5531b - markdown_it.rules_block.html_block - DEBUG - html_block.html_block:35 - entering html_block: StateBlock(line=305,level=2,tokens=1540), 305, 343, False
2025-12-28 19:14:07 - 20251228_191406_cec5531b - markdown_it.rules_block.heading - DEBUG - heading.heading:13 - entering heading: StateBlock(line=305,level=2,tokens=1540), 305, 343, False
2025-12-28 19:14:07 - 20251228_191406_cec5531b - markdown_it.rules_block.lheading - DEBUG - lheading.lheading:10 - entering lheading: StateBlock(line=305,level=2,tokens=1540), 305, 343, False
2025-12-28 19:14:07 - 20251228_191406_cec5531b - markdown_it.rules_block.fence - DEBUG - fence.fence:10 - entering fence: StateBlock(line=305,level=2,tokens=1540), 306, 343, True
2025-12-28 19:14:07 - 20251228_191406_cec5531b - markdown_it.rules_block.blockquote - DEBUG - blockquote.blockquote:13 - entering blockquote: StateBlock(line=305,level=2,tokens=1540), 306, 343, True
2025-12-28 19:14:07 - 20251228_191406_cec5531b - markdown_it.rules_block.hr - DEBUG - hr.hr:14 - entering hr: StateBlock(line=305,level=2,tokens=1540), 306, 343, True
2025-12-28 19:14:07 - 20251228_191406_cec5531b - markdown_it.rules_block.list - DEBUG - list.list_block:102 - entering list: StateBlock(line=305,level=2,tokens=1540), 306, 343, True
2025-12-28 19:14:07 - 20251228_191406_cec5531b - markdown_it.rules_block.paragraph - DEBUG - paragraph.paragraph:10 - entering paragraph: StateBlock(line=305,level=2,tokens=1540), 305, 343, False
2025-12-28 19:14:07 - 20251228_191406_cec5531b - markdown_it.rules_block.fence - DEBUG - fence.fence:10 - entering fence: StateBlock(line=305,level=2,tokens=1540), 306, 343, True
2025-12-28 19:14:07 - 20251228_191406_cec5531b - markdown_it.rules_block.blockquote - DEBUG - blockquote.blockquote:13 - entering blockquote: StateBlock(line=305,level=2,tokens=1540), 306, 343, True
2025-12-28 19:14:07 - 20251228_191406_cec5531b - markdown_it.rules_block.hr - DEBUG - hr.hr:14 - entering hr: StateBlock(line=305,level=2,tokens=1540), 306, 343, True
2025-12-28 19:14:07 - 20251228_191406_cec5531b - markdown_it.rules_block.list - DEBUG - list.list_block:102 - entering list: StateBlock(line=305,level=2,tokens=1540), 306, 343, True
2025-12-28 19:14:07 - 20251228_191406_cec5531b - markdown_it.rules_block.fence - DEBUG - fence.fence:10 - entering fence: StateBlock(line=306,level=1,tokens=1544), 306, 343, True
2025-12-28 19:14:07 - 20251228_191406_cec5531b - markdown_it.rules_block.blockquote - DEBUG - blockquote.blockquote:13 - entering blockquote: StateBlock(line=306,level=1,tokens=1544), 306, 343, True
2025-12-28 19:14:07 - 20251228_191406_cec5531b - markdown_it.rules_block.hr - DEBUG - hr.hr:14 - entering hr: StateBlock(line=306,level=1,tokens=1544), 306, 343, True
2025-12-28 19:14:07 - 20251228_191406_cec5531b - markdown_it.rules_block.code - DEBUG - code.code:10 - entering code: StateBlock(line=306,level=2,tokens=1545), 306, 343, False
2025-12-28 19:14:07 - 20251228_191406_cec5531b - markdown_it.rules_block.fence - DEBUG - fence.fence:10 - entering fence: StateBlock(line=306,level=2,tokens=1545), 306, 343, False
2025-12-28 19:14:07 - 20251228_191406_cec5531b - markdown_it.rules_block.blockquote - DEBUG - blockquote.blockquote:13 - entering blockquote: StateBlock(line=306,level=2,tokens=1545), 306, 343, False
2025-12-28 19:14:07 - 20251228_191406_cec5531b - markdown_it.rules_block.hr - DEBUG - hr.hr:14 - entering hr: StateBlock(line=306,level=2,tokens=1545), 306, 343, False
2025-12-28 19:14:07 - 20251228_191406_cec5531b - markdown_it.rules_block.list - DEBUG - list.list_block:102 - entering list: StateBlock(line=306,level=2,tokens=1545), 306, 343, False
2025-12-28 19:14:07 - 20251228_191406_cec5531b - markdown_it.rules_block.reference - DEBUG - reference.reference:10 - entering reference: StateBlock(line=306,level=2,tokens=1545), 306, 343, False
2025-12-28 19:14:07 - 20251228_191406_cec5531b - markdown_it.rules_block.html_block - DEBUG - html_block.html_block:35 - entering html_block: StateBlock(line=306,level=2,tokens=1545), 306, 343, False
2025-12-28 19:14:07 - 20251228_191406_cec5531b - markdown_it.rules_block.heading - DEBUG - heading.heading:13 - entering heading: StateBlock(line=306,level=2,tokens=1545), 306, 343, False
2025-12-28 19:14:07 - 20251228_191406_cec5531b - markdown_it.rules_block.lheading - DEBUG - lheading.lheading:10 - entering lheading: StateBlock(line=306,level=2,tokens=1545), 306, 343, False
2025-12-28 19:14:07 - 20251228_191406_cec5531b - markdown_it.rules_block.fence - DEBUG - fence.fence:10 - entering fence: StateBlock(line=306,level=2,tokens=1545), 307, 343, True
2025-12-28 19:14:07 - 20251228_191406_cec5531b - markdown_it.rules_block.blockquote - DEBUG - blockquote.blockquote:13 - entering blockquote: StateBlock(line=306,level=2,tokens=1545), 307, 343, True
2025-12-28 19:14:07 - 20251228_191406_cec5531b - markdown_it.rules_block.hr - DEBUG - hr.hr:14 - entering hr: StateBlock(line=306,level=2,tokens=1545), 307, 343, True
2025-12-28 19:14:07 - 20251228_191406_cec5531b - markdown_it.rules_block.list - DEBUG - list.list_block:102 - entering list: StateBlock(line=306,level=2,tokens=1545), 307, 343, True
2025-12-28 19:14:07 - 20251228_191406_cec5531b - markdown_it.rules_block.paragraph - DEBUG - paragraph.paragraph:10 - entering paragraph: StateBlock(line=306,level=2,tokens=1545), 306, 343, False
2025-12-28 19:14:07 - 20251228_191406_cec5531b - markdown_it.rules_block.fence - DEBUG - fence.fence:10 - entering fence: StateBlock(line=306,level=2,tokens=1545), 307, 343, True
2025-12-28 19:14:07 - 20251228_191406_cec5531b - markdown_it.rules_block.blockquote - DEBUG - blockquote.blockquote:13 - entering blockquote: StateBlock(line=306,level=2,tokens=1545), 307, 343, True
2025-12-28 19:14:07 - 20251228_191406_cec5531b - markdown_it.rules_block.hr - DEBUG - hr.hr:14 - entering hr: StateBlock(line=306,level=2,tokens=1545), 307, 343, True
2025-12-28 19:14:07 - 20251228_191406_cec5531b - markdown_it.rules_block.list - DEBUG - list.list_block:102 - entering list: StateBlock(line=306,level=2,tokens=1545), 307, 343, True
2025-12-28 19:14:07 - 20251228_191406_cec5531b - markdown_it.rules_block.fence - DEBUG - fence.fence:10 - entering fence: StateBlock(line=307,level=1,tokens=1549), 307, 343, True
2025-12-28 19:14:07 - 20251228_191406_cec5531b - markdown_it.rules_block.blockquote - DEBUG - blockquote.blockquote:13 - entering blockquote: StateBlock(line=307,level=1,tokens=1549), 307, 343, True
2025-12-28 19:14:07 - 20251228_191406_cec5531b - markdown_it.rules_block.hr - DEBUG - hr.hr:14 - entering hr: StateBlock(line=307,level=1,tokens=1549), 307, 343, True
2025-12-28 19:14:07 - 20251228_191406_cec5531b - markdown_it.rules_block.code - DEBUG - code.code:10 - entering code: StateBlock(line=307,level=2,tokens=1550), 307, 343, False
2025-12-28 19:14:07 - 20251228_191406_cec5531b - markdown_it.rules_block.fence - DEBUG - fence.fence:10 - entering fence: StateBlock(line=307,level=2,tokens=1550), 307, 343, False
2025-12-28 19:14:07 - 20251228_191406_cec5531b - markdown_it.rules_block.blockquote - DEBUG - blockquote.blockquote:13 - entering blockquote: StateBlock(line=307,level=2,tokens=1550), 307, 343, False
2025-12-28 19:14:07 - 20251228_191406_cec5531b - markdown_it.rules_block.hr - DEBUG - hr.hr:14 - entering hr: StateBlock(line=307,level=2,tokens=1550), 307, 343, False
2025-12-28 19:14:07 - 20251228_191406_cec5531b - markdown_it.rules_block.list - DEBUG - list.list_block:102 - entering list: StateBlock(line=307,level=2,tokens=1550), 307, 343, False
2025-12-28 19:14:07 - 20251228_191406_cec5531b - markdown_it.rules_block.reference - DEBUG - reference.reference:10 - entering reference: StateBlock(line=307,level=2,tokens=1550), 307, 343, False
2025-12-28 19:14:07 - 20251228_191406_cec5531b - markdown_it.rules_block.html_block - DEBUG - html_block.html_block:35 - entering html_block: StateBlock(line=307,level=2,tokens=1550), 307, 343, False
2025-12-28 19:14:07 - 20251228_191406_cec5531b - markdown_it.rules_block.heading - DEBUG - heading.heading:13 - entering heading: StateBlock(line=307,level=2,tokens=1550), 307, 343, False
2025-12-28 19:14:07 - 20251228_191406_cec5531b - markdown_it.rules_block.lheading - DEBUG - lheading.lheading:10 - entering lheading: StateBlock(line=307,level=2,tokens=1550), 307, 343, False
2025-12-28 19:14:07 - 20251228_191406_cec5531b - markdown_it.rules_block.paragraph - DEBUG - paragraph.paragraph:10 - entering paragraph: StateBlock(line=307,level=2,tokens=1550), 307, 343, False
2025-12-28 19:14:07 - 20251228_191406_cec5531b - markdown_it.rules_block.fence - DEBUG - fence.fence:10 - entering fence: StateBlock(line=309,level=1,tokens=1554), 309, 343, True
2025-12-28 19:14:07 - 20251228_191406_cec5531b - markdown_it.rules_block.blockquote - DEBUG - blockquote.blockquote:13 - entering blockquote: StateBlock(line=309,level=1,tokens=1554), 309, 343, True
2025-12-28 19:14:07 - 20251228_191406_cec5531b - markdown_it.rules_block.hr - DEBUG - hr.hr:14 - entering hr: StateBlock(line=309,level=1,tokens=1554), 309, 343, True
2025-12-28 19:14:07 - 20251228_191406_cec5531b - markdown_it.rules_block.code - DEBUG - code.code:10 - entering code: StateBlock(line=309,level=0,tokens=1555), 309, 343, False
2025-12-28 19:14:07 - 20251228_191406_cec5531b - markdown_it.rules_block.fence - DEBUG - fence.fence:10 - entering fence: StateBlock(line=309,level=0,tokens=1555), 309, 343, False
2025-12-28 19:14:07 - 20251228_191406_cec5531b - markdown_it.rules_block.blockquote - DEBUG - blockquote.blockquote:13 - entering blockquote: StateBlock(line=309,level=0,tokens=1555), 309, 343, False
2025-12-28 19:14:07 - 20251228_191406_cec5531b - markdown_it.rules_block.hr - DEBUG - hr.hr:14 - entering hr: StateBlock(line=309,level=0,tokens=1555), 309, 343, False
2025-12-28 19:14:07 - 20251228_191406_cec5531b - markdown_it.rules_block.code - DEBUG - code.code:10 - entering code: StateBlock(line=311,level=0,tokens=1556), 311, 343, False
2025-12-28 19:14:07 - 20251228_191406_cec5531b - markdown_it.rules_block.fence - DEBUG - fence.fence:10 - entering fence: StateBlock(line=311,level=0,tokens=1556), 311, 343, False
2025-12-28 19:14:07 - 20251228_191406_cec5531b - markdown_it.rules_block.blockquote - DEBUG - blockquote.blockquote:13 - entering blockquote: StateBlock(line=311,level=0,tokens=1556), 311, 343, False
2025-12-28 19:14:07 - 20251228_191406_cec5531b - markdown_it.rules_block.hr - DEBUG - hr.hr:14 - entering hr: StateBlock(line=311,level=0,tokens=1556), 311, 343, False
2025-12-28 19:14:07 - 20251228_191406_cec5531b - markdown_it.rules_block.list - DEBUG - list.list_block:102 - entering list: StateBlock(line=311,level=0,tokens=1556), 311, 343, False
2025-12-28 19:14:07 - 20251228_191406_cec5531b - markdown_it.rules_block.reference - DEBUG - reference.reference:10 - entering reference: StateBlock(line=311,level=0,tokens=1556), 311, 343, False
2025-12-28 19:14:07 - 20251228_191406_cec5531b - markdown_it.rules_block.html_block - DEBUG - html_block.html_block:35 - entering html_block: StateBlock(line=311,level=0,tokens=1556), 311, 343, False
2025-12-28 19:14:07 - 20251228_191406_cec5531b - markdown_it.rules_block.heading - DEBUG - heading.heading:13 - entering heading: StateBlock(line=311,level=0,tokens=1556), 311, 343, False
2025-12-28 19:14:07 - 20251228_191406_cec5531b - markdown_it.rules_block.code - DEBUG - code.code:10 - entering code: StateBlock(line=313,level=0,tokens=1559), 313, 343, False
2025-12-28 19:14:07 - 20251228_191406_cec5531b - markdown_it.rules_block.fence - DEBUG - fence.fence:10 - entering fence: StateBlock(line=313,level=0,tokens=1559), 313, 343, False
2025-12-28 19:14:07 - 20251228_191406_cec5531b - markdown_it.rules_block.blockquote - DEBUG - blockquote.blockquote:13 - entering blockquote: StateBlock(line=313,level=0,tokens=1559), 313, 343, False
2025-12-28 19:14:07 - 20251228_191406_cec5531b - markdown_it.rules_block.hr - DEBUG - hr.hr:14 - entering hr: StateBlock(line=313,level=0,tokens=1559), 313, 343, False
2025-12-28 19:14:07 - 20251228_191406_cec5531b - markdown_it.rules_block.list - DEBUG - list.list_block:102 - entering list: StateBlock(line=313,level=0,tokens=1559), 313, 343, False
2025-12-28 19:14:07 - 20251228_191406_cec5531b - markdown_it.rules_block.reference - DEBUG - reference.reference:10 - entering reference: StateBlock(line=313,level=0,tokens=1559), 313, 343, False
2025-12-28 19:14:07 - 20251228_191406_cec5531b - markdown_it.rules_block.html_block - DEBUG - html_block.html_block:35 - entering html_block: StateBlock(line=313,level=0,tokens=1559), 313, 343, False
2025-12-28 19:14:07 - 20251228_191406_cec5531b - markdown_it.rules_block.heading - DEBUG - heading.heading:13 - entering heading: StateBlock(line=313,level=0,tokens=1559), 313, 343, False
2025-12-28 19:14:07 - 20251228_191406_cec5531b - markdown_it.rules_block.code - DEBUG - code.code:10 - entering code: StateBlock(line=315,level=0,tokens=1562), 315, 343, False
2025-12-28 19:14:07 - 20251228_191406_cec5531b - markdown_it.rules_block.fence - DEBUG - fence.fence:10 - entering fence: StateBlock(line=315,level=0,tokens=1562), 315, 343, False
2025-12-28 19:14:07 - 20251228_191406_cec5531b - markdown_it.rules_block.blockquote - DEBUG - blockquote.blockquote:13 - entering blockquote: StateBlock(line=315,level=0,tokens=1562), 315, 343, False
2025-12-28 19:14:07 - 20251228_191406_cec5531b - markdown_it.rules_block.hr - DEBUG - hr.hr:14 - entering hr: StateBlock(line=315,level=0,tokens=1562), 315, 343, False
2025-12-28 19:14:07 - 20251228_191406_cec5531b - markdown_it.rules_block.list - DEBUG - list.list_block:102 - entering list: StateBlock(line=315,level=0,tokens=1562), 315, 343, False
2025-12-28 19:14:07 - 20251228_191406_cec5531b - markdown_it.rules_block.code - DEBUG - code.code:10 - entering code: StateBlock(line=315,level=2,tokens=1564), 315, 343, False
2025-12-28 19:14:07 - 20251228_191406_cec5531b - markdown_it.rules_block.fence - DEBUG - fence.fence:10 - entering fence: StateBlock(line=315,level=2,tokens=1564), 315, 343, False
2025-12-28 19:14:07 - 20251228_191406_cec5531b - markdown_it.rules_block.blockquote - DEBUG - blockquote.blockquote:13 - entering blockquote: StateBlock(line=315,level=2,tokens=1564), 315, 343, False
2025-12-28 19:14:07 - 20251228_191406_cec5531b - markdown_it.rules_block.hr - DEBUG - hr.hr:14 - entering hr: StateBlock(line=315,level=2,tokens=1564), 315, 343, False
2025-12-28 19:14:07 - 20251228_191406_cec5531b - markdown_it.rules_block.list - DEBUG - list.list_block:102 - entering list: StateBlock(line=315,level=2,tokens=1564), 315, 343, False
2025-12-28 19:14:07 - 20251228_191406_cec5531b - markdown_it.rules_block.reference - DEBUG - reference.reference:10 - entering reference: StateBlock(line=315,level=2,tokens=1564), 315, 343, False
2025-12-28 19:14:07 - 20251228_191406_cec5531b - markdown_it.rules_block.html_block - DEBUG - html_block.html_block:35 - entering html_block: StateBlock(line=315,level=2,tokens=1564), 315, 343, False
2025-12-28 19:14:07 - 20251228_191406_cec5531b - markdown_it.rules_block.heading - DEBUG - heading.heading:13 - entering heading: StateBlock(line=315,level=2,tokens=1564), 315, 343, False
2025-12-28 19:14:07 - 20251228_191406_cec5531b - markdown_it.rules_block.lheading - DEBUG - lheading.lheading:10 - entering lheading: StateBlock(line=315,level=2,tokens=1564), 315, 343, False
2025-12-28 19:14:07 - 20251228_191406_cec5531b - markdown_it.rules_block.fence - DEBUG - fence.fence:10 - entering fence: StateBlock(line=315,level=2,tokens=1564), 316, 343, True
2025-12-28 19:14:07 - 20251228_191406_cec5531b - markdown_it.rules_block.blockquote - DEBUG - blockquote.blockquote:13 - entering blockquote: StateBlock(line=315,level=2,tokens=1564), 316, 343, True
2025-12-28 19:14:07 - 20251228_191406_cec5531b - markdown_it.rules_block.hr - DEBUG - hr.hr:14 - entering hr: StateBlock(line=315,level=2,tokens=1564), 316, 343, True
2025-12-28 19:14:07 - 20251228_191406_cec5531b - markdown_it.rules_block.list - DEBUG - list.list_block:102 - entering list: StateBlock(line=315,level=2,tokens=1564), 316, 343, True
2025-12-28 19:14:07 - 20251228_191406_cec5531b - markdown_it.rules_block.paragraph - DEBUG - paragraph.paragraph:10 - entering paragraph: StateBlock(line=315,level=2,tokens=1564), 315, 343, False
2025-12-28 19:14:07 - 20251228_191406_cec5531b - markdown_it.rules_block.fence - DEBUG - fence.fence:10 - entering fence: StateBlock(line=315,level=2,tokens=1564), 316, 343, True
2025-12-28 19:14:07 - 20251228_191406_cec5531b - markdown_it.rules_block.blockquote - DEBUG - blockquote.blockquote:13 - entering blockquote: StateBlock(line=315,level=2,tokens=1564), 316, 343, True
2025-12-28 19:14:07 - 20251228_191406_cec5531b - markdown_it.rules_block.hr - DEBUG - hr.hr:14 - entering hr: StateBlock(line=315,level=2,tokens=1564), 316, 343, True
2025-12-28 19:14:07 - 20251228_191406_cec5531b - markdown_it.rules_block.list - DEBUG - list.list_block:102 - entering list: StateBlock(line=315,level=2,tokens=1564), 316, 343, True
2025-12-28 19:14:07 - 20251228_191406_cec5531b - markdown_it.rules_block.fence - DEBUG - fence.fence:10 - entering fence: StateBlock(line=316,level=1,tokens=1568), 316, 343, True
2025-12-28 19:14:07 - 20251228_191406_cec5531b - markdown_it.rules_block.blockquote - DEBUG - blockquote.blockquote:13 - entering blockquote: StateBlock(line=316,level=1,tokens=1568), 316, 343, True
2025-12-28 19:14:07 - 20251228_191406_cec5531b - markdown_it.rules_block.hr - DEBUG - hr.hr:14 - entering hr: StateBlock(line=316,level=1,tokens=1568), 316, 343, True
2025-12-28 19:14:07 - 20251228_191406_cec5531b - markdown_it.rules_block.code - DEBUG - code.code:10 - entering code: StateBlock(line=316,level=2,tokens=1569), 316, 343, False
2025-12-28 19:14:07 - 20251228_191406_cec5531b - markdown_it.rules_block.fence - DEBUG - fence.fence:10 - entering fence: StateBlock(line=316,level=2,tokens=1569), 316, 343, False
2025-12-28 19:14:07 - 20251228_191406_cec5531b - markdown_it.rules_block.blockquote - DEBUG - blockquote.blockquote:13 - entering blockquote: StateBlock(line=316,level=2,tokens=1569), 316, 343, False
2025-12-28 19:14:07 - 20251228_191406_cec5531b - markdown_it.rules_block.hr - DEBUG - hr.hr:14 - entering hr: StateBlock(line=316,level=2,tokens=1569), 316, 343, False
2025-12-28 19:14:07 - 20251228_191406_cec5531b - markdown_it.rules_block.list - DEBUG - list.list_block:102 - entering list: StateBlock(line=316,level=2,tokens=1569), 316, 343, False
2025-12-28 19:14:07 - 20251228_191406_cec5531b - markdown_it.rules_block.reference - DEBUG - reference.reference:10 - entering reference: StateBlock(line=316,level=2,tokens=1569), 316, 343, False
2025-12-28 19:14:07 - 20251228_191406_cec5531b - markdown_it.rules_block.html_block - DEBUG - html_block.html_block:35 - entering html_block: StateBlock(line=316,level=2,tokens=1569), 316, 343, False
2025-12-28 19:14:07 - 20251228_191406_cec5531b - markdown_it.rules_block.heading - DEBUG - heading.heading:13 - entering heading: StateBlock(line=316,level=2,tokens=1569), 316, 343, False
2025-12-28 19:14:07 - 20251228_191406_cec5531b - markdown_it.rules_block.lheading - DEBUG - lheading.lheading:10 - entering lheading: StateBlock(line=316,level=2,tokens=1569), 316, 343, False
2025-12-28 19:14:07 - 20251228_191406_cec5531b - markdown_it.rules_block.fence - DEBUG - fence.fence:10 - entering fence: StateBlock(line=316,level=2,tokens=1569), 317, 343, True
2025-12-28 19:14:07 - 20251228_191406_cec5531b - markdown_it.rules_block.blockquote - DEBUG - blockquote.blockquote:13 - entering blockquote: StateBlock(line=316,level=2,tokens=1569), 317, 343, True
2025-12-28 19:14:07 - 20251228_191406_cec5531b - markdown_it.rules_block.hr - DEBUG - hr.hr:14 - entering hr: StateBlock(line=316,level=2,tokens=1569), 317, 343, True
2025-12-28 19:14:07 - 20251228_191406_cec5531b - markdown_it.rules_block.list - DEBUG - list.list_block:102 - entering list: StateBlock(line=316,level=2,tokens=1569), 317, 343, True
2025-12-28 19:14:07 - 20251228_191406_cec5531b - markdown_it.rules_block.paragraph - DEBUG - paragraph.paragraph:10 - entering paragraph: StateBlock(line=316,level=2,tokens=1569), 316, 343, False
2025-12-28 19:14:07 - 20251228_191406_cec5531b - markdown_it.rules_block.fence - DEBUG - fence.fence:10 - entering fence: StateBlock(line=316,level=2,tokens=1569), 317, 343, True
2025-12-28 19:14:07 - 20251228_191406_cec5531b - markdown_it.rules_block.blockquote - DEBUG - blockquote.blockquote:13 - entering blockquote: StateBlock(line=316,level=2,tokens=1569), 317, 343, True
2025-12-28 19:14:07 - 20251228_191406_cec5531b - markdown_it.rules_block.hr - DEBUG - hr.hr:14 - entering hr: StateBlock(line=316,level=2,tokens=1569), 317, 343, True
2025-12-28 19:14:07 - 20251228_191406_cec5531b - markdown_it.rules_block.list - DEBUG - list.list_block:102 - entering list: StateBlock(line=316,level=2,tokens=1569), 317, 343, True
2025-12-28 19:14:07 - 20251228_191406_cec5531b - markdown_it.rules_block.fence - DEBUG - fence.fence:10 - entering fence: StateBlock(line=317,level=1,tokens=1573), 317, 343, True
2025-12-28 19:14:07 - 20251228_191406_cec5531b - markdown_it.rules_block.blockquote - DEBUG - blockquote.blockquote:13 - entering blockquote: StateBlock(line=317,level=1,tokens=1573), 317, 343, True
2025-12-28 19:14:07 - 20251228_191406_cec5531b - markdown_it.rules_block.hr - DEBUG - hr.hr:14 - entering hr: StateBlock(line=317,level=1,tokens=1573), 317, 343, True
2025-12-28 19:14:07 - 20251228_191406_cec5531b - markdown_it.rules_block.code - DEBUG - code.code:10 - entering code: StateBlock(line=317,level=2,tokens=1574), 317, 343, False
2025-12-28 19:14:07 - 20251228_191406_cec5531b - markdown_it.rules_block.fence - DEBUG - fence.fence:10 - entering fence: StateBlock(line=317,level=2,tokens=1574), 317, 343, False
2025-12-28 19:14:07 - 20251228_191406_cec5531b - markdown_it.rules_block.blockquote - DEBUG - blockquote.blockquote:13 - entering blockquote: StateBlock(line=317,level=2,tokens=1574), 317, 343, False
2025-12-28 19:14:07 - 20251228_191406_cec5531b - markdown_it.rules_block.hr - DEBUG - hr.hr:14 - entering hr: StateBlock(line=317,level=2,tokens=1574), 317, 343, False
2025-12-28 19:14:07 - 20251228_191406_cec5531b - markdown_it.rules_block.list - DEBUG - list.list_block:102 - entering list: StateBlock(line=317,level=2,tokens=1574), 317, 343, False
2025-12-28 19:14:07 - 20251228_191406_cec5531b - markdown_it.rules_block.reference - DEBUG - reference.reference:10 - entering reference: StateBlock(line=317,level=2,tokens=1574), 317, 343, False
2025-12-28 19:14:07 - 20251228_191406_cec5531b - markdown_it.rules_block.html_block - DEBUG - html_block.html_block:35 - entering html_block: StateBlock(line=317,level=2,tokens=1574), 317, 343, False
2025-12-28 19:14:07 - 20251228_191406_cec5531b - markdown_it.rules_block.heading - DEBUG - heading.heading:13 - entering heading: StateBlock(line=317,level=2,tokens=1574), 317, 343, False
2025-12-28 19:14:07 - 20251228_191406_cec5531b - markdown_it.rules_block.lheading - DEBUG - lheading.lheading:10 - entering lheading: StateBlock(line=317,level=2,tokens=1574), 317, 343, False
2025-12-28 19:14:07 - 20251228_191406_cec5531b - markdown_it.rules_block.fence - DEBUG - fence.fence:10 - entering fence: StateBlock(line=317,level=2,tokens=1574), 318, 343, True
2025-12-28 19:14:07 - 20251228_191406_cec5531b - markdown_it.rules_block.blockquote - DEBUG - blockquote.blockquote:13 - entering blockquote: StateBlock(line=317,level=2,tokens=1574), 318, 343, True
2025-12-28 19:14:07 - 20251228_191406_cec5531b - markdown_it.rules_block.hr - DEBUG - hr.hr:14 - entering hr: StateBlock(line=317,level=2,tokens=1574), 318, 343, True
2025-12-28 19:14:07 - 20251228_191406_cec5531b - markdown_it.rules_block.list - DEBUG - list.list_block:102 - entering list: StateBlock(line=317,level=2,tokens=1574), 318, 343, True
2025-12-28 19:14:07 - 20251228_191406_cec5531b - markdown_it.rules_block.paragraph - DEBUG - paragraph.paragraph:10 - entering paragraph: StateBlock(line=317,level=2,tokens=1574), 317, 343, False
2025-12-28 19:14:07 - 20251228_191406_cec5531b - markdown_it.rules_block.fence - DEBUG - fence.fence:10 - entering fence: StateBlock(line=317,level=2,tokens=1574), 318, 343, True
2025-12-28 19:14:07 - 20251228_191406_cec5531b - markdown_it.rules_block.blockquote - DEBUG - blockquote.blockquote:13 - entering blockquote: StateBlock(line=317,level=2,tokens=1574), 318, 343, True
2025-12-28 19:14:07 - 20251228_191406_cec5531b - markdown_it.rules_block.hr - DEBUG - hr.hr:14 - entering hr: StateBlock(line=317,level=2,tokens=1574), 318, 343, True
2025-12-28 19:14:07 - 20251228_191406_cec5531b - markdown_it.rules_block.list - DEBUG - list.list_block:102 - entering list: StateBlock(line=317,level=2,tokens=1574), 318, 343, True
2025-12-28 19:14:07 - 20251228_191406_cec5531b - markdown_it.rules_block.fence - DEBUG - fence.fence:10 - entering fence: StateBlock(line=318,level=1,tokens=1578), 318, 343, True
2025-12-28 19:14:07 - 20251228_191406_cec5531b - markdown_it.rules_block.blockquote - DEBUG - blockquote.blockquote:13 - entering blockquote: StateBlock(line=318,level=1,tokens=1578), 318, 343, True
2025-12-28 19:14:07 - 20251228_191406_cec5531b - markdown_it.rules_block.hr - DEBUG - hr.hr:14 - entering hr: StateBlock(line=318,level=1,tokens=1578), 318, 343, True
2025-12-28 19:14:07 - 20251228_191406_cec5531b - markdown_it.rules_block.code - DEBUG - code.code:10 - entering code: StateBlock(line=318,level=2,tokens=1579), 318, 343, False
2025-12-28 19:14:07 - 20251228_191406_cec5531b - markdown_it.rules_block.fence - DEBUG - fence.fence:10 - entering fence: StateBlock(line=318,level=2,tokens=1579), 318, 343, False
2025-12-28 19:14:07 - 20251228_191406_cec5531b - markdown_it.rules_block.blockquote - DEBUG - blockquote.blockquote:13 - entering blockquote: StateBlock(line=318,level=2,tokens=1579), 318, 343, False
2025-12-28 19:14:07 - 20251228_191406_cec5531b - markdown_it.rules_block.hr - DEBUG - hr.hr:14 - entering hr: StateBlock(line=318,level=2,tokens=1579), 318, 343, False
2025-12-28 19:14:07 - 20251228_191406_cec5531b - markdown_it.rules_block.list - DEBUG - list.list_block:102 - entering list: StateBlock(line=318,level=2,tokens=1579), 318, 343, False
2025-12-28 19:14:07 - 20251228_191406_cec5531b - markdown_it.rules_block.reference - DEBUG - reference.reference:10 - entering reference: StateBlock(line=318,level=2,tokens=1579), 318, 343, False
2025-12-28 19:14:07 - 20251228_191406_cec5531b - markdown_it.rules_block.html_block - DEBUG - html_block.html_block:35 - entering html_block: StateBlock(line=318,level=2,tokens=1579), 318, 343, False
2025-12-28 19:14:07 - 20251228_191406_cec5531b - markdown_it.rules_block.heading - DEBUG - heading.heading:13 - entering heading: StateBlock(line=318,level=2,tokens=1579), 318, 343, False
2025-12-28 19:14:07 - 20251228_191406_cec5531b - markdown_it.rules_block.lheading - DEBUG - lheading.lheading:10 - entering lheading: StateBlock(line=318,level=2,tokens=1579), 318, 343, False
2025-12-28 19:14:07 - 20251228_191406_cec5531b - markdown_it.rules_block.fence - DEBUG - fence.fence:10 - entering fence: StateBlock(line=318,level=2,tokens=1579), 319, 343, True
2025-12-28 19:14:07 - 20251228_191406_cec5531b - markdown_it.rules_block.blockquote - DEBUG - blockquote.blockquote:13 - entering blockquote: StateBlock(line=318,level=2,tokens=1579), 319, 343, True
2025-12-28 19:14:07 - 20251228_191406_cec5531b - markdown_it.rules_block.hr - DEBUG - hr.hr:14 - entering hr: StateBlock(line=318,level=2,tokens=1579), 319, 343, True
2025-12-28 19:14:07 - 20251228_191406_cec5531b - markdown_it.rules_block.list - DEBUG - list.list_block:102 - entering list: StateBlock(line=318,level=2,tokens=1579), 319, 343, True
2025-12-28 19:14:07 - 20251228_191406_cec5531b - markdown_it.rules_block.paragraph - DEBUG - paragraph.paragraph:10 - entering paragraph: StateBlock(line=318,level=2,tokens=1579), 318, 343, False
2025-12-28 19:14:07 - 20251228_191406_cec5531b - markdown_it.rules_block.fence - DEBUG - fence.fence:10 - entering fence: StateBlock(line=318,level=2,tokens=1579), 319, 343, True
2025-12-28 19:14:07 - 20251228_191406_cec5531b - markdown_it.rules_block.blockquote - DEBUG - blockquote.blockquote:13 - entering blockquote: StateBlock(line=318,level=2,tokens=1579), 319, 343, True
2025-12-28 19:14:07 - 20251228_191406_cec5531b - markdown_it.rules_block.hr - DEBUG - hr.hr:14 - entering hr: StateBlock(line=318,level=2,tokens=1579), 319, 343, True
2025-12-28 19:14:07 - 20251228_191406_cec5531b - markdown_it.rules_block.list - DEBUG - list.list_block:102 - entering list: StateBlock(line=318,level=2,tokens=1579), 319, 343, True
2025-12-28 19:14:07 - 20251228_191406_cec5531b - markdown_it.rules_block.fence - DEBUG - fence.fence:10 - entering fence: StateBlock(line=319,level=1,tokens=1583), 319, 343, True
2025-12-28 19:14:07 - 20251228_191406_cec5531b - markdown_it.rules_block.blockquote - DEBUG - blockquote.blockquote:13 - entering blockquote: StateBlock(line=319,level=1,tokens=1583), 319, 343, True
2025-12-28 19:14:07 - 20251228_191406_cec5531b - markdown_it.rules_block.hr - DEBUG - hr.hr:14 - entering hr: StateBlock(line=319,level=1,tokens=1583), 319, 343, True
2025-12-28 19:14:07 - 20251228_191406_cec5531b - markdown_it.rules_block.code - DEBUG - code.code:10 - entering code: StateBlock(line=319,level=2,tokens=1584), 319, 343, False
2025-12-28 19:14:07 - 20251228_191406_cec5531b - markdown_it.rules_block.fence - DEBUG - fence.fence:10 - entering fence: StateBlock(line=319,level=2,tokens=1584), 319, 343, False
2025-12-28 19:14:07 - 20251228_191406_cec5531b - markdown_it.rules_block.blockquote - DEBUG - blockquote.blockquote:13 - entering blockquote: StateBlock(line=319,level=2,tokens=1584), 319, 343, False
2025-12-28 19:14:07 - 20251228_191406_cec5531b - markdown_it.rules_block.hr - DEBUG - hr.hr:14 - entering hr: StateBlock(line=319,level=2,tokens=1584), 319, 343, False
2025-12-28 19:14:07 - 20251228_191406_cec5531b - markdown_it.rules_block.list - DEBUG - list.list_block:102 - entering list: StateBlock(line=319,level=2,tokens=1584), 319, 343, False
2025-12-28 19:14:07 - 20251228_191406_cec5531b - markdown_it.rules_block.reference - DEBUG - reference.reference:10 - entering reference: StateBlock(line=319,level=2,tokens=1584), 319, 343, False
2025-12-28 19:14:07 - 20251228_191406_cec5531b - markdown_it.rules_block.html_block - DEBUG - html_block.html_block:35 - entering html_block: StateBlock(line=319,level=2,tokens=1584), 319, 343, False
2025-12-28 19:14:07 - 20251228_191406_cec5531b - markdown_it.rules_block.heading - DEBUG - heading.heading:13 - entering heading: StateBlock(line=319,level=2,tokens=1584), 319, 343, False
2025-12-28 19:14:07 - 20251228_191406_cec5531b - markdown_it.rules_block.lheading - DEBUG - lheading.lheading:10 - entering lheading: StateBlock(line=319,level=2,tokens=1584), 319, 343, False
2025-12-28 19:14:07 - 20251228_191406_cec5531b - markdown_it.rules_block.fence - DEBUG - fence.fence:10 - entering fence: StateBlock(line=319,level=2,tokens=1584), 320, 343, True
2025-12-28 19:14:07 - 20251228_191406_cec5531b - markdown_it.rules_block.blockquote - DEBUG - blockquote.blockquote:13 - entering blockquote: StateBlock(line=319,level=2,tokens=1584), 320, 343, True
2025-12-28 19:14:07 - 20251228_191406_cec5531b - markdown_it.rules_block.hr - DEBUG - hr.hr:14 - entering hr: StateBlock(line=319,level=2,tokens=1584), 320, 343, True
2025-12-28 19:14:07 - 20251228_191406_cec5531b - markdown_it.rules_block.list - DEBUG - list.list_block:102 - entering list: StateBlock(line=319,level=2,tokens=1584), 320, 343, True
2025-12-28 19:14:07 - 20251228_191406_cec5531b - markdown_it.rules_block.paragraph - DEBUG - paragraph.paragraph:10 - entering paragraph: StateBlock(line=319,level=2,tokens=1584), 319, 343, False
2025-12-28 19:14:07 - 20251228_191406_cec5531b - markdown_it.rules_block.fence - DEBUG - fence.fence:10 - entering fence: StateBlock(line=319,level=2,tokens=1584), 320, 343, True
2025-12-28 19:14:07 - 20251228_191406_cec5531b - markdown_it.rules_block.blockquote - DEBUG - blockquote.blockquote:13 - entering blockquote: StateBlock(line=319,level=2,tokens=1584), 320, 343, True
2025-12-28 19:14:07 - 20251228_191406_cec5531b - markdown_it.rules_block.hr - DEBUG - hr.hr:14 - entering hr: StateBlock(line=319,level=2,tokens=1584), 320, 343, True
2025-12-28 19:14:07 - 20251228_191406_cec5531b - markdown_it.rules_block.list - DEBUG - list.list_block:102 - entering list: StateBlock(line=319,level=2,tokens=1584), 320, 343, True
2025-12-28 19:14:07 - 20251228_191406_cec5531b - markdown_it.rules_block.fence - DEBUG - fence.fence:10 - entering fence: StateBlock(line=320,level=1,tokens=1588), 320, 343, True
2025-12-28 19:14:07 - 20251228_191406_cec5531b - markdown_it.rules_block.blockquote - DEBUG - blockquote.blockquote:13 - entering blockquote: StateBlock(line=320,level=1,tokens=1588), 320, 343, True
2025-12-28 19:14:07 - 20251228_191406_cec5531b - markdown_it.rules_block.hr - DEBUG - hr.hr:14 - entering hr: StateBlock(line=320,level=1,tokens=1588), 320, 343, True
2025-12-28 19:14:07 - 20251228_191406_cec5531b - markdown_it.rules_block.code - DEBUG - code.code:10 - entering code: StateBlock(line=320,level=2,tokens=1589), 320, 343, False
2025-12-28 19:14:07 - 20251228_191406_cec5531b - markdown_it.rules_block.fence - DEBUG - fence.fence:10 - entering fence: StateBlock(line=320,level=2,tokens=1589), 320, 343, False
2025-12-28 19:14:07 - 20251228_191406_cec5531b - markdown_it.rules_block.blockquote - DEBUG - blockquote.blockquote:13 - entering blockquote: StateBlock(line=320,level=2,tokens=1589), 320, 343, False
2025-12-28 19:14:07 - 20251228_191406_cec5531b - markdown_it.rules_block.hr - DEBUG - hr.hr:14 - entering hr: StateBlock(line=320,level=2,tokens=1589), 320, 343, False
2025-12-28 19:14:07 - 20251228_191406_cec5531b - markdown_it.rules_block.list - DEBUG - list.list_block:102 - entering list: StateBlock(line=320,level=2,tokens=1589), 320, 343, False
2025-12-28 19:14:07 - 20251228_191406_cec5531b - markdown_it.rules_block.reference - DEBUG - reference.reference:10 - entering reference: StateBlock(line=320,level=2,tokens=1589), 320, 343, False
2025-12-28 19:14:07 - 20251228_191406_cec5531b - markdown_it.rules_block.html_block - DEBUG - html_block.html_block:35 - entering html_block: StateBlock(line=320,level=2,tokens=1589), 320, 343, False
2025-12-28 19:14:07 - 20251228_191406_cec5531b - markdown_it.rules_block.heading - DEBUG - heading.heading:13 - entering heading: StateBlock(line=320,level=2,tokens=1589), 320, 343, False
2025-12-28 19:14:07 - 20251228_191406_cec5531b - markdown_it.rules_block.lheading - DEBUG - lheading.lheading:10 - entering lheading: StateBlock(line=320,level=2,tokens=1589), 320, 343, False
2025-12-28 19:14:07 - 20251228_191406_cec5531b - markdown_it.rules_block.fence - DEBUG - fence.fence:10 - entering fence: StateBlock(line=320,level=2,tokens=1589), 321, 343, True
2025-12-28 19:14:07 - 20251228_191406_cec5531b - markdown_it.rules_block.blockquote - DEBUG - blockquote.blockquote:13 - entering blockquote: StateBlock(line=320,level=2,tokens=1589), 321, 343, True
2025-12-28 19:14:07 - 20251228_191406_cec5531b - markdown_it.rules_block.hr - DEBUG - hr.hr:14 - entering hr: StateBlock(line=320,level=2,tokens=1589), 321, 343, True
2025-12-28 19:14:07 - 20251228_191406_cec5531b - markdown_it.rules_block.list - DEBUG - list.list_block:102 - entering list: StateBlock(line=320,level=2,tokens=1589), 321, 343, True
2025-12-28 19:14:07 - 20251228_191406_cec5531b - markdown_it.rules_block.paragraph - DEBUG - paragraph.paragraph:10 - entering paragraph: StateBlock(line=320,level=2,tokens=1589), 320, 343, False
2025-12-28 19:14:07 - 20251228_191406_cec5531b - markdown_it.rules_block.fence - DEBUG - fence.fence:10 - entering fence: StateBlock(line=320,level=2,tokens=1589), 321, 343, True
2025-12-28 19:14:07 - 20251228_191406_cec5531b - markdown_it.rules_block.blockquote - DEBUG - blockquote.blockquote:13 - entering blockquote: StateBlock(line=320,level=2,tokens=1589), 321, 343, True
2025-12-28 19:14:07 - 20251228_191406_cec5531b - markdown_it.rules_block.hr - DEBUG - hr.hr:14 - entering hr: StateBlock(line=320,level=2,tokens=1589), 321, 343, True
2025-12-28 19:14:07 - 20251228_191406_cec5531b - markdown_it.rules_block.list - DEBUG - list.list_block:102 - entering list: StateBlock(line=320,level=2,tokens=1589), 321, 343, True
2025-12-28 19:14:07 - 20251228_191406_cec5531b - markdown_it.rules_block.fence - DEBUG - fence.fence:10 - entering fence: StateBlock(line=321,level=1,tokens=1593), 321, 343, True
2025-12-28 19:14:07 - 20251228_191406_cec5531b - markdown_it.rules_block.blockquote - DEBUG - blockquote.blockquote:13 - entering blockquote: StateBlock(line=321,level=1,tokens=1593), 321, 343, True
2025-12-28 19:14:07 - 20251228_191406_cec5531b - markdown_it.rules_block.hr - DEBUG - hr.hr:14 - entering hr: StateBlock(line=321,level=1,tokens=1593), 321, 343, True
2025-12-28 19:14:07 - 20251228_191406_cec5531b - markdown_it.rules_block.code - DEBUG - code.code:10 - entering code: StateBlock(line=321,level=2,tokens=1594), 321, 343, False
2025-12-28 19:14:07 - 20251228_191406_cec5531b - markdown_it.rules_block.fence - DEBUG - fence.fence:10 - entering fence: StateBlock(line=321,level=2,tokens=1594), 321, 343, False
2025-12-28 19:14:07 - 20251228_191406_cec5531b - markdown_it.rules_block.blockquote - DEBUG - blockquote.blockquote:13 - entering blockquote: StateBlock(line=321,level=2,tokens=1594), 321, 343, False
2025-12-28 19:14:07 - 20251228_191406_cec5531b - markdown_it.rules_block.hr - DEBUG - hr.hr:14 - entering hr: StateBlock(line=321,level=2,tokens=1594), 321, 343, False
2025-12-28 19:14:07 - 20251228_191406_cec5531b - markdown_it.rules_block.list - DEBUG - list.list_block:102 - entering list: StateBlock(line=321,level=2,tokens=1594), 321, 343, False
2025-12-28 19:14:07 - 20251228_191406_cec5531b - markdown_it.rules_block.reference - DEBUG - reference.reference:10 - entering reference: StateBlock(line=321,level=2,tokens=1594), 321, 343, False
2025-12-28 19:14:07 - 20251228_191406_cec5531b - markdown_it.rules_block.html_block - DEBUG - html_block.html_block:35 - entering html_block: StateBlock(line=321,level=2,tokens=1594), 321, 343, False
2025-12-28 19:14:07 - 20251228_191406_cec5531b - markdown_it.rules_block.heading - DEBUG - heading.heading:13 - entering heading: StateBlock(line=321,level=2,tokens=1594), 321, 343, False
2025-12-28 19:14:07 - 20251228_191406_cec5531b - markdown_it.rules_block.lheading - DEBUG - lheading.lheading:10 - entering lheading: StateBlock(line=321,level=2,tokens=1594), 321, 343, False
2025-12-28 19:14:07 - 20251228_191406_cec5531b - markdown_it.rules_block.fence - DEBUG - fence.fence:10 - entering fence: StateBlock(line=321,level=2,tokens=1594), 322, 343, True
2025-12-28 19:14:07 - 20251228_191406_cec5531b - markdown_it.rules_block.blockquote - DEBUG - blockquote.blockquote:13 - entering blockquote: StateBlock(line=321,level=2,tokens=1594), 322, 343, True
2025-12-28 19:14:07 - 20251228_191406_cec5531b - markdown_it.rules_block.hr - DEBUG - hr.hr:14 - entering hr: StateBlock(line=321,level=2,tokens=1594), 322, 343, True
2025-12-28 19:14:07 - 20251228_191406_cec5531b - markdown_it.rules_block.list - DEBUG - list.list_block:102 - entering list: StateBlock(line=321,level=2,tokens=1594), 322, 343, True
2025-12-28 19:14:07 - 20251228_191406_cec5531b - markdown_it.rules_block.paragraph - DEBUG - paragraph.paragraph:10 - entering paragraph: StateBlock(line=321,level=2,tokens=1594), 321, 343, False
2025-12-28 19:14:07 - 20251228_191406_cec5531b - markdown_it.rules_block.fence - DEBUG - fence.fence:10 - entering fence: StateBlock(line=321,level=2,tokens=1594), 322, 343, True
2025-12-28 19:14:07 - 20251228_191406_cec5531b - markdown_it.rules_block.blockquote - DEBUG - blockquote.blockquote:13 - entering blockquote: StateBlock(line=321,level=2,tokens=1594), 322, 343, True
2025-12-28 19:14:07 - 20251228_191406_cec5531b - markdown_it.rules_block.hr - DEBUG - hr.hr:14 - entering hr: StateBlock(line=321,level=2,tokens=1594), 322, 343, True
2025-12-28 19:14:07 - 20251228_191406_cec5531b - markdown_it.rules_block.list - DEBUG - list.list_block:102 - entering list: StateBlock(line=321,level=2,tokens=1594), 322, 343, True
2025-12-28 19:14:07 - 20251228_191406_cec5531b - markdown_it.rules_block.fence - DEBUG - fence.fence:10 - entering fence: StateBlock(line=322,level=1,tokens=1598), 322, 343, True
2025-12-28 19:14:07 - 20251228_191406_cec5531b - markdown_it.rules_block.blockquote - DEBUG - blockquote.blockquote:13 - entering blockquote: StateBlock(line=322,level=1,tokens=1598), 322, 343, True
2025-12-28 19:14:07 - 20251228_191406_cec5531b - markdown_it.rules_block.hr - DEBUG - hr.hr:14 - entering hr: StateBlock(line=322,level=1,tokens=1598), 322, 343, True
2025-12-28 19:14:07 - 20251228_191406_cec5531b - markdown_it.rules_block.code - DEBUG - code.code:10 - entering code: StateBlock(line=322,level=2,tokens=1599), 322, 343, False
2025-12-28 19:14:07 - 20251228_191406_cec5531b - markdown_it.rules_block.fence - DEBUG - fence.fence:10 - entering fence: StateBlock(line=322,level=2,tokens=1599), 322, 343, False
2025-12-28 19:14:07 - 20251228_191406_cec5531b - markdown_it.rules_block.blockquote - DEBUG - blockquote.blockquote:13 - entering blockquote: StateBlock(line=322,level=2,tokens=1599), 322, 343, False
2025-12-28 19:14:07 - 20251228_191406_cec5531b - markdown_it.rules_block.hr - DEBUG - hr.hr:14 - entering hr: StateBlock(line=322,level=2,tokens=1599), 322, 343, False
2025-12-28 19:14:07 - 20251228_191406_cec5531b - markdown_it.rules_block.list - DEBUG - list.list_block:102 - entering list: StateBlock(line=322,level=2,tokens=1599), 322, 343, False
2025-12-28 19:14:07 - 20251228_191406_cec5531b - markdown_it.rules_block.reference - DEBUG - reference.reference:10 - entering reference: StateBlock(line=322,level=2,tokens=1599), 322, 343, False
2025-12-28 19:14:07 - 20251228_191406_cec5531b - markdown_it.rules_block.html_block - DEBUG - html_block.html_block:35 - entering html_block: StateBlock(line=322,level=2,tokens=1599), 322, 343, False
2025-12-28 19:14:07 - 20251228_191406_cec5531b - markdown_it.rules_block.heading - DEBUG - heading.heading:13 - entering heading: StateBlock(line=322,level=2,tokens=1599), 322, 343, False
2025-12-28 19:14:07 - 20251228_191406_cec5531b - markdown_it.rules_block.lheading - DEBUG - lheading.lheading:10 - entering lheading: StateBlock(line=322,level=2,tokens=1599), 322, 343, False
2025-12-28 19:14:07 - 20251228_191406_cec5531b - markdown_it.rules_block.paragraph - DEBUG - paragraph.paragraph:10 - entering paragraph: StateBlock(line=322,level=2,tokens=1599), 322, 343, False
2025-12-28 19:14:07 - 20251228_191406_cec5531b - markdown_it.rules_block.fence - DEBUG - fence.fence:10 - entering fence: StateBlock(line=324,level=1,tokens=1603), 324, 343, True
2025-12-28 19:14:07 - 20251228_191406_cec5531b - markdown_it.rules_block.blockquote - DEBUG - blockquote.blockquote:13 - entering blockquote: StateBlock(line=324,level=1,tokens=1603), 324, 343, True
2025-12-28 19:14:07 - 20251228_191406_cec5531b - markdown_it.rules_block.hr - DEBUG - hr.hr:14 - entering hr: StateBlock(line=324,level=1,tokens=1603), 324, 343, True
2025-12-28 19:14:07 - 20251228_191406_cec5531b - markdown_it.rules_block.code - DEBUG - code.code:10 - entering code: StateBlock(line=324,level=0,tokens=1604), 324, 343, False
2025-12-28 19:14:07 - 20251228_191406_cec5531b - markdown_it.rules_block.fence - DEBUG - fence.fence:10 - entering fence: StateBlock(line=324,level=0,tokens=1604), 324, 343, False
2025-12-28 19:14:07 - 20251228_191406_cec5531b - markdown_it.rules_block.blockquote - DEBUG - blockquote.blockquote:13 - entering blockquote: StateBlock(line=324,level=0,tokens=1604), 324, 343, False
2025-12-28 19:14:07 - 20251228_191406_cec5531b - markdown_it.rules_block.hr - DEBUG - hr.hr:14 - entering hr: StateBlock(line=324,level=0,tokens=1604), 324, 343, False
2025-12-28 19:14:07 - 20251228_191406_cec5531b - markdown_it.rules_block.list - DEBUG - list.list_block:102 - entering list: StateBlock(line=324,level=0,tokens=1604), 324, 343, False
2025-12-28 19:14:07 - 20251228_191406_cec5531b - markdown_it.rules_block.reference - DEBUG - reference.reference:10 - entering reference: StateBlock(line=324,level=0,tokens=1604), 324, 343, False
2025-12-28 19:14:07 - 20251228_191406_cec5531b - markdown_it.rules_block.html_block - DEBUG - html_block.html_block:35 - entering html_block: StateBlock(line=324,level=0,tokens=1604), 324, 343, False
2025-12-28 19:14:07 - 20251228_191406_cec5531b - markdown_it.rules_block.heading - DEBUG - heading.heading:13 - entering heading: StateBlock(line=324,level=0,tokens=1604), 324, 343, False
2025-12-28 19:14:07 - 20251228_191406_cec5531b - markdown_it.rules_block.code - DEBUG - code.code:10 - entering code: StateBlock(line=326,level=0,tokens=1607), 326, 343, False
2025-12-28 19:14:07 - 20251228_191406_cec5531b - markdown_it.rules_block.fence - DEBUG - fence.fence:10 - entering fence: StateBlock(line=326,level=0,tokens=1607), 326, 343, False
2025-12-28 19:14:07 - 20251228_191406_cec5531b - markdown_it.rules_block.blockquote - DEBUG - blockquote.blockquote:13 - entering blockquote: StateBlock(line=326,level=0,tokens=1607), 326, 343, False
2025-12-28 19:14:07 - 20251228_191406_cec5531b - markdown_it.rules_block.hr - DEBUG - hr.hr:14 - entering hr: StateBlock(line=326,level=0,tokens=1607), 326, 343, False
2025-12-28 19:14:07 - 20251228_191406_cec5531b - markdown_it.rules_block.list - DEBUG - list.list_block:102 - entering list: StateBlock(line=326,level=0,tokens=1607), 326, 343, False
2025-12-28 19:14:07 - 20251228_191406_cec5531b - markdown_it.rules_block.reference - DEBUG - reference.reference:10 - entering reference: StateBlock(line=326,level=0,tokens=1607), 326, 343, False
2025-12-28 19:14:07 - 20251228_191406_cec5531b - markdown_it.rules_block.html_block - DEBUG - html_block.html_block:35 - entering html_block: StateBlock(line=326,level=0,tokens=1607), 326, 343, False
2025-12-28 19:14:07 - 20251228_191406_cec5531b - markdown_it.rules_block.heading - DEBUG - heading.heading:13 - entering heading: StateBlock(line=326,level=0,tokens=1607), 326, 343, False
2025-12-28 19:14:07 - 20251228_191406_cec5531b - markdown_it.rules_block.lheading - DEBUG - lheading.lheading:10 - entering lheading: StateBlock(line=326,level=0,tokens=1607), 326, 343, False
2025-12-28 19:14:07 - 20251228_191406_cec5531b - markdown_it.rules_block.paragraph - DEBUG - paragraph.paragraph:10 - entering paragraph: StateBlock(line=326,level=0,tokens=1607), 326, 343, False
2025-12-28 19:14:07 - 20251228_191406_cec5531b - markdown_it.rules_block.code - DEBUG - code.code:10 - entering code: StateBlock(line=328,level=0,tokens=1610), 328, 343, False
2025-12-28 19:14:07 - 20251228_191406_cec5531b - markdown_it.rules_block.fence - DEBUG - fence.fence:10 - entering fence: StateBlock(line=328,level=0,tokens=1610), 328, 343, False
2025-12-28 19:14:07 - 20251228_191406_cec5531b - markdown_it.rules_block.blockquote - DEBUG - blockquote.blockquote:13 - entering blockquote: StateBlock(line=328,level=0,tokens=1610), 328, 343, False
2025-12-28 19:14:07 - 20251228_191406_cec5531b - markdown_it.rules_block.hr - DEBUG - hr.hr:14 - entering hr: StateBlock(line=328,level=0,tokens=1610), 328, 343, False
2025-12-28 19:14:07 - 20251228_191406_cec5531b - markdown_it.rules_block.list - DEBUG - list.list_block:102 - entering list: StateBlock(line=328,level=0,tokens=1610), 328, 343, False
2025-12-28 19:14:07 - 20251228_191406_cec5531b - markdown_it.rules_block.code - DEBUG - code.code:10 - entering code: StateBlock(line=328,level=2,tokens=1612), 328, 343, False
2025-12-28 19:14:07 - 20251228_191406_cec5531b - markdown_it.rules_block.fence - DEBUG - fence.fence:10 - entering fence: StateBlock(line=328,level=2,tokens=1612), 328, 343, False
2025-12-28 19:14:07 - 20251228_191406_cec5531b - markdown_it.rules_block.blockquote - DEBUG - blockquote.blockquote:13 - entering blockquote: StateBlock(line=328,level=2,tokens=1612), 328, 343, False
2025-12-28 19:14:07 - 20251228_191406_cec5531b - markdown_it.rules_block.hr - DEBUG - hr.hr:14 - entering hr: StateBlock(line=328,level=2,tokens=1612), 328, 343, False
2025-12-28 19:14:07 - 20251228_191406_cec5531b - markdown_it.rules_block.list - DEBUG - list.list_block:102 - entering list: StateBlock(line=328,level=2,tokens=1612), 328, 343, False
2025-12-28 19:14:07 - 20251228_191406_cec5531b - markdown_it.rules_block.reference - DEBUG - reference.reference:10 - entering reference: StateBlock(line=328,level=2,tokens=1612), 328, 343, False
2025-12-28 19:14:07 - 20251228_191406_cec5531b - markdown_it.rules_block.html_block - DEBUG - html_block.html_block:35 - entering html_block: StateBlock(line=328,level=2,tokens=1612), 328, 343, False
2025-12-28 19:14:07 - 20251228_191406_cec5531b - markdown_it.rules_block.heading - DEBUG - heading.heading:13 - entering heading: StateBlock(line=328,level=2,tokens=1612), 328, 343, False
2025-12-28 19:14:07 - 20251228_191406_cec5531b - markdown_it.rules_block.lheading - DEBUG - lheading.lheading:10 - entering lheading: StateBlock(line=328,level=2,tokens=1612), 328, 343, False
2025-12-28 19:14:07 - 20251228_191406_cec5531b - markdown_it.rules_block.fence - DEBUG - fence.fence:10 - entering fence: StateBlock(line=328,level=2,tokens=1612), 329, 343, True
2025-12-28 19:14:07 - 20251228_191406_cec5531b - markdown_it.rules_block.blockquote - DEBUG - blockquote.blockquote:13 - entering blockquote: StateBlock(line=328,level=2,tokens=1612), 329, 343, True
2025-12-28 19:14:07 - 20251228_191406_cec5531b - markdown_it.rules_block.hr - DEBUG - hr.hr:14 - entering hr: StateBlock(line=328,level=2,tokens=1612), 329, 343, True
2025-12-28 19:14:07 - 20251228_191406_cec5531b - markdown_it.rules_block.list - DEBUG - list.list_block:102 - entering list: StateBlock(line=328,level=2,tokens=1612), 329, 343, True
2025-12-28 19:14:07 - 20251228_191406_cec5531b - markdown_it.rules_block.paragraph - DEBUG - paragraph.paragraph:10 - entering paragraph: StateBlock(line=328,level=2,tokens=1612), 328, 343, False
2025-12-28 19:14:07 - 20251228_191406_cec5531b - markdown_it.rules_block.fence - DEBUG - fence.fence:10 - entering fence: StateBlock(line=328,level=2,tokens=1612), 329, 343, True
2025-12-28 19:14:07 - 20251228_191406_cec5531b - markdown_it.rules_block.blockquote - DEBUG - blockquote.blockquote:13 - entering blockquote: StateBlock(line=328,level=2,tokens=1612), 329, 343, True
2025-12-28 19:14:07 - 20251228_191406_cec5531b - markdown_it.rules_block.hr - DEBUG - hr.hr:14 - entering hr: StateBlock(line=328,level=2,tokens=1612), 329, 343, True
2025-12-28 19:14:07 - 20251228_191406_cec5531b - markdown_it.rules_block.list - DEBUG - list.list_block:102 - entering list: StateBlock(line=328,level=2,tokens=1612), 329, 343, True
2025-12-28 19:14:07 - 20251228_191406_cec5531b - markdown_it.rules_block.fence - DEBUG - fence.fence:10 - entering fence: StateBlock(line=329,level=1,tokens=1616), 329, 343, True
2025-12-28 19:14:07 - 20251228_191406_cec5531b - markdown_it.rules_block.blockquote - DEBUG - blockquote.blockquote:13 - entering blockquote: StateBlock(line=329,level=1,tokens=1616), 329, 343, True
2025-12-28 19:14:07 - 20251228_191406_cec5531b - markdown_it.rules_block.hr - DEBUG - hr.hr:14 - entering hr: StateBlock(line=329,level=1,tokens=1616), 329, 343, True
2025-12-28 19:14:07 - 20251228_191406_cec5531b - markdown_it.rules_block.code - DEBUG - code.code:10 - entering code: StateBlock(line=329,level=2,tokens=1617), 329, 343, False
2025-12-28 19:14:07 - 20251228_191406_cec5531b - markdown_it.rules_block.fence - DEBUG - fence.fence:10 - entering fence: StateBlock(line=329,level=2,tokens=1617), 329, 343, False
2025-12-28 19:14:07 - 20251228_191406_cec5531b - markdown_it.rules_block.blockquote - DEBUG - blockquote.blockquote:13 - entering blockquote: StateBlock(line=329,level=2,tokens=1617), 329, 343, False
2025-12-28 19:14:07 - 20251228_191406_cec5531b - markdown_it.rules_block.hr - DEBUG - hr.hr:14 - entering hr: StateBlock(line=329,level=2,tokens=1617), 329, 343, False
2025-12-28 19:14:07 - 20251228_191406_cec5531b - markdown_it.rules_block.list - DEBUG - list.list_block:102 - entering list: StateBlock(line=329,level=2,tokens=1617), 329, 343, False
2025-12-28 19:14:07 - 20251228_191406_cec5531b - markdown_it.rules_block.reference - DEBUG - reference.reference:10 - entering reference: StateBlock(line=329,level=2,tokens=1617), 329, 343, False
2025-12-28 19:14:07 - 20251228_191406_cec5531b - markdown_it.rules_block.html_block - DEBUG - html_block.html_block:35 - entering html_block: StateBlock(line=329,level=2,tokens=1617), 329, 343, False
2025-12-28 19:14:07 - 20251228_191406_cec5531b - markdown_it.rules_block.heading - DEBUG - heading.heading:13 - entering heading: StateBlock(line=329,level=2,tokens=1617), 329, 343, False
2025-12-28 19:14:07 - 20251228_191406_cec5531b - markdown_it.rules_block.lheading - DEBUG - lheading.lheading:10 - entering lheading: StateBlock(line=329,level=2,tokens=1617), 329, 343, False
2025-12-28 19:14:07 - 20251228_191406_cec5531b - markdown_it.rules_block.fence - DEBUG - fence.fence:10 - entering fence: StateBlock(line=329,level=2,tokens=1617), 330, 343, True
2025-12-28 19:14:07 - 20251228_191406_cec5531b - markdown_it.rules_block.blockquote - DEBUG - blockquote.blockquote:13 - entering blockquote: StateBlock(line=329,level=2,tokens=1617), 330, 343, True
2025-12-28 19:14:07 - 20251228_191406_cec5531b - markdown_it.rules_block.hr - DEBUG - hr.hr:14 - entering hr: StateBlock(line=329,level=2,tokens=1617), 330, 343, True
2025-12-28 19:14:07 - 20251228_191406_cec5531b - markdown_it.rules_block.list - DEBUG - list.list_block:102 - entering list: StateBlock(line=329,level=2,tokens=1617), 330, 343, True
2025-12-28 19:14:07 - 20251228_191406_cec5531b - markdown_it.rules_block.paragraph - DEBUG - paragraph.paragraph:10 - entering paragraph: StateBlock(line=329,level=2,tokens=1617), 329, 343, False
2025-12-28 19:14:07 - 20251228_191406_cec5531b - markdown_it.rules_block.fence - DEBUG - fence.fence:10 - entering fence: StateBlock(line=329,level=2,tokens=1617), 330, 343, True
2025-12-28 19:14:07 - 20251228_191406_cec5531b - markdown_it.rules_block.blockquote - DEBUG - blockquote.blockquote:13 - entering blockquote: StateBlock(line=329,level=2,tokens=1617), 330, 343, True
2025-12-28 19:14:07 - 20251228_191406_cec5531b - markdown_it.rules_block.hr - DEBUG - hr.hr:14 - entering hr: StateBlock(line=329,level=2,tokens=1617), 330, 343, True
2025-12-28 19:14:07 - 20251228_191406_cec5531b - markdown_it.rules_block.list - DEBUG - list.list_block:102 - entering list: StateBlock(line=329,level=2,tokens=1617), 330, 343, True
2025-12-28 19:14:07 - 20251228_191406_cec5531b - markdown_it.rules_block.fence - DEBUG - fence.fence:10 - entering fence: StateBlock(line=330,level=1,tokens=1621), 330, 343, True
2025-12-28 19:14:07 - 20251228_191406_cec5531b - markdown_it.rules_block.blockquote - DEBUG - blockquote.blockquote:13 - entering blockquote: StateBlock(line=330,level=1,tokens=1621), 330, 343, True
2025-12-28 19:14:07 - 20251228_191406_cec5531b - markdown_it.rules_block.hr - DEBUG - hr.hr:14 - entering hr: StateBlock(line=330,level=1,tokens=1621), 330, 343, True
2025-12-28 19:14:07 - 20251228_191406_cec5531b - markdown_it.rules_block.code - DEBUG - code.code:10 - entering code: StateBlock(line=330,level=2,tokens=1622), 330, 343, False
2025-12-28 19:14:07 - 20251228_191406_cec5531b - markdown_it.rules_block.fence - DEBUG - fence.fence:10 - entering fence: StateBlock(line=330,level=2,tokens=1622), 330, 343, False
2025-12-28 19:14:07 - 20251228_191406_cec5531b - markdown_it.rules_block.blockquote - DEBUG - blockquote.blockquote:13 - entering blockquote: StateBlock(line=330,level=2,tokens=1622), 330, 343, False
2025-12-28 19:14:07 - 20251228_191406_cec5531b - markdown_it.rules_block.hr - DEBUG - hr.hr:14 - entering hr: StateBlock(line=330,level=2,tokens=1622), 330, 343, False
2025-12-28 19:14:07 - 20251228_191406_cec5531b - markdown_it.rules_block.list - DEBUG - list.list_block:102 - entering list: StateBlock(line=330,level=2,tokens=1622), 330, 343, False
2025-12-28 19:14:07 - 20251228_191406_cec5531b - markdown_it.rules_block.reference - DEBUG - reference.reference:10 - entering reference: StateBlock(line=330,level=2,tokens=1622), 330, 343, False
2025-12-28 19:14:07 - 20251228_191406_cec5531b - markdown_it.rules_block.html_block - DEBUG - html_block.html_block:35 - entering html_block: StateBlock(line=330,level=2,tokens=1622), 330, 343, False
2025-12-28 19:14:07 - 20251228_191406_cec5531b - markdown_it.rules_block.heading - DEBUG - heading.heading:13 - entering heading: StateBlock(line=330,level=2,tokens=1622), 330, 343, False
2025-12-28 19:14:07 - 20251228_191406_cec5531b - markdown_it.rules_block.lheading - DEBUG - lheading.lheading:10 - entering lheading: StateBlock(line=330,level=2,tokens=1622), 330, 343, False
2025-12-28 19:14:07 - 20251228_191406_cec5531b - markdown_it.rules_block.fence - DEBUG - fence.fence:10 - entering fence: StateBlock(line=330,level=2,tokens=1622), 331, 343, True
2025-12-28 19:14:07 - 20251228_191406_cec5531b - markdown_it.rules_block.blockquote - DEBUG - blockquote.blockquote:13 - entering blockquote: StateBlock(line=330,level=2,tokens=1622), 331, 343, True
2025-12-28 19:14:07 - 20251228_191406_cec5531b - markdown_it.rules_block.hr - DEBUG - hr.hr:14 - entering hr: StateBlock(line=330,level=2,tokens=1622), 331, 343, True
2025-12-28 19:14:07 - 20251228_191406_cec5531b - markdown_it.rules_block.list - DEBUG - list.list_block:102 - entering list: StateBlock(line=330,level=2,tokens=1622), 331, 343, True
2025-12-28 19:14:07 - 20251228_191406_cec5531b - markdown_it.rules_block.paragraph - DEBUG - paragraph.paragraph:10 - entering paragraph: StateBlock(line=330,level=2,tokens=1622), 330, 343, False
2025-12-28 19:14:07 - 20251228_191406_cec5531b - markdown_it.rules_block.fence - DEBUG - fence.fence:10 - entering fence: StateBlock(line=330,level=2,tokens=1622), 331, 343, True
2025-12-28 19:14:07 - 20251228_191406_cec5531b - markdown_it.rules_block.blockquote - DEBUG - blockquote.blockquote:13 - entering blockquote: StateBlock(line=330,level=2,tokens=1622), 331, 343, True
2025-12-28 19:14:07 - 20251228_191406_cec5531b - markdown_it.rules_block.hr - DEBUG - hr.hr:14 - entering hr: StateBlock(line=330,level=2,tokens=1622), 331, 343, True
2025-12-28 19:14:07 - 20251228_191406_cec5531b - markdown_it.rules_block.list - DEBUG - list.list_block:102 - entering list: StateBlock(line=330,level=2,tokens=1622), 331, 343, True
2025-12-28 19:14:07 - 20251228_191406_cec5531b - markdown_it.rules_block.fence - DEBUG - fence.fence:10 - entering fence: StateBlock(line=331,level=1,tokens=1626), 331, 343, True
2025-12-28 19:14:07 - 20251228_191406_cec5531b - markdown_it.rules_block.blockquote - DEBUG - blockquote.blockquote:13 - entering blockquote: StateBlock(line=331,level=1,tokens=1626), 331, 343, True
2025-12-28 19:14:07 - 20251228_191406_cec5531b - markdown_it.rules_block.hr - DEBUG - hr.hr:14 - entering hr: StateBlock(line=331,level=1,tokens=1626), 331, 343, True
2025-12-28 19:14:07 - 20251228_191406_cec5531b - markdown_it.rules_block.code - DEBUG - code.code:10 - entering code: StateBlock(line=331,level=2,tokens=1627), 331, 343, False
2025-12-28 19:14:07 - 20251228_191406_cec5531b - markdown_it.rules_block.fence - DEBUG - fence.fence:10 - entering fence: StateBlock(line=331,level=2,tokens=1627), 331, 343, False
2025-12-28 19:14:07 - 20251228_191406_cec5531b - markdown_it.rules_block.blockquote - DEBUG - blockquote.blockquote:13 - entering blockquote: StateBlock(line=331,level=2,tokens=1627), 331, 343, False
2025-12-28 19:14:07 - 20251228_191406_cec5531b - markdown_it.rules_block.hr - DEBUG - hr.hr:14 - entering hr: StateBlock(line=331,level=2,tokens=1627), 331, 343, False
2025-12-28 19:14:07 - 20251228_191406_cec5531b - markdown_it.rules_block.list - DEBUG - list.list_block:102 - entering list: StateBlock(line=331,level=2,tokens=1627), 331, 343, False
2025-12-28 19:14:07 - 20251228_191406_cec5531b - markdown_it.rules_block.reference - DEBUG - reference.reference:10 - entering reference: StateBlock(line=331,level=2,tokens=1627), 331, 343, False
2025-12-28 19:14:07 - 20251228_191406_cec5531b - markdown_it.rules_block.html_block - DEBUG - html_block.html_block:35 - entering html_block: StateBlock(line=331,level=2,tokens=1627), 331, 343, False
2025-12-28 19:14:07 - 20251228_191406_cec5531b - markdown_it.rules_block.heading - DEBUG - heading.heading:13 - entering heading: StateBlock(line=331,level=2,tokens=1627), 331, 343, False
2025-12-28 19:14:07 - 20251228_191406_cec5531b - markdown_it.rules_block.lheading - DEBUG - lheading.lheading:10 - entering lheading: StateBlock(line=331,level=2,tokens=1627), 331, 343, False
2025-12-28 19:14:07 - 20251228_191406_cec5531b - markdown_it.rules_block.fence - DEBUG - fence.fence:10 - entering fence: StateBlock(line=331,level=2,tokens=1627), 332, 343, True
2025-12-28 19:14:07 - 20251228_191406_cec5531b - markdown_it.rules_block.blockquote - DEBUG - blockquote.blockquote:13 - entering blockquote: StateBlock(line=331,level=2,tokens=1627), 332, 343, True
2025-12-28 19:14:07 - 20251228_191406_cec5531b - markdown_it.rules_block.hr - DEBUG - hr.hr:14 - entering hr: StateBlock(line=331,level=2,tokens=1627), 332, 343, True
2025-12-28 19:14:07 - 20251228_191406_cec5531b - markdown_it.rules_block.list - DEBUG - list.list_block:102 - entering list: StateBlock(line=331,level=2,tokens=1627), 332, 343, True
2025-12-28 19:14:07 - 20251228_191406_cec5531b - markdown_it.rules_block.paragraph - DEBUG - paragraph.paragraph:10 - entering paragraph: StateBlock(line=331,level=2,tokens=1627), 331, 343, False
2025-12-28 19:14:07 - 20251228_191406_cec5531b - markdown_it.rules_block.fence - DEBUG - fence.fence:10 - entering fence: StateBlock(line=331,level=2,tokens=1627), 332, 343, True
2025-12-28 19:14:07 - 20251228_191406_cec5531b - markdown_it.rules_block.blockquote - DEBUG - blockquote.blockquote:13 - entering blockquote: StateBlock(line=331,level=2,tokens=1627), 332, 343, True
2025-12-28 19:14:07 - 20251228_191406_cec5531b - markdown_it.rules_block.hr - DEBUG - hr.hr:14 - entering hr: StateBlock(line=331,level=2,tokens=1627), 332, 343, True
2025-12-28 19:14:07 - 20251228_191406_cec5531b - markdown_it.rules_block.list - DEBUG - list.list_block:102 - entering list: StateBlock(line=331,level=2,tokens=1627), 332, 343, True
2025-12-28 19:14:07 - 20251228_191406_cec5531b - markdown_it.rules_block.fence - DEBUG - fence.fence:10 - entering fence: StateBlock(line=332,level=1,tokens=1631), 332, 343, True
2025-12-28 19:14:07 - 20251228_191406_cec5531b - markdown_it.rules_block.blockquote - DEBUG - blockquote.blockquote:13 - entering blockquote: StateBlock(line=332,level=1,tokens=1631), 332, 343, True
2025-12-28 19:14:07 - 20251228_191406_cec5531b - markdown_it.rules_block.hr - DEBUG - hr.hr:14 - entering hr: StateBlock(line=332,level=1,tokens=1631), 332, 343, True
2025-12-28 19:14:07 - 20251228_191406_cec5531b - markdown_it.rules_block.code - DEBUG - code.code:10 - entering code: StateBlock(line=332,level=2,tokens=1632), 332, 343, False
2025-12-28 19:14:07 - 20251228_191406_cec5531b - markdown_it.rules_block.fence - DEBUG - fence.fence:10 - entering fence: StateBlock(line=332,level=2,tokens=1632), 332, 343, False
2025-12-28 19:14:07 - 20251228_191406_cec5531b - markdown_it.rules_block.blockquote - DEBUG - blockquote.blockquote:13 - entering blockquote: StateBlock(line=332,level=2,tokens=1632), 332, 343, False
2025-12-28 19:14:07 - 20251228_191406_cec5531b - markdown_it.rules_block.hr - DEBUG - hr.hr:14 - entering hr: StateBlock(line=332,level=2,tokens=1632), 332, 343, False
2025-12-28 19:14:07 - 20251228_191406_cec5531b - markdown_it.rules_block.list - DEBUG - list.list_block:102 - entering list: StateBlock(line=332,level=2,tokens=1632), 332, 343, False
2025-12-28 19:14:07 - 20251228_191406_cec5531b - markdown_it.rules_block.reference - DEBUG - reference.reference:10 - entering reference: StateBlock(line=332,level=2,tokens=1632), 332, 343, False
2025-12-28 19:14:07 - 20251228_191406_cec5531b - markdown_it.rules_block.html_block - DEBUG - html_block.html_block:35 - entering html_block: StateBlock(line=332,level=2,tokens=1632), 332, 343, False
2025-12-28 19:14:07 - 20251228_191406_cec5531b - markdown_it.rules_block.heading - DEBUG - heading.heading:13 - entering heading: StateBlock(line=332,level=2,tokens=1632), 332, 343, False
2025-12-28 19:14:07 - 20251228_191406_cec5531b - markdown_it.rules_block.lheading - DEBUG - lheading.lheading:10 - entering lheading: StateBlock(line=332,level=2,tokens=1632), 332, 343, False
2025-12-28 19:14:07 - 20251228_191406_cec5531b - markdown_it.rules_block.fence - DEBUG - fence.fence:10 - entering fence: StateBlock(line=332,level=2,tokens=1632), 333, 343, True
2025-12-28 19:14:07 - 20251228_191406_cec5531b - markdown_it.rules_block.blockquote - DEBUG - blockquote.blockquote:13 - entering blockquote: StateBlock(line=332,level=2,tokens=1632), 333, 343, True
2025-12-28 19:14:07 - 20251228_191406_cec5531b - markdown_it.rules_block.hr - DEBUG - hr.hr:14 - entering hr: StateBlock(line=332,level=2,tokens=1632), 333, 343, True
2025-12-28 19:14:07 - 20251228_191406_cec5531b - markdown_it.rules_block.list - DEBUG - list.list_block:102 - entering list: StateBlock(line=332,level=2,tokens=1632), 333, 343, True
2025-12-28 19:14:07 - 20251228_191406_cec5531b - markdown_it.rules_block.paragraph - DEBUG - paragraph.paragraph:10 - entering paragraph: StateBlock(line=332,level=2,tokens=1632), 332, 343, False
2025-12-28 19:14:07 - 20251228_191406_cec5531b - markdown_it.rules_block.fence - DEBUG - fence.fence:10 - entering fence: StateBlock(line=332,level=2,tokens=1632), 333, 343, True
2025-12-28 19:14:07 - 20251228_191406_cec5531b - markdown_it.rules_block.blockquote - DEBUG - blockquote.blockquote:13 - entering blockquote: StateBlock(line=332,level=2,tokens=1632), 333, 343, True
2025-12-28 19:14:07 - 20251228_191406_cec5531b - markdown_it.rules_block.hr - DEBUG - hr.hr:14 - entering hr: StateBlock(line=332,level=2,tokens=1632), 333, 343, True
2025-12-28 19:14:07 - 20251228_191406_cec5531b - markdown_it.rules_block.list - DEBUG - list.list_block:102 - entering list: StateBlock(line=332,level=2,tokens=1632), 333, 343, True
2025-12-28 19:14:07 - 20251228_191406_cec5531b - markdown_it.rules_block.fence - DEBUG - fence.fence:10 - entering fence: StateBlock(line=333,level=1,tokens=1636), 333, 343, True
2025-12-28 19:14:07 - 20251228_191406_cec5531b - markdown_it.rules_block.blockquote - DEBUG - blockquote.blockquote:13 - entering blockquote: StateBlock(line=333,level=1,tokens=1636), 333, 343, True
2025-12-28 19:14:07 - 20251228_191406_cec5531b - markdown_it.rules_block.hr - DEBUG - hr.hr:14 - entering hr: StateBlock(line=333,level=1,tokens=1636), 333, 343, True
2025-12-28 19:14:07 - 20251228_191406_cec5531b - markdown_it.rules_block.code - DEBUG - code.code:10 - entering code: StateBlock(line=333,level=2,tokens=1637), 333, 343, False
2025-12-28 19:14:07 - 20251228_191406_cec5531b - markdown_it.rules_block.fence - DEBUG - fence.fence:10 - entering fence: StateBlock(line=333,level=2,tokens=1637), 333, 343, False
2025-12-28 19:14:07 - 20251228_191406_cec5531b - markdown_it.rules_block.blockquote - DEBUG - blockquote.blockquote:13 - entering blockquote: StateBlock(line=333,level=2,tokens=1637), 333, 343, False
2025-12-28 19:14:07 - 20251228_191406_cec5531b - markdown_it.rules_block.hr - DEBUG - hr.hr:14 - entering hr: StateBlock(line=333,level=2,tokens=1637), 333, 343, False
2025-12-28 19:14:07 - 20251228_191406_cec5531b - markdown_it.rules_block.list - DEBUG - list.list_block:102 - entering list: StateBlock(line=333,level=2,tokens=1637), 333, 343, False
2025-12-28 19:14:07 - 20251228_191406_cec5531b - markdown_it.rules_block.reference - DEBUG - reference.reference:10 - entering reference: StateBlock(line=333,level=2,tokens=1637), 333, 343, False
2025-12-28 19:14:07 - 20251228_191406_cec5531b - markdown_it.rules_block.html_block - DEBUG - html_block.html_block:35 - entering html_block: StateBlock(line=333,level=2,tokens=1637), 333, 343, False
2025-12-28 19:14:07 - 20251228_191406_cec5531b - markdown_it.rules_block.heading - DEBUG - heading.heading:13 - entering heading: StateBlock(line=333,level=2,tokens=1637), 333, 343, False
2025-12-28 19:14:07 - 20251228_191406_cec5531b - markdown_it.rules_block.lheading - DEBUG - lheading.lheading:10 - entering lheading: StateBlock(line=333,level=2,tokens=1637), 333, 343, False
2025-12-28 19:14:07 - 20251228_191406_cec5531b - markdown_it.rules_block.fence - DEBUG - fence.fence:10 - entering fence: StateBlock(line=333,level=2,tokens=1637), 334, 343, True
2025-12-28 19:14:07 - 20251228_191406_cec5531b - markdown_it.rules_block.blockquote - DEBUG - blockquote.blockquote:13 - entering blockquote: StateBlock(line=333,level=2,tokens=1637), 334, 343, True
2025-12-28 19:14:07 - 20251228_191406_cec5531b - markdown_it.rules_block.hr - DEBUG - hr.hr:14 - entering hr: StateBlock(line=333,level=2,tokens=1637), 334, 343, True
2025-12-28 19:14:07 - 20251228_191406_cec5531b - markdown_it.rules_block.list - DEBUG - list.list_block:102 - entering list: StateBlock(line=333,level=2,tokens=1637), 334, 343, True
2025-12-28 19:14:07 - 20251228_191406_cec5531b - markdown_it.rules_block.paragraph - DEBUG - paragraph.paragraph:10 - entering paragraph: StateBlock(line=333,level=2,tokens=1637), 333, 343, False
2025-12-28 19:14:07 - 20251228_191406_cec5531b - markdown_it.rules_block.fence - DEBUG - fence.fence:10 - entering fence: StateBlock(line=333,level=2,tokens=1637), 334, 343, True
2025-12-28 19:14:07 - 20251228_191406_cec5531b - markdown_it.rules_block.blockquote - DEBUG - blockquote.blockquote:13 - entering blockquote: StateBlock(line=333,level=2,tokens=1637), 334, 343, True
2025-12-28 19:14:07 - 20251228_191406_cec5531b - markdown_it.rules_block.hr - DEBUG - hr.hr:14 - entering hr: StateBlock(line=333,level=2,tokens=1637), 334, 343, True
2025-12-28 19:14:07 - 20251228_191406_cec5531b - markdown_it.rules_block.list - DEBUG - list.list_block:102 - entering list: StateBlock(line=333,level=2,tokens=1637), 334, 343, True
2025-12-28 19:14:07 - 20251228_191406_cec5531b - markdown_it.rules_block.fence - DEBUG - fence.fence:10 - entering fence: StateBlock(line=334,level=1,tokens=1641), 334, 343, True
2025-12-28 19:14:07 - 20251228_191406_cec5531b - markdown_it.rules_block.blockquote - DEBUG - blockquote.blockquote:13 - entering blockquote: StateBlock(line=334,level=1,tokens=1641), 334, 343, True
2025-12-28 19:14:07 - 20251228_191406_cec5531b - markdown_it.rules_block.hr - DEBUG - hr.hr:14 - entering hr: StateBlock(line=334,level=1,tokens=1641), 334, 343, True
2025-12-28 19:14:07 - 20251228_191406_cec5531b - markdown_it.rules_block.code - DEBUG - code.code:10 - entering code: StateBlock(line=334,level=2,tokens=1642), 334, 343, False
2025-12-28 19:14:07 - 20251228_191406_cec5531b - markdown_it.rules_block.fence - DEBUG - fence.fence:10 - entering fence: StateBlock(line=334,level=2,tokens=1642), 334, 343, False
2025-12-28 19:14:07 - 20251228_191406_cec5531b - markdown_it.rules_block.blockquote - DEBUG - blockquote.blockquote:13 - entering blockquote: StateBlock(line=334,level=2,tokens=1642), 334, 343, False
2025-12-28 19:14:07 - 20251228_191406_cec5531b - markdown_it.rules_block.hr - DEBUG - hr.hr:14 - entering hr: StateBlock(line=334,level=2,tokens=1642), 334, 343, False
2025-12-28 19:14:07 - 20251228_191406_cec5531b - markdown_it.rules_block.list - DEBUG - list.list_block:102 - entering list: StateBlock(line=334,level=2,tokens=1642), 334, 343, False
2025-12-28 19:14:07 - 20251228_191406_cec5531b - markdown_it.rules_block.reference - DEBUG - reference.reference:10 - entering reference: StateBlock(line=334,level=2,tokens=1642), 334, 343, False
2025-12-28 19:14:07 - 20251228_191406_cec5531b - markdown_it.rules_block.html_block - DEBUG - html_block.html_block:35 - entering html_block: StateBlock(line=334,level=2,tokens=1642), 334, 343, False
2025-12-28 19:14:07 - 20251228_191406_cec5531b - markdown_it.rules_block.heading - DEBUG - heading.heading:13 - entering heading: StateBlock(line=334,level=2,tokens=1642), 334, 343, False
2025-12-28 19:14:07 - 20251228_191406_cec5531b - markdown_it.rules_block.lheading - DEBUG - lheading.lheading:10 - entering lheading: StateBlock(line=334,level=2,tokens=1642), 334, 343, False
2025-12-28 19:14:07 - 20251228_191406_cec5531b - markdown_it.rules_block.fence - DEBUG - fence.fence:10 - entering fence: StateBlock(line=334,level=2,tokens=1642), 335, 343, True
2025-12-28 19:14:07 - 20251228_191406_cec5531b - markdown_it.rules_block.blockquote - DEBUG - blockquote.blockquote:13 - entering blockquote: StateBlock(line=334,level=2,tokens=1642), 335, 343, True
2025-12-28 19:14:07 - 20251228_191406_cec5531b - markdown_it.rules_block.hr - DEBUG - hr.hr:14 - entering hr: StateBlock(line=334,level=2,tokens=1642), 335, 343, True
2025-12-28 19:14:07 - 20251228_191406_cec5531b - markdown_it.rules_block.list - DEBUG - list.list_block:102 - entering list: StateBlock(line=334,level=2,tokens=1642), 335, 343, True
2025-12-28 19:14:07 - 20251228_191406_cec5531b - markdown_it.rules_block.paragraph - DEBUG - paragraph.paragraph:10 - entering paragraph: StateBlock(line=334,level=2,tokens=1642), 334, 343, False
2025-12-28 19:14:07 - 20251228_191406_cec5531b - markdown_it.rules_block.fence - DEBUG - fence.fence:10 - entering fence: StateBlock(line=334,level=2,tokens=1642), 335, 343, True
2025-12-28 19:14:07 - 20251228_191406_cec5531b - markdown_it.rules_block.blockquote - DEBUG - blockquote.blockquote:13 - entering blockquote: StateBlock(line=334,level=2,tokens=1642), 335, 343, True
2025-12-28 19:14:07 - 20251228_191406_cec5531b - markdown_it.rules_block.hr - DEBUG - hr.hr:14 - entering hr: StateBlock(line=334,level=2,tokens=1642), 335, 343, True
2025-12-28 19:14:07 - 20251228_191406_cec5531b - markdown_it.rules_block.list - DEBUG - list.list_block:102 - entering list: StateBlock(line=334,level=2,tokens=1642), 335, 343, True
2025-12-28 19:14:07 - 20251228_191406_cec5531b - markdown_it.rules_block.fence - DEBUG - fence.fence:10 - entering fence: StateBlock(line=335,level=1,tokens=1646), 335, 343, True
2025-12-28 19:14:07 - 20251228_191406_cec5531b - markdown_it.rules_block.blockquote - DEBUG - blockquote.blockquote:13 - entering blockquote: StateBlock(line=335,level=1,tokens=1646), 335, 343, True
2025-12-28 19:14:07 - 20251228_191406_cec5531b - markdown_it.rules_block.hr - DEBUG - hr.hr:14 - entering hr: StateBlock(line=335,level=1,tokens=1646), 335, 343, True
2025-12-28 19:14:07 - 20251228_191406_cec5531b - markdown_it.rules_block.code - DEBUG - code.code:10 - entering code: StateBlock(line=335,level=2,tokens=1647), 335, 343, False
2025-12-28 19:14:07 - 20251228_191406_cec5531b - markdown_it.rules_block.fence - DEBUG - fence.fence:10 - entering fence: StateBlock(line=335,level=2,tokens=1647), 335, 343, False
2025-12-28 19:14:07 - 20251228_191406_cec5531b - markdown_it.rules_block.blockquote - DEBUG - blockquote.blockquote:13 - entering blockquote: StateBlock(line=335,level=2,tokens=1647), 335, 343, False
2025-12-28 19:14:07 - 20251228_191406_cec5531b - markdown_it.rules_block.hr - DEBUG - hr.hr:14 - entering hr: StateBlock(line=335,level=2,tokens=1647), 335, 343, False
2025-12-28 19:14:07 - 20251228_191406_cec5531b - markdown_it.rules_block.list - DEBUG - list.list_block:102 - entering list: StateBlock(line=335,level=2,tokens=1647), 335, 343, False
2025-12-28 19:14:07 - 20251228_191406_cec5531b - markdown_it.rules_block.reference - DEBUG - reference.reference:10 - entering reference: StateBlock(line=335,level=2,tokens=1647), 335, 343, False
2025-12-28 19:14:07 - 20251228_191406_cec5531b - markdown_it.rules_block.html_block - DEBUG - html_block.html_block:35 - entering html_block: StateBlock(line=335,level=2,tokens=1647), 335, 343, False
2025-12-28 19:14:07 - 20251228_191406_cec5531b - markdown_it.rules_block.heading - DEBUG - heading.heading:13 - entering heading: StateBlock(line=335,level=2,tokens=1647), 335, 343, False
2025-12-28 19:14:07 - 20251228_191406_cec5531b - markdown_it.rules_block.lheading - DEBUG - lheading.lheading:10 - entering lheading: StateBlock(line=335,level=2,tokens=1647), 335, 343, False
2025-12-28 19:14:07 - 20251228_191406_cec5531b - markdown_it.rules_block.paragraph - DEBUG - paragraph.paragraph:10 - entering paragraph: StateBlock(line=335,level=2,tokens=1647), 335, 343, False
2025-12-28 19:14:07 - 20251228_191406_cec5531b - markdown_it.rules_block.fence - DEBUG - fence.fence:10 - entering fence: StateBlock(line=337,level=1,tokens=1651), 337, 343, True
2025-12-28 19:14:07 - 20251228_191406_cec5531b - markdown_it.rules_block.blockquote - DEBUG - blockquote.blockquote:13 - entering blockquote: StateBlock(line=337,level=1,tokens=1651), 337, 343, True
2025-12-28 19:14:07 - 20251228_191406_cec5531b - markdown_it.rules_block.hr - DEBUG - hr.hr:14 - entering hr: StateBlock(line=337,level=1,tokens=1651), 337, 343, True
2025-12-28 19:14:07 - 20251228_191406_cec5531b - markdown_it.rules_block.code - DEBUG - code.code:10 - entering code: StateBlock(line=337,level=0,tokens=1652), 337, 343, False
2025-12-28 19:14:07 - 20251228_191406_cec5531b - markdown_it.rules_block.fence - DEBUG - fence.fence:10 - entering fence: StateBlock(line=337,level=0,tokens=1652), 337, 343, False
2025-12-28 19:14:07 - 20251228_191406_cec5531b - markdown_it.rules_block.blockquote - DEBUG - blockquote.blockquote:13 - entering blockquote: StateBlock(line=337,level=0,tokens=1652), 337, 343, False
2025-12-28 19:14:07 - 20251228_191406_cec5531b - markdown_it.rules_block.hr - DEBUG - hr.hr:14 - entering hr: StateBlock(line=337,level=0,tokens=1652), 337, 343, False
2025-12-28 19:14:07 - 20251228_191406_cec5531b - markdown_it.rules_block.code - DEBUG - code.code:10 - entering code: StateBlock(line=339,level=0,tokens=1653), 339, 343, False
2025-12-28 19:14:07 - 20251228_191406_cec5531b - markdown_it.rules_block.fence - DEBUG - fence.fence:10 - entering fence: StateBlock(line=339,level=0,tokens=1653), 339, 343, False
2025-12-28 19:14:07 - 20251228_191406_cec5531b - markdown_it.rules_block.blockquote - DEBUG - blockquote.blockquote:13 - entering blockquote: StateBlock(line=339,level=0,tokens=1653), 339, 343, False
2025-12-28 19:14:07 - 20251228_191406_cec5531b - markdown_it.rules_block.hr - DEBUG - hr.hr:14 - entering hr: StateBlock(line=339,level=0,tokens=1653), 339, 343, False
2025-12-28 19:14:07 - 20251228_191406_cec5531b - markdown_it.rules_block.list - DEBUG - list.list_block:102 - entering list: StateBlock(line=339,level=0,tokens=1653), 339, 343, False
2025-12-28 19:14:07 - 20251228_191406_cec5531b - markdown_it.rules_block.reference - DEBUG - reference.reference:10 - entering reference: StateBlock(line=339,level=0,tokens=1653), 339, 343, False
2025-12-28 19:14:07 - 20251228_191406_cec5531b - markdown_it.rules_block.html_block - DEBUG - html_block.html_block:35 - entering html_block: StateBlock(line=339,level=0,tokens=1653), 339, 343, False
2025-12-28 19:14:07 - 20251228_191406_cec5531b - markdown_it.rules_block.heading - DEBUG - heading.heading:13 - entering heading: StateBlock(line=339,level=0,tokens=1653), 339, 343, False
2025-12-28 19:14:07 - 20251228_191406_cec5531b - markdown_it.rules_block.lheading - DEBUG - lheading.lheading:10 - entering lheading: StateBlock(line=339,level=0,tokens=1653), 339, 343, False
2025-12-28 19:14:07 - 20251228_191406_cec5531b - markdown_it.rules_block.paragraph - DEBUG - paragraph.paragraph:10 - entering paragraph: StateBlock(line=339,level=0,tokens=1653), 339, 343, False
2025-12-28 19:14:07 - 20251228_191406_cec5531b - markdown_it.rules_block.code - DEBUG - code.code:10 - entering code: StateBlock(line=341,level=0,tokens=1656), 341, 343, False
2025-12-28 19:14:07 - 20251228_191406_cec5531b - markdown_it.rules_block.fence - DEBUG - fence.fence:10 - entering fence: StateBlock(line=341,level=0,tokens=1656), 341, 343, False
2025-12-28 19:14:07 - 20251228_191406_cec5531b - markdown_it.rules_block.blockquote - DEBUG - blockquote.blockquote:13 - entering blockquote: StateBlock(line=341,level=0,tokens=1656), 341, 343, False
2025-12-28 19:14:07 - 20251228_191406_cec5531b - markdown_it.rules_block.hr - DEBUG - hr.hr:14 - entering hr: StateBlock(line=341,level=0,tokens=1656), 341, 343, False
2025-12-28 19:14:07 - 20251228_191406_cec5531b - markdown_it.rules_block.list - DEBUG - list.list_block:102 - entering list: StateBlock(line=341,level=0,tokens=1656), 341, 343, False
2025-12-28 19:14:07 - 20251228_191406_cec5531b - markdown_it.rules_block.reference - DEBUG - reference.reference:10 - entering reference: StateBlock(line=341,level=0,tokens=1656), 341, 343, False
2025-12-28 19:14:07 - 20251228_191406_cec5531b - markdown_it.rules_block.html_block - DEBUG - html_block.html_block:35 - entering html_block: StateBlock(line=341,level=0,tokens=1656), 341, 343, False
2025-12-28 19:14:07 - 20251228_191406_cec5531b - markdown_it.rules_block.heading - DEBUG - heading.heading:13 - entering heading: StateBlock(line=341,level=0,tokens=1656), 341, 343, False
2025-12-28 19:14:07 - 20251228_191406_cec5531b - markdown_it.rules_block.lheading - DEBUG - lheading.lheading:10 - entering lheading: StateBlock(line=341,level=0,tokens=1656), 341, 343, False
2025-12-28 19:14:07 - 20251228_191406_cec5531b - markdown_it.rules_block.fence - DEBUG - fence.fence:10 - entering fence: StateBlock(line=341,level=0,tokens=1656), 342, 343, True
2025-12-28 19:14:07 - 20251228_191406_cec5531b - markdown_it.rules_block.blockquote - DEBUG - blockquote.blockquote:13 - entering blockquote: StateBlock(line=341,level=0,tokens=1656), 342, 343, True
2025-12-28 19:14:07 - 20251228_191406_cec5531b - markdown_it.rules_block.hr - DEBUG - hr.hr:14 - entering hr: StateBlock(line=341,level=0,tokens=1656), 342, 343, True
2025-12-28 19:14:07 - 20251228_191406_cec5531b - markdown_it.rules_block.list - DEBUG - list.list_block:102 - entering list: StateBlock(line=341,level=0,tokens=1656), 342, 343, True
2025-12-28 19:14:07 - 20251228_191406_cec5531b - markdown_it.rules_block.html_block - DEBUG - html_block.html_block:35 - entering html_block: StateBlock(line=341,level=0,tokens=1656), 342, 343, True
2025-12-28 19:14:07 - 20251228_191406_cec5531b - markdown_it.rules_block.heading - DEBUG - heading.heading:13 - entering heading: StateBlock(line=341,level=0,tokens=1656), 342, 343, True
2025-12-28 19:14:07 - 20251228_191406_cec5531b - markdown_it.rules_block.paragraph - DEBUG - paragraph.paragraph:10 - entering paragraph: StateBlock(line=341,level=0,tokens=1656), 341, 343, False
2025-12-28 19:14:07 - 20251228_191406_cec5531b - markdown_it.rules_block.fence - DEBUG - fence.fence:10 - entering fence: StateBlock(line=341,level=0,tokens=1656), 342, 343, True
2025-12-28 19:14:07 - 20251228_191406_cec5531b - markdown_it.rules_block.blockquote - DEBUG - blockquote.blockquote:13 - entering blockquote: StateBlock(line=341,level=0,tokens=1656), 342, 343, True
2025-12-28 19:14:07 - 20251228_191406_cec5531b - markdown_it.rules_block.hr - DEBUG - hr.hr:14 - entering hr: StateBlock(line=341,level=0,tokens=1656), 342, 343, True
2025-12-28 19:14:07 - 20251228_191406_cec5531b - markdown_it.rules_block.list - DEBUG - list.list_block:102 - entering list: StateBlock(line=341,level=0,tokens=1656), 342, 343, True
2025-12-28 19:14:07 - 20251228_191406_cec5531b - markdown_it.rules_block.html_block - DEBUG - html_block.html_block:35 - entering html_block: StateBlock(line=341,level=0,tokens=1656), 342, 343, True
2025-12-28 19:14:07 - 20251228_191406_cec5531b - markdown_it.rules_block.heading - DEBUG - heading.heading:13 - entering heading: StateBlock(line=341,level=0,tokens=1656), 342, 343, True
2025-12-28 19:14:07 - 20251228_191406_cec5531b - aichemist_codex.converters.md2pdf - DEBUG - to_pdf.convert_md_to_pdf:258 - Saving PDF to: D:\Steve\Documents\HumanRights\Damages_Calculation.pdf
2025-12-28 19:14:07 - 20251228_191406_cec5531b - aichemist_codex.converters.md2pdf - DEBUG - to_pdf.convert_md_to_pdf:262 - Successfully saved PDF to: D:\Steve\Documents\HumanRights\Damages_Calculation.pdf
2025-12-28 19:14:07 - 20251228_191406_cec5531b - aichemist_codex.converters.md2pdf - ERROR - to_pdf.convert_md_to_pdf:295 - [CONVERSION_MD2PDF_003] Error converting Markdown to PDF: record_conversion_attempt() missing 1 required positional argument: 'conversion_type'
Traceback (most recent call last):
  File "D:\Coding\SafeAppeals2.0\python\transmutation_codex\plugins\markdown\to_pdf.py", line 275, in convert_md_to_pdf
    record_conversion_attempt(
    ~~~~~~~~~~~~~~~~~~~~~~~~~^
        converter_name="md2pdf",
        ^^^^^^^^^^^^^^^^^^^^^^^^
    ...<2 lines>...
        success=True,
        ^^^^^^^^^^^^^
    )
    ^
TypeError: record_conversion_attempt() missing 1 required positional argument: 'conversion_type'
2025-12-28 19:14:07 - 20251228_191406_cec5531b - aichemist_codex.electron_bridge - WARNING - conversion_handler.handle_single_conversion:121 - Initial conversion attempt failed: Markdown to PDF conversion failed: record_conversion_attempt() missing 1 required positional argument: 'conversion_type' (source_format=md, target_format=pdf, source_file=D:\Steve\Documents\HumanRights\Submission\Damages_Calculation.md, error_code=CONVERSION_MD2PDF_003)
Traceback (most recent call last):
  File "D:\Coding\SafeAppeals2.0\python\transmutation_codex\plugins\markdown\to_pdf.py", line 275, in convert_md_to_pdf
    record_conversion_attempt(
    ~~~~~~~~~~~~~~~~~~~~~~~~~^
        converter_name="md2pdf",
        ^^^^^^^^^^^^^^^^^^^^^^^^
    ...<2 lines>...
        success=True,
        ^^^^^^^^^^^^^
    )
    ^
TypeError: record_conversion_attempt() missing 1 required positional argument: 'conversion_type'

During handling of the above exception, another exception occurred:

Traceback (most recent call last):
  File "D:\Coding\SafeAppeals2.0\python\transmutation_codex\adapters\bridges\conversion_handler.py", line 116, in handle_single_conversion
    result_path = converter_callable(
        str(input_path), str(output_path), **args.options
    )
  File "D:\Coding\SafeAppeals2.0\python\transmutation_codex\core\decorators.py", line 113, in wrapper
    return func(input_path, output_path, **kwargs)
  File "D:\Coding\SafeAppeals2.0\python\transmutation_codex\plugins\markdown\to_pdf.py", line 297, in convert_md_to_pdf
    raise_conversion_error(
    ~~~~~~~~~~~~~~~~~~~~~~^
        f"Markdown to PDF conversion failed: {e}",
        ^^^^^^^^^^^^^^^^^^^^^^^^^^^^^^^^^^^^^^^^^^
    ...<3 lines>...
        error_code=error_code,
        ^^^^^^^^^^^^^^^^^^^^^^
    )
    ^
  File "D:\Coding\SafeAppeals2.0\python\transmutation_codex\core\exceptions.py", line 563, in raise_conversion_error
    raise ConversionError(message, source_format, target_format, source_file, error_code)
transmutation_codex.core.exceptions.ConversionError: Markdown to PDF conversion failed: record_conversion_attempt() missing 1 required positional argument: 'conversion_type' (source_format=md, target_format=pdf, source_file=D:\Steve\Documents\HumanRights\Submission\Damages_Calculation.md, error_code=CONVERSION_MD2PDF_003)
2025-12-28 19:14:07 - 20251228_191406_cec5531b - aichemist_codex.electron_bridge - ERROR - conversion_handler.handle_single_conversion:176 - [BRIDGE_004] Conversion failed: Markdown to PDF conversion failed: record_conversion_attempt() missing 1 required positional argument: 'conversion_type' (source_format=md, target_format=pdf, source_file=D:\Steve\Documents\HumanRights\Submission\Damages_Calculation.md, error_code=CONVERSION_MD2PDF_003)
Traceback (most recent call last):
  File "D:\Coding\SafeAppeals2.0\python\transmutation_codex\plugins\markdown\to_pdf.py", line 275, in convert_md_to_pdf
    record_conversion_attempt(
    ~~~~~~~~~~~~~~~~~~~~~~~~~^
        converter_name="md2pdf",
        ^^^^^^^^^^^^^^^^^^^^^^^^
    ...<2 lines>...
        success=True,
        ^^^^^^^^^^^^^
    )
    ^
TypeError: record_conversion_attempt() missing 1 required positional argument: 'conversion_type'

During handling of the above exception, another exception occurred:

Traceback (most recent call last):
  File "D:\Coding\SafeAppeals2.0\python\transmutation_codex\adapters\bridges\conversion_handler.py", line 116, in handle_single_conversion
    result_path = converter_callable(
        str(input_path), str(output_path), **args.options
    )
  File "D:\Coding\SafeAppeals2.0\python\transmutation_codex\core\decorators.py", line 113, in wrapper
    return func(input_path, output_path, **kwargs)
  File "D:\Coding\SafeAppeals2.0\python\transmutation_codex\plugins\markdown\to_pdf.py", line 297, in convert_md_to_pdf
    raise_conversion_error(
    ~~~~~~~~~~~~~~~~~~~~~~^
        f"Markdown to PDF conversion failed: {e}",
        ^^^^^^^^^^^^^^^^^^^^^^^^^^^^^^^^^^^^^^^^^^
    ...<3 lines>...
        error_code=error_code,
        ^^^^^^^^^^^^^^^^^^^^^^
    )
    ^
  File "D:\Coding\SafeAppeals2.0\python\transmutation_codex\core\exceptions.py", line 563, in raise_conversion_error
    raise ConversionError(message, source_format, target_format, source_file, error_code)
transmutation_codex.core.exceptions.ConversionError: Markdown to PDF conversion failed: record_conversion_attempt() missing 1 required positional argument: 'conversion_type' (source_format=md, target_format=pdf, source_file=D:\Steve\Documents\HumanRights\Submission\Damages_Calculation.md, error_code=CONVERSION_MD2PDF_003)
2025-12-28 19:14:07 - 20251228_191406_cec5531b - aichemist_codex.electron_bridge - ERROR - progress_reporter.report_error:97 - Reporting error (conversion): Markdown to PDF conversion failed: record_conversion_attempt() missing 1 required positional argument: 'conversion_type' (source_format=md, target_format=pdf, source_file=D:\Steve\Documents\HumanRights\Submission\Damages_Calculation.md, error_code=CONVERSION_MD2PDF_003)
2025-12-28 19:14:07 - 20251228_191406_cec5531b - aichemist_codex.electron_bridge - DEBUG - base.send_json_message:49 - Sending PROGRESS message: {"current": 30, "total": 100, "message": "Error: Markdown to PDF conversion failed: record_conversion_attempt() missing 1 required positional argument: 'conversion_type' (source_format=md, target_form...
2025-12-28 19:14:07 - 20251228_191406_cec5531b - aichemist_codex.electron_bridge - DEBUG - base.send_json_message:49 - Sending ERROR message: {"error": "Markdown to PDF conversion failed: record_conversion_attempt() missing 1 required positional argument: 'conversion_type' (source_format=md, target_format=pdf, source_file=D:\\Steve\\Documen...
2025-12-28 19:14:07 - 20251228_191406_cec5531b - aichemist_codex.electron_bridge - DEBUG - base.send_json_message:49 - Sending RESULT message: {"success": false, "message": "Conversion failed: Markdown to PDF conversion failed: record_conversion_attempt() missing 1 required positional argument: 'conversion_type' (source_format=md, target_for...
2025-12-28 19:14:07 - 20251228_191406_cec5531b - aichemist_codex.electron_bridge - ERROR - conversion_handler.handle_conversion:411 - [BRIDGE_004] Conversion error: Conversion failed: Markdown to PDF conversion failed: record_conversion_attempt() missing 1 required positional argument: 'conversion_type' (source_format=md, target_format=pdf, source_file=D:\Steve\Documents\HumanRights\Submission\Damages_Calculation.md, error_code=CONVERSION_MD2PDF_003)
Traceback (most recent call last):
  File "D:\Coding\SafeAppeals2.0\python\transmutation_codex\plugins\markdown\to_pdf.py", line 275, in convert_md_to_pdf
    record_conversion_attempt(
    ~~~~~~~~~~~~~~~~~~~~~~~~~^
        converter_name="md2pdf",
        ^^^^^^^^^^^^^^^^^^^^^^^^
    ...<2 lines>...
        success=True,
        ^^^^^^^^^^^^^
    )
    ^
TypeError: record_conversion_attempt() missing 1 required positional argument: 'conversion_type'

During handling of the above exception, another exception occurred:

Traceback (most recent call last):
  File "D:\Coding\SafeAppeals2.0\python\transmutation_codex\adapters\bridges\conversion_handler.py", line 116, in handle_single_conversion
    result_path = converter_callable(
        str(input_path), str(output_path), **args.options
    )
  File "D:\Coding\SafeAppeals2.0\python\transmutation_codex\core\decorators.py", line 113, in wrapper
    return func(input_path, output_path, **kwargs)
  File "D:\Coding\SafeAppeals2.0\python\transmutation_codex\plugins\markdown\to_pdf.py", line 297, in convert_md_to_pdf
    raise_conversion_error(
    ~~~~~~~~~~~~~~~~~~~~~~^
        f"Markdown to PDF conversion failed: {e}",
        ^^^^^^^^^^^^^^^^^^^^^^^^^^^^^^^^^^^^^^^^^^
    ...<3 lines>...
        error_code=error_code,
        ^^^^^^^^^^^^^^^^^^^^^^
    )
    ^
  File "D:\Coding\SafeAppeals2.0\python\transmutation_codex\core\exceptions.py", line 563, in raise_conversion_error
    raise ConversionError(message, source_format, target_format, source_file, error_code)
transmutation_codex.core.exceptions.ConversionError: Markdown to PDF conversion failed: record_conversion_attempt() missing 1 required positional argument: 'conversion_type' (source_format=md, target_format=pdf, source_file=D:\Steve\Documents\HumanRights\Submission\Damages_Calculation.md, error_code=CONVERSION_MD2PDF_003)

The above exception was the direct cause of the following exception:

Traceback (most recent call last):
  File "D:\Coding\SafeAppeals2.0\python\transmutation_codex\adapters\bridges\conversion_handler.py", line 391, in handle_conversion
    handle_single_conversion(args, reporter)
    ~~~~~~~~~~~~~~~~~~~~~~~~^^^^^^^^^^^^^^^^
  File "D:\Coding\SafeAppeals2.0\python\transmutation_codex\adapters\bridges\conversion_handler.py", line 189, in handle_single_conversion
    raise BridgeConversionError(f"Conversion failed: {e}") from e
transmutation_codex.adapters.bridges.base.BridgeConversionError: Conversion failed: Markdown to PDF conversion failed: record_conversion_attempt() missing 1 required positional argument: 'conversion_type' (source_format=md, target_format=pdf, source_file=D:\Steve\Documents\HumanRights\Submission\Damages_Calculation.md, error_code=CONVERSION_MD2PDF_003)
2025-12-28 19:14:07 - 20251228_191406_cec5531b - aichemist_codex.electron_bridge - INFO - electron_bridge.main:50 - Electron bridge exiting with code 1
