2026-01-12 18:58:50 - 20260112_185850_e4fd698d - root - INFO - logger._configure_programmatic_logging:343 - Logging configured programmatically. Session ID: 20260112_185850_e4fd698d. File log: D:\Coding\SafeAppeals2.0\python\logs\python\app_session_20260112_185850_e4fd698d.log
2026-01-12 18:58:50 - 20260112_185850_e4fd698d - aichemist_codex.electron_bridge - INFO - electron_bridge.main:40 - Electron bridge starting
2026-01-12 18:58:50 - 20260112_185850_e4fd698d - aichemist_codex.electron_bridge - DEBUG - argument_parser.validate:62 - Validating arguments for mode: convert
2026-01-12 18:58:50 - 20260112_185850_e4fd698d - aichemist_codex.electron_bridge - DEBUG - argument_parser._validate_convert:84 - Validating convert mode arguments
2026-01-12 18:58:50 - 20260112_185850_e4fd698d - aichemist_codex.electron_bridge - DEBUG - base.validate_file_exists:150 - Validating file exists: d:\Steve\Documents\SafeAppealsNavInvestorDocs\pitchDeck\SafeAppeals_OnePager_2026.md
2026-01-12 18:58:50 - 20260112_185850_e4fd698d - aichemist_codex.electron_bridge - DEBUG - base.validate_file_exists:160 - File validation passed: d:\Steve\Documents\SafeAppealsNavInvestorDocs\pitchDeck\SafeAppeals_OnePager_2026.md
2026-01-12 18:58:50 - 20260112_185850_e4fd698d - aichemist_codex.electron_bridge - DEBUG - base.validate_output_directory:178 - Validating output directory: d:\Steve\Documents\SafeAppealsNavInvestorDocs
2026-01-12 18:58:50 - 20260112_185850_e4fd698d - aichemist_codex.electron_bridge - DEBUG - base.validate_output_directory:188 - Output directory is writable: d:\Steve\Documents\SafeAppealsNavInvestorDocs
2026-01-12 18:58:50 - 20260112_185850_e4fd698d - aichemist_codex.electron_bridge - DEBUG - argument_parser.validate:74 - Argument validation passed
2026-01-12 18:58:50 - 20260112_185850_e4fd698d - aichemist_codex.electron_bridge - INFO - electron_bridge.main:45 - Bridge mode: convert, type: md2pdf
2026-01-12 18:58:50 - 20260112_185850_e4fd698d - aichemist_codex.electron_bridge - DEBUG - progress_reporter.report:55 - Reporting progress: 0/100 - Initializing conversion...
2026-01-12 18:58:50 - 20260112_185850_e4fd698d - aichemist_codex.electron_bridge - DEBUG - base.send_json_message:49 - Sending PROGRESS message: {"current": 0, "total": 100, "message": "Initializing conversion...", "type": "single_progress", "filename": ""}...
2026-01-12 18:58:50 - 20260112_185850_e4fd698d - aichemist_codex.electron_bridge - DEBUG - progress_reporter.report:55 - Reporting progress: 10/100 - Loading converter...
2026-01-12 18:58:50 - 20260112_185850_e4fd698d - aichemist_codex.electron_bridge - DEBUG - base.send_json_message:49 - Sending PROGRESS message: {"current": 10, "total": 100, "message": "Loading converter...", "type": "single_progress", "filename": ""}...
2026-01-12 18:58:50 - 20260112_185850_e4fd698d - aichemist_codex.electron_bridge - DEBUG - conversion_handler.handle_single_conversion:41 - Importing plugins to trigger auto-registration
2026-01-12 18:58:50 - 20260112_185850_e4fd698d - aichemist_codex.converters.md2html - DEBUG - to_html.<module>:38 - Markdown library available
2026-01-12 18:58:50 - 20260112_185850_e4fd698d - aichemist_codex.plugins - DEBUG - __init__.<module>:20 - Markdown to HTML converter loaded
2026-01-12 18:58:50 - 20260112_185850_e4fd698d - aichemist_codex.plugins - DEBUG - __init__.<module>:29 - Markdown to PDF converter loaded
2026-01-12 18:58:50 - 20260112_185850_e4fd698d - aichemist_codex.plugins - DEBUG - __init__.<module>:38 - Markdown to DOCX converter loaded
2026-01-12 18:58:50 - 20260112_185850_e4fd698d - aichemist_codex.plugins - WARNING - __init__.<module>:55 - PDF to Markdown converters not available: No module named 'ocrmypdf'
2026-01-12 18:58:50 - 20260112_185850_e4fd698d - aichemist_codex.plugins - WARNING - __init__.<module>:64 - PDF to HTML converter not available: No module named 'ocrmypdf'
2026-01-12 18:58:50 - 20260112_185850_e4fd698d - aichemist_codex.plugins - WARNING - __init__.<module>:73 - PDF to Editable converter not available: No module named 'ocrmypdf'
2026-01-12 18:58:50 - 20260112_185850_e4fd698d - aichemist_codex.plugins - DEBUG - __init__.<module>:81 - DOCX to Markdown converter loaded
2026-01-12 18:58:50 - 20260112_185850_e4fd698d - aichemist_codex.plugins - DEBUG - __init__.<module>:90 - DOCX to PDF converter loaded
2026-01-12 18:58:50 - 20260112_185850_e4fd698d - aichemist_codex.plugins - DEBUG - __init__.<module>:100 - HTML to PDF converter loaded
2026-01-12 18:58:50 - 20260112_185850_e4fd698d - aichemist_codex.plugins - WARNING - __init__.<module>:112 - TXT to PDF converter not available: No module named 'reportlab'
2026-01-12 18:58:51 - 20260112_185850_e4fd698d - aichemist_codex.plugins - DEBUG - __init__.<module>:125 - Excel converters loaded
2026-01-12 18:58:51 - 20260112_185850_e4fd698d - aichemist_codex.plugins - DEBUG - __init__.<module>:136 - CSV converters loaded
2026-01-12 18:58:51 - 20260112_185850_e4fd698d - aichemist_codex.plugins - DEBUG - __init__.<module>:150 - PowerPoint converters loaded
2026-01-12 18:58:51 - 20260112_185850_e4fd698d - aichemist_codex.plugins - DEBUG - __init__.<module>:162 - Image converters loaded
2026-01-12 18:58:51 - 20260112_185850_e4fd698d - aichemist_codex.plugins - WARNING - __init__.<module>:174 - PDF to Excel converter not available: No module named 'ocrmypdf'
2026-01-12 18:58:51 - 20260112_185850_e4fd698d - aichemist_codex.plugins - WARNING - __init__.<module>:184 - PDF to Images converter not available: No module named 'ocrmypdf'
2026-01-12 18:58:51 - 20260112_185850_e4fd698d - aichemist_codex.plugins - WARNING - __init__.<module>:199 - Advanced PDF operations not available: No module named 'ocrmypdf'
2026-01-12 18:58:51 - 20260112_185850_e4fd698d - aichemist_codex.plugins - DEBUG - __init__.<module>:211 - EPUB converters loaded
2026-01-12 18:58:51 - 20260112_185850_e4fd698d - aichemist_codex.plugins - ERROR - __init__.<module>:227 - EPUB creation converters failed: name 'Document' is not defined
Traceback (most recent call last):
  File "D:\Coding\SafeAppeals2.0\python\transmutation_codex\plugins\__init__.py", line 219, in <module>
    from .docx.to_epub import convert_docx_to_epub
  File "D:\Coding\SafeAppeals2.0\python\transmutation_codex\plugins\docx\to_epub.py", line 248, in <module>
    def _docx_to_html(doc: Document) -> str:
                           ^^^^^^^^
NameError: name 'Document' is not defined
2026-01-12 18:58:51 - 20260112_185850_e4fd698d - aichemist_codex.plugins - INFO - __init__.<module>:229 - Plugin package initialized - all converters registered
2026-01-12 18:58:51 - 20260112_185850_e4fd698d - aichemist_codex.electron_bridge - DEBUG - conversion_handler.handle_single_conversion:44 - Successfully imported plugins
2026-01-12 18:58:51 - 20260112_185850_e4fd698d - aichemist_codex.electron_bridge - DEBUG - conversion_handler.handle_single_conversion:54 - Parsing conversion type: md2pdf
2026-01-12 18:58:51 - 20260112_185850_e4fd698d - aichemist_codex.electron_bridge - DEBUG - conversion_handler.handle_single_conversion:64 - Parsed conversion: md -> pdf
2026-01-12 18:58:51 - 20260112_185850_e4fd698d - aichemist_codex.electron_bridge - DEBUG - progress_reporter.report:55 - Reporting progress: 20/100 - Finding converter for md2pdf...
2026-01-12 18:58:51 - 20260112_185850_e4fd698d - aichemist_codex.electron_bridge - DEBUG - base.send_json_message:49 - Sending PROGRESS message: {"current": 20, "total": 100, "message": "Finding converter for md2pdf...", "type": "single_progress", "filename": ""}...
2026-01-12 18:58:51 - 20260112_185850_e4fd698d - aichemist_codex.electron_bridge - DEBUG - conversion_handler.handle_single_conversion:68 - Looking up converter in registry: md -> pdf
2026-01-12 18:58:51 - 20260112_185850_e4fd698d - aichemist_codex.electron_bridge - INFO - conversion_handler.handle_single_conversion:88 - Using converter: md_to_pdf_convert_md_to_pdf (priority: 10, version: 1.0.0)
2026-01-12 18:58:51 - 20260112_185850_e4fd698d - aichemist_codex.electron_bridge - DEBUG - progress_reporter.report:55 - Reporting progress: 30/100 - Converting SafeAppeals_OnePager_2026.md...
2026-01-12 18:58:51 - 20260112_185850_e4fd698d - aichemist_codex.electron_bridge - DEBUG - base.send_json_message:49 - Sending PROGRESS message: {"current": 30, "total": 100, "message": "Converting SafeAppeals_OnePager_2026.md...", "type": "single_progress", "filename": "SafeAppeals_OnePager_2026.md"}...
2026-01-12 18:58:51 - 20260112_185850_e4fd698d - aichemist_codex.electron_bridge - INFO - conversion_handler.handle_single_conversion:107 - Executing conversion: SafeAppeals_OnePager_2026.md -> SafeAppeals_OnePager_2026.pdf
2026-01-12 18:58:51 - 20260112_185850_e4fd698d - aichemist_codex.electron_bridge - DEBUG - conversion_handler.handle_single_conversion:108 - Converter options: {'force_ocr': False, 'include_charts': False, 'preserve_formatting': False, 'include_notes': False, 'include_images': False, 'use_lossless_compression': False, 'reduce_image_resolution': False, 'export_bookmarks': False, 'export_notes': False, 'pdfa': False, 'deskew': False, 'clean': False, 'redo_ocr': False}
2026-01-12 18:58:51 - 20260112_185850_e4fd698d - aichemist_codex.electron_bridge - DEBUG - conversion_handler.handle_single_conversion:115 - Calling converter function
2026-01-12 18:58:51 - 20260112_185850_e4fd698d - aichemist_codex.transmutation_codex.utils.validators - DEBUG - validators.validate_file_path:51 - Validating file path: d:\Steve\Documents\SafeAppealsNavInvestorDocs\pitchDeck\SafeAppeals_OnePager_2026.md
2026-01-12 18:58:51 - 20260112_185850_e4fd698d - aichemist_codex.transmutation_codex.utils.validators - DEBUG - validators.validate_file_path:89 - File path validation passed: d:\Steve\Documents\SafeAppealsNavInvestorDocs\pitchDeck\SafeAppeals_OnePager_2026.md
2026-01-12 18:58:51 - 20260112_185850_e4fd698d - aichemist_codex.transmutation_codex.utils.validators - DEBUG - validators.validate_file_size:193 - Validating file size: d:\Steve\Documents\SafeAppealsNavInvestorDocs\pitchDeck\SafeAppeals_OnePager_2026.md (max: 50MB)
2026-01-12 18:58:51 - 20260112_185850_e4fd698d - aichemist_codex.transmutation_codex.utils.validators - DEBUG - validators.validate_file_size:214 - File size: 0.00MB
2026-01-12 18:58:51 - 20260112_185850_e4fd698d - aichemist_codex.transmutation_codex.utils.validators - DEBUG - validators.validate_file_size:221 - File size validation passed: 0.00MB
2026-01-12 18:58:51 - 20260112_185850_e4fd698d - aichemist_codex.converters.md2pdf - INFO - to_pdf.convert_md_to_pdf:127 - Starting Markdown to PDF conversion: d:\Steve\Documents\SafeAppealsNavInvestorDocs\pitchDeck\SafeAppeals_OnePager_2026.md
2026-01-12 18:58:51 - 20260112_185850_e4fd698d - aichemist_codex.converters.md2pdf - DEBUG - to_pdf.convert_md_to_pdf:132 - Feature access check passed for md2pdf
2026-01-12 18:58:51 - 20260112_185850_e4fd698d - aichemist_codex.converters.md2pdf - DEBUG - to_pdf.convert_md_to_pdf:139 - Resolved input path: D:\Steve\Documents\SafeAppealsNavInvestorDocs\pitchDeck\SafeAppeals_OnePager_2026.md
2026-01-12 18:58:51 - 20260112_185850_e4fd698d - aichemist_codex.converters.md2pdf - DEBUG - to_pdf.convert_md_to_pdf:144 - File size check passed
2026-01-12 18:58:51 - 20260112_185850_e4fd698d - aichemist_codex.converters.md2pdf - INFO - to_pdf.convert_md_to_pdf:182 - Converting D:\Steve\Documents\SafeAppealsNavInvestorDocs\pitchDeck\SafeAppeals_OnePager_2026.md to PDF using marker: '<!-- pagebreak -->'
2026-01-12 18:58:51 - 20260112_185850_e4fd698d - aichemist_codex.converters.md2pdf - DEBUG - to_pdf.convert_md_to_pdf:188 - Reading markdown file content
2026-01-12 18:58:51 - 20260112_185850_e4fd698d - aichemist_codex.converters.md2pdf - DEBUG - to_pdf.convert_md_to_pdf:193 - Successfully read 4798 characters from markdown file
2026-01-12 18:58:51 - 20260112_185850_e4fd698d - aichemist_codex.converters.md2pdf - DEBUG - to_pdf.convert_md_to_pdf:208 - Using title: SafeAppeals
2026-01-12 18:58:51 - 20260112_185850_e4fd698d - aichemist_codex.converters.md2pdf - DEBUG - to_pdf.convert_md_to_pdf:228 - Injected default table styles.
2026-01-12 18:58:51 - 20260112_185850_e4fd698d - aichemist_codex.converters.md2pdf - INFO - to_pdf.convert_md_to_pdf:252 - No page breaks found.
2026-01-12 18:58:51 - 20260112_185850_e4fd698d - markdown_it.rules_block.code - DEBUG - code.code:10 - entering code: StateBlock(line=1,level=0,tokens=0), 1, 189, False
2026-01-12 18:58:51 - 20260112_185850_e4fd698d - markdown_it.rules_block.fence - DEBUG - fence.fence:10 - entering fence: StateBlock(line=1,level=0,tokens=0), 1, 189, False
2026-01-12 18:58:51 - 20260112_185850_e4fd698d - markdown_it.rules_block.blockquote - DEBUG - blockquote.blockquote:13 - entering blockquote: StateBlock(line=1,level=0,tokens=0), 1, 189, False
2026-01-12 18:58:51 - 20260112_185850_e4fd698d - markdown_it.rules_block.hr - DEBUG - hr.hr:14 - entering hr: StateBlock(line=1,level=0,tokens=0), 1, 189, False
2026-01-12 18:58:51 - 20260112_185850_e4fd698d - markdown_it.rules_block.list - DEBUG - list.list_block:102 - entering list: StateBlock(line=1,level=0,tokens=0), 1, 189, False
2026-01-12 18:58:51 - 20260112_185850_e4fd698d - markdown_it.rules_block.reference - DEBUG - reference.reference:10 - entering reference: StateBlock(line=1,level=0,tokens=0), 1, 189, False
2026-01-12 18:58:51 - 20260112_185850_e4fd698d - markdown_it.rules_block.html_block - DEBUG - html_block.html_block:35 - entering html_block: StateBlock(line=1,level=0,tokens=0), 1, 189, False
2026-01-12 18:58:51 - 20260112_185850_e4fd698d - markdown_it.rules_block.code - DEBUG - code.code:10 - entering code: StateBlock(line=23,level=0,tokens=1), 23, 189, False
2026-01-12 18:58:51 - 20260112_185850_e4fd698d - markdown_it.rules_block.fence - DEBUG - fence.fence:10 - entering fence: StateBlock(line=23,level=0,tokens=1), 23, 189, False
2026-01-12 18:58:51 - 20260112_185850_e4fd698d - markdown_it.rules_block.blockquote - DEBUG - blockquote.blockquote:13 - entering blockquote: StateBlock(line=23,level=0,tokens=1), 23, 189, False
2026-01-12 18:58:51 - 20260112_185850_e4fd698d - markdown_it.rules_block.hr - DEBUG - hr.hr:14 - entering hr: StateBlock(line=23,level=0,tokens=1), 23, 189, False
2026-01-12 18:58:51 - 20260112_185850_e4fd698d - markdown_it.rules_block.list - DEBUG - list.list_block:102 - entering list: StateBlock(line=23,level=0,tokens=1), 23, 189, False
2026-01-12 18:58:51 - 20260112_185850_e4fd698d - markdown_it.rules_block.reference - DEBUG - reference.reference:10 - entering reference: StateBlock(line=23,level=0,tokens=1), 23, 189, False
2026-01-12 18:58:51 - 20260112_185850_e4fd698d - markdown_it.rules_block.html_block - DEBUG - html_block.html_block:35 - entering html_block: StateBlock(line=23,level=0,tokens=1), 23, 189, False
2026-01-12 18:58:51 - 20260112_185850_e4fd698d - markdown_it.rules_block.heading - DEBUG - heading.heading:13 - entering heading: StateBlock(line=23,level=0,tokens=1), 23, 189, False
2026-01-12 18:58:51 - 20260112_185850_e4fd698d - markdown_it.rules_block.code - DEBUG - code.code:10 - entering code: StateBlock(line=25,level=0,tokens=4), 25, 189, False
2026-01-12 18:58:51 - 20260112_185850_e4fd698d - markdown_it.rules_block.fence - DEBUG - fence.fence:10 - entering fence: StateBlock(line=25,level=0,tokens=4), 25, 189, False
2026-01-12 18:58:51 - 20260112_185850_e4fd698d - markdown_it.rules_block.blockquote - DEBUG - blockquote.blockquote:13 - entering blockquote: StateBlock(line=25,level=0,tokens=4), 25, 189, False
2026-01-12 18:58:51 - 20260112_185850_e4fd698d - markdown_it.rules_block.hr - DEBUG - hr.hr:14 - entering hr: StateBlock(line=25,level=0,tokens=4), 25, 189, False
2026-01-12 18:58:51 - 20260112_185850_e4fd698d - markdown_it.rules_block.list - DEBUG - list.list_block:102 - entering list: StateBlock(line=25,level=0,tokens=4), 25, 189, False
2026-01-12 18:58:51 - 20260112_185850_e4fd698d - markdown_it.rules_block.reference - DEBUG - reference.reference:10 - entering reference: StateBlock(line=25,level=0,tokens=4), 25, 189, False
2026-01-12 18:58:51 - 20260112_185850_e4fd698d - markdown_it.rules_block.html_block - DEBUG - html_block.html_block:35 - entering html_block: StateBlock(line=25,level=0,tokens=4), 25, 189, False
2026-01-12 18:58:51 - 20260112_185850_e4fd698d - markdown_it.rules_block.heading - DEBUG - heading.heading:13 - entering heading: StateBlock(line=25,level=0,tokens=4), 25, 189, False
2026-01-12 18:58:51 - 20260112_185850_e4fd698d - markdown_it.rules_block.code - DEBUG - code.code:10 - entering code: StateBlock(line=26,level=0,tokens=7), 26, 189, False
2026-01-12 18:58:51 - 20260112_185850_e4fd698d - markdown_it.rules_block.fence - DEBUG - fence.fence:10 - entering fence: StateBlock(line=26,level=0,tokens=7), 26, 189, False
2026-01-12 18:58:51 - 20260112_185850_e4fd698d - markdown_it.rules_block.blockquote - DEBUG - blockquote.blockquote:13 - entering blockquote: StateBlock(line=26,level=0,tokens=7), 26, 189, False
2026-01-12 18:58:51 - 20260112_185850_e4fd698d - markdown_it.rules_block.hr - DEBUG - hr.hr:14 - entering hr: StateBlock(line=26,level=0,tokens=7), 26, 189, False
2026-01-12 18:58:51 - 20260112_185850_e4fd698d - markdown_it.rules_block.list - DEBUG - list.list_block:102 - entering list: StateBlock(line=26,level=0,tokens=7), 26, 189, False
2026-01-12 18:58:51 - 20260112_185850_e4fd698d - markdown_it.rules_block.reference - DEBUG - reference.reference:10 - entering reference: StateBlock(line=26,level=0,tokens=7), 26, 189, False
2026-01-12 18:58:51 - 20260112_185850_e4fd698d - markdown_it.rules_block.html_block - DEBUG - html_block.html_block:35 - entering html_block: StateBlock(line=26,level=0,tokens=7), 26, 189, False
2026-01-12 18:58:51 - 20260112_185850_e4fd698d - markdown_it.rules_block.heading - DEBUG - heading.heading:13 - entering heading: StateBlock(line=26,level=0,tokens=7), 26, 189, False
2026-01-12 18:58:51 - 20260112_185850_e4fd698d - markdown_it.rules_block.lheading - DEBUG - lheading.lheading:10 - entering lheading: StateBlock(line=26,level=0,tokens=7), 26, 189, False
2026-01-12 18:58:51 - 20260112_185850_e4fd698d - markdown_it.rules_block.paragraph - DEBUG - paragraph.paragraph:10 - entering paragraph: StateBlock(line=26,level=0,tokens=7), 26, 189, False
2026-01-12 18:58:51 - 20260112_185850_e4fd698d - markdown_it.rules_block.code - DEBUG - code.code:10 - entering code: StateBlock(line=28,level=0,tokens=10), 28, 189, False
2026-01-12 18:58:51 - 20260112_185850_e4fd698d - markdown_it.rules_block.fence - DEBUG - fence.fence:10 - entering fence: StateBlock(line=28,level=0,tokens=10), 28, 189, False
2026-01-12 18:58:51 - 20260112_185850_e4fd698d - markdown_it.rules_block.blockquote - DEBUG - blockquote.blockquote:13 - entering blockquote: StateBlock(line=28,level=0,tokens=10), 28, 189, False
2026-01-12 18:58:51 - 20260112_185850_e4fd698d - markdown_it.rules_block.hr - DEBUG - hr.hr:14 - entering hr: StateBlock(line=28,level=0,tokens=10), 28, 189, False
2026-01-12 18:58:51 - 20260112_185850_e4fd698d - markdown_it.rules_block.code - DEBUG - code.code:10 - entering code: StateBlock(line=30,level=0,tokens=11), 30, 189, False
2026-01-12 18:58:51 - 20260112_185850_e4fd698d - markdown_it.rules_block.fence - DEBUG - fence.fence:10 - entering fence: StateBlock(line=30,level=0,tokens=11), 30, 189, False
2026-01-12 18:58:51 - 20260112_185850_e4fd698d - markdown_it.rules_block.blockquote - DEBUG - blockquote.blockquote:13 - entering blockquote: StateBlock(line=30,level=0,tokens=11), 30, 189, False
2026-01-12 18:58:51 - 20260112_185850_e4fd698d - markdown_it.rules_block.hr - DEBUG - hr.hr:14 - entering hr: StateBlock(line=30,level=0,tokens=11), 30, 189, False
2026-01-12 18:58:51 - 20260112_185850_e4fd698d - markdown_it.rules_block.list - DEBUG - list.list_block:102 - entering list: StateBlock(line=30,level=0,tokens=11), 30, 189, False
2026-01-12 18:58:51 - 20260112_185850_e4fd698d - markdown_it.rules_block.reference - DEBUG - reference.reference:10 - entering reference: StateBlock(line=30,level=0,tokens=11), 30, 189, False
2026-01-12 18:58:51 - 20260112_185850_e4fd698d - markdown_it.rules_block.html_block - DEBUG - html_block.html_block:35 - entering html_block: StateBlock(line=30,level=0,tokens=11), 30, 189, False
2026-01-12 18:58:51 - 20260112_185850_e4fd698d - markdown_it.rules_block.heading - DEBUG - heading.heading:13 - entering heading: StateBlock(line=30,level=0,tokens=11), 30, 189, False
2026-01-12 18:58:51 - 20260112_185850_e4fd698d - markdown_it.rules_block.code - DEBUG - code.code:10 - entering code: StateBlock(line=32,level=0,tokens=14), 32, 189, False
2026-01-12 18:58:51 - 20260112_185850_e4fd698d - markdown_it.rules_block.fence - DEBUG - fence.fence:10 - entering fence: StateBlock(line=32,level=0,tokens=14), 32, 189, False
2026-01-12 18:58:51 - 20260112_185850_e4fd698d - markdown_it.rules_block.blockquote - DEBUG - blockquote.blockquote:13 - entering blockquote: StateBlock(line=32,level=0,tokens=14), 32, 189, False
2026-01-12 18:58:51 - 20260112_185850_e4fd698d - markdown_it.rules_block.hr - DEBUG - hr.hr:14 - entering hr: StateBlock(line=32,level=0,tokens=14), 32, 189, False
2026-01-12 18:58:51 - 20260112_185850_e4fd698d - markdown_it.rules_block.list - DEBUG - list.list_block:102 - entering list: StateBlock(line=32,level=0,tokens=14), 32, 189, False
2026-01-12 18:58:51 - 20260112_185850_e4fd698d - markdown_it.rules_block.reference - DEBUG - reference.reference:10 - entering reference: StateBlock(line=32,level=0,tokens=14), 32, 189, False
2026-01-12 18:58:51 - 20260112_185850_e4fd698d - markdown_it.rules_block.html_block - DEBUG - html_block.html_block:35 - entering html_block: StateBlock(line=32,level=0,tokens=14), 32, 189, False
2026-01-12 18:58:51 - 20260112_185850_e4fd698d - markdown_it.rules_block.heading - DEBUG - heading.heading:13 - entering heading: StateBlock(line=32,level=0,tokens=14), 32, 189, False
2026-01-12 18:58:51 - 20260112_185850_e4fd698d - markdown_it.rules_block.lheading - DEBUG - lheading.lheading:10 - entering lheading: StateBlock(line=32,level=0,tokens=14), 32, 189, False
2026-01-12 18:58:51 - 20260112_185850_e4fd698d - markdown_it.rules_block.fence - DEBUG - fence.fence:10 - entering fence: StateBlock(line=32,level=0,tokens=14), 33, 189, True
2026-01-12 18:58:51 - 20260112_185850_e4fd698d - markdown_it.rules_block.blockquote - DEBUG - blockquote.blockquote:13 - entering blockquote: StateBlock(line=32,level=0,tokens=14), 33, 189, True
2026-01-12 18:58:51 - 20260112_185850_e4fd698d - markdown_it.rules_block.hr - DEBUG - hr.hr:14 - entering hr: StateBlock(line=32,level=0,tokens=14), 33, 189, True
2026-01-12 18:58:51 - 20260112_185850_e4fd698d - markdown_it.rules_block.list - DEBUG - list.list_block:102 - entering list: StateBlock(line=32,level=0,tokens=14), 33, 189, True
2026-01-12 18:58:51 - 20260112_185850_e4fd698d - markdown_it.rules_block.paragraph - DEBUG - paragraph.paragraph:10 - entering paragraph: StateBlock(line=32,level=0,tokens=14), 32, 189, False
2026-01-12 18:58:51 - 20260112_185850_e4fd698d - markdown_it.rules_block.fence - DEBUG - fence.fence:10 - entering fence: StateBlock(line=32,level=0,tokens=14), 33, 189, True
2026-01-12 18:58:51 - 20260112_185850_e4fd698d - markdown_it.rules_block.blockquote - DEBUG - blockquote.blockquote:13 - entering blockquote: StateBlock(line=32,level=0,tokens=14), 33, 189, True
2026-01-12 18:58:51 - 20260112_185850_e4fd698d - markdown_it.rules_block.hr - DEBUG - hr.hr:14 - entering hr: StateBlock(line=32,level=0,tokens=14), 33, 189, True
2026-01-12 18:58:51 - 20260112_185850_e4fd698d - markdown_it.rules_block.list - DEBUG - list.list_block:102 - entering list: StateBlock(line=32,level=0,tokens=14), 33, 189, True
2026-01-12 18:58:51 - 20260112_185850_e4fd698d - markdown_it.rules_block.code - DEBUG - code.code:10 - entering code: StateBlock(line=33,level=0,tokens=17), 33, 189, False
2026-01-12 18:58:51 - 20260112_185850_e4fd698d - markdown_it.rules_block.fence - DEBUG - fence.fence:10 - entering fence: StateBlock(line=33,level=0,tokens=17), 33, 189, False
2026-01-12 18:58:51 - 20260112_185850_e4fd698d - markdown_it.rules_block.blockquote - DEBUG - blockquote.blockquote:13 - entering blockquote: StateBlock(line=33,level=0,tokens=17), 33, 189, False
2026-01-12 18:58:51 - 20260112_185850_e4fd698d - markdown_it.rules_block.hr - DEBUG - hr.hr:14 - entering hr: StateBlock(line=33,level=0,tokens=17), 33, 189, False
2026-01-12 18:58:51 - 20260112_185850_e4fd698d - markdown_it.rules_block.list - DEBUG - list.list_block:102 - entering list: StateBlock(line=33,level=0,tokens=17), 33, 189, False
2026-01-12 18:58:51 - 20260112_185850_e4fd698d - markdown_it.rules_block.code - DEBUG - code.code:10 - entering code: StateBlock(line=33,level=2,tokens=19), 33, 189, False
2026-01-12 18:58:51 - 20260112_185850_e4fd698d - markdown_it.rules_block.fence - DEBUG - fence.fence:10 - entering fence: StateBlock(line=33,level=2,tokens=19), 33, 189, False
2026-01-12 18:58:51 - 20260112_185850_e4fd698d - markdown_it.rules_block.blockquote - DEBUG - blockquote.blockquote:13 - entering blockquote: StateBlock(line=33,level=2,tokens=19), 33, 189, False
2026-01-12 18:58:51 - 20260112_185850_e4fd698d - markdown_it.rules_block.hr - DEBUG - hr.hr:14 - entering hr: StateBlock(line=33,level=2,tokens=19), 33, 189, False
2026-01-12 18:58:51 - 20260112_185850_e4fd698d - markdown_it.rules_block.list - DEBUG - list.list_block:102 - entering list: StateBlock(line=33,level=2,tokens=19), 33, 189, False
2026-01-12 18:58:51 - 20260112_185850_e4fd698d - markdown_it.rules_block.reference - DEBUG - reference.reference:10 - entering reference: StateBlock(line=33,level=2,tokens=19), 33, 189, False
2026-01-12 18:58:51 - 20260112_185850_e4fd698d - markdown_it.rules_block.html_block - DEBUG - html_block.html_block:35 - entering html_block: StateBlock(line=33,level=2,tokens=19), 33, 189, False
2026-01-12 18:58:51 - 20260112_185850_e4fd698d - markdown_it.rules_block.heading - DEBUG - heading.heading:13 - entering heading: StateBlock(line=33,level=2,tokens=19), 33, 189, False
2026-01-12 18:58:51 - 20260112_185850_e4fd698d - markdown_it.rules_block.lheading - DEBUG - lheading.lheading:10 - entering lheading: StateBlock(line=33,level=2,tokens=19), 33, 189, False
2026-01-12 18:58:51 - 20260112_185850_e4fd698d - markdown_it.rules_block.fence - DEBUG - fence.fence:10 - entering fence: StateBlock(line=33,level=2,tokens=19), 34, 189, True
2026-01-12 18:58:51 - 20260112_185850_e4fd698d - markdown_it.rules_block.blockquote - DEBUG - blockquote.blockquote:13 - entering blockquote: StateBlock(line=33,level=2,tokens=19), 34, 189, True
2026-01-12 18:58:51 - 20260112_185850_e4fd698d - markdown_it.rules_block.hr - DEBUG - hr.hr:14 - entering hr: StateBlock(line=33,level=2,tokens=19), 34, 189, True
2026-01-12 18:58:51 - 20260112_185850_e4fd698d - markdown_it.rules_block.list - DEBUG - list.list_block:102 - entering list: StateBlock(line=33,level=2,tokens=19), 34, 189, True
2026-01-12 18:58:51 - 20260112_185850_e4fd698d - markdown_it.rules_block.paragraph - DEBUG - paragraph.paragraph:10 - entering paragraph: StateBlock(line=33,level=2,tokens=19), 33, 189, False
2026-01-12 18:58:51 - 20260112_185850_e4fd698d - markdown_it.rules_block.fence - DEBUG - fence.fence:10 - entering fence: StateBlock(line=33,level=2,tokens=19), 34, 189, True
2026-01-12 18:58:51 - 20260112_185850_e4fd698d - markdown_it.rules_block.blockquote - DEBUG - blockquote.blockquote:13 - entering blockquote: StateBlock(line=33,level=2,tokens=19), 34, 189, True
2026-01-12 18:58:51 - 20260112_185850_e4fd698d - markdown_it.rules_block.hr - DEBUG - hr.hr:14 - entering hr: StateBlock(line=33,level=2,tokens=19), 34, 189, True
2026-01-12 18:58:51 - 20260112_185850_e4fd698d - markdown_it.rules_block.list - DEBUG - list.list_block:102 - entering list: StateBlock(line=33,level=2,tokens=19), 34, 189, True
2026-01-12 18:58:51 - 20260112_185850_e4fd698d - markdown_it.rules_block.fence - DEBUG - fence.fence:10 - entering fence: StateBlock(line=34,level=1,tokens=23), 34, 189, True
2026-01-12 18:58:51 - 20260112_185850_e4fd698d - markdown_it.rules_block.blockquote - DEBUG - blockquote.blockquote:13 - entering blockquote: StateBlock(line=34,level=1,tokens=23), 34, 189, True
2026-01-12 18:58:51 - 20260112_185850_e4fd698d - markdown_it.rules_block.hr - DEBUG - hr.hr:14 - entering hr: StateBlock(line=34,level=1,tokens=23), 34, 189, True
2026-01-12 18:58:51 - 20260112_185850_e4fd698d - markdown_it.rules_block.code - DEBUG - code.code:10 - entering code: StateBlock(line=34,level=2,tokens=24), 34, 189, False
2026-01-12 18:58:51 - 20260112_185850_e4fd698d - markdown_it.rules_block.fence - DEBUG - fence.fence:10 - entering fence: StateBlock(line=34,level=2,tokens=24), 34, 189, False
2026-01-12 18:58:51 - 20260112_185850_e4fd698d - markdown_it.rules_block.blockquote - DEBUG - blockquote.blockquote:13 - entering blockquote: StateBlock(line=34,level=2,tokens=24), 34, 189, False
2026-01-12 18:58:51 - 20260112_185850_e4fd698d - markdown_it.rules_block.hr - DEBUG - hr.hr:14 - entering hr: StateBlock(line=34,level=2,tokens=24), 34, 189, False
2026-01-12 18:58:51 - 20260112_185850_e4fd698d - markdown_it.rules_block.list - DEBUG - list.list_block:102 - entering list: StateBlock(line=34,level=2,tokens=24), 34, 189, False
2026-01-12 18:58:51 - 20260112_185850_e4fd698d - markdown_it.rules_block.reference - DEBUG - reference.reference:10 - entering reference: StateBlock(line=34,level=2,tokens=24), 34, 189, False
2026-01-12 18:58:51 - 20260112_185850_e4fd698d - markdown_it.rules_block.html_block - DEBUG - html_block.html_block:35 - entering html_block: StateBlock(line=34,level=2,tokens=24), 34, 189, False
2026-01-12 18:58:51 - 20260112_185850_e4fd698d - markdown_it.rules_block.heading - DEBUG - heading.heading:13 - entering heading: StateBlock(line=34,level=2,tokens=24), 34, 189, False
2026-01-12 18:58:51 - 20260112_185850_e4fd698d - markdown_it.rules_block.lheading - DEBUG - lheading.lheading:10 - entering lheading: StateBlock(line=34,level=2,tokens=24), 34, 189, False
2026-01-12 18:58:51 - 20260112_185850_e4fd698d - markdown_it.rules_block.fence - DEBUG - fence.fence:10 - entering fence: StateBlock(line=34,level=2,tokens=24), 35, 189, True
2026-01-12 18:58:51 - 20260112_185850_e4fd698d - markdown_it.rules_block.blockquote - DEBUG - blockquote.blockquote:13 - entering blockquote: StateBlock(line=34,level=2,tokens=24), 35, 189, True
2026-01-12 18:58:51 - 20260112_185850_e4fd698d - markdown_it.rules_block.hr - DEBUG - hr.hr:14 - entering hr: StateBlock(line=34,level=2,tokens=24), 35, 189, True
2026-01-12 18:58:51 - 20260112_185850_e4fd698d - markdown_it.rules_block.list - DEBUG - list.list_block:102 - entering list: StateBlock(line=34,level=2,tokens=24), 35, 189, True
2026-01-12 18:58:51 - 20260112_185850_e4fd698d - markdown_it.rules_block.paragraph - DEBUG - paragraph.paragraph:10 - entering paragraph: StateBlock(line=34,level=2,tokens=24), 34, 189, False
2026-01-12 18:58:51 - 20260112_185850_e4fd698d - markdown_it.rules_block.fence - DEBUG - fence.fence:10 - entering fence: StateBlock(line=34,level=2,tokens=24), 35, 189, True
2026-01-12 18:58:51 - 20260112_185850_e4fd698d - markdown_it.rules_block.blockquote - DEBUG - blockquote.blockquote:13 - entering blockquote: StateBlock(line=34,level=2,tokens=24), 35, 189, True
2026-01-12 18:58:51 - 20260112_185850_e4fd698d - markdown_it.rules_block.hr - DEBUG - hr.hr:14 - entering hr: StateBlock(line=34,level=2,tokens=24), 35, 189, True
2026-01-12 18:58:51 - 20260112_185850_e4fd698d - markdown_it.rules_block.list - DEBUG - list.list_block:102 - entering list: StateBlock(line=34,level=2,tokens=24), 35, 189, True
2026-01-12 18:58:51 - 20260112_185850_e4fd698d - markdown_it.rules_block.fence - DEBUG - fence.fence:10 - entering fence: StateBlock(line=35,level=1,tokens=28), 35, 189, True
2026-01-12 18:58:51 - 20260112_185850_e4fd698d - markdown_it.rules_block.blockquote - DEBUG - blockquote.blockquote:13 - entering blockquote: StateBlock(line=35,level=1,tokens=28), 35, 189, True
2026-01-12 18:58:51 - 20260112_185850_e4fd698d - markdown_it.rules_block.hr - DEBUG - hr.hr:14 - entering hr: StateBlock(line=35,level=1,tokens=28), 35, 189, True
2026-01-12 18:58:51 - 20260112_185850_e4fd698d - markdown_it.rules_block.code - DEBUG - code.code:10 - entering code: StateBlock(line=35,level=2,tokens=29), 35, 189, False
2026-01-12 18:58:51 - 20260112_185850_e4fd698d - markdown_it.rules_block.fence - DEBUG - fence.fence:10 - entering fence: StateBlock(line=35,level=2,tokens=29), 35, 189, False
2026-01-12 18:58:51 - 20260112_185850_e4fd698d - markdown_it.rules_block.blockquote - DEBUG - blockquote.blockquote:13 - entering blockquote: StateBlock(line=35,level=2,tokens=29), 35, 189, False
2026-01-12 18:58:51 - 20260112_185850_e4fd698d - markdown_it.rules_block.hr - DEBUG - hr.hr:14 - entering hr: StateBlock(line=35,level=2,tokens=29), 35, 189, False
2026-01-12 18:58:51 - 20260112_185850_e4fd698d - markdown_it.rules_block.list - DEBUG - list.list_block:102 - entering list: StateBlock(line=35,level=2,tokens=29), 35, 189, False
2026-01-12 18:58:51 - 20260112_185850_e4fd698d - markdown_it.rules_block.reference - DEBUG - reference.reference:10 - entering reference: StateBlock(line=35,level=2,tokens=29), 35, 189, False
2026-01-12 18:58:51 - 20260112_185850_e4fd698d - markdown_it.rules_block.html_block - DEBUG - html_block.html_block:35 - entering html_block: StateBlock(line=35,level=2,tokens=29), 35, 189, False
2026-01-12 18:58:51 - 20260112_185850_e4fd698d - markdown_it.rules_block.heading - DEBUG - heading.heading:13 - entering heading: StateBlock(line=35,level=2,tokens=29), 35, 189, False
2026-01-12 18:58:51 - 20260112_185850_e4fd698d - markdown_it.rules_block.lheading - DEBUG - lheading.lheading:10 - entering lheading: StateBlock(line=35,level=2,tokens=29), 35, 189, False
2026-01-12 18:58:51 - 20260112_185850_e4fd698d - markdown_it.rules_block.paragraph - DEBUG - paragraph.paragraph:10 - entering paragraph: StateBlock(line=35,level=2,tokens=29), 35, 189, False
2026-01-12 18:58:51 - 20260112_185850_e4fd698d - markdown_it.rules_block.fence - DEBUG - fence.fence:10 - entering fence: StateBlock(line=37,level=1,tokens=33), 37, 189, True
2026-01-12 18:58:51 - 20260112_185850_e4fd698d - markdown_it.rules_block.blockquote - DEBUG - blockquote.blockquote:13 - entering blockquote: StateBlock(line=37,level=1,tokens=33), 37, 189, True
2026-01-12 18:58:51 - 20260112_185850_e4fd698d - markdown_it.rules_block.hr - DEBUG - hr.hr:14 - entering hr: StateBlock(line=37,level=1,tokens=33), 37, 189, True
2026-01-12 18:58:51 - 20260112_185850_e4fd698d - markdown_it.rules_block.code - DEBUG - code.code:10 - entering code: StateBlock(line=37,level=0,tokens=34), 37, 189, False
2026-01-12 18:58:51 - 20260112_185850_e4fd698d - markdown_it.rules_block.fence - DEBUG - fence.fence:10 - entering fence: StateBlock(line=37,level=0,tokens=34), 37, 189, False
2026-01-12 18:58:51 - 20260112_185850_e4fd698d - markdown_it.rules_block.blockquote - DEBUG - blockquote.blockquote:13 - entering blockquote: StateBlock(line=37,level=0,tokens=34), 37, 189, False
2026-01-12 18:58:51 - 20260112_185850_e4fd698d - markdown_it.rules_block.hr - DEBUG - hr.hr:14 - entering hr: StateBlock(line=37,level=0,tokens=34), 37, 189, False
2026-01-12 18:58:51 - 20260112_185850_e4fd698d - markdown_it.rules_block.list - DEBUG - list.list_block:102 - entering list: StateBlock(line=37,level=0,tokens=34), 37, 189, False
2026-01-12 18:58:51 - 20260112_185850_e4fd698d - markdown_it.rules_block.reference - DEBUG - reference.reference:10 - entering reference: StateBlock(line=37,level=0,tokens=34), 37, 189, False
2026-01-12 18:58:51 - 20260112_185850_e4fd698d - markdown_it.rules_block.html_block - DEBUG - html_block.html_block:35 - entering html_block: StateBlock(line=37,level=0,tokens=34), 37, 189, False
2026-01-12 18:58:51 - 20260112_185850_e4fd698d - markdown_it.rules_block.heading - DEBUG - heading.heading:13 - entering heading: StateBlock(line=37,level=0,tokens=34), 37, 189, False
2026-01-12 18:58:51 - 20260112_185850_e4fd698d - markdown_it.rules_block.lheading - DEBUG - lheading.lheading:10 - entering lheading: StateBlock(line=37,level=0,tokens=34), 37, 189, False
2026-01-12 18:58:51 - 20260112_185850_e4fd698d - markdown_it.rules_block.fence - DEBUG - fence.fence:10 - entering fence: StateBlock(line=37,level=0,tokens=34), 38, 189, True
2026-01-12 18:58:51 - 20260112_185850_e4fd698d - markdown_it.rules_block.blockquote - DEBUG - blockquote.blockquote:13 - entering blockquote: StateBlock(line=37,level=0,tokens=34), 38, 189, True
2026-01-12 18:58:51 - 20260112_185850_e4fd698d - markdown_it.rules_block.hr - DEBUG - hr.hr:14 - entering hr: StateBlock(line=37,level=0,tokens=34), 38, 189, True
2026-01-12 18:58:51 - 20260112_185850_e4fd698d - markdown_it.rules_block.list - DEBUG - list.list_block:102 - entering list: StateBlock(line=37,level=0,tokens=34), 38, 189, True
2026-01-12 18:58:51 - 20260112_185850_e4fd698d - markdown_it.rules_block.html_block - DEBUG - html_block.html_block:35 - entering html_block: StateBlock(line=37,level=0,tokens=34), 38, 189, True
2026-01-12 18:58:51 - 20260112_185850_e4fd698d - markdown_it.rules_block.heading - DEBUG - heading.heading:13 - entering heading: StateBlock(line=37,level=0,tokens=34), 38, 189, True
2026-01-12 18:58:51 - 20260112_185850_e4fd698d - markdown_it.rules_block.fence - DEBUG - fence.fence:10 - entering fence: StateBlock(line=37,level=0,tokens=34), 39, 189, True
2026-01-12 18:58:51 - 20260112_185850_e4fd698d - markdown_it.rules_block.blockquote - DEBUG - blockquote.blockquote:13 - entering blockquote: StateBlock(line=37,level=0,tokens=34), 39, 189, True
2026-01-12 18:58:51 - 20260112_185850_e4fd698d - markdown_it.rules_block.hr - DEBUG - hr.hr:14 - entering hr: StateBlock(line=37,level=0,tokens=34), 39, 189, True
2026-01-12 18:58:51 - 20260112_185850_e4fd698d - markdown_it.rules_block.list - DEBUG - list.list_block:102 - entering list: StateBlock(line=37,level=0,tokens=34), 39, 189, True
2026-01-12 18:58:51 - 20260112_185850_e4fd698d - markdown_it.rules_block.html_block - DEBUG - html_block.html_block:35 - entering html_block: StateBlock(line=37,level=0,tokens=34), 39, 189, True
2026-01-12 18:58:51 - 20260112_185850_e4fd698d - markdown_it.rules_block.heading - DEBUG - heading.heading:13 - entering heading: StateBlock(line=37,level=0,tokens=34), 39, 189, True
2026-01-12 18:58:51 - 20260112_185850_e4fd698d - markdown_it.rules_block.paragraph - DEBUG - paragraph.paragraph:10 - entering paragraph: StateBlock(line=37,level=0,tokens=34), 37, 189, False
2026-01-12 18:58:51 - 20260112_185850_e4fd698d - markdown_it.rules_block.fence - DEBUG - fence.fence:10 - entering fence: StateBlock(line=37,level=0,tokens=34), 38, 189, True
2026-01-12 18:58:51 - 20260112_185850_e4fd698d - markdown_it.rules_block.blockquote - DEBUG - blockquote.blockquote:13 - entering blockquote: StateBlock(line=37,level=0,tokens=34), 38, 189, True
2026-01-12 18:58:51 - 20260112_185850_e4fd698d - markdown_it.rules_block.hr - DEBUG - hr.hr:14 - entering hr: StateBlock(line=37,level=0,tokens=34), 38, 189, True
2026-01-12 18:58:51 - 20260112_185850_e4fd698d - markdown_it.rules_block.list - DEBUG - list.list_block:102 - entering list: StateBlock(line=37,level=0,tokens=34), 38, 189, True
2026-01-12 18:58:51 - 20260112_185850_e4fd698d - markdown_it.rules_block.html_block - DEBUG - html_block.html_block:35 - entering html_block: StateBlock(line=37,level=0,tokens=34), 38, 189, True
2026-01-12 18:58:51 - 20260112_185850_e4fd698d - markdown_it.rules_block.heading - DEBUG - heading.heading:13 - entering heading: StateBlock(line=37,level=0,tokens=34), 38, 189, True
2026-01-12 18:58:51 - 20260112_185850_e4fd698d - markdown_it.rules_block.fence - DEBUG - fence.fence:10 - entering fence: StateBlock(line=37,level=0,tokens=34), 39, 189, True
2026-01-12 18:58:51 - 20260112_185850_e4fd698d - markdown_it.rules_block.blockquote - DEBUG - blockquote.blockquote:13 - entering blockquote: StateBlock(line=37,level=0,tokens=34), 39, 189, True
2026-01-12 18:58:51 - 20260112_185850_e4fd698d - markdown_it.rules_block.hr - DEBUG - hr.hr:14 - entering hr: StateBlock(line=37,level=0,tokens=34), 39, 189, True
2026-01-12 18:58:51 - 20260112_185850_e4fd698d - markdown_it.rules_block.list - DEBUG - list.list_block:102 - entering list: StateBlock(line=37,level=0,tokens=34), 39, 189, True
2026-01-12 18:58:51 - 20260112_185850_e4fd698d - markdown_it.rules_block.html_block - DEBUG - html_block.html_block:35 - entering html_block: StateBlock(line=37,level=0,tokens=34), 39, 189, True
2026-01-12 18:58:51 - 20260112_185850_e4fd698d - markdown_it.rules_block.heading - DEBUG - heading.heading:13 - entering heading: StateBlock(line=37,level=0,tokens=34), 39, 189, True
2026-01-12 18:58:51 - 20260112_185850_e4fd698d - markdown_it.rules_block.code - DEBUG - code.code:10 - entering code: StateBlock(line=41,level=0,tokens=37), 41, 189, False
2026-01-12 18:58:51 - 20260112_185850_e4fd698d - markdown_it.rules_block.fence - DEBUG - fence.fence:10 - entering fence: StateBlock(line=41,level=0,tokens=37), 41, 189, False
2026-01-12 18:58:51 - 20260112_185850_e4fd698d - markdown_it.rules_block.blockquote - DEBUG - blockquote.blockquote:13 - entering blockquote: StateBlock(line=41,level=0,tokens=37), 41, 189, False
2026-01-12 18:58:51 - 20260112_185850_e4fd698d - markdown_it.rules_block.hr - DEBUG - hr.hr:14 - entering hr: StateBlock(line=41,level=0,tokens=37), 41, 189, False
2026-01-12 18:58:51 - 20260112_185850_e4fd698d - markdown_it.rules_block.code - DEBUG - code.code:10 - entering code: StateBlock(line=43,level=0,tokens=38), 43, 189, False
2026-01-12 18:58:51 - 20260112_185850_e4fd698d - markdown_it.rules_block.fence - DEBUG - fence.fence:10 - entering fence: StateBlock(line=43,level=0,tokens=38), 43, 189, False
2026-01-12 18:58:51 - 20260112_185850_e4fd698d - markdown_it.rules_block.blockquote - DEBUG - blockquote.blockquote:13 - entering blockquote: StateBlock(line=43,level=0,tokens=38), 43, 189, False
2026-01-12 18:58:51 - 20260112_185850_e4fd698d - markdown_it.rules_block.hr - DEBUG - hr.hr:14 - entering hr: StateBlock(line=43,level=0,tokens=38), 43, 189, False
2026-01-12 18:58:51 - 20260112_185850_e4fd698d - markdown_it.rules_block.list - DEBUG - list.list_block:102 - entering list: StateBlock(line=43,level=0,tokens=38), 43, 189, False
2026-01-12 18:58:51 - 20260112_185850_e4fd698d - markdown_it.rules_block.reference - DEBUG - reference.reference:10 - entering reference: StateBlock(line=43,level=0,tokens=38), 43, 189, False
2026-01-12 18:58:51 - 20260112_185850_e4fd698d - markdown_it.rules_block.html_block - DEBUG - html_block.html_block:35 - entering html_block: StateBlock(line=43,level=0,tokens=38), 43, 189, False
2026-01-12 18:58:51 - 20260112_185850_e4fd698d - markdown_it.rules_block.heading - DEBUG - heading.heading:13 - entering heading: StateBlock(line=43,level=0,tokens=38), 43, 189, False
2026-01-12 18:58:51 - 20260112_185850_e4fd698d - markdown_it.rules_block.code - DEBUG - code.code:10 - entering code: StateBlock(line=45,level=0,tokens=41), 45, 189, False
2026-01-12 18:58:51 - 20260112_185850_e4fd698d - markdown_it.rules_block.fence - DEBUG - fence.fence:10 - entering fence: StateBlock(line=45,level=0,tokens=41), 45, 189, False
2026-01-12 18:58:51 - 20260112_185850_e4fd698d - markdown_it.rules_block.blockquote - DEBUG - blockquote.blockquote:13 - entering blockquote: StateBlock(line=45,level=0,tokens=41), 45, 189, False
2026-01-12 18:58:51 - 20260112_185850_e4fd698d - markdown_it.rules_block.hr - DEBUG - hr.hr:14 - entering hr: StateBlock(line=45,level=0,tokens=41), 45, 189, False
2026-01-12 18:58:51 - 20260112_185850_e4fd698d - markdown_it.rules_block.list - DEBUG - list.list_block:102 - entering list: StateBlock(line=45,level=0,tokens=41), 45, 189, False
2026-01-12 18:58:51 - 20260112_185850_e4fd698d - markdown_it.rules_block.reference - DEBUG - reference.reference:10 - entering reference: StateBlock(line=45,level=0,tokens=41), 45, 189, False
2026-01-12 18:58:51 - 20260112_185850_e4fd698d - markdown_it.rules_block.html_block - DEBUG - html_block.html_block:35 - entering html_block: StateBlock(line=45,level=0,tokens=41), 45, 189, False
2026-01-12 18:58:51 - 20260112_185850_e4fd698d - markdown_it.rules_block.heading - DEBUG - heading.heading:13 - entering heading: StateBlock(line=45,level=0,tokens=41), 45, 189, False
2026-01-12 18:58:51 - 20260112_185850_e4fd698d - markdown_it.rules_block.lheading - DEBUG - lheading.lheading:10 - entering lheading: StateBlock(line=45,level=0,tokens=41), 45, 189, False
2026-01-12 18:58:51 - 20260112_185850_e4fd698d - markdown_it.rules_block.paragraph - DEBUG - paragraph.paragraph:10 - entering paragraph: StateBlock(line=45,level=0,tokens=41), 45, 189, False
2026-01-12 18:58:51 - 20260112_185850_e4fd698d - markdown_it.rules_block.fence - DEBUG - fence.fence:10 - entering fence: StateBlock(line=47,level=1,tokens=55), 49, 189, True
2026-01-12 18:58:51 - 20260112_185850_e4fd698d - markdown_it.rules_block.blockquote - DEBUG - blockquote.blockquote:13 - entering blockquote: StateBlock(line=47,level=1,tokens=55), 49, 189, True
2026-01-12 18:58:51 - 20260112_185850_e4fd698d - markdown_it.rules_block.hr - DEBUG - hr.hr:14 - entering hr: StateBlock(line=47,level=1,tokens=55), 49, 189, True
2026-01-12 18:58:51 - 20260112_185850_e4fd698d - markdown_it.rules_block.list - DEBUG - list.list_block:102 - entering list: StateBlock(line=47,level=1,tokens=55), 49, 189, True
2026-01-12 18:58:51 - 20260112_185850_e4fd698d - markdown_it.rules_block.html_block - DEBUG - html_block.html_block:35 - entering html_block: StateBlock(line=47,level=1,tokens=55), 49, 189, True
2026-01-12 18:58:51 - 20260112_185850_e4fd698d - markdown_it.rules_block.heading - DEBUG - heading.heading:13 - entering heading: StateBlock(line=47,level=1,tokens=55), 49, 189, True
2026-01-12 18:58:51 - 20260112_185850_e4fd698d - markdown_it.rules_block.fence - DEBUG - fence.fence:10 - entering fence: StateBlock(line=47,level=2,tokens=64), 50, 189, True
2026-01-12 18:58:51 - 20260112_185850_e4fd698d - markdown_it.rules_block.blockquote - DEBUG - blockquote.blockquote:13 - entering blockquote: StateBlock(line=47,level=2,tokens=64), 50, 189, True
2026-01-12 18:58:51 - 20260112_185850_e4fd698d - markdown_it.rules_block.hr - DEBUG - hr.hr:14 - entering hr: StateBlock(line=47,level=2,tokens=64), 50, 189, True
2026-01-12 18:58:51 - 20260112_185850_e4fd698d - markdown_it.rules_block.list - DEBUG - list.list_block:102 - entering list: StateBlock(line=47,level=2,tokens=64), 50, 189, True
2026-01-12 18:58:51 - 20260112_185850_e4fd698d - markdown_it.rules_block.html_block - DEBUG - html_block.html_block:35 - entering html_block: StateBlock(line=47,level=2,tokens=64), 50, 189, True
2026-01-12 18:58:51 - 20260112_185850_e4fd698d - markdown_it.rules_block.heading - DEBUG - heading.heading:13 - entering heading: StateBlock(line=47,level=2,tokens=64), 50, 189, True
2026-01-12 18:58:51 - 20260112_185850_e4fd698d - markdown_it.rules_block.fence - DEBUG - fence.fence:10 - entering fence: StateBlock(line=47,level=2,tokens=72), 51, 189, True
2026-01-12 18:58:51 - 20260112_185850_e4fd698d - markdown_it.rules_block.blockquote - DEBUG - blockquote.blockquote:13 - entering blockquote: StateBlock(line=47,level=2,tokens=72), 51, 189, True
2026-01-12 18:58:51 - 20260112_185850_e4fd698d - markdown_it.rules_block.hr - DEBUG - hr.hr:14 - entering hr: StateBlock(line=47,level=2,tokens=72), 51, 189, True
2026-01-12 18:58:51 - 20260112_185850_e4fd698d - markdown_it.rules_block.list - DEBUG - list.list_block:102 - entering list: StateBlock(line=47,level=2,tokens=72), 51, 189, True
2026-01-12 18:58:51 - 20260112_185850_e4fd698d - markdown_it.rules_block.html_block - DEBUG - html_block.html_block:35 - entering html_block: StateBlock(line=47,level=2,tokens=72), 51, 189, True
2026-01-12 18:58:51 - 20260112_185850_e4fd698d - markdown_it.rules_block.heading - DEBUG - heading.heading:13 - entering heading: StateBlock(line=47,level=2,tokens=72), 51, 189, True
2026-01-12 18:58:51 - 20260112_185850_e4fd698d - markdown_it.rules_block.fence - DEBUG - fence.fence:10 - entering fence: StateBlock(line=47,level=2,tokens=80), 52, 189, True
2026-01-12 18:58:51 - 20260112_185850_e4fd698d - markdown_it.rules_block.blockquote - DEBUG - blockquote.blockquote:13 - entering blockquote: StateBlock(line=47,level=2,tokens=80), 52, 189, True
2026-01-12 18:58:51 - 20260112_185850_e4fd698d - markdown_it.rules_block.hr - DEBUG - hr.hr:14 - entering hr: StateBlock(line=47,level=2,tokens=80), 52, 189, True
2026-01-12 18:58:51 - 20260112_185850_e4fd698d - markdown_it.rules_block.list - DEBUG - list.list_block:102 - entering list: StateBlock(line=47,level=2,tokens=80), 52, 189, True
2026-01-12 18:58:51 - 20260112_185850_e4fd698d - markdown_it.rules_block.html_block - DEBUG - html_block.html_block:35 - entering html_block: StateBlock(line=47,level=2,tokens=80), 52, 189, True
2026-01-12 18:58:51 - 20260112_185850_e4fd698d - markdown_it.rules_block.heading - DEBUG - heading.heading:13 - entering heading: StateBlock(line=47,level=2,tokens=80), 52, 189, True
2026-01-12 18:58:51 - 20260112_185850_e4fd698d - markdown_it.rules_block.fence - DEBUG - fence.fence:10 - entering fence: StateBlock(line=47,level=2,tokens=88), 53, 189, True
2026-01-12 18:58:51 - 20260112_185850_e4fd698d - markdown_it.rules_block.blockquote - DEBUG - blockquote.blockquote:13 - entering blockquote: StateBlock(line=47,level=2,tokens=88), 53, 189, True
2026-01-12 18:58:51 - 20260112_185850_e4fd698d - markdown_it.rules_block.hr - DEBUG - hr.hr:14 - entering hr: StateBlock(line=47,level=2,tokens=88), 53, 189, True
2026-01-12 18:58:51 - 20260112_185850_e4fd698d - markdown_it.rules_block.list - DEBUG - list.list_block:102 - entering list: StateBlock(line=47,level=2,tokens=88), 53, 189, True
2026-01-12 18:58:51 - 20260112_185850_e4fd698d - markdown_it.rules_block.html_block - DEBUG - html_block.html_block:35 - entering html_block: StateBlock(line=47,level=2,tokens=88), 53, 189, True
2026-01-12 18:58:51 - 20260112_185850_e4fd698d - markdown_it.rules_block.heading - DEBUG - heading.heading:13 - entering heading: StateBlock(line=47,level=2,tokens=88), 53, 189, True
2026-01-12 18:58:51 - 20260112_185850_e4fd698d - markdown_it.rules_block.fence - DEBUG - fence.fence:10 - entering fence: StateBlock(line=47,level=2,tokens=96), 54, 189, True
2026-01-12 18:58:51 - 20260112_185850_e4fd698d - markdown_it.rules_block.blockquote - DEBUG - blockquote.blockquote:13 - entering blockquote: StateBlock(line=47,level=2,tokens=96), 54, 189, True
2026-01-12 18:58:51 - 20260112_185850_e4fd698d - markdown_it.rules_block.hr - DEBUG - hr.hr:14 - entering hr: StateBlock(line=47,level=2,tokens=96), 54, 189, True
2026-01-12 18:58:51 - 20260112_185850_e4fd698d - markdown_it.rules_block.list - DEBUG - list.list_block:102 - entering list: StateBlock(line=47,level=2,tokens=96), 54, 189, True
2026-01-12 18:58:51 - 20260112_185850_e4fd698d - markdown_it.rules_block.html_block - DEBUG - html_block.html_block:35 - entering html_block: StateBlock(line=47,level=2,tokens=96), 54, 189, True
2026-01-12 18:58:51 - 20260112_185850_e4fd698d - markdown_it.rules_block.heading - DEBUG - heading.heading:13 - entering heading: StateBlock(line=47,level=2,tokens=96), 54, 189, True
2026-01-12 18:58:51 - 20260112_185850_e4fd698d - markdown_it.rules_block.code - DEBUG - code.code:10 - entering code: StateBlock(line=55,level=0,tokens=98), 55, 189, False
2026-01-12 18:58:51 - 20260112_185850_e4fd698d - markdown_it.rules_block.fence - DEBUG - fence.fence:10 - entering fence: StateBlock(line=55,level=0,tokens=98), 55, 189, False
2026-01-12 18:58:51 - 20260112_185850_e4fd698d - markdown_it.rules_block.blockquote - DEBUG - blockquote.blockquote:13 - entering blockquote: StateBlock(line=55,level=0,tokens=98), 55, 189, False
2026-01-12 18:58:51 - 20260112_185850_e4fd698d - markdown_it.rules_block.hr - DEBUG - hr.hr:14 - entering hr: StateBlock(line=55,level=0,tokens=98), 55, 189, False
2026-01-12 18:58:51 - 20260112_185850_e4fd698d - markdown_it.rules_block.list - DEBUG - list.list_block:102 - entering list: StateBlock(line=55,level=0,tokens=98), 55, 189, False
2026-01-12 18:58:51 - 20260112_185850_e4fd698d - markdown_it.rules_block.reference - DEBUG - reference.reference:10 - entering reference: StateBlock(line=55,level=0,tokens=98), 55, 189, False
2026-01-12 18:58:51 - 20260112_185850_e4fd698d - markdown_it.rules_block.html_block - DEBUG - html_block.html_block:35 - entering html_block: StateBlock(line=55,level=0,tokens=98), 55, 189, False
2026-01-12 18:58:51 - 20260112_185850_e4fd698d - markdown_it.rules_block.heading - DEBUG - heading.heading:13 - entering heading: StateBlock(line=55,level=0,tokens=98), 55, 189, False
2026-01-12 18:58:51 - 20260112_185850_e4fd698d - markdown_it.rules_block.lheading - DEBUG - lheading.lheading:10 - entering lheading: StateBlock(line=55,level=0,tokens=98), 55, 189, False
2026-01-12 18:58:51 - 20260112_185850_e4fd698d - markdown_it.rules_block.paragraph - DEBUG - paragraph.paragraph:10 - entering paragraph: StateBlock(line=55,level=0,tokens=98), 55, 189, False
2026-01-12 18:58:51 - 20260112_185850_e4fd698d - markdown_it.rules_block.code - DEBUG - code.code:10 - entering code: StateBlock(line=57,level=0,tokens=101), 57, 189, False
2026-01-12 18:58:51 - 20260112_185850_e4fd698d - markdown_it.rules_block.fence - DEBUG - fence.fence:10 - entering fence: StateBlock(line=57,level=0,tokens=101), 57, 189, False
2026-01-12 18:58:51 - 20260112_185850_e4fd698d - markdown_it.rules_block.blockquote - DEBUG - blockquote.blockquote:13 - entering blockquote: StateBlock(line=57,level=0,tokens=101), 57, 189, False
2026-01-12 18:58:51 - 20260112_185850_e4fd698d - markdown_it.rules_block.hr - DEBUG - hr.hr:14 - entering hr: StateBlock(line=57,level=0,tokens=101), 57, 189, False
2026-01-12 18:58:51 - 20260112_185850_e4fd698d - markdown_it.rules_block.code - DEBUG - code.code:10 - entering code: StateBlock(line=59,level=0,tokens=102), 59, 189, False
2026-01-12 18:58:51 - 20260112_185850_e4fd698d - markdown_it.rules_block.fence - DEBUG - fence.fence:10 - entering fence: StateBlock(line=59,level=0,tokens=102), 59, 189, False
2026-01-12 18:58:51 - 20260112_185850_e4fd698d - markdown_it.rules_block.blockquote - DEBUG - blockquote.blockquote:13 - entering blockquote: StateBlock(line=59,level=0,tokens=102), 59, 189, False
2026-01-12 18:58:51 - 20260112_185850_e4fd698d - markdown_it.rules_block.hr - DEBUG - hr.hr:14 - entering hr: StateBlock(line=59,level=0,tokens=102), 59, 189, False
2026-01-12 18:58:51 - 20260112_185850_e4fd698d - markdown_it.rules_block.list - DEBUG - list.list_block:102 - entering list: StateBlock(line=59,level=0,tokens=102), 59, 189, False
2026-01-12 18:58:51 - 20260112_185850_e4fd698d - markdown_it.rules_block.reference - DEBUG - reference.reference:10 - entering reference: StateBlock(line=59,level=0,tokens=102), 59, 189, False
2026-01-12 18:58:51 - 20260112_185850_e4fd698d - markdown_it.rules_block.html_block - DEBUG - html_block.html_block:35 - entering html_block: StateBlock(line=59,level=0,tokens=102), 59, 189, False
2026-01-12 18:58:51 - 20260112_185850_e4fd698d - markdown_it.rules_block.heading - DEBUG - heading.heading:13 - entering heading: StateBlock(line=59,level=0,tokens=102), 59, 189, False
2026-01-12 18:58:51 - 20260112_185850_e4fd698d - markdown_it.rules_block.fence - DEBUG - fence.fence:10 - entering fence: StateBlock(line=61,level=1,tokens=116), 63, 189, True
2026-01-12 18:58:51 - 20260112_185850_e4fd698d - markdown_it.rules_block.blockquote - DEBUG - blockquote.blockquote:13 - entering blockquote: StateBlock(line=61,level=1,tokens=116), 63, 189, True
2026-01-12 18:58:51 - 20260112_185850_e4fd698d - markdown_it.rules_block.hr - DEBUG - hr.hr:14 - entering hr: StateBlock(line=61,level=1,tokens=116), 63, 189, True
2026-01-12 18:58:51 - 20260112_185850_e4fd698d - markdown_it.rules_block.list - DEBUG - list.list_block:102 - entering list: StateBlock(line=61,level=1,tokens=116), 63, 189, True
2026-01-12 18:58:51 - 20260112_185850_e4fd698d - markdown_it.rules_block.html_block - DEBUG - html_block.html_block:35 - entering html_block: StateBlock(line=61,level=1,tokens=116), 63, 189, True
2026-01-12 18:58:51 - 20260112_185850_e4fd698d - markdown_it.rules_block.heading - DEBUG - heading.heading:13 - entering heading: StateBlock(line=61,level=1,tokens=116), 63, 189, True
2026-01-12 18:58:51 - 20260112_185850_e4fd698d - markdown_it.rules_block.fence - DEBUG - fence.fence:10 - entering fence: StateBlock(line=61,level=2,tokens=125), 64, 189, True
2026-01-12 18:58:51 - 20260112_185850_e4fd698d - markdown_it.rules_block.blockquote - DEBUG - blockquote.blockquote:13 - entering blockquote: StateBlock(line=61,level=2,tokens=125), 64, 189, True
2026-01-12 18:58:51 - 20260112_185850_e4fd698d - markdown_it.rules_block.hr - DEBUG - hr.hr:14 - entering hr: StateBlock(line=61,level=2,tokens=125), 64, 189, True
2026-01-12 18:58:51 - 20260112_185850_e4fd698d - markdown_it.rules_block.list - DEBUG - list.list_block:102 - entering list: StateBlock(line=61,level=2,tokens=125), 64, 189, True
2026-01-12 18:58:51 - 20260112_185850_e4fd698d - markdown_it.rules_block.html_block - DEBUG - html_block.html_block:35 - entering html_block: StateBlock(line=61,level=2,tokens=125), 64, 189, True
2026-01-12 18:58:51 - 20260112_185850_e4fd698d - markdown_it.rules_block.heading - DEBUG - heading.heading:13 - entering heading: StateBlock(line=61,level=2,tokens=125), 64, 189, True
2026-01-12 18:58:51 - 20260112_185850_e4fd698d - markdown_it.rules_block.fence - DEBUG - fence.fence:10 - entering fence: StateBlock(line=61,level=2,tokens=133), 65, 189, True
2026-01-12 18:58:51 - 20260112_185850_e4fd698d - markdown_it.rules_block.blockquote - DEBUG - blockquote.blockquote:13 - entering blockquote: StateBlock(line=61,level=2,tokens=133), 65, 189, True
2026-01-12 18:58:51 - 20260112_185850_e4fd698d - markdown_it.rules_block.hr - DEBUG - hr.hr:14 - entering hr: StateBlock(line=61,level=2,tokens=133), 65, 189, True
2026-01-12 18:58:51 - 20260112_185850_e4fd698d - markdown_it.rules_block.list - DEBUG - list.list_block:102 - entering list: StateBlock(line=61,level=2,tokens=133), 65, 189, True
2026-01-12 18:58:51 - 20260112_185850_e4fd698d - markdown_it.rules_block.html_block - DEBUG - html_block.html_block:35 - entering html_block: StateBlock(line=61,level=2,tokens=133), 65, 189, True
2026-01-12 18:58:51 - 20260112_185850_e4fd698d - markdown_it.rules_block.heading - DEBUG - heading.heading:13 - entering heading: StateBlock(line=61,level=2,tokens=133), 65, 189, True
2026-01-12 18:58:51 - 20260112_185850_e4fd698d - markdown_it.rules_block.fence - DEBUG - fence.fence:10 - entering fence: StateBlock(line=61,level=2,tokens=141), 66, 189, True
2026-01-12 18:58:51 - 20260112_185850_e4fd698d - markdown_it.rules_block.blockquote - DEBUG - blockquote.blockquote:13 - entering blockquote: StateBlock(line=61,level=2,tokens=141), 66, 189, True
2026-01-12 18:58:51 - 20260112_185850_e4fd698d - markdown_it.rules_block.hr - DEBUG - hr.hr:14 - entering hr: StateBlock(line=61,level=2,tokens=141), 66, 189, True
2026-01-12 18:58:51 - 20260112_185850_e4fd698d - markdown_it.rules_block.list - DEBUG - list.list_block:102 - entering list: StateBlock(line=61,level=2,tokens=141), 66, 189, True
2026-01-12 18:58:51 - 20260112_185850_e4fd698d - markdown_it.rules_block.html_block - DEBUG - html_block.html_block:35 - entering html_block: StateBlock(line=61,level=2,tokens=141), 66, 189, True
2026-01-12 18:58:51 - 20260112_185850_e4fd698d - markdown_it.rules_block.heading - DEBUG - heading.heading:13 - entering heading: StateBlock(line=61,level=2,tokens=141), 66, 189, True
2026-01-12 18:58:51 - 20260112_185850_e4fd698d - markdown_it.rules_block.fence - DEBUG - fence.fence:10 - entering fence: StateBlock(line=61,level=2,tokens=149), 67, 189, True
2026-01-12 18:58:51 - 20260112_185850_e4fd698d - markdown_it.rules_block.blockquote - DEBUG - blockquote.blockquote:13 - entering blockquote: StateBlock(line=61,level=2,tokens=149), 67, 189, True
2026-01-12 18:58:51 - 20260112_185850_e4fd698d - markdown_it.rules_block.hr - DEBUG - hr.hr:14 - entering hr: StateBlock(line=61,level=2,tokens=149), 67, 189, True
2026-01-12 18:58:51 - 20260112_185850_e4fd698d - markdown_it.rules_block.list - DEBUG - list.list_block:102 - entering list: StateBlock(line=61,level=2,tokens=149), 67, 189, True
2026-01-12 18:58:51 - 20260112_185850_e4fd698d - markdown_it.rules_block.html_block - DEBUG - html_block.html_block:35 - entering html_block: StateBlock(line=61,level=2,tokens=149), 67, 189, True
2026-01-12 18:58:51 - 20260112_185850_e4fd698d - markdown_it.rules_block.heading - DEBUG - heading.heading:13 - entering heading: StateBlock(line=61,level=2,tokens=149), 67, 189, True
2026-01-12 18:58:51 - 20260112_185850_e4fd698d - markdown_it.rules_block.code - DEBUG - code.code:10 - entering code: StateBlock(line=68,level=0,tokens=151), 68, 189, False
2026-01-12 18:58:51 - 20260112_185850_e4fd698d - markdown_it.rules_block.fence - DEBUG - fence.fence:10 - entering fence: StateBlock(line=68,level=0,tokens=151), 68, 189, False
2026-01-12 18:58:51 - 20260112_185850_e4fd698d - markdown_it.rules_block.blockquote - DEBUG - blockquote.blockquote:13 - entering blockquote: StateBlock(line=68,level=0,tokens=151), 68, 189, False
2026-01-12 18:58:51 - 20260112_185850_e4fd698d - markdown_it.rules_block.hr - DEBUG - hr.hr:14 - entering hr: StateBlock(line=68,level=0,tokens=151), 68, 189, False
2026-01-12 18:58:51 - 20260112_185850_e4fd698d - markdown_it.rules_block.list - DEBUG - list.list_block:102 - entering list: StateBlock(line=68,level=0,tokens=151), 68, 189, False
2026-01-12 18:58:51 - 20260112_185850_e4fd698d - markdown_it.rules_block.reference - DEBUG - reference.reference:10 - entering reference: StateBlock(line=68,level=0,tokens=151), 68, 189, False
2026-01-12 18:58:51 - 20260112_185850_e4fd698d - markdown_it.rules_block.html_block - DEBUG - html_block.html_block:35 - entering html_block: StateBlock(line=68,level=0,tokens=151), 68, 189, False
2026-01-12 18:58:51 - 20260112_185850_e4fd698d - markdown_it.rules_block.heading - DEBUG - heading.heading:13 - entering heading: StateBlock(line=68,level=0,tokens=151), 68, 189, False
2026-01-12 18:58:51 - 20260112_185850_e4fd698d - markdown_it.rules_block.lheading - DEBUG - lheading.lheading:10 - entering lheading: StateBlock(line=68,level=0,tokens=151), 68, 189, False
2026-01-12 18:58:51 - 20260112_185850_e4fd698d - markdown_it.rules_block.paragraph - DEBUG - paragraph.paragraph:10 - entering paragraph: StateBlock(line=68,level=0,tokens=151), 68, 189, False
2026-01-12 18:58:51 - 20260112_185850_e4fd698d - markdown_it.rules_block.code - DEBUG - code.code:10 - entering code: StateBlock(line=70,level=0,tokens=154), 70, 189, False
2026-01-12 18:58:51 - 20260112_185850_e4fd698d - markdown_it.rules_block.fence - DEBUG - fence.fence:10 - entering fence: StateBlock(line=70,level=0,tokens=154), 70, 189, False
2026-01-12 18:58:51 - 20260112_185850_e4fd698d - markdown_it.rules_block.blockquote - DEBUG - blockquote.blockquote:13 - entering blockquote: StateBlock(line=70,level=0,tokens=154), 70, 189, False
2026-01-12 18:58:51 - 20260112_185850_e4fd698d - markdown_it.rules_block.hr - DEBUG - hr.hr:14 - entering hr: StateBlock(line=70,level=0,tokens=154), 70, 189, False
2026-01-12 18:58:51 - 20260112_185850_e4fd698d - markdown_it.rules_block.list - DEBUG - list.list_block:102 - entering list: StateBlock(line=70,level=0,tokens=154), 70, 189, False
2026-01-12 18:58:51 - 20260112_185850_e4fd698d - markdown_it.rules_block.reference - DEBUG - reference.reference:10 - entering reference: StateBlock(line=70,level=0,tokens=154), 70, 189, False
2026-01-12 18:58:51 - 20260112_185850_e4fd698d - markdown_it.rules_block.html_block - DEBUG - html_block.html_block:35 - entering html_block: StateBlock(line=70,level=0,tokens=154), 70, 189, False
2026-01-12 18:58:51 - 20260112_185850_e4fd698d - markdown_it.rules_block.heading - DEBUG - heading.heading:13 - entering heading: StateBlock(line=70,level=0,tokens=154), 70, 189, False
2026-01-12 18:58:51 - 20260112_185850_e4fd698d - markdown_it.rules_block.lheading - DEBUG - lheading.lheading:10 - entering lheading: StateBlock(line=70,level=0,tokens=154), 70, 189, False
2026-01-12 18:58:51 - 20260112_185850_e4fd698d - markdown_it.rules_block.paragraph - DEBUG - paragraph.paragraph:10 - entering paragraph: StateBlock(line=70,level=0,tokens=154), 70, 189, False
2026-01-12 18:58:51 - 20260112_185850_e4fd698d - markdown_it.rules_block.code - DEBUG - code.code:10 - entering code: StateBlock(line=72,level=0,tokens=157), 72, 189, False
2026-01-12 18:58:51 - 20260112_185850_e4fd698d - markdown_it.rules_block.fence - DEBUG - fence.fence:10 - entering fence: StateBlock(line=72,level=0,tokens=157), 72, 189, False
2026-01-12 18:58:51 - 20260112_185850_e4fd698d - markdown_it.rules_block.blockquote - DEBUG - blockquote.blockquote:13 - entering blockquote: StateBlock(line=72,level=0,tokens=157), 72, 189, False
2026-01-12 18:58:51 - 20260112_185850_e4fd698d - markdown_it.rules_block.hr - DEBUG - hr.hr:14 - entering hr: StateBlock(line=72,level=0,tokens=157), 72, 189, False
2026-01-12 18:58:51 - 20260112_185850_e4fd698d - markdown_it.rules_block.code - DEBUG - code.code:10 - entering code: StateBlock(line=74,level=0,tokens=158), 74, 189, False
2026-01-12 18:58:51 - 20260112_185850_e4fd698d - markdown_it.rules_block.fence - DEBUG - fence.fence:10 - entering fence: StateBlock(line=74,level=0,tokens=158), 74, 189, False
2026-01-12 18:58:51 - 20260112_185850_e4fd698d - markdown_it.rules_block.blockquote - DEBUG - blockquote.blockquote:13 - entering blockquote: StateBlock(line=74,level=0,tokens=158), 74, 189, False
2026-01-12 18:58:51 - 20260112_185850_e4fd698d - markdown_it.rules_block.hr - DEBUG - hr.hr:14 - entering hr: StateBlock(line=74,level=0,tokens=158), 74, 189, False
2026-01-12 18:58:51 - 20260112_185850_e4fd698d - markdown_it.rules_block.list - DEBUG - list.list_block:102 - entering list: StateBlock(line=74,level=0,tokens=158), 74, 189, False
2026-01-12 18:58:51 - 20260112_185850_e4fd698d - markdown_it.rules_block.reference - DEBUG - reference.reference:10 - entering reference: StateBlock(line=74,level=0,tokens=158), 74, 189, False
2026-01-12 18:58:51 - 20260112_185850_e4fd698d - markdown_it.rules_block.html_block - DEBUG - html_block.html_block:35 - entering html_block: StateBlock(line=74,level=0,tokens=158), 74, 189, False
2026-01-12 18:58:51 - 20260112_185850_e4fd698d - markdown_it.rules_block.heading - DEBUG - heading.heading:13 - entering heading: StateBlock(line=74,level=0,tokens=158), 74, 189, False
2026-01-12 18:58:51 - 20260112_185850_e4fd698d - markdown_it.rules_block.code - DEBUG - code.code:10 - entering code: StateBlock(line=76,level=0,tokens=161), 76, 189, False
2026-01-12 18:58:51 - 20260112_185850_e4fd698d - markdown_it.rules_block.fence - DEBUG - fence.fence:10 - entering fence: StateBlock(line=76,level=0,tokens=161), 76, 189, False
2026-01-12 18:58:51 - 20260112_185850_e4fd698d - markdown_it.rules_block.blockquote - DEBUG - blockquote.blockquote:13 - entering blockquote: StateBlock(line=76,level=0,tokens=161), 76, 189, False
2026-01-12 18:58:51 - 20260112_185850_e4fd698d - markdown_it.rules_block.hr - DEBUG - hr.hr:14 - entering hr: StateBlock(line=76,level=0,tokens=161), 76, 189, False
2026-01-12 18:58:51 - 20260112_185850_e4fd698d - markdown_it.rules_block.list - DEBUG - list.list_block:102 - entering list: StateBlock(line=76,level=0,tokens=161), 76, 189, False
2026-01-12 18:58:51 - 20260112_185850_e4fd698d - markdown_it.rules_block.reference - DEBUG - reference.reference:10 - entering reference: StateBlock(line=76,level=0,tokens=161), 76, 189, False
2026-01-12 18:58:51 - 20260112_185850_e4fd698d - markdown_it.rules_block.html_block - DEBUG - html_block.html_block:35 - entering html_block: StateBlock(line=76,level=0,tokens=161), 76, 189, False
2026-01-12 18:58:51 - 20260112_185850_e4fd698d - markdown_it.rules_block.heading - DEBUG - heading.heading:13 - entering heading: StateBlock(line=76,level=0,tokens=161), 76, 189, False
2026-01-12 18:58:51 - 20260112_185850_e4fd698d - markdown_it.rules_block.fence - DEBUG - fence.fence:10 - entering fence: StateBlock(line=77,level=1,tokens=181), 79, 189, True
2026-01-12 18:58:51 - 20260112_185850_e4fd698d - markdown_it.rules_block.blockquote - DEBUG - blockquote.blockquote:13 - entering blockquote: StateBlock(line=77,level=1,tokens=181), 79, 189, True
2026-01-12 18:58:51 - 20260112_185850_e4fd698d - markdown_it.rules_block.hr - DEBUG - hr.hr:14 - entering hr: StateBlock(line=77,level=1,tokens=181), 79, 189, True
2026-01-12 18:58:51 - 20260112_185850_e4fd698d - markdown_it.rules_block.list - DEBUG - list.list_block:102 - entering list: StateBlock(line=77,level=1,tokens=181), 79, 189, True
2026-01-12 18:58:51 - 20260112_185850_e4fd698d - markdown_it.rules_block.html_block - DEBUG - html_block.html_block:35 - entering html_block: StateBlock(line=77,level=1,tokens=181), 79, 189, True
2026-01-12 18:58:51 - 20260112_185850_e4fd698d - markdown_it.rules_block.heading - DEBUG - heading.heading:13 - entering heading: StateBlock(line=77,level=1,tokens=181), 79, 189, True
2026-01-12 18:58:51 - 20260112_185850_e4fd698d - markdown_it.rules_block.fence - DEBUG - fence.fence:10 - entering fence: StateBlock(line=77,level=2,tokens=196), 80, 189, True
2026-01-12 18:58:51 - 20260112_185850_e4fd698d - markdown_it.rules_block.blockquote - DEBUG - blockquote.blockquote:13 - entering blockquote: StateBlock(line=77,level=2,tokens=196), 80, 189, True
2026-01-12 18:58:51 - 20260112_185850_e4fd698d - markdown_it.rules_block.hr - DEBUG - hr.hr:14 - entering hr: StateBlock(line=77,level=2,tokens=196), 80, 189, True
2026-01-12 18:58:51 - 20260112_185850_e4fd698d - markdown_it.rules_block.list - DEBUG - list.list_block:102 - entering list: StateBlock(line=77,level=2,tokens=196), 80, 189, True
2026-01-12 18:58:51 - 20260112_185850_e4fd698d - markdown_it.rules_block.html_block - DEBUG - html_block.html_block:35 - entering html_block: StateBlock(line=77,level=2,tokens=196), 80, 189, True
2026-01-12 18:58:51 - 20260112_185850_e4fd698d - markdown_it.rules_block.heading - DEBUG - heading.heading:13 - entering heading: StateBlock(line=77,level=2,tokens=196), 80, 189, True
2026-01-12 18:58:51 - 20260112_185850_e4fd698d - markdown_it.rules_block.fence - DEBUG - fence.fence:10 - entering fence: StateBlock(line=77,level=2,tokens=210), 81, 189, True
2026-01-12 18:58:51 - 20260112_185850_e4fd698d - markdown_it.rules_block.blockquote - DEBUG - blockquote.blockquote:13 - entering blockquote: StateBlock(line=77,level=2,tokens=210), 81, 189, True
2026-01-12 18:58:51 - 20260112_185850_e4fd698d - markdown_it.rules_block.hr - DEBUG - hr.hr:14 - entering hr: StateBlock(line=77,level=2,tokens=210), 81, 189, True
2026-01-12 18:58:51 - 20260112_185850_e4fd698d - markdown_it.rules_block.list - DEBUG - list.list_block:102 - entering list: StateBlock(line=77,level=2,tokens=210), 81, 189, True
2026-01-12 18:58:51 - 20260112_185850_e4fd698d - markdown_it.rules_block.html_block - DEBUG - html_block.html_block:35 - entering html_block: StateBlock(line=77,level=2,tokens=210), 81, 189, True
2026-01-12 18:58:51 - 20260112_185850_e4fd698d - markdown_it.rules_block.heading - DEBUG - heading.heading:13 - entering heading: StateBlock(line=77,level=2,tokens=210), 81, 189, True
2026-01-12 18:58:51 - 20260112_185850_e4fd698d - markdown_it.rules_block.fence - DEBUG - fence.fence:10 - entering fence: StateBlock(line=77,level=2,tokens=224), 82, 189, True
2026-01-12 18:58:51 - 20260112_185850_e4fd698d - markdown_it.rules_block.blockquote - DEBUG - blockquote.blockquote:13 - entering blockquote: StateBlock(line=77,level=2,tokens=224), 82, 189, True
2026-01-12 18:58:51 - 20260112_185850_e4fd698d - markdown_it.rules_block.hr - DEBUG - hr.hr:14 - entering hr: StateBlock(line=77,level=2,tokens=224), 82, 189, True
2026-01-12 18:58:51 - 20260112_185850_e4fd698d - markdown_it.rules_block.list - DEBUG - list.list_block:102 - entering list: StateBlock(line=77,level=2,tokens=224), 82, 189, True
2026-01-12 18:58:51 - 20260112_185850_e4fd698d - markdown_it.rules_block.html_block - DEBUG - html_block.html_block:35 - entering html_block: StateBlock(line=77,level=2,tokens=224), 82, 189, True
2026-01-12 18:58:51 - 20260112_185850_e4fd698d - markdown_it.rules_block.heading - DEBUG - heading.heading:13 - entering heading: StateBlock(line=77,level=2,tokens=224), 82, 189, True
2026-01-12 18:58:51 - 20260112_185850_e4fd698d - markdown_it.rules_block.code - DEBUG - code.code:10 - entering code: StateBlock(line=83,level=0,tokens=226), 83, 189, False
2026-01-12 18:58:51 - 20260112_185850_e4fd698d - markdown_it.rules_block.fence - DEBUG - fence.fence:10 - entering fence: StateBlock(line=83,level=0,tokens=226), 83, 189, False
2026-01-12 18:58:51 - 20260112_185850_e4fd698d - markdown_it.rules_block.blockquote - DEBUG - blockquote.blockquote:13 - entering blockquote: StateBlock(line=83,level=0,tokens=226), 83, 189, False
2026-01-12 18:58:51 - 20260112_185850_e4fd698d - markdown_it.rules_block.hr - DEBUG - hr.hr:14 - entering hr: StateBlock(line=83,level=0,tokens=226), 83, 189, False
2026-01-12 18:58:51 - 20260112_185850_e4fd698d - markdown_it.rules_block.list - DEBUG - list.list_block:102 - entering list: StateBlock(line=83,level=0,tokens=226), 83, 189, False
2026-01-12 18:58:51 - 20260112_185850_e4fd698d - markdown_it.rules_block.reference - DEBUG - reference.reference:10 - entering reference: StateBlock(line=83,level=0,tokens=226), 83, 189, False
2026-01-12 18:58:51 - 20260112_185850_e4fd698d - markdown_it.rules_block.html_block - DEBUG - html_block.html_block:35 - entering html_block: StateBlock(line=83,level=0,tokens=226), 83, 189, False
2026-01-12 18:58:51 - 20260112_185850_e4fd698d - markdown_it.rules_block.heading - DEBUG - heading.heading:13 - entering heading: StateBlock(line=83,level=0,tokens=226), 83, 189, False
2026-01-12 18:58:51 - 20260112_185850_e4fd698d - markdown_it.rules_block.fence - DEBUG - fence.fence:10 - entering fence: StateBlock(line=84,level=1,tokens=240), 86, 189, True
2026-01-12 18:58:51 - 20260112_185850_e4fd698d - markdown_it.rules_block.blockquote - DEBUG - blockquote.blockquote:13 - entering blockquote: StateBlock(line=84,level=1,tokens=240), 86, 189, True
2026-01-12 18:58:51 - 20260112_185850_e4fd698d - markdown_it.rules_block.hr - DEBUG - hr.hr:14 - entering hr: StateBlock(line=84,level=1,tokens=240), 86, 189, True
2026-01-12 18:58:51 - 20260112_185850_e4fd698d - markdown_it.rules_block.list - DEBUG - list.list_block:102 - entering list: StateBlock(line=84,level=1,tokens=240), 86, 189, True
2026-01-12 18:58:51 - 20260112_185850_e4fd698d - markdown_it.rules_block.html_block - DEBUG - html_block.html_block:35 - entering html_block: StateBlock(line=84,level=1,tokens=240), 86, 189, True
2026-01-12 18:58:51 - 20260112_185850_e4fd698d - markdown_it.rules_block.heading - DEBUG - heading.heading:13 - entering heading: StateBlock(line=84,level=1,tokens=240), 86, 189, True
2026-01-12 18:58:51 - 20260112_185850_e4fd698d - markdown_it.rules_block.fence - DEBUG - fence.fence:10 - entering fence: StateBlock(line=84,level=2,tokens=249), 87, 189, True
2026-01-12 18:58:51 - 20260112_185850_e4fd698d - markdown_it.rules_block.blockquote - DEBUG - blockquote.blockquote:13 - entering blockquote: StateBlock(line=84,level=2,tokens=249), 87, 189, True
2026-01-12 18:58:51 - 20260112_185850_e4fd698d - markdown_it.rules_block.hr - DEBUG - hr.hr:14 - entering hr: StateBlock(line=84,level=2,tokens=249), 87, 189, True
2026-01-12 18:58:51 - 20260112_185850_e4fd698d - markdown_it.rules_block.list - DEBUG - list.list_block:102 - entering list: StateBlock(line=84,level=2,tokens=249), 87, 189, True
2026-01-12 18:58:51 - 20260112_185850_e4fd698d - markdown_it.rules_block.html_block - DEBUG - html_block.html_block:35 - entering html_block: StateBlock(line=84,level=2,tokens=249), 87, 189, True
2026-01-12 18:58:51 - 20260112_185850_e4fd698d - markdown_it.rules_block.heading - DEBUG - heading.heading:13 - entering heading: StateBlock(line=84,level=2,tokens=249), 87, 189, True
2026-01-12 18:58:51 - 20260112_185850_e4fd698d - markdown_it.rules_block.fence - DEBUG - fence.fence:10 - entering fence: StateBlock(line=84,level=2,tokens=257), 88, 189, True
2026-01-12 18:58:51 - 20260112_185850_e4fd698d - markdown_it.rules_block.blockquote - DEBUG - blockquote.blockquote:13 - entering blockquote: StateBlock(line=84,level=2,tokens=257), 88, 189, True
2026-01-12 18:58:51 - 20260112_185850_e4fd698d - markdown_it.rules_block.hr - DEBUG - hr.hr:14 - entering hr: StateBlock(line=84,level=2,tokens=257), 88, 189, True
2026-01-12 18:58:51 - 20260112_185850_e4fd698d - markdown_it.rules_block.list - DEBUG - list.list_block:102 - entering list: StateBlock(line=84,level=2,tokens=257), 88, 189, True
2026-01-12 18:58:51 - 20260112_185850_e4fd698d - markdown_it.rules_block.html_block - DEBUG - html_block.html_block:35 - entering html_block: StateBlock(line=84,level=2,tokens=257), 88, 189, True
2026-01-12 18:58:51 - 20260112_185850_e4fd698d - markdown_it.rules_block.heading - DEBUG - heading.heading:13 - entering heading: StateBlock(line=84,level=2,tokens=257), 88, 189, True
2026-01-12 18:58:51 - 20260112_185850_e4fd698d - markdown_it.rules_block.fence - DEBUG - fence.fence:10 - entering fence: StateBlock(line=84,level=2,tokens=265), 89, 189, True
2026-01-12 18:58:51 - 20260112_185850_e4fd698d - markdown_it.rules_block.blockquote - DEBUG - blockquote.blockquote:13 - entering blockquote: StateBlock(line=84,level=2,tokens=265), 89, 189, True
2026-01-12 18:58:51 - 20260112_185850_e4fd698d - markdown_it.rules_block.hr - DEBUG - hr.hr:14 - entering hr: StateBlock(line=84,level=2,tokens=265), 89, 189, True
2026-01-12 18:58:51 - 20260112_185850_e4fd698d - markdown_it.rules_block.list - DEBUG - list.list_block:102 - entering list: StateBlock(line=84,level=2,tokens=265), 89, 189, True
2026-01-12 18:58:51 - 20260112_185850_e4fd698d - markdown_it.rules_block.html_block - DEBUG - html_block.html_block:35 - entering html_block: StateBlock(line=84,level=2,tokens=265), 89, 189, True
2026-01-12 18:58:51 - 20260112_185850_e4fd698d - markdown_it.rules_block.heading - DEBUG - heading.heading:13 - entering heading: StateBlock(line=84,level=2,tokens=265), 89, 189, True
2026-01-12 18:58:51 - 20260112_185850_e4fd698d - markdown_it.rules_block.fence - DEBUG - fence.fence:10 - entering fence: StateBlock(line=84,level=2,tokens=273), 90, 189, True
2026-01-12 18:58:51 - 20260112_185850_e4fd698d - markdown_it.rules_block.blockquote - DEBUG - blockquote.blockquote:13 - entering blockquote: StateBlock(line=84,level=2,tokens=273), 90, 189, True
2026-01-12 18:58:51 - 20260112_185850_e4fd698d - markdown_it.rules_block.hr - DEBUG - hr.hr:14 - entering hr: StateBlock(line=84,level=2,tokens=273), 90, 189, True
2026-01-12 18:58:51 - 20260112_185850_e4fd698d - markdown_it.rules_block.list - DEBUG - list.list_block:102 - entering list: StateBlock(line=84,level=2,tokens=273), 90, 189, True
2026-01-12 18:58:51 - 20260112_185850_e4fd698d - markdown_it.rules_block.html_block - DEBUG - html_block.html_block:35 - entering html_block: StateBlock(line=84,level=2,tokens=273), 90, 189, True
2026-01-12 18:58:51 - 20260112_185850_e4fd698d - markdown_it.rules_block.heading - DEBUG - heading.heading:13 - entering heading: StateBlock(line=84,level=2,tokens=273), 90, 189, True
2026-01-12 18:58:51 - 20260112_185850_e4fd698d - markdown_it.rules_block.code - DEBUG - code.code:10 - entering code: StateBlock(line=91,level=0,tokens=275), 91, 189, False
2026-01-12 18:58:51 - 20260112_185850_e4fd698d - markdown_it.rules_block.fence - DEBUG - fence.fence:10 - entering fence: StateBlock(line=91,level=0,tokens=275), 91, 189, False
2026-01-12 18:58:51 - 20260112_185850_e4fd698d - markdown_it.rules_block.blockquote - DEBUG - blockquote.blockquote:13 - entering blockquote: StateBlock(line=91,level=0,tokens=275), 91, 189, False
2026-01-12 18:58:51 - 20260112_185850_e4fd698d - markdown_it.rules_block.hr - DEBUG - hr.hr:14 - entering hr: StateBlock(line=91,level=0,tokens=275), 91, 189, False
2026-01-12 18:58:51 - 20260112_185850_e4fd698d - markdown_it.rules_block.list - DEBUG - list.list_block:102 - entering list: StateBlock(line=91,level=0,tokens=275), 91, 189, False
2026-01-12 18:58:51 - 20260112_185850_e4fd698d - markdown_it.rules_block.reference - DEBUG - reference.reference:10 - entering reference: StateBlock(line=91,level=0,tokens=275), 91, 189, False
2026-01-12 18:58:51 - 20260112_185850_e4fd698d - markdown_it.rules_block.html_block - DEBUG - html_block.html_block:35 - entering html_block: StateBlock(line=91,level=0,tokens=275), 91, 189, False
2026-01-12 18:58:51 - 20260112_185850_e4fd698d - markdown_it.rules_block.heading - DEBUG - heading.heading:13 - entering heading: StateBlock(line=91,level=0,tokens=275), 91, 189, False
2026-01-12 18:58:51 - 20260112_185850_e4fd698d - markdown_it.rules_block.lheading - DEBUG - lheading.lheading:10 - entering lheading: StateBlock(line=91,level=0,tokens=275), 91, 189, False
2026-01-12 18:58:51 - 20260112_185850_e4fd698d - markdown_it.rules_block.paragraph - DEBUG - paragraph.paragraph:10 - entering paragraph: StateBlock(line=91,level=0,tokens=275), 91, 189, False
2026-01-12 18:58:51 - 20260112_185850_e4fd698d - markdown_it.rules_block.code - DEBUG - code.code:10 - entering code: StateBlock(line=93,level=0,tokens=278), 93, 189, False
2026-01-12 18:58:51 - 20260112_185850_e4fd698d - markdown_it.rules_block.fence - DEBUG - fence.fence:10 - entering fence: StateBlock(line=93,level=0,tokens=278), 93, 189, False
2026-01-12 18:58:51 - 20260112_185850_e4fd698d - markdown_it.rules_block.blockquote - DEBUG - blockquote.blockquote:13 - entering blockquote: StateBlock(line=93,level=0,tokens=278), 93, 189, False
2026-01-12 18:58:51 - 20260112_185850_e4fd698d - markdown_it.rules_block.hr - DEBUG - hr.hr:14 - entering hr: StateBlock(line=93,level=0,tokens=278), 93, 189, False
2026-01-12 18:58:51 - 20260112_185850_e4fd698d - markdown_it.rules_block.code - DEBUG - code.code:10 - entering code: StateBlock(line=95,level=0,tokens=279), 95, 189, False
2026-01-12 18:58:51 - 20260112_185850_e4fd698d - markdown_it.rules_block.fence - DEBUG - fence.fence:10 - entering fence: StateBlock(line=95,level=0,tokens=279), 95, 189, False
2026-01-12 18:58:51 - 20260112_185850_e4fd698d - markdown_it.rules_block.blockquote - DEBUG - blockquote.blockquote:13 - entering blockquote: StateBlock(line=95,level=0,tokens=279), 95, 189, False
2026-01-12 18:58:51 - 20260112_185850_e4fd698d - markdown_it.rules_block.hr - DEBUG - hr.hr:14 - entering hr: StateBlock(line=95,level=0,tokens=279), 95, 189, False
2026-01-12 18:58:51 - 20260112_185850_e4fd698d - markdown_it.rules_block.list - DEBUG - list.list_block:102 - entering list: StateBlock(line=95,level=0,tokens=279), 95, 189, False
2026-01-12 18:58:51 - 20260112_185850_e4fd698d - markdown_it.rules_block.reference - DEBUG - reference.reference:10 - entering reference: StateBlock(line=95,level=0,tokens=279), 95, 189, False
2026-01-12 18:58:51 - 20260112_185850_e4fd698d - markdown_it.rules_block.html_block - DEBUG - html_block.html_block:35 - entering html_block: StateBlock(line=95,level=0,tokens=279), 95, 189, False
2026-01-12 18:58:51 - 20260112_185850_e4fd698d - markdown_it.rules_block.heading - DEBUG - heading.heading:13 - entering heading: StateBlock(line=95,level=0,tokens=279), 95, 189, False
2026-01-12 18:58:51 - 20260112_185850_e4fd698d - markdown_it.rules_block.fence - DEBUG - fence.fence:10 - entering fence: StateBlock(line=97,level=1,tokens=302), 99, 189, True
2026-01-12 18:58:51 - 20260112_185850_e4fd698d - markdown_it.rules_block.blockquote - DEBUG - blockquote.blockquote:13 - entering blockquote: StateBlock(line=97,level=1,tokens=302), 99, 189, True
2026-01-12 18:58:51 - 20260112_185850_e4fd698d - markdown_it.rules_block.hr - DEBUG - hr.hr:14 - entering hr: StateBlock(line=97,level=1,tokens=302), 99, 189, True
2026-01-12 18:58:51 - 20260112_185850_e4fd698d - markdown_it.rules_block.list - DEBUG - list.list_block:102 - entering list: StateBlock(line=97,level=1,tokens=302), 99, 189, True
2026-01-12 18:58:51 - 20260112_185850_e4fd698d - markdown_it.rules_block.html_block - DEBUG - html_block.html_block:35 - entering html_block: StateBlock(line=97,level=1,tokens=302), 99, 189, True
2026-01-12 18:58:51 - 20260112_185850_e4fd698d - markdown_it.rules_block.heading - DEBUG - heading.heading:13 - entering heading: StateBlock(line=97,level=1,tokens=302), 99, 189, True
2026-01-12 18:58:51 - 20260112_185850_e4fd698d - markdown_it.rules_block.fence - DEBUG - fence.fence:10 - entering fence: StateBlock(line=97,level=2,tokens=320), 100, 189, True
2026-01-12 18:58:51 - 20260112_185850_e4fd698d - markdown_it.rules_block.blockquote - DEBUG - blockquote.blockquote:13 - entering blockquote: StateBlock(line=97,level=2,tokens=320), 100, 189, True
2026-01-12 18:58:51 - 20260112_185850_e4fd698d - markdown_it.rules_block.hr - DEBUG - hr.hr:14 - entering hr: StateBlock(line=97,level=2,tokens=320), 100, 189, True
2026-01-12 18:58:51 - 20260112_185850_e4fd698d - markdown_it.rules_block.list - DEBUG - list.list_block:102 - entering list: StateBlock(line=97,level=2,tokens=320), 100, 189, True
2026-01-12 18:58:51 - 20260112_185850_e4fd698d - markdown_it.rules_block.html_block - DEBUG - html_block.html_block:35 - entering html_block: StateBlock(line=97,level=2,tokens=320), 100, 189, True
2026-01-12 18:58:51 - 20260112_185850_e4fd698d - markdown_it.rules_block.heading - DEBUG - heading.heading:13 - entering heading: StateBlock(line=97,level=2,tokens=320), 100, 189, True
2026-01-12 18:58:51 - 20260112_185850_e4fd698d - markdown_it.rules_block.fence - DEBUG - fence.fence:10 - entering fence: StateBlock(line=97,level=2,tokens=337), 101, 189, True
2026-01-12 18:58:51 - 20260112_185850_e4fd698d - markdown_it.rules_block.blockquote - DEBUG - blockquote.blockquote:13 - entering blockquote: StateBlock(line=97,level=2,tokens=337), 101, 189, True
2026-01-12 18:58:51 - 20260112_185850_e4fd698d - markdown_it.rules_block.hr - DEBUG - hr.hr:14 - entering hr: StateBlock(line=97,level=2,tokens=337), 101, 189, True
2026-01-12 18:58:51 - 20260112_185850_e4fd698d - markdown_it.rules_block.list - DEBUG - list.list_block:102 - entering list: StateBlock(line=97,level=2,tokens=337), 101, 189, True
2026-01-12 18:58:51 - 20260112_185850_e4fd698d - markdown_it.rules_block.html_block - DEBUG - html_block.html_block:35 - entering html_block: StateBlock(line=97,level=2,tokens=337), 101, 189, True
2026-01-12 18:58:51 - 20260112_185850_e4fd698d - markdown_it.rules_block.heading - DEBUG - heading.heading:13 - entering heading: StateBlock(line=97,level=2,tokens=337), 101, 189, True
2026-01-12 18:58:51 - 20260112_185850_e4fd698d - markdown_it.rules_block.fence - DEBUG - fence.fence:10 - entering fence: StateBlock(line=97,level=2,tokens=354), 102, 189, True
2026-01-12 18:58:51 - 20260112_185850_e4fd698d - markdown_it.rules_block.blockquote - DEBUG - blockquote.blockquote:13 - entering blockquote: StateBlock(line=97,level=2,tokens=354), 102, 189, True
2026-01-12 18:58:51 - 20260112_185850_e4fd698d - markdown_it.rules_block.hr - DEBUG - hr.hr:14 - entering hr: StateBlock(line=97,level=2,tokens=354), 102, 189, True
2026-01-12 18:58:51 - 20260112_185850_e4fd698d - markdown_it.rules_block.list - DEBUG - list.list_block:102 - entering list: StateBlock(line=97,level=2,tokens=354), 102, 189, True
2026-01-12 18:58:51 - 20260112_185850_e4fd698d - markdown_it.rules_block.html_block - DEBUG - html_block.html_block:35 - entering html_block: StateBlock(line=97,level=2,tokens=354), 102, 189, True
2026-01-12 18:58:51 - 20260112_185850_e4fd698d - markdown_it.rules_block.heading - DEBUG - heading.heading:13 - entering heading: StateBlock(line=97,level=2,tokens=354), 102, 189, True
2026-01-12 18:58:51 - 20260112_185850_e4fd698d - markdown_it.rules_block.fence - DEBUG - fence.fence:10 - entering fence: StateBlock(line=97,level=2,tokens=371), 103, 189, True
2026-01-12 18:58:51 - 20260112_185850_e4fd698d - markdown_it.rules_block.blockquote - DEBUG - blockquote.blockquote:13 - entering blockquote: StateBlock(line=97,level=2,tokens=371), 103, 189, True
2026-01-12 18:58:51 - 20260112_185850_e4fd698d - markdown_it.rules_block.hr - DEBUG - hr.hr:14 - entering hr: StateBlock(line=97,level=2,tokens=371), 103, 189, True
2026-01-12 18:58:51 - 20260112_185850_e4fd698d - markdown_it.rules_block.list - DEBUG - list.list_block:102 - entering list: StateBlock(line=97,level=2,tokens=371), 103, 189, True
2026-01-12 18:58:51 - 20260112_185850_e4fd698d - markdown_it.rules_block.html_block - DEBUG - html_block.html_block:35 - entering html_block: StateBlock(line=97,level=2,tokens=371), 103, 189, True
2026-01-12 18:58:51 - 20260112_185850_e4fd698d - markdown_it.rules_block.heading - DEBUG - heading.heading:13 - entering heading: StateBlock(line=97,level=2,tokens=371), 103, 189, True
2026-01-12 18:58:51 - 20260112_185850_e4fd698d - markdown_it.rules_block.fence - DEBUG - fence.fence:10 - entering fence: StateBlock(line=97,level=2,tokens=388), 104, 189, True
2026-01-12 18:58:51 - 20260112_185850_e4fd698d - markdown_it.rules_block.blockquote - DEBUG - blockquote.blockquote:13 - entering blockquote: StateBlock(line=97,level=2,tokens=388), 104, 189, True
2026-01-12 18:58:51 - 20260112_185850_e4fd698d - markdown_it.rules_block.hr - DEBUG - hr.hr:14 - entering hr: StateBlock(line=97,level=2,tokens=388), 104, 189, True
2026-01-12 18:58:51 - 20260112_185850_e4fd698d - markdown_it.rules_block.list - DEBUG - list.list_block:102 - entering list: StateBlock(line=97,level=2,tokens=388), 104, 189, True
2026-01-12 18:58:51 - 20260112_185850_e4fd698d - markdown_it.rules_block.html_block - DEBUG - html_block.html_block:35 - entering html_block: StateBlock(line=97,level=2,tokens=388), 104, 189, True
2026-01-12 18:58:51 - 20260112_185850_e4fd698d - markdown_it.rules_block.heading - DEBUG - heading.heading:13 - entering heading: StateBlock(line=97,level=2,tokens=388), 104, 189, True
2026-01-12 18:58:51 - 20260112_185850_e4fd698d - markdown_it.rules_block.code - DEBUG - code.code:10 - entering code: StateBlock(line=105,level=0,tokens=390), 105, 189, False
2026-01-12 18:58:51 - 20260112_185850_e4fd698d - markdown_it.rules_block.fence - DEBUG - fence.fence:10 - entering fence: StateBlock(line=105,level=0,tokens=390), 105, 189, False
2026-01-12 18:58:51 - 20260112_185850_e4fd698d - markdown_it.rules_block.blockquote - DEBUG - blockquote.blockquote:13 - entering blockquote: StateBlock(line=105,level=0,tokens=390), 105, 189, False
2026-01-12 18:58:51 - 20260112_185850_e4fd698d - markdown_it.rules_block.hr - DEBUG - hr.hr:14 - entering hr: StateBlock(line=105,level=0,tokens=390), 105, 189, False
2026-01-12 18:58:51 - 20260112_185850_e4fd698d - markdown_it.rules_block.list - DEBUG - list.list_block:102 - entering list: StateBlock(line=105,level=0,tokens=390), 105, 189, False
2026-01-12 18:58:51 - 20260112_185850_e4fd698d - markdown_it.rules_block.reference - DEBUG - reference.reference:10 - entering reference: StateBlock(line=105,level=0,tokens=390), 105, 189, False
2026-01-12 18:58:51 - 20260112_185850_e4fd698d - markdown_it.rules_block.html_block - DEBUG - html_block.html_block:35 - entering html_block: StateBlock(line=105,level=0,tokens=390), 105, 189, False
2026-01-12 18:58:51 - 20260112_185850_e4fd698d - markdown_it.rules_block.heading - DEBUG - heading.heading:13 - entering heading: StateBlock(line=105,level=0,tokens=390), 105, 189, False
2026-01-12 18:58:51 - 20260112_185850_e4fd698d - markdown_it.rules_block.lheading - DEBUG - lheading.lheading:10 - entering lheading: StateBlock(line=105,level=0,tokens=390), 105, 189, False
2026-01-12 18:58:51 - 20260112_185850_e4fd698d - markdown_it.rules_block.paragraph - DEBUG - paragraph.paragraph:10 - entering paragraph: StateBlock(line=105,level=0,tokens=390), 105, 189, False
2026-01-12 18:58:51 - 20260112_185850_e4fd698d - markdown_it.rules_block.code - DEBUG - code.code:10 - entering code: StateBlock(line=107,level=0,tokens=393), 107, 189, False
2026-01-12 18:58:51 - 20260112_185850_e4fd698d - markdown_it.rules_block.fence - DEBUG - fence.fence:10 - entering fence: StateBlock(line=107,level=0,tokens=393), 107, 189, False
2026-01-12 18:58:51 - 20260112_185850_e4fd698d - markdown_it.rules_block.blockquote - DEBUG - blockquote.blockquote:13 - entering blockquote: StateBlock(line=107,level=0,tokens=393), 107, 189, False
2026-01-12 18:58:51 - 20260112_185850_e4fd698d - markdown_it.rules_block.hr - DEBUG - hr.hr:14 - entering hr: StateBlock(line=107,level=0,tokens=393), 107, 189, False
2026-01-12 18:58:51 - 20260112_185850_e4fd698d - markdown_it.rules_block.list - DEBUG - list.list_block:102 - entering list: StateBlock(line=107,level=0,tokens=393), 107, 189, False
2026-01-12 18:58:51 - 20260112_185850_e4fd698d - markdown_it.rules_block.reference - DEBUG - reference.reference:10 - entering reference: StateBlock(line=107,level=0,tokens=393), 107, 189, False
2026-01-12 18:58:51 - 20260112_185850_e4fd698d - markdown_it.rules_block.html_block - DEBUG - html_block.html_block:35 - entering html_block: StateBlock(line=107,level=0,tokens=393), 107, 189, False
2026-01-12 18:58:51 - 20260112_185850_e4fd698d - markdown_it.rules_block.heading - DEBUG - heading.heading:13 - entering heading: StateBlock(line=107,level=0,tokens=393), 107, 189, False
2026-01-12 18:58:51 - 20260112_185850_e4fd698d - markdown_it.rules_block.fence - DEBUG - fence.fence:10 - entering fence: StateBlock(line=108,level=1,tokens=413), 110, 189, True
2026-01-12 18:58:51 - 20260112_185850_e4fd698d - markdown_it.rules_block.blockquote - DEBUG - blockquote.blockquote:13 - entering blockquote: StateBlock(line=108,level=1,tokens=413), 110, 189, True
2026-01-12 18:58:51 - 20260112_185850_e4fd698d - markdown_it.rules_block.hr - DEBUG - hr.hr:14 - entering hr: StateBlock(line=108,level=1,tokens=413), 110, 189, True
2026-01-12 18:58:51 - 20260112_185850_e4fd698d - markdown_it.rules_block.list - DEBUG - list.list_block:102 - entering list: StateBlock(line=108,level=1,tokens=413), 110, 189, True
2026-01-12 18:58:51 - 20260112_185850_e4fd698d - markdown_it.rules_block.html_block - DEBUG - html_block.html_block:35 - entering html_block: StateBlock(line=108,level=1,tokens=413), 110, 189, True
2026-01-12 18:58:51 - 20260112_185850_e4fd698d - markdown_it.rules_block.heading - DEBUG - heading.heading:13 - entering heading: StateBlock(line=108,level=1,tokens=413), 110, 189, True
2026-01-12 18:58:51 - 20260112_185850_e4fd698d - markdown_it.rules_block.fence - DEBUG - fence.fence:10 - entering fence: StateBlock(line=108,level=2,tokens=428), 111, 189, True
2026-01-12 18:58:51 - 20260112_185850_e4fd698d - markdown_it.rules_block.blockquote - DEBUG - blockquote.blockquote:13 - entering blockquote: StateBlock(line=108,level=2,tokens=428), 111, 189, True
2026-01-12 18:58:51 - 20260112_185850_e4fd698d - markdown_it.rules_block.hr - DEBUG - hr.hr:14 - entering hr: StateBlock(line=108,level=2,tokens=428), 111, 189, True
2026-01-12 18:58:51 - 20260112_185850_e4fd698d - markdown_it.rules_block.list - DEBUG - list.list_block:102 - entering list: StateBlock(line=108,level=2,tokens=428), 111, 189, True
2026-01-12 18:58:51 - 20260112_185850_e4fd698d - markdown_it.rules_block.html_block - DEBUG - html_block.html_block:35 - entering html_block: StateBlock(line=108,level=2,tokens=428), 111, 189, True
2026-01-12 18:58:51 - 20260112_185850_e4fd698d - markdown_it.rules_block.heading - DEBUG - heading.heading:13 - entering heading: StateBlock(line=108,level=2,tokens=428), 111, 189, True
2026-01-12 18:58:51 - 20260112_185850_e4fd698d - markdown_it.rules_block.fence - DEBUG - fence.fence:10 - entering fence: StateBlock(line=108,level=2,tokens=442), 112, 189, True
2026-01-12 18:58:51 - 20260112_185850_e4fd698d - markdown_it.rules_block.blockquote - DEBUG - blockquote.blockquote:13 - entering blockquote: StateBlock(line=108,level=2,tokens=442), 112, 189, True
2026-01-12 18:58:51 - 20260112_185850_e4fd698d - markdown_it.rules_block.hr - DEBUG - hr.hr:14 - entering hr: StateBlock(line=108,level=2,tokens=442), 112, 189, True
2026-01-12 18:58:51 - 20260112_185850_e4fd698d - markdown_it.rules_block.list - DEBUG - list.list_block:102 - entering list: StateBlock(line=108,level=2,tokens=442), 112, 189, True
2026-01-12 18:58:51 - 20260112_185850_e4fd698d - markdown_it.rules_block.html_block - DEBUG - html_block.html_block:35 - entering html_block: StateBlock(line=108,level=2,tokens=442), 112, 189, True
2026-01-12 18:58:51 - 20260112_185850_e4fd698d - markdown_it.rules_block.heading - DEBUG - heading.heading:13 - entering heading: StateBlock(line=108,level=2,tokens=442), 112, 189, True
2026-01-12 18:58:51 - 20260112_185850_e4fd698d - markdown_it.rules_block.fence - DEBUG - fence.fence:10 - entering fence: StateBlock(line=108,level=2,tokens=456), 113, 189, True
2026-01-12 18:58:51 - 20260112_185850_e4fd698d - markdown_it.rules_block.blockquote - DEBUG - blockquote.blockquote:13 - entering blockquote: StateBlock(line=108,level=2,tokens=456), 113, 189, True
2026-01-12 18:58:51 - 20260112_185850_e4fd698d - markdown_it.rules_block.hr - DEBUG - hr.hr:14 - entering hr: StateBlock(line=108,level=2,tokens=456), 113, 189, True
2026-01-12 18:58:51 - 20260112_185850_e4fd698d - markdown_it.rules_block.list - DEBUG - list.list_block:102 - entering list: StateBlock(line=108,level=2,tokens=456), 113, 189, True
2026-01-12 18:58:51 - 20260112_185850_e4fd698d - markdown_it.rules_block.html_block - DEBUG - html_block.html_block:35 - entering html_block: StateBlock(line=108,level=2,tokens=456), 113, 189, True
2026-01-12 18:58:51 - 20260112_185850_e4fd698d - markdown_it.rules_block.heading - DEBUG - heading.heading:13 - entering heading: StateBlock(line=108,level=2,tokens=456), 113, 189, True
2026-01-12 18:58:51 - 20260112_185850_e4fd698d - markdown_it.rules_block.code - DEBUG - code.code:10 - entering code: StateBlock(line=114,level=0,tokens=458), 114, 189, False
2026-01-12 18:58:51 - 20260112_185850_e4fd698d - markdown_it.rules_block.fence - DEBUG - fence.fence:10 - entering fence: StateBlock(line=114,level=0,tokens=458), 114, 189, False
2026-01-12 18:58:51 - 20260112_185850_e4fd698d - markdown_it.rules_block.blockquote - DEBUG - blockquote.blockquote:13 - entering blockquote: StateBlock(line=114,level=0,tokens=458), 114, 189, False
2026-01-12 18:58:51 - 20260112_185850_e4fd698d - markdown_it.rules_block.hr - DEBUG - hr.hr:14 - entering hr: StateBlock(line=114,level=0,tokens=458), 114, 189, False
2026-01-12 18:58:51 - 20260112_185850_e4fd698d - markdown_it.rules_block.code - DEBUG - code.code:10 - entering code: StateBlock(line=116,level=0,tokens=459), 116, 189, False
2026-01-12 18:58:51 - 20260112_185850_e4fd698d - markdown_it.rules_block.fence - DEBUG - fence.fence:10 - entering fence: StateBlock(line=116,level=0,tokens=459), 116, 189, False
2026-01-12 18:58:51 - 20260112_185850_e4fd698d - markdown_it.rules_block.blockquote - DEBUG - blockquote.blockquote:13 - entering blockquote: StateBlock(line=116,level=0,tokens=459), 116, 189, False
2026-01-12 18:58:51 - 20260112_185850_e4fd698d - markdown_it.rules_block.hr - DEBUG - hr.hr:14 - entering hr: StateBlock(line=116,level=0,tokens=459), 116, 189, False
2026-01-12 18:58:51 - 20260112_185850_e4fd698d - markdown_it.rules_block.list - DEBUG - list.list_block:102 - entering list: StateBlock(line=116,level=0,tokens=459), 116, 189, False
2026-01-12 18:58:51 - 20260112_185850_e4fd698d - markdown_it.rules_block.reference - DEBUG - reference.reference:10 - entering reference: StateBlock(line=116,level=0,tokens=459), 116, 189, False
2026-01-12 18:58:51 - 20260112_185850_e4fd698d - markdown_it.rules_block.html_block - DEBUG - html_block.html_block:35 - entering html_block: StateBlock(line=116,level=0,tokens=459), 116, 189, False
2026-01-12 18:58:51 - 20260112_185850_e4fd698d - markdown_it.rules_block.heading - DEBUG - heading.heading:13 - entering heading: StateBlock(line=116,level=0,tokens=459), 116, 189, False
2026-01-12 18:58:51 - 20260112_185850_e4fd698d - markdown_it.rules_block.fence - DEBUG - fence.fence:10 - entering fence: StateBlock(line=118,level=1,tokens=473), 120, 189, True
2026-01-12 18:58:51 - 20260112_185850_e4fd698d - markdown_it.rules_block.blockquote - DEBUG - blockquote.blockquote:13 - entering blockquote: StateBlock(line=118,level=1,tokens=473), 120, 189, True
2026-01-12 18:58:51 - 20260112_185850_e4fd698d - markdown_it.rules_block.hr - DEBUG - hr.hr:14 - entering hr: StateBlock(line=118,level=1,tokens=473), 120, 189, True
2026-01-12 18:58:51 - 20260112_185850_e4fd698d - markdown_it.rules_block.list - DEBUG - list.list_block:102 - entering list: StateBlock(line=118,level=1,tokens=473), 120, 189, True
2026-01-12 18:58:51 - 20260112_185850_e4fd698d - markdown_it.rules_block.html_block - DEBUG - html_block.html_block:35 - entering html_block: StateBlock(line=118,level=1,tokens=473), 120, 189, True
2026-01-12 18:58:51 - 20260112_185850_e4fd698d - markdown_it.rules_block.heading - DEBUG - heading.heading:13 - entering heading: StateBlock(line=118,level=1,tokens=473), 120, 189, True
2026-01-12 18:58:51 - 20260112_185850_e4fd698d - markdown_it.rules_block.fence - DEBUG - fence.fence:10 - entering fence: StateBlock(line=118,level=2,tokens=482), 121, 189, True
2026-01-12 18:58:51 - 20260112_185850_e4fd698d - markdown_it.rules_block.blockquote - DEBUG - blockquote.blockquote:13 - entering blockquote: StateBlock(line=118,level=2,tokens=482), 121, 189, True
2026-01-12 18:58:51 - 20260112_185850_e4fd698d - markdown_it.rules_block.hr - DEBUG - hr.hr:14 - entering hr: StateBlock(line=118,level=2,tokens=482), 121, 189, True
2026-01-12 18:58:51 - 20260112_185850_e4fd698d - markdown_it.rules_block.list - DEBUG - list.list_block:102 - entering list: StateBlock(line=118,level=2,tokens=482), 121, 189, True
2026-01-12 18:58:51 - 20260112_185850_e4fd698d - markdown_it.rules_block.html_block - DEBUG - html_block.html_block:35 - entering html_block: StateBlock(line=118,level=2,tokens=482), 121, 189, True
2026-01-12 18:58:51 - 20260112_185850_e4fd698d - markdown_it.rules_block.heading - DEBUG - heading.heading:13 - entering heading: StateBlock(line=118,level=2,tokens=482), 121, 189, True
2026-01-12 18:58:51 - 20260112_185850_e4fd698d - markdown_it.rules_block.fence - DEBUG - fence.fence:10 - entering fence: StateBlock(line=118,level=2,tokens=490), 122, 189, True
2026-01-12 18:58:51 - 20260112_185850_e4fd698d - markdown_it.rules_block.blockquote - DEBUG - blockquote.blockquote:13 - entering blockquote: StateBlock(line=118,level=2,tokens=490), 122, 189, True
2026-01-12 18:58:51 - 20260112_185850_e4fd698d - markdown_it.rules_block.hr - DEBUG - hr.hr:14 - entering hr: StateBlock(line=118,level=2,tokens=490), 122, 189, True
2026-01-12 18:58:51 - 20260112_185850_e4fd698d - markdown_it.rules_block.list - DEBUG - list.list_block:102 - entering list: StateBlock(line=118,level=2,tokens=490), 122, 189, True
2026-01-12 18:58:51 - 20260112_185850_e4fd698d - markdown_it.rules_block.html_block - DEBUG - html_block.html_block:35 - entering html_block: StateBlock(line=118,level=2,tokens=490), 122, 189, True
2026-01-12 18:58:51 - 20260112_185850_e4fd698d - markdown_it.rules_block.heading - DEBUG - heading.heading:13 - entering heading: StateBlock(line=118,level=2,tokens=490), 122, 189, True
2026-01-12 18:58:51 - 20260112_185850_e4fd698d - markdown_it.rules_block.fence - DEBUG - fence.fence:10 - entering fence: StateBlock(line=118,level=2,tokens=498), 123, 189, True
2026-01-12 18:58:51 - 20260112_185850_e4fd698d - markdown_it.rules_block.blockquote - DEBUG - blockquote.blockquote:13 - entering blockquote: StateBlock(line=118,level=2,tokens=498), 123, 189, True
2026-01-12 18:58:51 - 20260112_185850_e4fd698d - markdown_it.rules_block.hr - DEBUG - hr.hr:14 - entering hr: StateBlock(line=118,level=2,tokens=498), 123, 189, True
2026-01-12 18:58:51 - 20260112_185850_e4fd698d - markdown_it.rules_block.list - DEBUG - list.list_block:102 - entering list: StateBlock(line=118,level=2,tokens=498), 123, 189, True
2026-01-12 18:58:51 - 20260112_185850_e4fd698d - markdown_it.rules_block.html_block - DEBUG - html_block.html_block:35 - entering html_block: StateBlock(line=118,level=2,tokens=498), 123, 189, True
2026-01-12 18:58:51 - 20260112_185850_e4fd698d - markdown_it.rules_block.heading - DEBUG - heading.heading:13 - entering heading: StateBlock(line=118,level=2,tokens=498), 123, 189, True
2026-01-12 18:58:51 - 20260112_185850_e4fd698d - markdown_it.rules_block.fence - DEBUG - fence.fence:10 - entering fence: StateBlock(line=118,level=2,tokens=506), 124, 189, True
2026-01-12 18:58:51 - 20260112_185850_e4fd698d - markdown_it.rules_block.blockquote - DEBUG - blockquote.blockquote:13 - entering blockquote: StateBlock(line=118,level=2,tokens=506), 124, 189, True
2026-01-12 18:58:51 - 20260112_185850_e4fd698d - markdown_it.rules_block.hr - DEBUG - hr.hr:14 - entering hr: StateBlock(line=118,level=2,tokens=506), 124, 189, True
2026-01-12 18:58:51 - 20260112_185850_e4fd698d - markdown_it.rules_block.list - DEBUG - list.list_block:102 - entering list: StateBlock(line=118,level=2,tokens=506), 124, 189, True
2026-01-12 18:58:51 - 20260112_185850_e4fd698d - markdown_it.rules_block.html_block - DEBUG - html_block.html_block:35 - entering html_block: StateBlock(line=118,level=2,tokens=506), 124, 189, True
2026-01-12 18:58:51 - 20260112_185850_e4fd698d - markdown_it.rules_block.heading - DEBUG - heading.heading:13 - entering heading: StateBlock(line=118,level=2,tokens=506), 124, 189, True
2026-01-12 18:58:51 - 20260112_185850_e4fd698d - markdown_it.rules_block.fence - DEBUG - fence.fence:10 - entering fence: StateBlock(line=118,level=2,tokens=514), 125, 189, True
2026-01-12 18:58:51 - 20260112_185850_e4fd698d - markdown_it.rules_block.blockquote - DEBUG - blockquote.blockquote:13 - entering blockquote: StateBlock(line=118,level=2,tokens=514), 125, 189, True
2026-01-12 18:58:51 - 20260112_185850_e4fd698d - markdown_it.rules_block.hr - DEBUG - hr.hr:14 - entering hr: StateBlock(line=118,level=2,tokens=514), 125, 189, True
2026-01-12 18:58:51 - 20260112_185850_e4fd698d - markdown_it.rules_block.list - DEBUG - list.list_block:102 - entering list: StateBlock(line=118,level=2,tokens=514), 125, 189, True
2026-01-12 18:58:51 - 20260112_185850_e4fd698d - markdown_it.rules_block.html_block - DEBUG - html_block.html_block:35 - entering html_block: StateBlock(line=118,level=2,tokens=514), 125, 189, True
2026-01-12 18:58:51 - 20260112_185850_e4fd698d - markdown_it.rules_block.heading - DEBUG - heading.heading:13 - entering heading: StateBlock(line=118,level=2,tokens=514), 125, 189, True
2026-01-12 18:58:51 - 20260112_185850_e4fd698d - markdown_it.rules_block.code - DEBUG - code.code:10 - entering code: StateBlock(line=126,level=0,tokens=516), 126, 189, False
2026-01-12 18:58:51 - 20260112_185850_e4fd698d - markdown_it.rules_block.fence - DEBUG - fence.fence:10 - entering fence: StateBlock(line=126,level=0,tokens=516), 126, 189, False
2026-01-12 18:58:51 - 20260112_185850_e4fd698d - markdown_it.rules_block.blockquote - DEBUG - blockquote.blockquote:13 - entering blockquote: StateBlock(line=126,level=0,tokens=516), 126, 189, False
2026-01-12 18:58:51 - 20260112_185850_e4fd698d - markdown_it.rules_block.hr - DEBUG - hr.hr:14 - entering hr: StateBlock(line=126,level=0,tokens=516), 126, 189, False
2026-01-12 18:58:51 - 20260112_185850_e4fd698d - markdown_it.rules_block.list - DEBUG - list.list_block:102 - entering list: StateBlock(line=126,level=0,tokens=516), 126, 189, False
2026-01-12 18:58:51 - 20260112_185850_e4fd698d - markdown_it.rules_block.reference - DEBUG - reference.reference:10 - entering reference: StateBlock(line=126,level=0,tokens=516), 126, 189, False
2026-01-12 18:58:51 - 20260112_185850_e4fd698d - markdown_it.rules_block.html_block - DEBUG - html_block.html_block:35 - entering html_block: StateBlock(line=126,level=0,tokens=516), 126, 189, False
2026-01-12 18:58:51 - 20260112_185850_e4fd698d - markdown_it.rules_block.heading - DEBUG - heading.heading:13 - entering heading: StateBlock(line=126,level=0,tokens=516), 126, 189, False
2026-01-12 18:58:51 - 20260112_185850_e4fd698d - markdown_it.rules_block.lheading - DEBUG - lheading.lheading:10 - entering lheading: StateBlock(line=126,level=0,tokens=516), 126, 189, False
2026-01-12 18:58:51 - 20260112_185850_e4fd698d - markdown_it.rules_block.paragraph - DEBUG - paragraph.paragraph:10 - entering paragraph: StateBlock(line=126,level=0,tokens=516), 126, 189, False
2026-01-12 18:58:51 - 20260112_185850_e4fd698d - markdown_it.rules_block.code - DEBUG - code.code:10 - entering code: StateBlock(line=128,level=0,tokens=519), 128, 189, False
2026-01-12 18:58:51 - 20260112_185850_e4fd698d - markdown_it.rules_block.fence - DEBUG - fence.fence:10 - entering fence: StateBlock(line=128,level=0,tokens=519), 128, 189, False
2026-01-12 18:58:51 - 20260112_185850_e4fd698d - markdown_it.rules_block.blockquote - DEBUG - blockquote.blockquote:13 - entering blockquote: StateBlock(line=128,level=0,tokens=519), 128, 189, False
2026-01-12 18:58:51 - 20260112_185850_e4fd698d - markdown_it.rules_block.hr - DEBUG - hr.hr:14 - entering hr: StateBlock(line=128,level=0,tokens=519), 128, 189, False
2026-01-12 18:58:51 - 20260112_185850_e4fd698d - markdown_it.rules_block.code - DEBUG - code.code:10 - entering code: StateBlock(line=130,level=0,tokens=520), 130, 189, False
2026-01-12 18:58:51 - 20260112_185850_e4fd698d - markdown_it.rules_block.fence - DEBUG - fence.fence:10 - entering fence: StateBlock(line=130,level=0,tokens=520), 130, 189, False
2026-01-12 18:58:51 - 20260112_185850_e4fd698d - markdown_it.rules_block.blockquote - DEBUG - blockquote.blockquote:13 - entering blockquote: StateBlock(line=130,level=0,tokens=520), 130, 189, False
2026-01-12 18:58:51 - 20260112_185850_e4fd698d - markdown_it.rules_block.hr - DEBUG - hr.hr:14 - entering hr: StateBlock(line=130,level=0,tokens=520), 130, 189, False
2026-01-12 18:58:51 - 20260112_185850_e4fd698d - markdown_it.rules_block.list - DEBUG - list.list_block:102 - entering list: StateBlock(line=130,level=0,tokens=520), 130, 189, False
2026-01-12 18:58:51 - 20260112_185850_e4fd698d - markdown_it.rules_block.reference - DEBUG - reference.reference:10 - entering reference: StateBlock(line=130,level=0,tokens=520), 130, 189, False
2026-01-12 18:58:51 - 20260112_185850_e4fd698d - markdown_it.rules_block.html_block - DEBUG - html_block.html_block:35 - entering html_block: StateBlock(line=130,level=0,tokens=520), 130, 189, False
2026-01-12 18:58:51 - 20260112_185850_e4fd698d - markdown_it.rules_block.heading - DEBUG - heading.heading:13 - entering heading: StateBlock(line=130,level=0,tokens=520), 130, 189, False
2026-01-12 18:58:51 - 20260112_185850_e4fd698d - markdown_it.rules_block.code - DEBUG - code.code:10 - entering code: StateBlock(line=132,level=0,tokens=523), 132, 189, False
2026-01-12 18:58:51 - 20260112_185850_e4fd698d - markdown_it.rules_block.fence - DEBUG - fence.fence:10 - entering fence: StateBlock(line=132,level=0,tokens=523), 132, 189, False
2026-01-12 18:58:51 - 20260112_185850_e4fd698d - markdown_it.rules_block.blockquote - DEBUG - blockquote.blockquote:13 - entering blockquote: StateBlock(line=132,level=0,tokens=523), 132, 189, False
2026-01-12 18:58:51 - 20260112_185850_e4fd698d - markdown_it.rules_block.hr - DEBUG - hr.hr:14 - entering hr: StateBlock(line=132,level=0,tokens=523), 132, 189, False
2026-01-12 18:58:51 - 20260112_185850_e4fd698d - markdown_it.rules_block.list - DEBUG - list.list_block:102 - entering list: StateBlock(line=132,level=0,tokens=523), 132, 189, False
2026-01-12 18:58:51 - 20260112_185850_e4fd698d - markdown_it.rules_block.code - DEBUG - code.code:10 - entering code: StateBlock(line=132,level=2,tokens=525), 132, 189, False
2026-01-12 18:58:51 - 20260112_185850_e4fd698d - markdown_it.rules_block.fence - DEBUG - fence.fence:10 - entering fence: StateBlock(line=132,level=2,tokens=525), 132, 189, False
2026-01-12 18:58:51 - 20260112_185850_e4fd698d - markdown_it.rules_block.blockquote - DEBUG - blockquote.blockquote:13 - entering blockquote: StateBlock(line=132,level=2,tokens=525), 132, 189, False
2026-01-12 18:58:51 - 20260112_185850_e4fd698d - markdown_it.rules_block.hr - DEBUG - hr.hr:14 - entering hr: StateBlock(line=132,level=2,tokens=525), 132, 189, False
2026-01-12 18:58:51 - 20260112_185850_e4fd698d - markdown_it.rules_block.list - DEBUG - list.list_block:102 - entering list: StateBlock(line=132,level=2,tokens=525), 132, 189, False
2026-01-12 18:58:51 - 20260112_185850_e4fd698d - markdown_it.rules_block.reference - DEBUG - reference.reference:10 - entering reference: StateBlock(line=132,level=2,tokens=525), 132, 189, False
2026-01-12 18:58:51 - 20260112_185850_e4fd698d - markdown_it.rules_block.html_block - DEBUG - html_block.html_block:35 - entering html_block: StateBlock(line=132,level=2,tokens=525), 132, 189, False
2026-01-12 18:58:51 - 20260112_185850_e4fd698d - markdown_it.rules_block.heading - DEBUG - heading.heading:13 - entering heading: StateBlock(line=132,level=2,tokens=525), 132, 189, False
2026-01-12 18:58:51 - 20260112_185850_e4fd698d - markdown_it.rules_block.lheading - DEBUG - lheading.lheading:10 - entering lheading: StateBlock(line=132,level=2,tokens=525), 132, 189, False
2026-01-12 18:58:51 - 20260112_185850_e4fd698d - markdown_it.rules_block.fence - DEBUG - fence.fence:10 - entering fence: StateBlock(line=132,level=2,tokens=525), 133, 189, True
2026-01-12 18:58:51 - 20260112_185850_e4fd698d - markdown_it.rules_block.blockquote - DEBUG - blockquote.blockquote:13 - entering blockquote: StateBlock(line=132,level=2,tokens=525), 133, 189, True
2026-01-12 18:58:51 - 20260112_185850_e4fd698d - markdown_it.rules_block.hr - DEBUG - hr.hr:14 - entering hr: StateBlock(line=132,level=2,tokens=525), 133, 189, True
2026-01-12 18:58:51 - 20260112_185850_e4fd698d - markdown_it.rules_block.list - DEBUG - list.list_block:102 - entering list: StateBlock(line=132,level=2,tokens=525), 133, 189, True
2026-01-12 18:58:51 - 20260112_185850_e4fd698d - markdown_it.rules_block.paragraph - DEBUG - paragraph.paragraph:10 - entering paragraph: StateBlock(line=132,level=2,tokens=525), 132, 189, False
2026-01-12 18:58:51 - 20260112_185850_e4fd698d - markdown_it.rules_block.fence - DEBUG - fence.fence:10 - entering fence: StateBlock(line=132,level=2,tokens=525), 133, 189, True
2026-01-12 18:58:51 - 20260112_185850_e4fd698d - markdown_it.rules_block.blockquote - DEBUG - blockquote.blockquote:13 - entering blockquote: StateBlock(line=132,level=2,tokens=525), 133, 189, True
2026-01-12 18:58:51 - 20260112_185850_e4fd698d - markdown_it.rules_block.hr - DEBUG - hr.hr:14 - entering hr: StateBlock(line=132,level=2,tokens=525), 133, 189, True
2026-01-12 18:58:51 - 20260112_185850_e4fd698d - markdown_it.rules_block.list - DEBUG - list.list_block:102 - entering list: StateBlock(line=132,level=2,tokens=525), 133, 189, True
2026-01-12 18:58:51 - 20260112_185850_e4fd698d - markdown_it.rules_block.fence - DEBUG - fence.fence:10 - entering fence: StateBlock(line=133,level=1,tokens=529), 133, 189, True
2026-01-12 18:58:51 - 20260112_185850_e4fd698d - markdown_it.rules_block.blockquote - DEBUG - blockquote.blockquote:13 - entering blockquote: StateBlock(line=133,level=1,tokens=529), 133, 189, True
2026-01-12 18:58:51 - 20260112_185850_e4fd698d - markdown_it.rules_block.hr - DEBUG - hr.hr:14 - entering hr: StateBlock(line=133,level=1,tokens=529), 133, 189, True
2026-01-12 18:58:51 - 20260112_185850_e4fd698d - markdown_it.rules_block.code - DEBUG - code.code:10 - entering code: StateBlock(line=133,level=2,tokens=530), 133, 189, False
2026-01-12 18:58:51 - 20260112_185850_e4fd698d - markdown_it.rules_block.fence - DEBUG - fence.fence:10 - entering fence: StateBlock(line=133,level=2,tokens=530), 133, 189, False
2026-01-12 18:58:51 - 20260112_185850_e4fd698d - markdown_it.rules_block.blockquote - DEBUG - blockquote.blockquote:13 - entering blockquote: StateBlock(line=133,level=2,tokens=530), 133, 189, False
2026-01-12 18:58:51 - 20260112_185850_e4fd698d - markdown_it.rules_block.hr - DEBUG - hr.hr:14 - entering hr: StateBlock(line=133,level=2,tokens=530), 133, 189, False
2026-01-12 18:58:51 - 20260112_185850_e4fd698d - markdown_it.rules_block.list - DEBUG - list.list_block:102 - entering list: StateBlock(line=133,level=2,tokens=530), 133, 189, False
2026-01-12 18:58:51 - 20260112_185850_e4fd698d - markdown_it.rules_block.reference - DEBUG - reference.reference:10 - entering reference: StateBlock(line=133,level=2,tokens=530), 133, 189, False
2026-01-12 18:58:51 - 20260112_185850_e4fd698d - markdown_it.rules_block.html_block - DEBUG - html_block.html_block:35 - entering html_block: StateBlock(line=133,level=2,tokens=530), 133, 189, False
2026-01-12 18:58:51 - 20260112_185850_e4fd698d - markdown_it.rules_block.heading - DEBUG - heading.heading:13 - entering heading: StateBlock(line=133,level=2,tokens=530), 133, 189, False
2026-01-12 18:58:51 - 20260112_185850_e4fd698d - markdown_it.rules_block.lheading - DEBUG - lheading.lheading:10 - entering lheading: StateBlock(line=133,level=2,tokens=530), 133, 189, False
2026-01-12 18:58:51 - 20260112_185850_e4fd698d - markdown_it.rules_block.fence - DEBUG - fence.fence:10 - entering fence: StateBlock(line=133,level=2,tokens=530), 134, 189, True
2026-01-12 18:58:51 - 20260112_185850_e4fd698d - markdown_it.rules_block.blockquote - DEBUG - blockquote.blockquote:13 - entering blockquote: StateBlock(line=133,level=2,tokens=530), 134, 189, True
2026-01-12 18:58:51 - 20260112_185850_e4fd698d - markdown_it.rules_block.hr - DEBUG - hr.hr:14 - entering hr: StateBlock(line=133,level=2,tokens=530), 134, 189, True
2026-01-12 18:58:51 - 20260112_185850_e4fd698d - markdown_it.rules_block.list - DEBUG - list.list_block:102 - entering list: StateBlock(line=133,level=2,tokens=530), 134, 189, True
2026-01-12 18:58:51 - 20260112_185850_e4fd698d - markdown_it.rules_block.paragraph - DEBUG - paragraph.paragraph:10 - entering paragraph: StateBlock(line=133,level=2,tokens=530), 133, 189, False
2026-01-12 18:58:51 - 20260112_185850_e4fd698d - markdown_it.rules_block.fence - DEBUG - fence.fence:10 - entering fence: StateBlock(line=133,level=2,tokens=530), 134, 189, True
2026-01-12 18:58:51 - 20260112_185850_e4fd698d - markdown_it.rules_block.blockquote - DEBUG - blockquote.blockquote:13 - entering blockquote: StateBlock(line=133,level=2,tokens=530), 134, 189, True
2026-01-12 18:58:51 - 20260112_185850_e4fd698d - markdown_it.rules_block.hr - DEBUG - hr.hr:14 - entering hr: StateBlock(line=133,level=2,tokens=530), 134, 189, True
2026-01-12 18:58:51 - 20260112_185850_e4fd698d - markdown_it.rules_block.list - DEBUG - list.list_block:102 - entering list: StateBlock(line=133,level=2,tokens=530), 134, 189, True
2026-01-12 18:58:51 - 20260112_185850_e4fd698d - markdown_it.rules_block.fence - DEBUG - fence.fence:10 - entering fence: StateBlock(line=134,level=1,tokens=534), 134, 189, True
2026-01-12 18:58:51 - 20260112_185850_e4fd698d - markdown_it.rules_block.blockquote - DEBUG - blockquote.blockquote:13 - entering blockquote: StateBlock(line=134,level=1,tokens=534), 134, 189, True
2026-01-12 18:58:51 - 20260112_185850_e4fd698d - markdown_it.rules_block.hr - DEBUG - hr.hr:14 - entering hr: StateBlock(line=134,level=1,tokens=534), 134, 189, True
2026-01-12 18:58:51 - 20260112_185850_e4fd698d - markdown_it.rules_block.code - DEBUG - code.code:10 - entering code: StateBlock(line=134,level=2,tokens=535), 134, 189, False
2026-01-12 18:58:51 - 20260112_185850_e4fd698d - markdown_it.rules_block.fence - DEBUG - fence.fence:10 - entering fence: StateBlock(line=134,level=2,tokens=535), 134, 189, False
2026-01-12 18:58:51 - 20260112_185850_e4fd698d - markdown_it.rules_block.blockquote - DEBUG - blockquote.blockquote:13 - entering blockquote: StateBlock(line=134,level=2,tokens=535), 134, 189, False
2026-01-12 18:58:51 - 20260112_185850_e4fd698d - markdown_it.rules_block.hr - DEBUG - hr.hr:14 - entering hr: StateBlock(line=134,level=2,tokens=535), 134, 189, False
2026-01-12 18:58:51 - 20260112_185850_e4fd698d - markdown_it.rules_block.list - DEBUG - list.list_block:102 - entering list: StateBlock(line=134,level=2,tokens=535), 134, 189, False
2026-01-12 18:58:51 - 20260112_185850_e4fd698d - markdown_it.rules_block.reference - DEBUG - reference.reference:10 - entering reference: StateBlock(line=134,level=2,tokens=535), 134, 189, False
2026-01-12 18:58:51 - 20260112_185850_e4fd698d - markdown_it.rules_block.html_block - DEBUG - html_block.html_block:35 - entering html_block: StateBlock(line=134,level=2,tokens=535), 134, 189, False
2026-01-12 18:58:51 - 20260112_185850_e4fd698d - markdown_it.rules_block.heading - DEBUG - heading.heading:13 - entering heading: StateBlock(line=134,level=2,tokens=535), 134, 189, False
2026-01-12 18:58:51 - 20260112_185850_e4fd698d - markdown_it.rules_block.lheading - DEBUG - lheading.lheading:10 - entering lheading: StateBlock(line=134,level=2,tokens=535), 134, 189, False
2026-01-12 18:58:51 - 20260112_185850_e4fd698d - markdown_it.rules_block.fence - DEBUG - fence.fence:10 - entering fence: StateBlock(line=134,level=2,tokens=535), 135, 189, True
2026-01-12 18:58:51 - 20260112_185850_e4fd698d - markdown_it.rules_block.blockquote - DEBUG - blockquote.blockquote:13 - entering blockquote: StateBlock(line=134,level=2,tokens=535), 135, 189, True
2026-01-12 18:58:51 - 20260112_185850_e4fd698d - markdown_it.rules_block.hr - DEBUG - hr.hr:14 - entering hr: StateBlock(line=134,level=2,tokens=535), 135, 189, True
2026-01-12 18:58:51 - 20260112_185850_e4fd698d - markdown_it.rules_block.list - DEBUG - list.list_block:102 - entering list: StateBlock(line=134,level=2,tokens=535), 135, 189, True
2026-01-12 18:58:51 - 20260112_185850_e4fd698d - markdown_it.rules_block.paragraph - DEBUG - paragraph.paragraph:10 - entering paragraph: StateBlock(line=134,level=2,tokens=535), 134, 189, False
2026-01-12 18:58:51 - 20260112_185850_e4fd698d - markdown_it.rules_block.fence - DEBUG - fence.fence:10 - entering fence: StateBlock(line=134,level=2,tokens=535), 135, 189, True
2026-01-12 18:58:51 - 20260112_185850_e4fd698d - markdown_it.rules_block.blockquote - DEBUG - blockquote.blockquote:13 - entering blockquote: StateBlock(line=134,level=2,tokens=535), 135, 189, True
2026-01-12 18:58:51 - 20260112_185850_e4fd698d - markdown_it.rules_block.hr - DEBUG - hr.hr:14 - entering hr: StateBlock(line=134,level=2,tokens=535), 135, 189, True
2026-01-12 18:58:51 - 20260112_185850_e4fd698d - markdown_it.rules_block.list - DEBUG - list.list_block:102 - entering list: StateBlock(line=134,level=2,tokens=535), 135, 189, True
2026-01-12 18:58:51 - 20260112_185850_e4fd698d - markdown_it.rules_block.fence - DEBUG - fence.fence:10 - entering fence: StateBlock(line=135,level=1,tokens=539), 135, 189, True
2026-01-12 18:58:51 - 20260112_185850_e4fd698d - markdown_it.rules_block.blockquote - DEBUG - blockquote.blockquote:13 - entering blockquote: StateBlock(line=135,level=1,tokens=539), 135, 189, True
2026-01-12 18:58:51 - 20260112_185850_e4fd698d - markdown_it.rules_block.hr - DEBUG - hr.hr:14 - entering hr: StateBlock(line=135,level=1,tokens=539), 135, 189, True
2026-01-12 18:58:51 - 20260112_185850_e4fd698d - markdown_it.rules_block.code - DEBUG - code.code:10 - entering code: StateBlock(line=135,level=2,tokens=540), 135, 189, False
2026-01-12 18:58:51 - 20260112_185850_e4fd698d - markdown_it.rules_block.fence - DEBUG - fence.fence:10 - entering fence: StateBlock(line=135,level=2,tokens=540), 135, 189, False
2026-01-12 18:58:51 - 20260112_185850_e4fd698d - markdown_it.rules_block.blockquote - DEBUG - blockquote.blockquote:13 - entering blockquote: StateBlock(line=135,level=2,tokens=540), 135, 189, False
2026-01-12 18:58:51 - 20260112_185850_e4fd698d - markdown_it.rules_block.hr - DEBUG - hr.hr:14 - entering hr: StateBlock(line=135,level=2,tokens=540), 135, 189, False
2026-01-12 18:58:51 - 20260112_185850_e4fd698d - markdown_it.rules_block.list - DEBUG - list.list_block:102 - entering list: StateBlock(line=135,level=2,tokens=540), 135, 189, False
2026-01-12 18:58:51 - 20260112_185850_e4fd698d - markdown_it.rules_block.reference - DEBUG - reference.reference:10 - entering reference: StateBlock(line=135,level=2,tokens=540), 135, 189, False
2026-01-12 18:58:51 - 20260112_185850_e4fd698d - markdown_it.rules_block.html_block - DEBUG - html_block.html_block:35 - entering html_block: StateBlock(line=135,level=2,tokens=540), 135, 189, False
2026-01-12 18:58:51 - 20260112_185850_e4fd698d - markdown_it.rules_block.heading - DEBUG - heading.heading:13 - entering heading: StateBlock(line=135,level=2,tokens=540), 135, 189, False
2026-01-12 18:58:51 - 20260112_185850_e4fd698d - markdown_it.rules_block.lheading - DEBUG - lheading.lheading:10 - entering lheading: StateBlock(line=135,level=2,tokens=540), 135, 189, False
2026-01-12 18:58:51 - 20260112_185850_e4fd698d - markdown_it.rules_block.fence - DEBUG - fence.fence:10 - entering fence: StateBlock(line=135,level=2,tokens=540), 136, 189, True
2026-01-12 18:58:51 - 20260112_185850_e4fd698d - markdown_it.rules_block.blockquote - DEBUG - blockquote.blockquote:13 - entering blockquote: StateBlock(line=135,level=2,tokens=540), 136, 189, True
2026-01-12 18:58:51 - 20260112_185850_e4fd698d - markdown_it.rules_block.hr - DEBUG - hr.hr:14 - entering hr: StateBlock(line=135,level=2,tokens=540), 136, 189, True
2026-01-12 18:58:51 - 20260112_185850_e4fd698d - markdown_it.rules_block.list - DEBUG - list.list_block:102 - entering list: StateBlock(line=135,level=2,tokens=540), 136, 189, True
2026-01-12 18:58:51 - 20260112_185850_e4fd698d - markdown_it.rules_block.paragraph - DEBUG - paragraph.paragraph:10 - entering paragraph: StateBlock(line=135,level=2,tokens=540), 135, 189, False
2026-01-12 18:58:51 - 20260112_185850_e4fd698d - markdown_it.rules_block.fence - DEBUG - fence.fence:10 - entering fence: StateBlock(line=135,level=2,tokens=540), 136, 189, True
2026-01-12 18:58:51 - 20260112_185850_e4fd698d - markdown_it.rules_block.blockquote - DEBUG - blockquote.blockquote:13 - entering blockquote: StateBlock(line=135,level=2,tokens=540), 136, 189, True
2026-01-12 18:58:51 - 20260112_185850_e4fd698d - markdown_it.rules_block.hr - DEBUG - hr.hr:14 - entering hr: StateBlock(line=135,level=2,tokens=540), 136, 189, True
2026-01-12 18:58:51 - 20260112_185850_e4fd698d - markdown_it.rules_block.list - DEBUG - list.list_block:102 - entering list: StateBlock(line=135,level=2,tokens=540), 136, 189, True
2026-01-12 18:58:51 - 20260112_185850_e4fd698d - markdown_it.rules_block.fence - DEBUG - fence.fence:10 - entering fence: StateBlock(line=136,level=1,tokens=544), 136, 189, True
2026-01-12 18:58:51 - 20260112_185850_e4fd698d - markdown_it.rules_block.blockquote - DEBUG - blockquote.blockquote:13 - entering blockquote: StateBlock(line=136,level=1,tokens=544), 136, 189, True
2026-01-12 18:58:51 - 20260112_185850_e4fd698d - markdown_it.rules_block.hr - DEBUG - hr.hr:14 - entering hr: StateBlock(line=136,level=1,tokens=544), 136, 189, True
2026-01-12 18:58:51 - 20260112_185850_e4fd698d - markdown_it.rules_block.code - DEBUG - code.code:10 - entering code: StateBlock(line=136,level=2,tokens=545), 136, 189, False
2026-01-12 18:58:51 - 20260112_185850_e4fd698d - markdown_it.rules_block.fence - DEBUG - fence.fence:10 - entering fence: StateBlock(line=136,level=2,tokens=545), 136, 189, False
2026-01-12 18:58:51 - 20260112_185850_e4fd698d - markdown_it.rules_block.blockquote - DEBUG - blockquote.blockquote:13 - entering blockquote: StateBlock(line=136,level=2,tokens=545), 136, 189, False
2026-01-12 18:58:51 - 20260112_185850_e4fd698d - markdown_it.rules_block.hr - DEBUG - hr.hr:14 - entering hr: StateBlock(line=136,level=2,tokens=545), 136, 189, False
2026-01-12 18:58:51 - 20260112_185850_e4fd698d - markdown_it.rules_block.list - DEBUG - list.list_block:102 - entering list: StateBlock(line=136,level=2,tokens=545), 136, 189, False
2026-01-12 18:58:51 - 20260112_185850_e4fd698d - markdown_it.rules_block.reference - DEBUG - reference.reference:10 - entering reference: StateBlock(line=136,level=2,tokens=545), 136, 189, False
2026-01-12 18:58:51 - 20260112_185850_e4fd698d - markdown_it.rules_block.html_block - DEBUG - html_block.html_block:35 - entering html_block: StateBlock(line=136,level=2,tokens=545), 136, 189, False
2026-01-12 18:58:51 - 20260112_185850_e4fd698d - markdown_it.rules_block.heading - DEBUG - heading.heading:13 - entering heading: StateBlock(line=136,level=2,tokens=545), 136, 189, False
2026-01-12 18:58:51 - 20260112_185850_e4fd698d - markdown_it.rules_block.lheading - DEBUG - lheading.lheading:10 - entering lheading: StateBlock(line=136,level=2,tokens=545), 136, 189, False
2026-01-12 18:58:51 - 20260112_185850_e4fd698d - markdown_it.rules_block.fence - DEBUG - fence.fence:10 - entering fence: StateBlock(line=136,level=2,tokens=545), 137, 189, True
2026-01-12 18:58:51 - 20260112_185850_e4fd698d - markdown_it.rules_block.blockquote - DEBUG - blockquote.blockquote:13 - entering blockquote: StateBlock(line=136,level=2,tokens=545), 137, 189, True
2026-01-12 18:58:51 - 20260112_185850_e4fd698d - markdown_it.rules_block.hr - DEBUG - hr.hr:14 - entering hr: StateBlock(line=136,level=2,tokens=545), 137, 189, True
2026-01-12 18:58:51 - 20260112_185850_e4fd698d - markdown_it.rules_block.list - DEBUG - list.list_block:102 - entering list: StateBlock(line=136,level=2,tokens=545), 137, 189, True
2026-01-12 18:58:51 - 20260112_185850_e4fd698d - markdown_it.rules_block.paragraph - DEBUG - paragraph.paragraph:10 - entering paragraph: StateBlock(line=136,level=2,tokens=545), 136, 189, False
2026-01-12 18:58:51 - 20260112_185850_e4fd698d - markdown_it.rules_block.fence - DEBUG - fence.fence:10 - entering fence: StateBlock(line=136,level=2,tokens=545), 137, 189, True
2026-01-12 18:58:51 - 20260112_185850_e4fd698d - markdown_it.rules_block.blockquote - DEBUG - blockquote.blockquote:13 - entering blockquote: StateBlock(line=136,level=2,tokens=545), 137, 189, True
2026-01-12 18:58:51 - 20260112_185850_e4fd698d - markdown_it.rules_block.hr - DEBUG - hr.hr:14 - entering hr: StateBlock(line=136,level=2,tokens=545), 137, 189, True
2026-01-12 18:58:51 - 20260112_185850_e4fd698d - markdown_it.rules_block.list - DEBUG - list.list_block:102 - entering list: StateBlock(line=136,level=2,tokens=545), 137, 189, True
2026-01-12 18:58:51 - 20260112_185850_e4fd698d - markdown_it.rules_block.fence - DEBUG - fence.fence:10 - entering fence: StateBlock(line=137,level=1,tokens=549), 137, 189, True
2026-01-12 18:58:51 - 20260112_185850_e4fd698d - markdown_it.rules_block.blockquote - DEBUG - blockquote.blockquote:13 - entering blockquote: StateBlock(line=137,level=1,tokens=549), 137, 189, True
2026-01-12 18:58:51 - 20260112_185850_e4fd698d - markdown_it.rules_block.hr - DEBUG - hr.hr:14 - entering hr: StateBlock(line=137,level=1,tokens=549), 137, 189, True
2026-01-12 18:58:51 - 20260112_185850_e4fd698d - markdown_it.rules_block.code - DEBUG - code.code:10 - entering code: StateBlock(line=137,level=2,tokens=550), 137, 189, False
2026-01-12 18:58:51 - 20260112_185850_e4fd698d - markdown_it.rules_block.fence - DEBUG - fence.fence:10 - entering fence: StateBlock(line=137,level=2,tokens=550), 137, 189, False
2026-01-12 18:58:51 - 20260112_185850_e4fd698d - markdown_it.rules_block.blockquote - DEBUG - blockquote.blockquote:13 - entering blockquote: StateBlock(line=137,level=2,tokens=550), 137, 189, False
2026-01-12 18:58:51 - 20260112_185850_e4fd698d - markdown_it.rules_block.hr - DEBUG - hr.hr:14 - entering hr: StateBlock(line=137,level=2,tokens=550), 137, 189, False
2026-01-12 18:58:51 - 20260112_185850_e4fd698d - markdown_it.rules_block.list - DEBUG - list.list_block:102 - entering list: StateBlock(line=137,level=2,tokens=550), 137, 189, False
2026-01-12 18:58:51 - 20260112_185850_e4fd698d - markdown_it.rules_block.reference - DEBUG - reference.reference:10 - entering reference: StateBlock(line=137,level=2,tokens=550), 137, 189, False
2026-01-12 18:58:51 - 20260112_185850_e4fd698d - markdown_it.rules_block.html_block - DEBUG - html_block.html_block:35 - entering html_block: StateBlock(line=137,level=2,tokens=550), 137, 189, False
2026-01-12 18:58:51 - 20260112_185850_e4fd698d - markdown_it.rules_block.heading - DEBUG - heading.heading:13 - entering heading: StateBlock(line=137,level=2,tokens=550), 137, 189, False
2026-01-12 18:58:51 - 20260112_185850_e4fd698d - markdown_it.rules_block.lheading - DEBUG - lheading.lheading:10 - entering lheading: StateBlock(line=137,level=2,tokens=550), 137, 189, False
2026-01-12 18:58:51 - 20260112_185850_e4fd698d - markdown_it.rules_block.paragraph - DEBUG - paragraph.paragraph:10 - entering paragraph: StateBlock(line=137,level=2,tokens=550), 137, 189, False
2026-01-12 18:58:51 - 20260112_185850_e4fd698d - markdown_it.rules_block.fence - DEBUG - fence.fence:10 - entering fence: StateBlock(line=139,level=1,tokens=554), 139, 189, True
2026-01-12 18:58:51 - 20260112_185850_e4fd698d - markdown_it.rules_block.blockquote - DEBUG - blockquote.blockquote:13 - entering blockquote: StateBlock(line=139,level=1,tokens=554), 139, 189, True
2026-01-12 18:58:51 - 20260112_185850_e4fd698d - markdown_it.rules_block.hr - DEBUG - hr.hr:14 - entering hr: StateBlock(line=139,level=1,tokens=554), 139, 189, True
2026-01-12 18:58:51 - 20260112_185850_e4fd698d - markdown_it.rules_block.code - DEBUG - code.code:10 - entering code: StateBlock(line=139,level=0,tokens=555), 139, 189, False
2026-01-12 18:58:51 - 20260112_185850_e4fd698d - markdown_it.rules_block.fence - DEBUG - fence.fence:10 - entering fence: StateBlock(line=139,level=0,tokens=555), 139, 189, False
2026-01-12 18:58:51 - 20260112_185850_e4fd698d - markdown_it.rules_block.blockquote - DEBUG - blockquote.blockquote:13 - entering blockquote: StateBlock(line=139,level=0,tokens=555), 139, 189, False
2026-01-12 18:58:51 - 20260112_185850_e4fd698d - markdown_it.rules_block.hr - DEBUG - hr.hr:14 - entering hr: StateBlock(line=139,level=0,tokens=555), 139, 189, False
2026-01-12 18:58:51 - 20260112_185850_e4fd698d - markdown_it.rules_block.list - DEBUG - list.list_block:102 - entering list: StateBlock(line=139,level=0,tokens=555), 139, 189, False
2026-01-12 18:58:51 - 20260112_185850_e4fd698d - markdown_it.rules_block.reference - DEBUG - reference.reference:10 - entering reference: StateBlock(line=139,level=0,tokens=555), 139, 189, False
2026-01-12 18:58:51 - 20260112_185850_e4fd698d - markdown_it.rules_block.html_block - DEBUG - html_block.html_block:35 - entering html_block: StateBlock(line=139,level=0,tokens=555), 139, 189, False
2026-01-12 18:58:51 - 20260112_185850_e4fd698d - markdown_it.rules_block.heading - DEBUG - heading.heading:13 - entering heading: StateBlock(line=139,level=0,tokens=555), 139, 189, False
2026-01-12 18:58:51 - 20260112_185850_e4fd698d - markdown_it.rules_block.lheading - DEBUG - lheading.lheading:10 - entering lheading: StateBlock(line=139,level=0,tokens=555), 139, 189, False
2026-01-12 18:58:51 - 20260112_185850_e4fd698d - markdown_it.rules_block.fence - DEBUG - fence.fence:10 - entering fence: StateBlock(line=139,level=0,tokens=555), 140, 189, True
2026-01-12 18:58:51 - 20260112_185850_e4fd698d - markdown_it.rules_block.blockquote - DEBUG - blockquote.blockquote:13 - entering blockquote: StateBlock(line=139,level=0,tokens=555), 140, 189, True
2026-01-12 18:58:51 - 20260112_185850_e4fd698d - markdown_it.rules_block.hr - DEBUG - hr.hr:14 - entering hr: StateBlock(line=139,level=0,tokens=555), 140, 189, True
2026-01-12 18:58:51 - 20260112_185850_e4fd698d - markdown_it.rules_block.list - DEBUG - list.list_block:102 - entering list: StateBlock(line=139,level=0,tokens=555), 140, 189, True
2026-01-12 18:58:51 - 20260112_185850_e4fd698d - markdown_it.rules_block.paragraph - DEBUG - paragraph.paragraph:10 - entering paragraph: StateBlock(line=139,level=0,tokens=555), 139, 189, False
2026-01-12 18:58:51 - 20260112_185850_e4fd698d - markdown_it.rules_block.fence - DEBUG - fence.fence:10 - entering fence: StateBlock(line=139,level=0,tokens=555), 140, 189, True
2026-01-12 18:58:51 - 20260112_185850_e4fd698d - markdown_it.rules_block.blockquote - DEBUG - blockquote.blockquote:13 - entering blockquote: StateBlock(line=139,level=0,tokens=555), 140, 189, True
2026-01-12 18:58:51 - 20260112_185850_e4fd698d - markdown_it.rules_block.hr - DEBUG - hr.hr:14 - entering hr: StateBlock(line=139,level=0,tokens=555), 140, 189, True
2026-01-12 18:58:51 - 20260112_185850_e4fd698d - markdown_it.rules_block.list - DEBUG - list.list_block:102 - entering list: StateBlock(line=139,level=0,tokens=555), 140, 189, True
2026-01-12 18:58:51 - 20260112_185850_e4fd698d - markdown_it.rules_block.code - DEBUG - code.code:10 - entering code: StateBlock(line=140,level=0,tokens=558), 140, 189, False
2026-01-12 18:58:51 - 20260112_185850_e4fd698d - markdown_it.rules_block.fence - DEBUG - fence.fence:10 - entering fence: StateBlock(line=140,level=0,tokens=558), 140, 189, False
2026-01-12 18:58:51 - 20260112_185850_e4fd698d - markdown_it.rules_block.blockquote - DEBUG - blockquote.blockquote:13 - entering blockquote: StateBlock(line=140,level=0,tokens=558), 140, 189, False
2026-01-12 18:58:51 - 20260112_185850_e4fd698d - markdown_it.rules_block.hr - DEBUG - hr.hr:14 - entering hr: StateBlock(line=140,level=0,tokens=558), 140, 189, False
2026-01-12 18:58:51 - 20260112_185850_e4fd698d - markdown_it.rules_block.list - DEBUG - list.list_block:102 - entering list: StateBlock(line=140,level=0,tokens=558), 140, 189, False
2026-01-12 18:58:51 - 20260112_185850_e4fd698d - markdown_it.rules_block.code - DEBUG - code.code:10 - entering code: StateBlock(line=140,level=2,tokens=560), 140, 189, False
2026-01-12 18:58:51 - 20260112_185850_e4fd698d - markdown_it.rules_block.fence - DEBUG - fence.fence:10 - entering fence: StateBlock(line=140,level=2,tokens=560), 140, 189, False
2026-01-12 18:58:51 - 20260112_185850_e4fd698d - markdown_it.rules_block.blockquote - DEBUG - blockquote.blockquote:13 - entering blockquote: StateBlock(line=140,level=2,tokens=560), 140, 189, False
2026-01-12 18:58:51 - 20260112_185850_e4fd698d - markdown_it.rules_block.hr - DEBUG - hr.hr:14 - entering hr: StateBlock(line=140,level=2,tokens=560), 140, 189, False
2026-01-12 18:58:51 - 20260112_185850_e4fd698d - markdown_it.rules_block.list - DEBUG - list.list_block:102 - entering list: StateBlock(line=140,level=2,tokens=560), 140, 189, False
2026-01-12 18:58:51 - 20260112_185850_e4fd698d - markdown_it.rules_block.reference - DEBUG - reference.reference:10 - entering reference: StateBlock(line=140,level=2,tokens=560), 140, 189, False
2026-01-12 18:58:51 - 20260112_185850_e4fd698d - markdown_it.rules_block.html_block - DEBUG - html_block.html_block:35 - entering html_block: StateBlock(line=140,level=2,tokens=560), 140, 189, False
2026-01-12 18:58:51 - 20260112_185850_e4fd698d - markdown_it.rules_block.heading - DEBUG - heading.heading:13 - entering heading: StateBlock(line=140,level=2,tokens=560), 140, 189, False
2026-01-12 18:58:51 - 20260112_185850_e4fd698d - markdown_it.rules_block.lheading - DEBUG - lheading.lheading:10 - entering lheading: StateBlock(line=140,level=2,tokens=560), 140, 189, False
2026-01-12 18:58:51 - 20260112_185850_e4fd698d - markdown_it.rules_block.fence - DEBUG - fence.fence:10 - entering fence: StateBlock(line=140,level=2,tokens=560), 141, 189, True
2026-01-12 18:58:51 - 20260112_185850_e4fd698d - markdown_it.rules_block.blockquote - DEBUG - blockquote.blockquote:13 - entering blockquote: StateBlock(line=140,level=2,tokens=560), 141, 189, True
2026-01-12 18:58:51 - 20260112_185850_e4fd698d - markdown_it.rules_block.hr - DEBUG - hr.hr:14 - entering hr: StateBlock(line=140,level=2,tokens=560), 141, 189, True
2026-01-12 18:58:51 - 20260112_185850_e4fd698d - markdown_it.rules_block.list - DEBUG - list.list_block:102 - entering list: StateBlock(line=140,level=2,tokens=560), 141, 189, True
2026-01-12 18:58:51 - 20260112_185850_e4fd698d - markdown_it.rules_block.paragraph - DEBUG - paragraph.paragraph:10 - entering paragraph: StateBlock(line=140,level=2,tokens=560), 140, 189, False
2026-01-12 18:58:51 - 20260112_185850_e4fd698d - markdown_it.rules_block.fence - DEBUG - fence.fence:10 - entering fence: StateBlock(line=140,level=2,tokens=560), 141, 189, True
2026-01-12 18:58:51 - 20260112_185850_e4fd698d - markdown_it.rules_block.blockquote - DEBUG - blockquote.blockquote:13 - entering blockquote: StateBlock(line=140,level=2,tokens=560), 141, 189, True
2026-01-12 18:58:51 - 20260112_185850_e4fd698d - markdown_it.rules_block.hr - DEBUG - hr.hr:14 - entering hr: StateBlock(line=140,level=2,tokens=560), 141, 189, True
2026-01-12 18:58:51 - 20260112_185850_e4fd698d - markdown_it.rules_block.list - DEBUG - list.list_block:102 - entering list: StateBlock(line=140,level=2,tokens=560), 141, 189, True
2026-01-12 18:58:51 - 20260112_185850_e4fd698d - markdown_it.rules_block.fence - DEBUG - fence.fence:10 - entering fence: StateBlock(line=141,level=1,tokens=564), 141, 189, True
2026-01-12 18:58:51 - 20260112_185850_e4fd698d - markdown_it.rules_block.blockquote - DEBUG - blockquote.blockquote:13 - entering blockquote: StateBlock(line=141,level=1,tokens=564), 141, 189, True
2026-01-12 18:58:51 - 20260112_185850_e4fd698d - markdown_it.rules_block.hr - DEBUG - hr.hr:14 - entering hr: StateBlock(line=141,level=1,tokens=564), 141, 189, True
2026-01-12 18:58:51 - 20260112_185850_e4fd698d - markdown_it.rules_block.code - DEBUG - code.code:10 - entering code: StateBlock(line=141,level=2,tokens=565), 141, 189, False
2026-01-12 18:58:51 - 20260112_185850_e4fd698d - markdown_it.rules_block.fence - DEBUG - fence.fence:10 - entering fence: StateBlock(line=141,level=2,tokens=565), 141, 189, False
2026-01-12 18:58:51 - 20260112_185850_e4fd698d - markdown_it.rules_block.blockquote - DEBUG - blockquote.blockquote:13 - entering blockquote: StateBlock(line=141,level=2,tokens=565), 141, 189, False
2026-01-12 18:58:51 - 20260112_185850_e4fd698d - markdown_it.rules_block.hr - DEBUG - hr.hr:14 - entering hr: StateBlock(line=141,level=2,tokens=565), 141, 189, False
2026-01-12 18:58:51 - 20260112_185850_e4fd698d - markdown_it.rules_block.list - DEBUG - list.list_block:102 - entering list: StateBlock(line=141,level=2,tokens=565), 141, 189, False
2026-01-12 18:58:51 - 20260112_185850_e4fd698d - markdown_it.rules_block.reference - DEBUG - reference.reference:10 - entering reference: StateBlock(line=141,level=2,tokens=565), 141, 189, False
2026-01-12 18:58:51 - 20260112_185850_e4fd698d - markdown_it.rules_block.html_block - DEBUG - html_block.html_block:35 - entering html_block: StateBlock(line=141,level=2,tokens=565), 141, 189, False
2026-01-12 18:58:51 - 20260112_185850_e4fd698d - markdown_it.rules_block.heading - DEBUG - heading.heading:13 - entering heading: StateBlock(line=141,level=2,tokens=565), 141, 189, False
2026-01-12 18:58:51 - 20260112_185850_e4fd698d - markdown_it.rules_block.lheading - DEBUG - lheading.lheading:10 - entering lheading: StateBlock(line=141,level=2,tokens=565), 141, 189, False
2026-01-12 18:58:51 - 20260112_185850_e4fd698d - markdown_it.rules_block.fence - DEBUG - fence.fence:10 - entering fence: StateBlock(line=141,level=2,tokens=565), 142, 189, True
2026-01-12 18:58:51 - 20260112_185850_e4fd698d - markdown_it.rules_block.blockquote - DEBUG - blockquote.blockquote:13 - entering blockquote: StateBlock(line=141,level=2,tokens=565), 142, 189, True
2026-01-12 18:58:51 - 20260112_185850_e4fd698d - markdown_it.rules_block.hr - DEBUG - hr.hr:14 - entering hr: StateBlock(line=141,level=2,tokens=565), 142, 189, True
2026-01-12 18:58:51 - 20260112_185850_e4fd698d - markdown_it.rules_block.list - DEBUG - list.list_block:102 - entering list: StateBlock(line=141,level=2,tokens=565), 142, 189, True
2026-01-12 18:58:51 - 20260112_185850_e4fd698d - markdown_it.rules_block.paragraph - DEBUG - paragraph.paragraph:10 - entering paragraph: StateBlock(line=141,level=2,tokens=565), 141, 189, False
2026-01-12 18:58:51 - 20260112_185850_e4fd698d - markdown_it.rules_block.fence - DEBUG - fence.fence:10 - entering fence: StateBlock(line=141,level=2,tokens=565), 142, 189, True
2026-01-12 18:58:51 - 20260112_185850_e4fd698d - markdown_it.rules_block.blockquote - DEBUG - blockquote.blockquote:13 - entering blockquote: StateBlock(line=141,level=2,tokens=565), 142, 189, True
2026-01-12 18:58:51 - 20260112_185850_e4fd698d - markdown_it.rules_block.hr - DEBUG - hr.hr:14 - entering hr: StateBlock(line=141,level=2,tokens=565), 142, 189, True
2026-01-12 18:58:51 - 20260112_185850_e4fd698d - markdown_it.rules_block.list - DEBUG - list.list_block:102 - entering list: StateBlock(line=141,level=2,tokens=565), 142, 189, True
2026-01-12 18:58:51 - 20260112_185850_e4fd698d - markdown_it.rules_block.fence - DEBUG - fence.fence:10 - entering fence: StateBlock(line=142,level=1,tokens=569), 142, 189, True
2026-01-12 18:58:51 - 20260112_185850_e4fd698d - markdown_it.rules_block.blockquote - DEBUG - blockquote.blockquote:13 - entering blockquote: StateBlock(line=142,level=1,tokens=569), 142, 189, True
2026-01-12 18:58:51 - 20260112_185850_e4fd698d - markdown_it.rules_block.hr - DEBUG - hr.hr:14 - entering hr: StateBlock(line=142,level=1,tokens=569), 142, 189, True
2026-01-12 18:58:51 - 20260112_185850_e4fd698d - markdown_it.rules_block.code - DEBUG - code.code:10 - entering code: StateBlock(line=142,level=2,tokens=570), 142, 189, False
2026-01-12 18:58:51 - 20260112_185850_e4fd698d - markdown_it.rules_block.fence - DEBUG - fence.fence:10 - entering fence: StateBlock(line=142,level=2,tokens=570), 142, 189, False
2026-01-12 18:58:51 - 20260112_185850_e4fd698d - markdown_it.rules_block.blockquote - DEBUG - blockquote.blockquote:13 - entering blockquote: StateBlock(line=142,level=2,tokens=570), 142, 189, False
2026-01-12 18:58:51 - 20260112_185850_e4fd698d - markdown_it.rules_block.hr - DEBUG - hr.hr:14 - entering hr: StateBlock(line=142,level=2,tokens=570), 142, 189, False
2026-01-12 18:58:51 - 20260112_185850_e4fd698d - markdown_it.rules_block.list - DEBUG - list.list_block:102 - entering list: StateBlock(line=142,level=2,tokens=570), 142, 189, False
2026-01-12 18:58:51 - 20260112_185850_e4fd698d - markdown_it.rules_block.reference - DEBUG - reference.reference:10 - entering reference: StateBlock(line=142,level=2,tokens=570), 142, 189, False
2026-01-12 18:58:51 - 20260112_185850_e4fd698d - markdown_it.rules_block.html_block - DEBUG - html_block.html_block:35 - entering html_block: StateBlock(line=142,level=2,tokens=570), 142, 189, False
2026-01-12 18:58:51 - 20260112_185850_e4fd698d - markdown_it.rules_block.heading - DEBUG - heading.heading:13 - entering heading: StateBlock(line=142,level=2,tokens=570), 142, 189, False
2026-01-12 18:58:51 - 20260112_185850_e4fd698d - markdown_it.rules_block.lheading - DEBUG - lheading.lheading:10 - entering lheading: StateBlock(line=142,level=2,tokens=570), 142, 189, False
2026-01-12 18:58:51 - 20260112_185850_e4fd698d - markdown_it.rules_block.fence - DEBUG - fence.fence:10 - entering fence: StateBlock(line=142,level=2,tokens=570), 143, 189, True
2026-01-12 18:58:51 - 20260112_185850_e4fd698d - markdown_it.rules_block.blockquote - DEBUG - blockquote.blockquote:13 - entering blockquote: StateBlock(line=142,level=2,tokens=570), 143, 189, True
2026-01-12 18:58:51 - 20260112_185850_e4fd698d - markdown_it.rules_block.hr - DEBUG - hr.hr:14 - entering hr: StateBlock(line=142,level=2,tokens=570), 143, 189, True
2026-01-12 18:58:51 - 20260112_185850_e4fd698d - markdown_it.rules_block.list - DEBUG - list.list_block:102 - entering list: StateBlock(line=142,level=2,tokens=570), 143, 189, True
2026-01-12 18:58:51 - 20260112_185850_e4fd698d - markdown_it.rules_block.paragraph - DEBUG - paragraph.paragraph:10 - entering paragraph: StateBlock(line=142,level=2,tokens=570), 142, 189, False
2026-01-12 18:58:51 - 20260112_185850_e4fd698d - markdown_it.rules_block.fence - DEBUG - fence.fence:10 - entering fence: StateBlock(line=142,level=2,tokens=570), 143, 189, True
2026-01-12 18:58:51 - 20260112_185850_e4fd698d - markdown_it.rules_block.blockquote - DEBUG - blockquote.blockquote:13 - entering blockquote: StateBlock(line=142,level=2,tokens=570), 143, 189, True
2026-01-12 18:58:51 - 20260112_185850_e4fd698d - markdown_it.rules_block.hr - DEBUG - hr.hr:14 - entering hr: StateBlock(line=142,level=2,tokens=570), 143, 189, True
2026-01-12 18:58:51 - 20260112_185850_e4fd698d - markdown_it.rules_block.list - DEBUG - list.list_block:102 - entering list: StateBlock(line=142,level=2,tokens=570), 143, 189, True
2026-01-12 18:58:51 - 20260112_185850_e4fd698d - markdown_it.rules_block.fence - DEBUG - fence.fence:10 - entering fence: StateBlock(line=143,level=1,tokens=574), 143, 189, True
2026-01-12 18:58:51 - 20260112_185850_e4fd698d - markdown_it.rules_block.blockquote - DEBUG - blockquote.blockquote:13 - entering blockquote: StateBlock(line=143,level=1,tokens=574), 143, 189, True
2026-01-12 18:58:51 - 20260112_185850_e4fd698d - markdown_it.rules_block.hr - DEBUG - hr.hr:14 - entering hr: StateBlock(line=143,level=1,tokens=574), 143, 189, True
2026-01-12 18:58:51 - 20260112_185850_e4fd698d - markdown_it.rules_block.code - DEBUG - code.code:10 - entering code: StateBlock(line=143,level=2,tokens=575), 143, 189, False
2026-01-12 18:58:51 - 20260112_185850_e4fd698d - markdown_it.rules_block.fence - DEBUG - fence.fence:10 - entering fence: StateBlock(line=143,level=2,tokens=575), 143, 189, False
2026-01-12 18:58:51 - 20260112_185850_e4fd698d - markdown_it.rules_block.blockquote - DEBUG - blockquote.blockquote:13 - entering blockquote: StateBlock(line=143,level=2,tokens=575), 143, 189, False
2026-01-12 18:58:51 - 20260112_185850_e4fd698d - markdown_it.rules_block.hr - DEBUG - hr.hr:14 - entering hr: StateBlock(line=143,level=2,tokens=575), 143, 189, False
2026-01-12 18:58:51 - 20260112_185850_e4fd698d - markdown_it.rules_block.list - DEBUG - list.list_block:102 - entering list: StateBlock(line=143,level=2,tokens=575), 143, 189, False
2026-01-12 18:58:51 - 20260112_185850_e4fd698d - markdown_it.rules_block.reference - DEBUG - reference.reference:10 - entering reference: StateBlock(line=143,level=2,tokens=575), 143, 189, False
2026-01-12 18:58:51 - 20260112_185850_e4fd698d - markdown_it.rules_block.html_block - DEBUG - html_block.html_block:35 - entering html_block: StateBlock(line=143,level=2,tokens=575), 143, 189, False
2026-01-12 18:58:51 - 20260112_185850_e4fd698d - markdown_it.rules_block.heading - DEBUG - heading.heading:13 - entering heading: StateBlock(line=143,level=2,tokens=575), 143, 189, False
2026-01-12 18:58:51 - 20260112_185850_e4fd698d - markdown_it.rules_block.lheading - DEBUG - lheading.lheading:10 - entering lheading: StateBlock(line=143,level=2,tokens=575), 143, 189, False
2026-01-12 18:58:51 - 20260112_185850_e4fd698d - markdown_it.rules_block.paragraph - DEBUG - paragraph.paragraph:10 - entering paragraph: StateBlock(line=143,level=2,tokens=575), 143, 189, False
2026-01-12 18:58:51 - 20260112_185850_e4fd698d - markdown_it.rules_block.fence - DEBUG - fence.fence:10 - entering fence: StateBlock(line=145,level=1,tokens=579), 145, 189, True
2026-01-12 18:58:51 - 20260112_185850_e4fd698d - markdown_it.rules_block.blockquote - DEBUG - blockquote.blockquote:13 - entering blockquote: StateBlock(line=145,level=1,tokens=579), 145, 189, True
2026-01-12 18:58:51 - 20260112_185850_e4fd698d - markdown_it.rules_block.hr - DEBUG - hr.hr:14 - entering hr: StateBlock(line=145,level=1,tokens=579), 145, 189, True
2026-01-12 18:58:51 - 20260112_185850_e4fd698d - markdown_it.rules_block.code - DEBUG - code.code:10 - entering code: StateBlock(line=145,level=0,tokens=580), 145, 189, False
2026-01-12 18:58:51 - 20260112_185850_e4fd698d - markdown_it.rules_block.fence - DEBUG - fence.fence:10 - entering fence: StateBlock(line=145,level=0,tokens=580), 145, 189, False
2026-01-12 18:58:51 - 20260112_185850_e4fd698d - markdown_it.rules_block.blockquote - DEBUG - blockquote.blockquote:13 - entering blockquote: StateBlock(line=145,level=0,tokens=580), 145, 189, False
2026-01-12 18:58:51 - 20260112_185850_e4fd698d - markdown_it.rules_block.hr - DEBUG - hr.hr:14 - entering hr: StateBlock(line=145,level=0,tokens=580), 145, 189, False
2026-01-12 18:58:51 - 20260112_185850_e4fd698d - markdown_it.rules_block.code - DEBUG - code.code:10 - entering code: StateBlock(line=147,level=0,tokens=581), 147, 189, False
2026-01-12 18:58:51 - 20260112_185850_e4fd698d - markdown_it.rules_block.fence - DEBUG - fence.fence:10 - entering fence: StateBlock(line=147,level=0,tokens=581), 147, 189, False
2026-01-12 18:58:51 - 20260112_185850_e4fd698d - markdown_it.rules_block.blockquote - DEBUG - blockquote.blockquote:13 - entering blockquote: StateBlock(line=147,level=0,tokens=581), 147, 189, False
2026-01-12 18:58:51 - 20260112_185850_e4fd698d - markdown_it.rules_block.hr - DEBUG - hr.hr:14 - entering hr: StateBlock(line=147,level=0,tokens=581), 147, 189, False
2026-01-12 18:58:51 - 20260112_185850_e4fd698d - markdown_it.rules_block.list - DEBUG - list.list_block:102 - entering list: StateBlock(line=147,level=0,tokens=581), 147, 189, False
2026-01-12 18:58:51 - 20260112_185850_e4fd698d - markdown_it.rules_block.reference - DEBUG - reference.reference:10 - entering reference: StateBlock(line=147,level=0,tokens=581), 147, 189, False
2026-01-12 18:58:51 - 20260112_185850_e4fd698d - markdown_it.rules_block.html_block - DEBUG - html_block.html_block:35 - entering html_block: StateBlock(line=147,level=0,tokens=581), 147, 189, False
2026-01-12 18:58:51 - 20260112_185850_e4fd698d - markdown_it.rules_block.heading - DEBUG - heading.heading:13 - entering heading: StateBlock(line=147,level=0,tokens=581), 147, 189, False
2026-01-12 18:58:51 - 20260112_185850_e4fd698d - markdown_it.rules_block.code - DEBUG - code.code:10 - entering code: StateBlock(line=149,level=0,tokens=584), 149, 189, False
2026-01-12 18:58:51 - 20260112_185850_e4fd698d - markdown_it.rules_block.fence - DEBUG - fence.fence:10 - entering fence: StateBlock(line=149,level=0,tokens=584), 149, 189, False
2026-01-12 18:58:51 - 20260112_185850_e4fd698d - markdown_it.rules_block.blockquote - DEBUG - blockquote.blockquote:13 - entering blockquote: StateBlock(line=149,level=0,tokens=584), 149, 189, False
2026-01-12 18:58:51 - 20260112_185850_e4fd698d - markdown_it.rules_block.hr - DEBUG - hr.hr:14 - entering hr: StateBlock(line=149,level=0,tokens=584), 149, 189, False
2026-01-12 18:58:51 - 20260112_185850_e4fd698d - markdown_it.rules_block.list - DEBUG - list.list_block:102 - entering list: StateBlock(line=149,level=0,tokens=584), 149, 189, False
2026-01-12 18:58:51 - 20260112_185850_e4fd698d - markdown_it.rules_block.reference - DEBUG - reference.reference:10 - entering reference: StateBlock(line=149,level=0,tokens=584), 149, 189, False
2026-01-12 18:58:51 - 20260112_185850_e4fd698d - markdown_it.rules_block.html_block - DEBUG - html_block.html_block:35 - entering html_block: StateBlock(line=149,level=0,tokens=584), 149, 189, False
2026-01-12 18:58:51 - 20260112_185850_e4fd698d - markdown_it.rules_block.heading - DEBUG - heading.heading:13 - entering heading: StateBlock(line=149,level=0,tokens=584), 149, 189, False
2026-01-12 18:58:51 - 20260112_185850_e4fd698d - markdown_it.rules_block.lheading - DEBUG - lheading.lheading:10 - entering lheading: StateBlock(line=149,level=0,tokens=584), 149, 189, False
2026-01-12 18:58:51 - 20260112_185850_e4fd698d - markdown_it.rules_block.fence - DEBUG - fence.fence:10 - entering fence: StateBlock(line=149,level=0,tokens=584), 150, 189, True
2026-01-12 18:58:51 - 20260112_185850_e4fd698d - markdown_it.rules_block.blockquote - DEBUG - blockquote.blockquote:13 - entering blockquote: StateBlock(line=149,level=0,tokens=584), 150, 189, True
2026-01-12 18:58:51 - 20260112_185850_e4fd698d - markdown_it.rules_block.hr - DEBUG - hr.hr:14 - entering hr: StateBlock(line=149,level=0,tokens=584), 150, 189, True
2026-01-12 18:58:51 - 20260112_185850_e4fd698d - markdown_it.rules_block.list - DEBUG - list.list_block:102 - entering list: StateBlock(line=149,level=0,tokens=584), 150, 189, True
2026-01-12 18:58:51 - 20260112_185850_e4fd698d - markdown_it.rules_block.paragraph - DEBUG - paragraph.paragraph:10 - entering paragraph: StateBlock(line=149,level=0,tokens=584), 149, 189, False
2026-01-12 18:58:51 - 20260112_185850_e4fd698d - markdown_it.rules_block.fence - DEBUG - fence.fence:10 - entering fence: StateBlock(line=149,level=0,tokens=584), 150, 189, True
2026-01-12 18:58:51 - 20260112_185850_e4fd698d - markdown_it.rules_block.blockquote - DEBUG - blockquote.blockquote:13 - entering blockquote: StateBlock(line=149,level=0,tokens=584), 150, 189, True
2026-01-12 18:58:51 - 20260112_185850_e4fd698d - markdown_it.rules_block.hr - DEBUG - hr.hr:14 - entering hr: StateBlock(line=149,level=0,tokens=584), 150, 189, True
2026-01-12 18:58:51 - 20260112_185850_e4fd698d - markdown_it.rules_block.list - DEBUG - list.list_block:102 - entering list: StateBlock(line=149,level=0,tokens=584), 150, 189, True
2026-01-12 18:58:51 - 20260112_185850_e4fd698d - markdown_it.rules_block.code - DEBUG - code.code:10 - entering code: StateBlock(line=150,level=0,tokens=587), 150, 189, False
2026-01-12 18:58:51 - 20260112_185850_e4fd698d - markdown_it.rules_block.fence - DEBUG - fence.fence:10 - entering fence: StateBlock(line=150,level=0,tokens=587), 150, 189, False
2026-01-12 18:58:51 - 20260112_185850_e4fd698d - markdown_it.rules_block.blockquote - DEBUG - blockquote.blockquote:13 - entering blockquote: StateBlock(line=150,level=0,tokens=587), 150, 189, False
2026-01-12 18:58:51 - 20260112_185850_e4fd698d - markdown_it.rules_block.hr - DEBUG - hr.hr:14 - entering hr: StateBlock(line=150,level=0,tokens=587), 150, 189, False
2026-01-12 18:58:51 - 20260112_185850_e4fd698d - markdown_it.rules_block.list - DEBUG - list.list_block:102 - entering list: StateBlock(line=150,level=0,tokens=587), 150, 189, False
2026-01-12 18:58:51 - 20260112_185850_e4fd698d - markdown_it.rules_block.code - DEBUG - code.code:10 - entering code: StateBlock(line=150,level=2,tokens=589), 150, 189, False
2026-01-12 18:58:51 - 20260112_185850_e4fd698d - markdown_it.rules_block.fence - DEBUG - fence.fence:10 - entering fence: StateBlock(line=150,level=2,tokens=589), 150, 189, False
2026-01-12 18:58:51 - 20260112_185850_e4fd698d - markdown_it.rules_block.blockquote - DEBUG - blockquote.blockquote:13 - entering blockquote: StateBlock(line=150,level=2,tokens=589), 150, 189, False
2026-01-12 18:58:51 - 20260112_185850_e4fd698d - markdown_it.rules_block.hr - DEBUG - hr.hr:14 - entering hr: StateBlock(line=150,level=2,tokens=589), 150, 189, False
2026-01-12 18:58:51 - 20260112_185850_e4fd698d - markdown_it.rules_block.list - DEBUG - list.list_block:102 - entering list: StateBlock(line=150,level=2,tokens=589), 150, 189, False
2026-01-12 18:58:51 - 20260112_185850_e4fd698d - markdown_it.rules_block.reference - DEBUG - reference.reference:10 - entering reference: StateBlock(line=150,level=2,tokens=589), 150, 189, False
2026-01-12 18:58:51 - 20260112_185850_e4fd698d - markdown_it.rules_block.html_block - DEBUG - html_block.html_block:35 - entering html_block: StateBlock(line=150,level=2,tokens=589), 150, 189, False
2026-01-12 18:58:51 - 20260112_185850_e4fd698d - markdown_it.rules_block.heading - DEBUG - heading.heading:13 - entering heading: StateBlock(line=150,level=2,tokens=589), 150, 189, False
2026-01-12 18:58:51 - 20260112_185850_e4fd698d - markdown_it.rules_block.lheading - DEBUG - lheading.lheading:10 - entering lheading: StateBlock(line=150,level=2,tokens=589), 150, 189, False
2026-01-12 18:58:51 - 20260112_185850_e4fd698d - markdown_it.rules_block.fence - DEBUG - fence.fence:10 - entering fence: StateBlock(line=150,level=2,tokens=589), 151, 189, True
2026-01-12 18:58:51 - 20260112_185850_e4fd698d - markdown_it.rules_block.blockquote - DEBUG - blockquote.blockquote:13 - entering blockquote: StateBlock(line=150,level=2,tokens=589), 151, 189, True
2026-01-12 18:58:51 - 20260112_185850_e4fd698d - markdown_it.rules_block.hr - DEBUG - hr.hr:14 - entering hr: StateBlock(line=150,level=2,tokens=589), 151, 189, True
2026-01-12 18:58:51 - 20260112_185850_e4fd698d - markdown_it.rules_block.list - DEBUG - list.list_block:102 - entering list: StateBlock(line=150,level=2,tokens=589), 151, 189, True
2026-01-12 18:58:51 - 20260112_185850_e4fd698d - markdown_it.rules_block.paragraph - DEBUG - paragraph.paragraph:10 - entering paragraph: StateBlock(line=150,level=2,tokens=589), 150, 189, False
2026-01-12 18:58:51 - 20260112_185850_e4fd698d - markdown_it.rules_block.fence - DEBUG - fence.fence:10 - entering fence: StateBlock(line=150,level=2,tokens=589), 151, 189, True
2026-01-12 18:58:51 - 20260112_185850_e4fd698d - markdown_it.rules_block.blockquote - DEBUG - blockquote.blockquote:13 - entering blockquote: StateBlock(line=150,level=2,tokens=589), 151, 189, True
2026-01-12 18:58:51 - 20260112_185850_e4fd698d - markdown_it.rules_block.hr - DEBUG - hr.hr:14 - entering hr: StateBlock(line=150,level=2,tokens=589), 151, 189, True
2026-01-12 18:58:51 - 20260112_185850_e4fd698d - markdown_it.rules_block.list - DEBUG - list.list_block:102 - entering list: StateBlock(line=150,level=2,tokens=589), 151, 189, True
2026-01-12 18:58:51 - 20260112_185850_e4fd698d - markdown_it.rules_block.fence - DEBUG - fence.fence:10 - entering fence: StateBlock(line=151,level=1,tokens=593), 151, 189, True
2026-01-12 18:58:51 - 20260112_185850_e4fd698d - markdown_it.rules_block.blockquote - DEBUG - blockquote.blockquote:13 - entering blockquote: StateBlock(line=151,level=1,tokens=593), 151, 189, True
2026-01-12 18:58:51 - 20260112_185850_e4fd698d - markdown_it.rules_block.hr - DEBUG - hr.hr:14 - entering hr: StateBlock(line=151,level=1,tokens=593), 151, 189, True
2026-01-12 18:58:51 - 20260112_185850_e4fd698d - markdown_it.rules_block.code - DEBUG - code.code:10 - entering code: StateBlock(line=151,level=2,tokens=594), 151, 189, False
2026-01-12 18:58:51 - 20260112_185850_e4fd698d - markdown_it.rules_block.fence - DEBUG - fence.fence:10 - entering fence: StateBlock(line=151,level=2,tokens=594), 151, 189, False
2026-01-12 18:58:51 - 20260112_185850_e4fd698d - markdown_it.rules_block.blockquote - DEBUG - blockquote.blockquote:13 - entering blockquote: StateBlock(line=151,level=2,tokens=594), 151, 189, False
2026-01-12 18:58:51 - 20260112_185850_e4fd698d - markdown_it.rules_block.hr - DEBUG - hr.hr:14 - entering hr: StateBlock(line=151,level=2,tokens=594), 151, 189, False
2026-01-12 18:58:51 - 20260112_185850_e4fd698d - markdown_it.rules_block.list - DEBUG - list.list_block:102 - entering list: StateBlock(line=151,level=2,tokens=594), 151, 189, False
2026-01-12 18:58:51 - 20260112_185850_e4fd698d - markdown_it.rules_block.reference - DEBUG - reference.reference:10 - entering reference: StateBlock(line=151,level=2,tokens=594), 151, 189, False
2026-01-12 18:58:51 - 20260112_185850_e4fd698d - markdown_it.rules_block.html_block - DEBUG - html_block.html_block:35 - entering html_block: StateBlock(line=151,level=2,tokens=594), 151, 189, False
2026-01-12 18:58:51 - 20260112_185850_e4fd698d - markdown_it.rules_block.heading - DEBUG - heading.heading:13 - entering heading: StateBlock(line=151,level=2,tokens=594), 151, 189, False
2026-01-12 18:58:51 - 20260112_185850_e4fd698d - markdown_it.rules_block.lheading - DEBUG - lheading.lheading:10 - entering lheading: StateBlock(line=151,level=2,tokens=594), 151, 189, False
2026-01-12 18:58:51 - 20260112_185850_e4fd698d - markdown_it.rules_block.fence - DEBUG - fence.fence:10 - entering fence: StateBlock(line=151,level=2,tokens=594), 152, 189, True
2026-01-12 18:58:51 - 20260112_185850_e4fd698d - markdown_it.rules_block.blockquote - DEBUG - blockquote.blockquote:13 - entering blockquote: StateBlock(line=151,level=2,tokens=594), 152, 189, True
2026-01-12 18:58:51 - 20260112_185850_e4fd698d - markdown_it.rules_block.hr - DEBUG - hr.hr:14 - entering hr: StateBlock(line=151,level=2,tokens=594), 152, 189, True
2026-01-12 18:58:51 - 20260112_185850_e4fd698d - markdown_it.rules_block.list - DEBUG - list.list_block:102 - entering list: StateBlock(line=151,level=2,tokens=594), 152, 189, True
2026-01-12 18:58:51 - 20260112_185850_e4fd698d - markdown_it.rules_block.paragraph - DEBUG - paragraph.paragraph:10 - entering paragraph: StateBlock(line=151,level=2,tokens=594), 151, 189, False
2026-01-12 18:58:51 - 20260112_185850_e4fd698d - markdown_it.rules_block.fence - DEBUG - fence.fence:10 - entering fence: StateBlock(line=151,level=2,tokens=594), 152, 189, True
2026-01-12 18:58:51 - 20260112_185850_e4fd698d - markdown_it.rules_block.blockquote - DEBUG - blockquote.blockquote:13 - entering blockquote: StateBlock(line=151,level=2,tokens=594), 152, 189, True
2026-01-12 18:58:51 - 20260112_185850_e4fd698d - markdown_it.rules_block.hr - DEBUG - hr.hr:14 - entering hr: StateBlock(line=151,level=2,tokens=594), 152, 189, True
2026-01-12 18:58:51 - 20260112_185850_e4fd698d - markdown_it.rules_block.list - DEBUG - list.list_block:102 - entering list: StateBlock(line=151,level=2,tokens=594), 152, 189, True
2026-01-12 18:58:51 - 20260112_185850_e4fd698d - markdown_it.rules_block.fence - DEBUG - fence.fence:10 - entering fence: StateBlock(line=152,level=1,tokens=598), 152, 189, True
2026-01-12 18:58:51 - 20260112_185850_e4fd698d - markdown_it.rules_block.blockquote - DEBUG - blockquote.blockquote:13 - entering blockquote: StateBlock(line=152,level=1,tokens=598), 152, 189, True
2026-01-12 18:58:51 - 20260112_185850_e4fd698d - markdown_it.rules_block.hr - DEBUG - hr.hr:14 - entering hr: StateBlock(line=152,level=1,tokens=598), 152, 189, True
2026-01-12 18:58:51 - 20260112_185850_e4fd698d - markdown_it.rules_block.code - DEBUG - code.code:10 - entering code: StateBlock(line=152,level=2,tokens=599), 152, 189, False
2026-01-12 18:58:51 - 20260112_185850_e4fd698d - markdown_it.rules_block.fence - DEBUG - fence.fence:10 - entering fence: StateBlock(line=152,level=2,tokens=599), 152, 189, False
2026-01-12 18:58:51 - 20260112_185850_e4fd698d - markdown_it.rules_block.blockquote - DEBUG - blockquote.blockquote:13 - entering blockquote: StateBlock(line=152,level=2,tokens=599), 152, 189, False
2026-01-12 18:58:51 - 20260112_185850_e4fd698d - markdown_it.rules_block.hr - DEBUG - hr.hr:14 - entering hr: StateBlock(line=152,level=2,tokens=599), 152, 189, False
2026-01-12 18:58:51 - 20260112_185850_e4fd698d - markdown_it.rules_block.list - DEBUG - list.list_block:102 - entering list: StateBlock(line=152,level=2,tokens=599), 152, 189, False
2026-01-12 18:58:51 - 20260112_185850_e4fd698d - markdown_it.rules_block.reference - DEBUG - reference.reference:10 - entering reference: StateBlock(line=152,level=2,tokens=599), 152, 189, False
2026-01-12 18:58:51 - 20260112_185850_e4fd698d - markdown_it.rules_block.html_block - DEBUG - html_block.html_block:35 - entering html_block: StateBlock(line=152,level=2,tokens=599), 152, 189, False
2026-01-12 18:58:51 - 20260112_185850_e4fd698d - markdown_it.rules_block.heading - DEBUG - heading.heading:13 - entering heading: StateBlock(line=152,level=2,tokens=599), 152, 189, False
2026-01-12 18:58:51 - 20260112_185850_e4fd698d - markdown_it.rules_block.lheading - DEBUG - lheading.lheading:10 - entering lheading: StateBlock(line=152,level=2,tokens=599), 152, 189, False
2026-01-12 18:58:51 - 20260112_185850_e4fd698d - markdown_it.rules_block.paragraph - DEBUG - paragraph.paragraph:10 - entering paragraph: StateBlock(line=152,level=2,tokens=599), 152, 189, False
2026-01-12 18:58:51 - 20260112_185850_e4fd698d - markdown_it.rules_block.fence - DEBUG - fence.fence:10 - entering fence: StateBlock(line=154,level=1,tokens=603), 154, 189, True
2026-01-12 18:58:51 - 20260112_185850_e4fd698d - markdown_it.rules_block.blockquote - DEBUG - blockquote.blockquote:13 - entering blockquote: StateBlock(line=154,level=1,tokens=603), 154, 189, True
2026-01-12 18:58:51 - 20260112_185850_e4fd698d - markdown_it.rules_block.hr - DEBUG - hr.hr:14 - entering hr: StateBlock(line=154,level=1,tokens=603), 154, 189, True
2026-01-12 18:58:51 - 20260112_185850_e4fd698d - markdown_it.rules_block.code - DEBUG - code.code:10 - entering code: StateBlock(line=154,level=0,tokens=604), 154, 189, False
2026-01-12 18:58:51 - 20260112_185850_e4fd698d - markdown_it.rules_block.fence - DEBUG - fence.fence:10 - entering fence: StateBlock(line=154,level=0,tokens=604), 154, 189, False
2026-01-12 18:58:51 - 20260112_185850_e4fd698d - markdown_it.rules_block.blockquote - DEBUG - blockquote.blockquote:13 - entering blockquote: StateBlock(line=154,level=0,tokens=604), 154, 189, False
2026-01-12 18:58:51 - 20260112_185850_e4fd698d - markdown_it.rules_block.hr - DEBUG - hr.hr:14 - entering hr: StateBlock(line=154,level=0,tokens=604), 154, 189, False
2026-01-12 18:58:51 - 20260112_185850_e4fd698d - markdown_it.rules_block.list - DEBUG - list.list_block:102 - entering list: StateBlock(line=154,level=0,tokens=604), 154, 189, False
2026-01-12 18:58:51 - 20260112_185850_e4fd698d - markdown_it.rules_block.reference - DEBUG - reference.reference:10 - entering reference: StateBlock(line=154,level=0,tokens=604), 154, 189, False
2026-01-12 18:58:51 - 20260112_185850_e4fd698d - markdown_it.rules_block.html_block - DEBUG - html_block.html_block:35 - entering html_block: StateBlock(line=154,level=0,tokens=604), 154, 189, False
2026-01-12 18:58:51 - 20260112_185850_e4fd698d - markdown_it.rules_block.heading - DEBUG - heading.heading:13 - entering heading: StateBlock(line=154,level=0,tokens=604), 154, 189, False
2026-01-12 18:58:51 - 20260112_185850_e4fd698d - markdown_it.rules_block.lheading - DEBUG - lheading.lheading:10 - entering lheading: StateBlock(line=154,level=0,tokens=604), 154, 189, False
2026-01-12 18:58:51 - 20260112_185850_e4fd698d - markdown_it.rules_block.fence - DEBUG - fence.fence:10 - entering fence: StateBlock(line=154,level=0,tokens=604), 155, 189, True
2026-01-12 18:58:51 - 20260112_185850_e4fd698d - markdown_it.rules_block.blockquote - DEBUG - blockquote.blockquote:13 - entering blockquote: StateBlock(line=154,level=0,tokens=604), 155, 189, True
2026-01-12 18:58:51 - 20260112_185850_e4fd698d - markdown_it.rules_block.hr - DEBUG - hr.hr:14 - entering hr: StateBlock(line=154,level=0,tokens=604), 155, 189, True
2026-01-12 18:58:51 - 20260112_185850_e4fd698d - markdown_it.rules_block.list - DEBUG - list.list_block:102 - entering list: StateBlock(line=154,level=0,tokens=604), 155, 189, True
2026-01-12 18:58:51 - 20260112_185850_e4fd698d - markdown_it.rules_block.paragraph - DEBUG - paragraph.paragraph:10 - entering paragraph: StateBlock(line=154,level=0,tokens=604), 154, 189, False
2026-01-12 18:58:51 - 20260112_185850_e4fd698d - markdown_it.rules_block.fence - DEBUG - fence.fence:10 - entering fence: StateBlock(line=154,level=0,tokens=604), 155, 189, True
2026-01-12 18:58:51 - 20260112_185850_e4fd698d - markdown_it.rules_block.blockquote - DEBUG - blockquote.blockquote:13 - entering blockquote: StateBlock(line=154,level=0,tokens=604), 155, 189, True
2026-01-12 18:58:51 - 20260112_185850_e4fd698d - markdown_it.rules_block.hr - DEBUG - hr.hr:14 - entering hr: StateBlock(line=154,level=0,tokens=604), 155, 189, True
2026-01-12 18:58:51 - 20260112_185850_e4fd698d - markdown_it.rules_block.list - DEBUG - list.list_block:102 - entering list: StateBlock(line=154,level=0,tokens=604), 155, 189, True
2026-01-12 18:58:51 - 20260112_185850_e4fd698d - markdown_it.rules_block.code - DEBUG - code.code:10 - entering code: StateBlock(line=155,level=0,tokens=607), 155, 189, False
2026-01-12 18:58:51 - 20260112_185850_e4fd698d - markdown_it.rules_block.fence - DEBUG - fence.fence:10 - entering fence: StateBlock(line=155,level=0,tokens=607), 155, 189, False
2026-01-12 18:58:51 - 20260112_185850_e4fd698d - markdown_it.rules_block.blockquote - DEBUG - blockquote.blockquote:13 - entering blockquote: StateBlock(line=155,level=0,tokens=607), 155, 189, False
2026-01-12 18:58:51 - 20260112_185850_e4fd698d - markdown_it.rules_block.hr - DEBUG - hr.hr:14 - entering hr: StateBlock(line=155,level=0,tokens=607), 155, 189, False
2026-01-12 18:58:51 - 20260112_185850_e4fd698d - markdown_it.rules_block.list - DEBUG - list.list_block:102 - entering list: StateBlock(line=155,level=0,tokens=607), 155, 189, False
2026-01-12 18:58:51 - 20260112_185850_e4fd698d - markdown_it.rules_block.code - DEBUG - code.code:10 - entering code: StateBlock(line=155,level=2,tokens=609), 155, 189, False
2026-01-12 18:58:51 - 20260112_185850_e4fd698d - markdown_it.rules_block.fence - DEBUG - fence.fence:10 - entering fence: StateBlock(line=155,level=2,tokens=609), 155, 189, False
2026-01-12 18:58:51 - 20260112_185850_e4fd698d - markdown_it.rules_block.blockquote - DEBUG - blockquote.blockquote:13 - entering blockquote: StateBlock(line=155,level=2,tokens=609), 155, 189, False
2026-01-12 18:58:51 - 20260112_185850_e4fd698d - markdown_it.rules_block.hr - DEBUG - hr.hr:14 - entering hr: StateBlock(line=155,level=2,tokens=609), 155, 189, False
2026-01-12 18:58:51 - 20260112_185850_e4fd698d - markdown_it.rules_block.list - DEBUG - list.list_block:102 - entering list: StateBlock(line=155,level=2,tokens=609), 155, 189, False
2026-01-12 18:58:51 - 20260112_185850_e4fd698d - markdown_it.rules_block.reference - DEBUG - reference.reference:10 - entering reference: StateBlock(line=155,level=2,tokens=609), 155, 189, False
2026-01-12 18:58:51 - 20260112_185850_e4fd698d - markdown_it.rules_block.html_block - DEBUG - html_block.html_block:35 - entering html_block: StateBlock(line=155,level=2,tokens=609), 155, 189, False
2026-01-12 18:58:51 - 20260112_185850_e4fd698d - markdown_it.rules_block.heading - DEBUG - heading.heading:13 - entering heading: StateBlock(line=155,level=2,tokens=609), 155, 189, False
2026-01-12 18:58:51 - 20260112_185850_e4fd698d - markdown_it.rules_block.lheading - DEBUG - lheading.lheading:10 - entering lheading: StateBlock(line=155,level=2,tokens=609), 155, 189, False
2026-01-12 18:58:51 - 20260112_185850_e4fd698d - markdown_it.rules_block.fence - DEBUG - fence.fence:10 - entering fence: StateBlock(line=155,level=2,tokens=609), 156, 189, True
2026-01-12 18:58:51 - 20260112_185850_e4fd698d - markdown_it.rules_block.blockquote - DEBUG - blockquote.blockquote:13 - entering blockquote: StateBlock(line=155,level=2,tokens=609), 156, 189, True
2026-01-12 18:58:51 - 20260112_185850_e4fd698d - markdown_it.rules_block.hr - DEBUG - hr.hr:14 - entering hr: StateBlock(line=155,level=2,tokens=609), 156, 189, True
2026-01-12 18:58:51 - 20260112_185850_e4fd698d - markdown_it.rules_block.list - DEBUG - list.list_block:102 - entering list: StateBlock(line=155,level=2,tokens=609), 156, 189, True
2026-01-12 18:58:51 - 20260112_185850_e4fd698d - markdown_it.rules_block.paragraph - DEBUG - paragraph.paragraph:10 - entering paragraph: StateBlock(line=155,level=2,tokens=609), 155, 189, False
2026-01-12 18:58:51 - 20260112_185850_e4fd698d - markdown_it.rules_block.fence - DEBUG - fence.fence:10 - entering fence: StateBlock(line=155,level=2,tokens=609), 156, 189, True
2026-01-12 18:58:51 - 20260112_185850_e4fd698d - markdown_it.rules_block.blockquote - DEBUG - blockquote.blockquote:13 - entering blockquote: StateBlock(line=155,level=2,tokens=609), 156, 189, True
2026-01-12 18:58:51 - 20260112_185850_e4fd698d - markdown_it.rules_block.hr - DEBUG - hr.hr:14 - entering hr: StateBlock(line=155,level=2,tokens=609), 156, 189, True
2026-01-12 18:58:51 - 20260112_185850_e4fd698d - markdown_it.rules_block.list - DEBUG - list.list_block:102 - entering list: StateBlock(line=155,level=2,tokens=609), 156, 189, True
2026-01-12 18:58:51 - 20260112_185850_e4fd698d - markdown_it.rules_block.fence - DEBUG - fence.fence:10 - entering fence: StateBlock(line=156,level=1,tokens=613), 156, 189, True
2026-01-12 18:58:51 - 20260112_185850_e4fd698d - markdown_it.rules_block.blockquote - DEBUG - blockquote.blockquote:13 - entering blockquote: StateBlock(line=156,level=1,tokens=613), 156, 189, True
2026-01-12 18:58:51 - 20260112_185850_e4fd698d - markdown_it.rules_block.hr - DEBUG - hr.hr:14 - entering hr: StateBlock(line=156,level=1,tokens=613), 156, 189, True
2026-01-12 18:58:51 - 20260112_185850_e4fd698d - markdown_it.rules_block.code - DEBUG - code.code:10 - entering code: StateBlock(line=156,level=2,tokens=614), 156, 189, False
2026-01-12 18:58:51 - 20260112_185850_e4fd698d - markdown_it.rules_block.fence - DEBUG - fence.fence:10 - entering fence: StateBlock(line=156,level=2,tokens=614), 156, 189, False
2026-01-12 18:58:51 - 20260112_185850_e4fd698d - markdown_it.rules_block.blockquote - DEBUG - blockquote.blockquote:13 - entering blockquote: StateBlock(line=156,level=2,tokens=614), 156, 189, False
2026-01-12 18:58:51 - 20260112_185850_e4fd698d - markdown_it.rules_block.hr - DEBUG - hr.hr:14 - entering hr: StateBlock(line=156,level=2,tokens=614), 156, 189, False
2026-01-12 18:58:51 - 20260112_185850_e4fd698d - markdown_it.rules_block.list - DEBUG - list.list_block:102 - entering list: StateBlock(line=156,level=2,tokens=614), 156, 189, False
2026-01-12 18:58:51 - 20260112_185850_e4fd698d - markdown_it.rules_block.reference - DEBUG - reference.reference:10 - entering reference: StateBlock(line=156,level=2,tokens=614), 156, 189, False
2026-01-12 18:58:51 - 20260112_185850_e4fd698d - markdown_it.rules_block.html_block - DEBUG - html_block.html_block:35 - entering html_block: StateBlock(line=156,level=2,tokens=614), 156, 189, False
2026-01-12 18:58:51 - 20260112_185850_e4fd698d - markdown_it.rules_block.heading - DEBUG - heading.heading:13 - entering heading: StateBlock(line=156,level=2,tokens=614), 156, 189, False
2026-01-12 18:58:51 - 20260112_185850_e4fd698d - markdown_it.rules_block.lheading - DEBUG - lheading.lheading:10 - entering lheading: StateBlock(line=156,level=2,tokens=614), 156, 189, False
2026-01-12 18:58:51 - 20260112_185850_e4fd698d - markdown_it.rules_block.fence - DEBUG - fence.fence:10 - entering fence: StateBlock(line=156,level=2,tokens=614), 157, 189, True
2026-01-12 18:58:51 - 20260112_185850_e4fd698d - markdown_it.rules_block.blockquote - DEBUG - blockquote.blockquote:13 - entering blockquote: StateBlock(line=156,level=2,tokens=614), 157, 189, True
2026-01-12 18:58:51 - 20260112_185850_e4fd698d - markdown_it.rules_block.hr - DEBUG - hr.hr:14 - entering hr: StateBlock(line=156,level=2,tokens=614), 157, 189, True
2026-01-12 18:58:51 - 20260112_185850_e4fd698d - markdown_it.rules_block.list - DEBUG - list.list_block:102 - entering list: StateBlock(line=156,level=2,tokens=614), 157, 189, True
2026-01-12 18:58:51 - 20260112_185850_e4fd698d - markdown_it.rules_block.paragraph - DEBUG - paragraph.paragraph:10 - entering paragraph: StateBlock(line=156,level=2,tokens=614), 156, 189, False
2026-01-12 18:58:51 - 20260112_185850_e4fd698d - markdown_it.rules_block.fence - DEBUG - fence.fence:10 - entering fence: StateBlock(line=156,level=2,tokens=614), 157, 189, True
2026-01-12 18:58:51 - 20260112_185850_e4fd698d - markdown_it.rules_block.blockquote - DEBUG - blockquote.blockquote:13 - entering blockquote: StateBlock(line=156,level=2,tokens=614), 157, 189, True
2026-01-12 18:58:51 - 20260112_185850_e4fd698d - markdown_it.rules_block.hr - DEBUG - hr.hr:14 - entering hr: StateBlock(line=156,level=2,tokens=614), 157, 189, True
2026-01-12 18:58:51 - 20260112_185850_e4fd698d - markdown_it.rules_block.list - DEBUG - list.list_block:102 - entering list: StateBlock(line=156,level=2,tokens=614), 157, 189, True
2026-01-12 18:58:51 - 20260112_185850_e4fd698d - markdown_it.rules_block.fence - DEBUG - fence.fence:10 - entering fence: StateBlock(line=157,level=1,tokens=618), 157, 189, True
2026-01-12 18:58:51 - 20260112_185850_e4fd698d - markdown_it.rules_block.blockquote - DEBUG - blockquote.blockquote:13 - entering blockquote: StateBlock(line=157,level=1,tokens=618), 157, 189, True
2026-01-12 18:58:51 - 20260112_185850_e4fd698d - markdown_it.rules_block.hr - DEBUG - hr.hr:14 - entering hr: StateBlock(line=157,level=1,tokens=618), 157, 189, True
2026-01-12 18:58:51 - 20260112_185850_e4fd698d - markdown_it.rules_block.code - DEBUG - code.code:10 - entering code: StateBlock(line=157,level=2,tokens=619), 157, 189, False
2026-01-12 18:58:51 - 20260112_185850_e4fd698d - markdown_it.rules_block.fence - DEBUG - fence.fence:10 - entering fence: StateBlock(line=157,level=2,tokens=619), 157, 189, False
2026-01-12 18:58:51 - 20260112_185850_e4fd698d - markdown_it.rules_block.blockquote - DEBUG - blockquote.blockquote:13 - entering blockquote: StateBlock(line=157,level=2,tokens=619), 157, 189, False
2026-01-12 18:58:51 - 20260112_185850_e4fd698d - markdown_it.rules_block.hr - DEBUG - hr.hr:14 - entering hr: StateBlock(line=157,level=2,tokens=619), 157, 189, False
2026-01-12 18:58:51 - 20260112_185850_e4fd698d - markdown_it.rules_block.list - DEBUG - list.list_block:102 - entering list: StateBlock(line=157,level=2,tokens=619), 157, 189, False
2026-01-12 18:58:51 - 20260112_185850_e4fd698d - markdown_it.rules_block.reference - DEBUG - reference.reference:10 - entering reference: StateBlock(line=157,level=2,tokens=619), 157, 189, False
2026-01-12 18:58:51 - 20260112_185850_e4fd698d - markdown_it.rules_block.html_block - DEBUG - html_block.html_block:35 - entering html_block: StateBlock(line=157,level=2,tokens=619), 157, 189, False
2026-01-12 18:58:51 - 20260112_185850_e4fd698d - markdown_it.rules_block.heading - DEBUG - heading.heading:13 - entering heading: StateBlock(line=157,level=2,tokens=619), 157, 189, False
2026-01-12 18:58:51 - 20260112_185850_e4fd698d - markdown_it.rules_block.lheading - DEBUG - lheading.lheading:10 - entering lheading: StateBlock(line=157,level=2,tokens=619), 157, 189, False
2026-01-12 18:58:51 - 20260112_185850_e4fd698d - markdown_it.rules_block.paragraph - DEBUG - paragraph.paragraph:10 - entering paragraph: StateBlock(line=157,level=2,tokens=619), 157, 189, False
2026-01-12 18:58:51 - 20260112_185850_e4fd698d - markdown_it.rules_block.fence - DEBUG - fence.fence:10 - entering fence: StateBlock(line=159,level=1,tokens=623), 159, 189, True
2026-01-12 18:58:51 - 20260112_185850_e4fd698d - markdown_it.rules_block.blockquote - DEBUG - blockquote.blockquote:13 - entering blockquote: StateBlock(line=159,level=1,tokens=623), 159, 189, True
2026-01-12 18:58:51 - 20260112_185850_e4fd698d - markdown_it.rules_block.hr - DEBUG - hr.hr:14 - entering hr: StateBlock(line=159,level=1,tokens=623), 159, 189, True
2026-01-12 18:58:51 - 20260112_185850_e4fd698d - markdown_it.rules_block.code - DEBUG - code.code:10 - entering code: StateBlock(line=159,level=0,tokens=624), 159, 189, False
2026-01-12 18:58:51 - 20260112_185850_e4fd698d - markdown_it.rules_block.fence - DEBUG - fence.fence:10 - entering fence: StateBlock(line=159,level=0,tokens=624), 159, 189, False
2026-01-12 18:58:51 - 20260112_185850_e4fd698d - markdown_it.rules_block.blockquote - DEBUG - blockquote.blockquote:13 - entering blockquote: StateBlock(line=159,level=0,tokens=624), 159, 189, False
2026-01-12 18:58:51 - 20260112_185850_e4fd698d - markdown_it.rules_block.hr - DEBUG - hr.hr:14 - entering hr: StateBlock(line=159,level=0,tokens=624), 159, 189, False
2026-01-12 18:58:51 - 20260112_185850_e4fd698d - markdown_it.rules_block.code - DEBUG - code.code:10 - entering code: StateBlock(line=161,level=0,tokens=625), 161, 189, False
2026-01-12 18:58:51 - 20260112_185850_e4fd698d - markdown_it.rules_block.fence - DEBUG - fence.fence:10 - entering fence: StateBlock(line=161,level=0,tokens=625), 161, 189, False
2026-01-12 18:58:51 - 20260112_185850_e4fd698d - markdown_it.rules_block.blockquote - DEBUG - blockquote.blockquote:13 - entering blockquote: StateBlock(line=161,level=0,tokens=625), 161, 189, False
2026-01-12 18:58:51 - 20260112_185850_e4fd698d - markdown_it.rules_block.hr - DEBUG - hr.hr:14 - entering hr: StateBlock(line=161,level=0,tokens=625), 161, 189, False
2026-01-12 18:58:51 - 20260112_185850_e4fd698d - markdown_it.rules_block.list - DEBUG - list.list_block:102 - entering list: StateBlock(line=161,level=0,tokens=625), 161, 189, False
2026-01-12 18:58:51 - 20260112_185850_e4fd698d - markdown_it.rules_block.reference - DEBUG - reference.reference:10 - entering reference: StateBlock(line=161,level=0,tokens=625), 161, 189, False
2026-01-12 18:58:51 - 20260112_185850_e4fd698d - markdown_it.rules_block.html_block - DEBUG - html_block.html_block:35 - entering html_block: StateBlock(line=161,level=0,tokens=625), 161, 189, False
2026-01-12 18:58:51 - 20260112_185850_e4fd698d - markdown_it.rules_block.heading - DEBUG - heading.heading:13 - entering heading: StateBlock(line=161,level=0,tokens=625), 161, 189, False
2026-01-12 18:58:51 - 20260112_185850_e4fd698d - markdown_it.rules_block.code - DEBUG - code.code:10 - entering code: StateBlock(line=163,level=0,tokens=628), 163, 189, False
2026-01-12 18:58:51 - 20260112_185850_e4fd698d - markdown_it.rules_block.fence - DEBUG - fence.fence:10 - entering fence: StateBlock(line=163,level=0,tokens=628), 163, 189, False
2026-01-12 18:58:51 - 20260112_185850_e4fd698d - markdown_it.rules_block.blockquote - DEBUG - blockquote.blockquote:13 - entering blockquote: StateBlock(line=163,level=0,tokens=628), 163, 189, False
2026-01-12 18:58:51 - 20260112_185850_e4fd698d - markdown_it.rules_block.hr - DEBUG - hr.hr:14 - entering hr: StateBlock(line=163,level=0,tokens=628), 163, 189, False
2026-01-12 18:58:51 - 20260112_185850_e4fd698d - markdown_it.rules_block.list - DEBUG - list.list_block:102 - entering list: StateBlock(line=163,level=0,tokens=628), 163, 189, False
2026-01-12 18:58:51 - 20260112_185850_e4fd698d - markdown_it.rules_block.reference - DEBUG - reference.reference:10 - entering reference: StateBlock(line=163,level=0,tokens=628), 163, 189, False
2026-01-12 18:58:51 - 20260112_185850_e4fd698d - markdown_it.rules_block.html_block - DEBUG - html_block.html_block:35 - entering html_block: StateBlock(line=163,level=0,tokens=628), 163, 189, False
2026-01-12 18:58:51 - 20260112_185850_e4fd698d - markdown_it.rules_block.heading - DEBUG - heading.heading:13 - entering heading: StateBlock(line=163,level=0,tokens=628), 163, 189, False
2026-01-12 18:58:51 - 20260112_185850_e4fd698d - markdown_it.rules_block.code - DEBUG - code.code:10 - entering code: StateBlock(line=164,level=0,tokens=631), 164, 189, False
2026-01-12 18:58:51 - 20260112_185850_e4fd698d - markdown_it.rules_block.fence - DEBUG - fence.fence:10 - entering fence: StateBlock(line=164,level=0,tokens=631), 164, 189, False
2026-01-12 18:58:51 - 20260112_185850_e4fd698d - markdown_it.rules_block.blockquote - DEBUG - blockquote.blockquote:13 - entering blockquote: StateBlock(line=164,level=0,tokens=631), 164, 189, False
2026-01-12 18:58:51 - 20260112_185850_e4fd698d - markdown_it.rules_block.hr - DEBUG - hr.hr:14 - entering hr: StateBlock(line=164,level=0,tokens=631), 164, 189, False
2026-01-12 18:58:51 - 20260112_185850_e4fd698d - markdown_it.rules_block.list - DEBUG - list.list_block:102 - entering list: StateBlock(line=164,level=0,tokens=631), 164, 189, False
2026-01-12 18:58:51 - 20260112_185850_e4fd698d - markdown_it.rules_block.code - DEBUG - code.code:10 - entering code: StateBlock(line=164,level=2,tokens=633), 164, 189, False
2026-01-12 18:58:51 - 20260112_185850_e4fd698d - markdown_it.rules_block.fence - DEBUG - fence.fence:10 - entering fence: StateBlock(line=164,level=2,tokens=633), 164, 189, False
2026-01-12 18:58:51 - 20260112_185850_e4fd698d - markdown_it.rules_block.blockquote - DEBUG - blockquote.blockquote:13 - entering blockquote: StateBlock(line=164,level=2,tokens=633), 164, 189, False
2026-01-12 18:58:51 - 20260112_185850_e4fd698d - markdown_it.rules_block.hr - DEBUG - hr.hr:14 - entering hr: StateBlock(line=164,level=2,tokens=633), 164, 189, False
2026-01-12 18:58:51 - 20260112_185850_e4fd698d - markdown_it.rules_block.list - DEBUG - list.list_block:102 - entering list: StateBlock(line=164,level=2,tokens=633), 164, 189, False
2026-01-12 18:58:51 - 20260112_185850_e4fd698d - markdown_it.rules_block.reference - DEBUG - reference.reference:10 - entering reference: StateBlock(line=164,level=2,tokens=633), 164, 189, False
2026-01-12 18:58:51 - 20260112_185850_e4fd698d - markdown_it.rules_block.html_block - DEBUG - html_block.html_block:35 - entering html_block: StateBlock(line=164,level=2,tokens=633), 164, 189, False
2026-01-12 18:58:51 - 20260112_185850_e4fd698d - markdown_it.rules_block.heading - DEBUG - heading.heading:13 - entering heading: StateBlock(line=164,level=2,tokens=633), 164, 189, False
2026-01-12 18:58:51 - 20260112_185850_e4fd698d - markdown_it.rules_block.lheading - DEBUG - lheading.lheading:10 - entering lheading: StateBlock(line=164,level=2,tokens=633), 164, 189, False
2026-01-12 18:58:51 - 20260112_185850_e4fd698d - markdown_it.rules_block.fence - DEBUG - fence.fence:10 - entering fence: StateBlock(line=164,level=2,tokens=633), 165, 189, True
2026-01-12 18:58:51 - 20260112_185850_e4fd698d - markdown_it.rules_block.blockquote - DEBUG - blockquote.blockquote:13 - entering blockquote: StateBlock(line=164,level=2,tokens=633), 165, 189, True
2026-01-12 18:58:51 - 20260112_185850_e4fd698d - markdown_it.rules_block.hr - DEBUG - hr.hr:14 - entering hr: StateBlock(line=164,level=2,tokens=633), 165, 189, True
2026-01-12 18:58:51 - 20260112_185850_e4fd698d - markdown_it.rules_block.list - DEBUG - list.list_block:102 - entering list: StateBlock(line=164,level=2,tokens=633), 165, 189, True
2026-01-12 18:58:51 - 20260112_185850_e4fd698d - markdown_it.rules_block.paragraph - DEBUG - paragraph.paragraph:10 - entering paragraph: StateBlock(line=164,level=2,tokens=633), 164, 189, False
2026-01-12 18:58:51 - 20260112_185850_e4fd698d - markdown_it.rules_block.fence - DEBUG - fence.fence:10 - entering fence: StateBlock(line=164,level=2,tokens=633), 165, 189, True
2026-01-12 18:58:51 - 20260112_185850_e4fd698d - markdown_it.rules_block.blockquote - DEBUG - blockquote.blockquote:13 - entering blockquote: StateBlock(line=164,level=2,tokens=633), 165, 189, True
2026-01-12 18:58:51 - 20260112_185850_e4fd698d - markdown_it.rules_block.hr - DEBUG - hr.hr:14 - entering hr: StateBlock(line=164,level=2,tokens=633), 165, 189, True
2026-01-12 18:58:51 - 20260112_185850_e4fd698d - markdown_it.rules_block.list - DEBUG - list.list_block:102 - entering list: StateBlock(line=164,level=2,tokens=633), 165, 189, True
2026-01-12 18:58:51 - 20260112_185850_e4fd698d - markdown_it.rules_block.fence - DEBUG - fence.fence:10 - entering fence: StateBlock(line=165,level=1,tokens=637), 165, 189, True
2026-01-12 18:58:51 - 20260112_185850_e4fd698d - markdown_it.rules_block.blockquote - DEBUG - blockquote.blockquote:13 - entering blockquote: StateBlock(line=165,level=1,tokens=637), 165, 189, True
2026-01-12 18:58:51 - 20260112_185850_e4fd698d - markdown_it.rules_block.hr - DEBUG - hr.hr:14 - entering hr: StateBlock(line=165,level=1,tokens=637), 165, 189, True
2026-01-12 18:58:51 - 20260112_185850_e4fd698d - markdown_it.rules_block.code - DEBUG - code.code:10 - entering code: StateBlock(line=165,level=2,tokens=638), 165, 189, False
2026-01-12 18:58:51 - 20260112_185850_e4fd698d - markdown_it.rules_block.fence - DEBUG - fence.fence:10 - entering fence: StateBlock(line=165,level=2,tokens=638), 165, 189, False
2026-01-12 18:58:51 - 20260112_185850_e4fd698d - markdown_it.rules_block.blockquote - DEBUG - blockquote.blockquote:13 - entering blockquote: StateBlock(line=165,level=2,tokens=638), 165, 189, False
2026-01-12 18:58:51 - 20260112_185850_e4fd698d - markdown_it.rules_block.hr - DEBUG - hr.hr:14 - entering hr: StateBlock(line=165,level=2,tokens=638), 165, 189, False
2026-01-12 18:58:51 - 20260112_185850_e4fd698d - markdown_it.rules_block.list - DEBUG - list.list_block:102 - entering list: StateBlock(line=165,level=2,tokens=638), 165, 189, False
2026-01-12 18:58:51 - 20260112_185850_e4fd698d - markdown_it.rules_block.reference - DEBUG - reference.reference:10 - entering reference: StateBlock(line=165,level=2,tokens=638), 165, 189, False
2026-01-12 18:58:51 - 20260112_185850_e4fd698d - markdown_it.rules_block.html_block - DEBUG - html_block.html_block:35 - entering html_block: StateBlock(line=165,level=2,tokens=638), 165, 189, False
2026-01-12 18:58:51 - 20260112_185850_e4fd698d - markdown_it.rules_block.heading - DEBUG - heading.heading:13 - entering heading: StateBlock(line=165,level=2,tokens=638), 165, 189, False
2026-01-12 18:58:51 - 20260112_185850_e4fd698d - markdown_it.rules_block.lheading - DEBUG - lheading.lheading:10 - entering lheading: StateBlock(line=165,level=2,tokens=638), 165, 189, False
2026-01-12 18:58:51 - 20260112_185850_e4fd698d - markdown_it.rules_block.fence - DEBUG - fence.fence:10 - entering fence: StateBlock(line=165,level=2,tokens=638), 166, 189, True
2026-01-12 18:58:51 - 20260112_185850_e4fd698d - markdown_it.rules_block.blockquote - DEBUG - blockquote.blockquote:13 - entering blockquote: StateBlock(line=165,level=2,tokens=638), 166, 189, True
2026-01-12 18:58:51 - 20260112_185850_e4fd698d - markdown_it.rules_block.hr - DEBUG - hr.hr:14 - entering hr: StateBlock(line=165,level=2,tokens=638), 166, 189, True
2026-01-12 18:58:51 - 20260112_185850_e4fd698d - markdown_it.rules_block.list - DEBUG - list.list_block:102 - entering list: StateBlock(line=165,level=2,tokens=638), 166, 189, True
2026-01-12 18:58:51 - 20260112_185850_e4fd698d - markdown_it.rules_block.paragraph - DEBUG - paragraph.paragraph:10 - entering paragraph: StateBlock(line=165,level=2,tokens=638), 165, 189, False
2026-01-12 18:58:51 - 20260112_185850_e4fd698d - markdown_it.rules_block.fence - DEBUG - fence.fence:10 - entering fence: StateBlock(line=165,level=2,tokens=638), 166, 189, True
2026-01-12 18:58:51 - 20260112_185850_e4fd698d - markdown_it.rules_block.blockquote - DEBUG - blockquote.blockquote:13 - entering blockquote: StateBlock(line=165,level=2,tokens=638), 166, 189, True
2026-01-12 18:58:51 - 20260112_185850_e4fd698d - markdown_it.rules_block.hr - DEBUG - hr.hr:14 - entering hr: StateBlock(line=165,level=2,tokens=638), 166, 189, True
2026-01-12 18:58:51 - 20260112_185850_e4fd698d - markdown_it.rules_block.list - DEBUG - list.list_block:102 - entering list: StateBlock(line=165,level=2,tokens=638), 166, 189, True
2026-01-12 18:58:51 - 20260112_185850_e4fd698d - markdown_it.rules_block.fence - DEBUG - fence.fence:10 - entering fence: StateBlock(line=166,level=1,tokens=642), 166, 189, True
2026-01-12 18:58:51 - 20260112_185850_e4fd698d - markdown_it.rules_block.blockquote - DEBUG - blockquote.blockquote:13 - entering blockquote: StateBlock(line=166,level=1,tokens=642), 166, 189, True
2026-01-12 18:58:51 - 20260112_185850_e4fd698d - markdown_it.rules_block.hr - DEBUG - hr.hr:14 - entering hr: StateBlock(line=166,level=1,tokens=642), 166, 189, True
2026-01-12 18:58:51 - 20260112_185850_e4fd698d - markdown_it.rules_block.code - DEBUG - code.code:10 - entering code: StateBlock(line=166,level=2,tokens=643), 166, 189, False
2026-01-12 18:58:51 - 20260112_185850_e4fd698d - markdown_it.rules_block.fence - DEBUG - fence.fence:10 - entering fence: StateBlock(line=166,level=2,tokens=643), 166, 189, False
2026-01-12 18:58:51 - 20260112_185850_e4fd698d - markdown_it.rules_block.blockquote - DEBUG - blockquote.blockquote:13 - entering blockquote: StateBlock(line=166,level=2,tokens=643), 166, 189, False
2026-01-12 18:58:51 - 20260112_185850_e4fd698d - markdown_it.rules_block.hr - DEBUG - hr.hr:14 - entering hr: StateBlock(line=166,level=2,tokens=643), 166, 189, False
2026-01-12 18:58:51 - 20260112_185850_e4fd698d - markdown_it.rules_block.list - DEBUG - list.list_block:102 - entering list: StateBlock(line=166,level=2,tokens=643), 166, 189, False
2026-01-12 18:58:51 - 20260112_185850_e4fd698d - markdown_it.rules_block.reference - DEBUG - reference.reference:10 - entering reference: StateBlock(line=166,level=2,tokens=643), 166, 189, False
2026-01-12 18:58:51 - 20260112_185850_e4fd698d - markdown_it.rules_block.html_block - DEBUG - html_block.html_block:35 - entering html_block: StateBlock(line=166,level=2,tokens=643), 166, 189, False
2026-01-12 18:58:51 - 20260112_185850_e4fd698d - markdown_it.rules_block.heading - DEBUG - heading.heading:13 - entering heading: StateBlock(line=166,level=2,tokens=643), 166, 189, False
2026-01-12 18:58:51 - 20260112_185850_e4fd698d - markdown_it.rules_block.lheading - DEBUG - lheading.lheading:10 - entering lheading: StateBlock(line=166,level=2,tokens=643), 166, 189, False
2026-01-12 18:58:51 - 20260112_185850_e4fd698d - markdown_it.rules_block.paragraph - DEBUG - paragraph.paragraph:10 - entering paragraph: StateBlock(line=166,level=2,tokens=643), 166, 189, False
2026-01-12 18:58:51 - 20260112_185850_e4fd698d - markdown_it.rules_block.fence - DEBUG - fence.fence:10 - entering fence: StateBlock(line=168,level=1,tokens=647), 168, 189, True
2026-01-12 18:58:51 - 20260112_185850_e4fd698d - markdown_it.rules_block.blockquote - DEBUG - blockquote.blockquote:13 - entering blockquote: StateBlock(line=168,level=1,tokens=647), 168, 189, True
2026-01-12 18:58:51 - 20260112_185850_e4fd698d - markdown_it.rules_block.hr - DEBUG - hr.hr:14 - entering hr: StateBlock(line=168,level=1,tokens=647), 168, 189, True
2026-01-12 18:58:51 - 20260112_185850_e4fd698d - markdown_it.rules_block.code - DEBUG - code.code:10 - entering code: StateBlock(line=168,level=0,tokens=648), 168, 189, False
2026-01-12 18:58:51 - 20260112_185850_e4fd698d - markdown_it.rules_block.fence - DEBUG - fence.fence:10 - entering fence: StateBlock(line=168,level=0,tokens=648), 168, 189, False
2026-01-12 18:58:51 - 20260112_185850_e4fd698d - markdown_it.rules_block.blockquote - DEBUG - blockquote.blockquote:13 - entering blockquote: StateBlock(line=168,level=0,tokens=648), 168, 189, False
2026-01-12 18:58:51 - 20260112_185850_e4fd698d - markdown_it.rules_block.hr - DEBUG - hr.hr:14 - entering hr: StateBlock(line=168,level=0,tokens=648), 168, 189, False
2026-01-12 18:58:51 - 20260112_185850_e4fd698d - markdown_it.rules_block.list - DEBUG - list.list_block:102 - entering list: StateBlock(line=168,level=0,tokens=648), 168, 189, False
2026-01-12 18:58:51 - 20260112_185850_e4fd698d - markdown_it.rules_block.reference - DEBUG - reference.reference:10 - entering reference: StateBlock(line=168,level=0,tokens=648), 168, 189, False
2026-01-12 18:58:51 - 20260112_185850_e4fd698d - markdown_it.rules_block.html_block - DEBUG - html_block.html_block:35 - entering html_block: StateBlock(line=168,level=0,tokens=648), 168, 189, False
2026-01-12 18:58:51 - 20260112_185850_e4fd698d - markdown_it.rules_block.heading - DEBUG - heading.heading:13 - entering heading: StateBlock(line=168,level=0,tokens=648), 168, 189, False
2026-01-12 18:58:51 - 20260112_185850_e4fd698d - markdown_it.rules_block.code - DEBUG - code.code:10 - entering code: StateBlock(line=169,level=0,tokens=651), 169, 189, False
2026-01-12 18:58:51 - 20260112_185850_e4fd698d - markdown_it.rules_block.fence - DEBUG - fence.fence:10 - entering fence: StateBlock(line=169,level=0,tokens=651), 169, 189, False
2026-01-12 18:58:51 - 20260112_185850_e4fd698d - markdown_it.rules_block.blockquote - DEBUG - blockquote.blockquote:13 - entering blockquote: StateBlock(line=169,level=0,tokens=651), 169, 189, False
2026-01-12 18:58:51 - 20260112_185850_e4fd698d - markdown_it.rules_block.hr - DEBUG - hr.hr:14 - entering hr: StateBlock(line=169,level=0,tokens=651), 169, 189, False
2026-01-12 18:58:51 - 20260112_185850_e4fd698d - markdown_it.rules_block.list - DEBUG - list.list_block:102 - entering list: StateBlock(line=169,level=0,tokens=651), 169, 189, False
2026-01-12 18:58:51 - 20260112_185850_e4fd698d - markdown_it.rules_block.code - DEBUG - code.code:10 - entering code: StateBlock(line=169,level=2,tokens=653), 169, 189, False
2026-01-12 18:58:51 - 20260112_185850_e4fd698d - markdown_it.rules_block.fence - DEBUG - fence.fence:10 - entering fence: StateBlock(line=169,level=2,tokens=653), 169, 189, False
2026-01-12 18:58:51 - 20260112_185850_e4fd698d - markdown_it.rules_block.blockquote - DEBUG - blockquote.blockquote:13 - entering blockquote: StateBlock(line=169,level=2,tokens=653), 169, 189, False
2026-01-12 18:58:51 - 20260112_185850_e4fd698d - markdown_it.rules_block.hr - DEBUG - hr.hr:14 - entering hr: StateBlock(line=169,level=2,tokens=653), 169, 189, False
2026-01-12 18:58:51 - 20260112_185850_e4fd698d - markdown_it.rules_block.list - DEBUG - list.list_block:102 - entering list: StateBlock(line=169,level=2,tokens=653), 169, 189, False
2026-01-12 18:58:51 - 20260112_185850_e4fd698d - markdown_it.rules_block.reference - DEBUG - reference.reference:10 - entering reference: StateBlock(line=169,level=2,tokens=653), 169, 189, False
2026-01-12 18:58:51 - 20260112_185850_e4fd698d - markdown_it.rules_block.html_block - DEBUG - html_block.html_block:35 - entering html_block: StateBlock(line=169,level=2,tokens=653), 169, 189, False
2026-01-12 18:58:51 - 20260112_185850_e4fd698d - markdown_it.rules_block.heading - DEBUG - heading.heading:13 - entering heading: StateBlock(line=169,level=2,tokens=653), 169, 189, False
2026-01-12 18:58:51 - 20260112_185850_e4fd698d - markdown_it.rules_block.lheading - DEBUG - lheading.lheading:10 - entering lheading: StateBlock(line=169,level=2,tokens=653), 169, 189, False
2026-01-12 18:58:51 - 20260112_185850_e4fd698d - markdown_it.rules_block.fence - DEBUG - fence.fence:10 - entering fence: StateBlock(line=169,level=2,tokens=653), 170, 189, True
2026-01-12 18:58:51 - 20260112_185850_e4fd698d - markdown_it.rules_block.blockquote - DEBUG - blockquote.blockquote:13 - entering blockquote: StateBlock(line=169,level=2,tokens=653), 170, 189, True
2026-01-12 18:58:51 - 20260112_185850_e4fd698d - markdown_it.rules_block.hr - DEBUG - hr.hr:14 - entering hr: StateBlock(line=169,level=2,tokens=653), 170, 189, True
2026-01-12 18:58:51 - 20260112_185850_e4fd698d - markdown_it.rules_block.list - DEBUG - list.list_block:102 - entering list: StateBlock(line=169,level=2,tokens=653), 170, 189, True
2026-01-12 18:58:51 - 20260112_185850_e4fd698d - markdown_it.rules_block.paragraph - DEBUG - paragraph.paragraph:10 - entering paragraph: StateBlock(line=169,level=2,tokens=653), 169, 189, False
2026-01-12 18:58:51 - 20260112_185850_e4fd698d - markdown_it.rules_block.fence - DEBUG - fence.fence:10 - entering fence: StateBlock(line=169,level=2,tokens=653), 170, 189, True
2026-01-12 18:58:51 - 20260112_185850_e4fd698d - markdown_it.rules_block.blockquote - DEBUG - blockquote.blockquote:13 - entering blockquote: StateBlock(line=169,level=2,tokens=653), 170, 189, True
2026-01-12 18:58:51 - 20260112_185850_e4fd698d - markdown_it.rules_block.hr - DEBUG - hr.hr:14 - entering hr: StateBlock(line=169,level=2,tokens=653), 170, 189, True
2026-01-12 18:58:51 - 20260112_185850_e4fd698d - markdown_it.rules_block.list - DEBUG - list.list_block:102 - entering list: StateBlock(line=169,level=2,tokens=653), 170, 189, True
2026-01-12 18:58:51 - 20260112_185850_e4fd698d - markdown_it.rules_block.fence - DEBUG - fence.fence:10 - entering fence: StateBlock(line=170,level=1,tokens=657), 170, 189, True
2026-01-12 18:58:51 - 20260112_185850_e4fd698d - markdown_it.rules_block.blockquote - DEBUG - blockquote.blockquote:13 - entering blockquote: StateBlock(line=170,level=1,tokens=657), 170, 189, True
2026-01-12 18:58:51 - 20260112_185850_e4fd698d - markdown_it.rules_block.hr - DEBUG - hr.hr:14 - entering hr: StateBlock(line=170,level=1,tokens=657), 170, 189, True
2026-01-12 18:58:51 - 20260112_185850_e4fd698d - markdown_it.rules_block.code - DEBUG - code.code:10 - entering code: StateBlock(line=170,level=2,tokens=658), 170, 189, False
2026-01-12 18:58:51 - 20260112_185850_e4fd698d - markdown_it.rules_block.fence - DEBUG - fence.fence:10 - entering fence: StateBlock(line=170,level=2,tokens=658), 170, 189, False
2026-01-12 18:58:51 - 20260112_185850_e4fd698d - markdown_it.rules_block.blockquote - DEBUG - blockquote.blockquote:13 - entering blockquote: StateBlock(line=170,level=2,tokens=658), 170, 189, False
2026-01-12 18:58:51 - 20260112_185850_e4fd698d - markdown_it.rules_block.hr - DEBUG - hr.hr:14 - entering hr: StateBlock(line=170,level=2,tokens=658), 170, 189, False
2026-01-12 18:58:51 - 20260112_185850_e4fd698d - markdown_it.rules_block.list - DEBUG - list.list_block:102 - entering list: StateBlock(line=170,level=2,tokens=658), 170, 189, False
2026-01-12 18:58:51 - 20260112_185850_e4fd698d - markdown_it.rules_block.reference - DEBUG - reference.reference:10 - entering reference: StateBlock(line=170,level=2,tokens=658), 170, 189, False
2026-01-12 18:58:51 - 20260112_185850_e4fd698d - markdown_it.rules_block.html_block - DEBUG - html_block.html_block:35 - entering html_block: StateBlock(line=170,level=2,tokens=658), 170, 189, False
2026-01-12 18:58:51 - 20260112_185850_e4fd698d - markdown_it.rules_block.heading - DEBUG - heading.heading:13 - entering heading: StateBlock(line=170,level=2,tokens=658), 170, 189, False
2026-01-12 18:58:51 - 20260112_185850_e4fd698d - markdown_it.rules_block.lheading - DEBUG - lheading.lheading:10 - entering lheading: StateBlock(line=170,level=2,tokens=658), 170, 189, False
2026-01-12 18:58:51 - 20260112_185850_e4fd698d - markdown_it.rules_block.fence - DEBUG - fence.fence:10 - entering fence: StateBlock(line=170,level=2,tokens=658), 171, 189, True
2026-01-12 18:58:51 - 20260112_185850_e4fd698d - markdown_it.rules_block.blockquote - DEBUG - blockquote.blockquote:13 - entering blockquote: StateBlock(line=170,level=2,tokens=658), 171, 189, True
2026-01-12 18:58:51 - 20260112_185850_e4fd698d - markdown_it.rules_block.hr - DEBUG - hr.hr:14 - entering hr: StateBlock(line=170,level=2,tokens=658), 171, 189, True
2026-01-12 18:58:51 - 20260112_185850_e4fd698d - markdown_it.rules_block.list - DEBUG - list.list_block:102 - entering list: StateBlock(line=170,level=2,tokens=658), 171, 189, True
2026-01-12 18:58:51 - 20260112_185850_e4fd698d - markdown_it.rules_block.paragraph - DEBUG - paragraph.paragraph:10 - entering paragraph: StateBlock(line=170,level=2,tokens=658), 170, 189, False
2026-01-12 18:58:51 - 20260112_185850_e4fd698d - markdown_it.rules_block.fence - DEBUG - fence.fence:10 - entering fence: StateBlock(line=170,level=2,tokens=658), 171, 189, True
2026-01-12 18:58:51 - 20260112_185850_e4fd698d - markdown_it.rules_block.blockquote - DEBUG - blockquote.blockquote:13 - entering blockquote: StateBlock(line=170,level=2,tokens=658), 171, 189, True
2026-01-12 18:58:51 - 20260112_185850_e4fd698d - markdown_it.rules_block.hr - DEBUG - hr.hr:14 - entering hr: StateBlock(line=170,level=2,tokens=658), 171, 189, True
2026-01-12 18:58:51 - 20260112_185850_e4fd698d - markdown_it.rules_block.list - DEBUG - list.list_block:102 - entering list: StateBlock(line=170,level=2,tokens=658), 171, 189, True
2026-01-12 18:58:51 - 20260112_185850_e4fd698d - markdown_it.rules_block.fence - DEBUG - fence.fence:10 - entering fence: StateBlock(line=171,level=1,tokens=662), 171, 189, True
2026-01-12 18:58:51 - 20260112_185850_e4fd698d - markdown_it.rules_block.blockquote - DEBUG - blockquote.blockquote:13 - entering blockquote: StateBlock(line=171,level=1,tokens=662), 171, 189, True
2026-01-12 18:58:51 - 20260112_185850_e4fd698d - markdown_it.rules_block.hr - DEBUG - hr.hr:14 - entering hr: StateBlock(line=171,level=1,tokens=662), 171, 189, True
2026-01-12 18:58:51 - 20260112_185850_e4fd698d - markdown_it.rules_block.code - DEBUG - code.code:10 - entering code: StateBlock(line=171,level=2,tokens=663), 171, 189, False
2026-01-12 18:58:51 - 20260112_185850_e4fd698d - markdown_it.rules_block.fence - DEBUG - fence.fence:10 - entering fence: StateBlock(line=171,level=2,tokens=663), 171, 189, False
2026-01-12 18:58:51 - 20260112_185850_e4fd698d - markdown_it.rules_block.blockquote - DEBUG - blockquote.blockquote:13 - entering blockquote: StateBlock(line=171,level=2,tokens=663), 171, 189, False
2026-01-12 18:58:51 - 20260112_185850_e4fd698d - markdown_it.rules_block.hr - DEBUG - hr.hr:14 - entering hr: StateBlock(line=171,level=2,tokens=663), 171, 189, False
2026-01-12 18:58:51 - 20260112_185850_e4fd698d - markdown_it.rules_block.list - DEBUG - list.list_block:102 - entering list: StateBlock(line=171,level=2,tokens=663), 171, 189, False
2026-01-12 18:58:51 - 20260112_185850_e4fd698d - markdown_it.rules_block.reference - DEBUG - reference.reference:10 - entering reference: StateBlock(line=171,level=2,tokens=663), 171, 189, False
2026-01-12 18:58:51 - 20260112_185850_e4fd698d - markdown_it.rules_block.html_block - DEBUG - html_block.html_block:35 - entering html_block: StateBlock(line=171,level=2,tokens=663), 171, 189, False
2026-01-12 18:58:51 - 20260112_185850_e4fd698d - markdown_it.rules_block.heading - DEBUG - heading.heading:13 - entering heading: StateBlock(line=171,level=2,tokens=663), 171, 189, False
2026-01-12 18:58:51 - 20260112_185850_e4fd698d - markdown_it.rules_block.lheading - DEBUG - lheading.lheading:10 - entering lheading: StateBlock(line=171,level=2,tokens=663), 171, 189, False
2026-01-12 18:58:51 - 20260112_185850_e4fd698d - markdown_it.rules_block.paragraph - DEBUG - paragraph.paragraph:10 - entering paragraph: StateBlock(line=171,level=2,tokens=663), 171, 189, False
2026-01-12 18:58:51 - 20260112_185850_e4fd698d - markdown_it.rules_block.fence - DEBUG - fence.fence:10 - entering fence: StateBlock(line=173,level=1,tokens=667), 173, 189, True
2026-01-12 18:58:51 - 20260112_185850_e4fd698d - markdown_it.rules_block.blockquote - DEBUG - blockquote.blockquote:13 - entering blockquote: StateBlock(line=173,level=1,tokens=667), 173, 189, True
2026-01-12 18:58:51 - 20260112_185850_e4fd698d - markdown_it.rules_block.hr - DEBUG - hr.hr:14 - entering hr: StateBlock(line=173,level=1,tokens=667), 173, 189, True
2026-01-12 18:58:51 - 20260112_185850_e4fd698d - markdown_it.rules_block.code - DEBUG - code.code:10 - entering code: StateBlock(line=173,level=0,tokens=668), 173, 189, False
2026-01-12 18:58:51 - 20260112_185850_e4fd698d - markdown_it.rules_block.fence - DEBUG - fence.fence:10 - entering fence: StateBlock(line=173,level=0,tokens=668), 173, 189, False
2026-01-12 18:58:51 - 20260112_185850_e4fd698d - markdown_it.rules_block.blockquote - DEBUG - blockquote.blockquote:13 - entering blockquote: StateBlock(line=173,level=0,tokens=668), 173, 189, False
2026-01-12 18:58:51 - 20260112_185850_e4fd698d - markdown_it.rules_block.hr - DEBUG - hr.hr:14 - entering hr: StateBlock(line=173,level=0,tokens=668), 173, 189, False
2026-01-12 18:58:51 - 20260112_185850_e4fd698d - markdown_it.rules_block.code - DEBUG - code.code:10 - entering code: StateBlock(line=175,level=0,tokens=669), 175, 189, False
2026-01-12 18:58:51 - 20260112_185850_e4fd698d - markdown_it.rules_block.fence - DEBUG - fence.fence:10 - entering fence: StateBlock(line=175,level=0,tokens=669), 175, 189, False
2026-01-12 18:58:51 - 20260112_185850_e4fd698d - markdown_it.rules_block.blockquote - DEBUG - blockquote.blockquote:13 - entering blockquote: StateBlock(line=175,level=0,tokens=669), 175, 189, False
2026-01-12 18:58:51 - 20260112_185850_e4fd698d - markdown_it.rules_block.hr - DEBUG - hr.hr:14 - entering hr: StateBlock(line=175,level=0,tokens=669), 175, 189, False
2026-01-12 18:58:51 - 20260112_185850_e4fd698d - markdown_it.rules_block.list - DEBUG - list.list_block:102 - entering list: StateBlock(line=175,level=0,tokens=669), 175, 189, False
2026-01-12 18:58:51 - 20260112_185850_e4fd698d - markdown_it.rules_block.reference - DEBUG - reference.reference:10 - entering reference: StateBlock(line=175,level=0,tokens=669), 175, 189, False
2026-01-12 18:58:51 - 20260112_185850_e4fd698d - markdown_it.rules_block.html_block - DEBUG - html_block.html_block:35 - entering html_block: StateBlock(line=175,level=0,tokens=669), 175, 189, False
2026-01-12 18:58:51 - 20260112_185850_e4fd698d - markdown_it.rules_block.heading - DEBUG - heading.heading:13 - entering heading: StateBlock(line=175,level=0,tokens=669), 175, 189, False
2026-01-12 18:58:51 - 20260112_185850_e4fd698d - markdown_it.rules_block.code - DEBUG - code.code:10 - entering code: StateBlock(line=177,level=0,tokens=672), 177, 189, False
2026-01-12 18:58:51 - 20260112_185850_e4fd698d - markdown_it.rules_block.fence - DEBUG - fence.fence:10 - entering fence: StateBlock(line=177,level=0,tokens=672), 177, 189, False
2026-01-12 18:58:51 - 20260112_185850_e4fd698d - markdown_it.rules_block.blockquote - DEBUG - blockquote.blockquote:13 - entering blockquote: StateBlock(line=177,level=0,tokens=672), 177, 189, False
2026-01-12 18:58:51 - 20260112_185850_e4fd698d - markdown_it.rules_block.hr - DEBUG - hr.hr:14 - entering hr: StateBlock(line=177,level=0,tokens=672), 177, 189, False
2026-01-12 18:58:51 - 20260112_185850_e4fd698d - markdown_it.rules_block.list - DEBUG - list.list_block:102 - entering list: StateBlock(line=177,level=0,tokens=672), 177, 189, False
2026-01-12 18:58:51 - 20260112_185850_e4fd698d - markdown_it.rules_block.reference - DEBUG - reference.reference:10 - entering reference: StateBlock(line=177,level=0,tokens=672), 177, 189, False
2026-01-12 18:58:51 - 20260112_185850_e4fd698d - markdown_it.rules_block.html_block - DEBUG - html_block.html_block:35 - entering html_block: StateBlock(line=177,level=0,tokens=672), 177, 189, False
2026-01-12 18:58:51 - 20260112_185850_e4fd698d - markdown_it.rules_block.heading - DEBUG - heading.heading:13 - entering heading: StateBlock(line=177,level=0,tokens=672), 177, 189, False
2026-01-12 18:58:51 - 20260112_185850_e4fd698d - markdown_it.rules_block.lheading - DEBUG - lheading.lheading:10 - entering lheading: StateBlock(line=177,level=0,tokens=672), 177, 189, False
2026-01-12 18:58:51 - 20260112_185850_e4fd698d - markdown_it.rules_block.fence - DEBUG - fence.fence:10 - entering fence: StateBlock(line=177,level=0,tokens=672), 178, 189, True
2026-01-12 18:58:51 - 20260112_185850_e4fd698d - markdown_it.rules_block.blockquote - DEBUG - blockquote.blockquote:13 - entering blockquote: StateBlock(line=177,level=0,tokens=672), 178, 189, True
2026-01-12 18:58:51 - 20260112_185850_e4fd698d - markdown_it.rules_block.hr - DEBUG - hr.hr:14 - entering hr: StateBlock(line=177,level=0,tokens=672), 178, 189, True
2026-01-12 18:58:51 - 20260112_185850_e4fd698d - markdown_it.rules_block.list - DEBUG - list.list_block:102 - entering list: StateBlock(line=177,level=0,tokens=672), 178, 189, True
2026-01-12 18:58:51 - 20260112_185850_e4fd698d - markdown_it.rules_block.paragraph - DEBUG - paragraph.paragraph:10 - entering paragraph: StateBlock(line=177,level=0,tokens=672), 177, 189, False
2026-01-12 18:58:51 - 20260112_185850_e4fd698d - markdown_it.rules_block.fence - DEBUG - fence.fence:10 - entering fence: StateBlock(line=177,level=0,tokens=672), 178, 189, True
2026-01-12 18:58:51 - 20260112_185850_e4fd698d - markdown_it.rules_block.blockquote - DEBUG - blockquote.blockquote:13 - entering blockquote: StateBlock(line=177,level=0,tokens=672), 178, 189, True
2026-01-12 18:58:51 - 20260112_185850_e4fd698d - markdown_it.rules_block.hr - DEBUG - hr.hr:14 - entering hr: StateBlock(line=177,level=0,tokens=672), 178, 189, True
2026-01-12 18:58:51 - 20260112_185850_e4fd698d - markdown_it.rules_block.list - DEBUG - list.list_block:102 - entering list: StateBlock(line=177,level=0,tokens=672), 178, 189, True
2026-01-12 18:58:51 - 20260112_185850_e4fd698d - markdown_it.rules_block.code - DEBUG - code.code:10 - entering code: StateBlock(line=178,level=0,tokens=675), 178, 189, False
2026-01-12 18:58:51 - 20260112_185850_e4fd698d - markdown_it.rules_block.fence - DEBUG - fence.fence:10 - entering fence: StateBlock(line=178,level=0,tokens=675), 178, 189, False
2026-01-12 18:58:51 - 20260112_185850_e4fd698d - markdown_it.rules_block.blockquote - DEBUG - blockquote.blockquote:13 - entering blockquote: StateBlock(line=178,level=0,tokens=675), 178, 189, False
2026-01-12 18:58:51 - 20260112_185850_e4fd698d - markdown_it.rules_block.hr - DEBUG - hr.hr:14 - entering hr: StateBlock(line=178,level=0,tokens=675), 178, 189, False
2026-01-12 18:58:51 - 20260112_185850_e4fd698d - markdown_it.rules_block.list - DEBUG - list.list_block:102 - entering list: StateBlock(line=178,level=0,tokens=675), 178, 189, False
2026-01-12 18:58:51 - 20260112_185850_e4fd698d - markdown_it.rules_block.code - DEBUG - code.code:10 - entering code: StateBlock(line=178,level=2,tokens=677), 178, 189, False
2026-01-12 18:58:51 - 20260112_185850_e4fd698d - markdown_it.rules_block.fence - DEBUG - fence.fence:10 - entering fence: StateBlock(line=178,level=2,tokens=677), 178, 189, False
2026-01-12 18:58:51 - 20260112_185850_e4fd698d - markdown_it.rules_block.blockquote - DEBUG - blockquote.blockquote:13 - entering blockquote: StateBlock(line=178,level=2,tokens=677), 178, 189, False
2026-01-12 18:58:51 - 20260112_185850_e4fd698d - markdown_it.rules_block.hr - DEBUG - hr.hr:14 - entering hr: StateBlock(line=178,level=2,tokens=677), 178, 189, False
2026-01-12 18:58:51 - 20260112_185850_e4fd698d - markdown_it.rules_block.list - DEBUG - list.list_block:102 - entering list: StateBlock(line=178,level=2,tokens=677), 178, 189, False
2026-01-12 18:58:51 - 20260112_185850_e4fd698d - markdown_it.rules_block.reference - DEBUG - reference.reference:10 - entering reference: StateBlock(line=178,level=2,tokens=677), 178, 189, False
2026-01-12 18:58:51 - 20260112_185850_e4fd698d - markdown_it.rules_block.html_block - DEBUG - html_block.html_block:35 - entering html_block: StateBlock(line=178,level=2,tokens=677), 178, 189, False
2026-01-12 18:58:51 - 20260112_185850_e4fd698d - markdown_it.rules_block.heading - DEBUG - heading.heading:13 - entering heading: StateBlock(line=178,level=2,tokens=677), 178, 189, False
2026-01-12 18:58:51 - 20260112_185850_e4fd698d - markdown_it.rules_block.lheading - DEBUG - lheading.lheading:10 - entering lheading: StateBlock(line=178,level=2,tokens=677), 178, 189, False
2026-01-12 18:58:51 - 20260112_185850_e4fd698d - markdown_it.rules_block.fence - DEBUG - fence.fence:10 - entering fence: StateBlock(line=178,level=2,tokens=677), 179, 189, True
2026-01-12 18:58:51 - 20260112_185850_e4fd698d - markdown_it.rules_block.blockquote - DEBUG - blockquote.blockquote:13 - entering blockquote: StateBlock(line=178,level=2,tokens=677), 179, 189, True
2026-01-12 18:58:51 - 20260112_185850_e4fd698d - markdown_it.rules_block.hr - DEBUG - hr.hr:14 - entering hr: StateBlock(line=178,level=2,tokens=677), 179, 189, True
2026-01-12 18:58:51 - 20260112_185850_e4fd698d - markdown_it.rules_block.list - DEBUG - list.list_block:102 - entering list: StateBlock(line=178,level=2,tokens=677), 179, 189, True
2026-01-12 18:58:51 - 20260112_185850_e4fd698d - markdown_it.rules_block.paragraph - DEBUG - paragraph.paragraph:10 - entering paragraph: StateBlock(line=178,level=2,tokens=677), 178, 189, False
2026-01-12 18:58:51 - 20260112_185850_e4fd698d - markdown_it.rules_block.fence - DEBUG - fence.fence:10 - entering fence: StateBlock(line=178,level=2,tokens=677), 179, 189, True
2026-01-12 18:58:51 - 20260112_185850_e4fd698d - markdown_it.rules_block.blockquote - DEBUG - blockquote.blockquote:13 - entering blockquote: StateBlock(line=178,level=2,tokens=677), 179, 189, True
2026-01-12 18:58:51 - 20260112_185850_e4fd698d - markdown_it.rules_block.hr - DEBUG - hr.hr:14 - entering hr: StateBlock(line=178,level=2,tokens=677), 179, 189, True
2026-01-12 18:58:51 - 20260112_185850_e4fd698d - markdown_it.rules_block.list - DEBUG - list.list_block:102 - entering list: StateBlock(line=178,level=2,tokens=677), 179, 189, True
2026-01-12 18:58:51 - 20260112_185850_e4fd698d - markdown_it.rules_block.fence - DEBUG - fence.fence:10 - entering fence: StateBlock(line=179,level=1,tokens=681), 179, 189, True
2026-01-12 18:58:51 - 20260112_185850_e4fd698d - markdown_it.rules_block.blockquote - DEBUG - blockquote.blockquote:13 - entering blockquote: StateBlock(line=179,level=1,tokens=681), 179, 189, True
2026-01-12 18:58:51 - 20260112_185850_e4fd698d - markdown_it.rules_block.hr - DEBUG - hr.hr:14 - entering hr: StateBlock(line=179,level=1,tokens=681), 179, 189, True
2026-01-12 18:58:51 - 20260112_185850_e4fd698d - markdown_it.rules_block.code - DEBUG - code.code:10 - entering code: StateBlock(line=179,level=2,tokens=682), 179, 189, False
2026-01-12 18:58:51 - 20260112_185850_e4fd698d - markdown_it.rules_block.fence - DEBUG - fence.fence:10 - entering fence: StateBlock(line=179,level=2,tokens=682), 179, 189, False
2026-01-12 18:58:51 - 20260112_185850_e4fd698d - markdown_it.rules_block.blockquote - DEBUG - blockquote.blockquote:13 - entering blockquote: StateBlock(line=179,level=2,tokens=682), 179, 189, False
2026-01-12 18:58:51 - 20260112_185850_e4fd698d - markdown_it.rules_block.hr - DEBUG - hr.hr:14 - entering hr: StateBlock(line=179,level=2,tokens=682), 179, 189, False
2026-01-12 18:58:51 - 20260112_185850_e4fd698d - markdown_it.rules_block.list - DEBUG - list.list_block:102 - entering list: StateBlock(line=179,level=2,tokens=682), 179, 189, False
2026-01-12 18:58:51 - 20260112_185850_e4fd698d - markdown_it.rules_block.reference - DEBUG - reference.reference:10 - entering reference: StateBlock(line=179,level=2,tokens=682), 179, 189, False
2026-01-12 18:58:51 - 20260112_185850_e4fd698d - markdown_it.rules_block.html_block - DEBUG - html_block.html_block:35 - entering html_block: StateBlock(line=179,level=2,tokens=682), 179, 189, False
2026-01-12 18:58:51 - 20260112_185850_e4fd698d - markdown_it.rules_block.heading - DEBUG - heading.heading:13 - entering heading: StateBlock(line=179,level=2,tokens=682), 179, 189, False
2026-01-12 18:58:51 - 20260112_185850_e4fd698d - markdown_it.rules_block.lheading - DEBUG - lheading.lheading:10 - entering lheading: StateBlock(line=179,level=2,tokens=682), 179, 189, False
2026-01-12 18:58:51 - 20260112_185850_e4fd698d - markdown_it.rules_block.fence - DEBUG - fence.fence:10 - entering fence: StateBlock(line=179,level=2,tokens=682), 180, 189, True
2026-01-12 18:58:51 - 20260112_185850_e4fd698d - markdown_it.rules_block.blockquote - DEBUG - blockquote.blockquote:13 - entering blockquote: StateBlock(line=179,level=2,tokens=682), 180, 189, True
2026-01-12 18:58:51 - 20260112_185850_e4fd698d - markdown_it.rules_block.hr - DEBUG - hr.hr:14 - entering hr: StateBlock(line=179,level=2,tokens=682), 180, 189, True
2026-01-12 18:58:51 - 20260112_185850_e4fd698d - markdown_it.rules_block.list - DEBUG - list.list_block:102 - entering list: StateBlock(line=179,level=2,tokens=682), 180, 189, True
2026-01-12 18:58:51 - 20260112_185850_e4fd698d - markdown_it.rules_block.paragraph - DEBUG - paragraph.paragraph:10 - entering paragraph: StateBlock(line=179,level=2,tokens=682), 179, 189, False
2026-01-12 18:58:51 - 20260112_185850_e4fd698d - markdown_it.rules_block.fence - DEBUG - fence.fence:10 - entering fence: StateBlock(line=179,level=2,tokens=682), 180, 189, True
2026-01-12 18:58:51 - 20260112_185850_e4fd698d - markdown_it.rules_block.blockquote - DEBUG - blockquote.blockquote:13 - entering blockquote: StateBlock(line=179,level=2,tokens=682), 180, 189, True
2026-01-12 18:58:51 - 20260112_185850_e4fd698d - markdown_it.rules_block.hr - DEBUG - hr.hr:14 - entering hr: StateBlock(line=179,level=2,tokens=682), 180, 189, True
2026-01-12 18:58:51 - 20260112_185850_e4fd698d - markdown_it.rules_block.list - DEBUG - list.list_block:102 - entering list: StateBlock(line=179,level=2,tokens=682), 180, 189, True
2026-01-12 18:58:51 - 20260112_185850_e4fd698d - markdown_it.rules_block.fence - DEBUG - fence.fence:10 - entering fence: StateBlock(line=180,level=1,tokens=686), 180, 189, True
2026-01-12 18:58:51 - 20260112_185850_e4fd698d - markdown_it.rules_block.blockquote - DEBUG - blockquote.blockquote:13 - entering blockquote: StateBlock(line=180,level=1,tokens=686), 180, 189, True
2026-01-12 18:58:51 - 20260112_185850_e4fd698d - markdown_it.rules_block.hr - DEBUG - hr.hr:14 - entering hr: StateBlock(line=180,level=1,tokens=686), 180, 189, True
2026-01-12 18:58:51 - 20260112_185850_e4fd698d - markdown_it.rules_block.code - DEBUG - code.code:10 - entering code: StateBlock(line=180,level=2,tokens=687), 180, 189, False
2026-01-12 18:58:51 - 20260112_185850_e4fd698d - markdown_it.rules_block.fence - DEBUG - fence.fence:10 - entering fence: StateBlock(line=180,level=2,tokens=687), 180, 189, False
2026-01-12 18:58:51 - 20260112_185850_e4fd698d - markdown_it.rules_block.blockquote - DEBUG - blockquote.blockquote:13 - entering blockquote: StateBlock(line=180,level=2,tokens=687), 180, 189, False
2026-01-12 18:58:51 - 20260112_185850_e4fd698d - markdown_it.rules_block.hr - DEBUG - hr.hr:14 - entering hr: StateBlock(line=180,level=2,tokens=687), 180, 189, False
2026-01-12 18:58:51 - 20260112_185850_e4fd698d - markdown_it.rules_block.list - DEBUG - list.list_block:102 - entering list: StateBlock(line=180,level=2,tokens=687), 180, 189, False
2026-01-12 18:58:51 - 20260112_185850_e4fd698d - markdown_it.rules_block.reference - DEBUG - reference.reference:10 - entering reference: StateBlock(line=180,level=2,tokens=687), 180, 189, False
2026-01-12 18:58:51 - 20260112_185850_e4fd698d - markdown_it.rules_block.html_block - DEBUG - html_block.html_block:35 - entering html_block: StateBlock(line=180,level=2,tokens=687), 180, 189, False
2026-01-12 18:58:51 - 20260112_185850_e4fd698d - markdown_it.rules_block.heading - DEBUG - heading.heading:13 - entering heading: StateBlock(line=180,level=2,tokens=687), 180, 189, False
2026-01-12 18:58:51 - 20260112_185850_e4fd698d - markdown_it.rules_block.lheading - DEBUG - lheading.lheading:10 - entering lheading: StateBlock(line=180,level=2,tokens=687), 180, 189, False
2026-01-12 18:58:51 - 20260112_185850_e4fd698d - markdown_it.rules_block.paragraph - DEBUG - paragraph.paragraph:10 - entering paragraph: StateBlock(line=180,level=2,tokens=687), 180, 189, False
2026-01-12 18:58:51 - 20260112_185850_e4fd698d - markdown_it.rules_block.fence - DEBUG - fence.fence:10 - entering fence: StateBlock(line=182,level=1,tokens=691), 182, 189, True
2026-01-12 18:58:51 - 20260112_185850_e4fd698d - markdown_it.rules_block.blockquote - DEBUG - blockquote.blockquote:13 - entering blockquote: StateBlock(line=182,level=1,tokens=691), 182, 189, True
2026-01-12 18:58:51 - 20260112_185850_e4fd698d - markdown_it.rules_block.hr - DEBUG - hr.hr:14 - entering hr: StateBlock(line=182,level=1,tokens=691), 182, 189, True
2026-01-12 18:58:51 - 20260112_185850_e4fd698d - markdown_it.rules_block.code - DEBUG - code.code:10 - entering code: StateBlock(line=182,level=0,tokens=692), 182, 189, False
2026-01-12 18:58:51 - 20260112_185850_e4fd698d - markdown_it.rules_block.fence - DEBUG - fence.fence:10 - entering fence: StateBlock(line=182,level=0,tokens=692), 182, 189, False
2026-01-12 18:58:51 - 20260112_185850_e4fd698d - markdown_it.rules_block.blockquote - DEBUG - blockquote.blockquote:13 - entering blockquote: StateBlock(line=182,level=0,tokens=692), 182, 189, False
2026-01-12 18:58:51 - 20260112_185850_e4fd698d - markdown_it.rules_block.hr - DEBUG - hr.hr:14 - entering hr: StateBlock(line=182,level=0,tokens=692), 182, 189, False
2026-01-12 18:58:51 - 20260112_185850_e4fd698d - markdown_it.rules_block.code - DEBUG - code.code:10 - entering code: StateBlock(line=184,level=0,tokens=693), 184, 189, False
2026-01-12 18:58:51 - 20260112_185850_e4fd698d - markdown_it.rules_block.fence - DEBUG - fence.fence:10 - entering fence: StateBlock(line=184,level=0,tokens=693), 184, 189, False
2026-01-12 18:58:51 - 20260112_185850_e4fd698d - markdown_it.rules_block.blockquote - DEBUG - blockquote.blockquote:13 - entering blockquote: StateBlock(line=184,level=0,tokens=693), 184, 189, False
2026-01-12 18:58:51 - 20260112_185850_e4fd698d - markdown_it.rules_block.code - DEBUG - code.code:10 - entering code: StateBlock(line=184,level=1,tokens=694), 184, 185, False
2026-01-12 18:58:51 - 20260112_185850_e4fd698d - markdown_it.rules_block.fence - DEBUG - fence.fence:10 - entering fence: StateBlock(line=184,level=1,tokens=694), 184, 185, False
2026-01-12 18:58:51 - 20260112_185850_e4fd698d - markdown_it.rules_block.blockquote - DEBUG - blockquote.blockquote:13 - entering blockquote: StateBlock(line=184,level=1,tokens=694), 184, 185, False
2026-01-12 18:58:51 - 20260112_185850_e4fd698d - markdown_it.rules_block.hr - DEBUG - hr.hr:14 - entering hr: StateBlock(line=184,level=1,tokens=694), 184, 185, False
2026-01-12 18:58:51 - 20260112_185850_e4fd698d - markdown_it.rules_block.list - DEBUG - list.list_block:102 - entering list: StateBlock(line=184,level=1,tokens=694), 184, 185, False
2026-01-12 18:58:51 - 20260112_185850_e4fd698d - markdown_it.rules_block.reference - DEBUG - reference.reference:10 - entering reference: StateBlock(line=184,level=1,tokens=694), 184, 185, False
2026-01-12 18:58:51 - 20260112_185850_e4fd698d - markdown_it.rules_block.html_block - DEBUG - html_block.html_block:35 - entering html_block: StateBlock(line=184,level=1,tokens=694), 184, 185, False
2026-01-12 18:58:51 - 20260112_185850_e4fd698d - markdown_it.rules_block.heading - DEBUG - heading.heading:13 - entering heading: StateBlock(line=184,level=1,tokens=694), 184, 185, False
2026-01-12 18:58:51 - 20260112_185850_e4fd698d - markdown_it.rules_block.lheading - DEBUG - lheading.lheading:10 - entering lheading: StateBlock(line=184,level=1,tokens=694), 184, 185, False
2026-01-12 18:58:51 - 20260112_185850_e4fd698d - markdown_it.rules_block.paragraph - DEBUG - paragraph.paragraph:10 - entering paragraph: StateBlock(line=184,level=1,tokens=694), 184, 185, False
2026-01-12 18:58:51 - 20260112_185850_e4fd698d - markdown_it.rules_block.code - DEBUG - code.code:10 - entering code: StateBlock(line=186,level=0,tokens=698), 186, 189, False
2026-01-12 18:58:51 - 20260112_185850_e4fd698d - markdown_it.rules_block.fence - DEBUG - fence.fence:10 - entering fence: StateBlock(line=186,level=0,tokens=698), 186, 189, False
2026-01-12 18:58:51 - 20260112_185850_e4fd698d - markdown_it.rules_block.blockquote - DEBUG - blockquote.blockquote:13 - entering blockquote: StateBlock(line=186,level=0,tokens=698), 186, 189, False
2026-01-12 18:58:51 - 20260112_185850_e4fd698d - markdown_it.rules_block.hr - DEBUG - hr.hr:14 - entering hr: StateBlock(line=186,level=0,tokens=698), 186, 189, False
2026-01-12 18:58:51 - 20260112_185850_e4fd698d - markdown_it.rules_block.code - DEBUG - code.code:10 - entering code: StateBlock(line=188,level=0,tokens=699), 188, 189, False
2026-01-12 18:58:51 - 20260112_185850_e4fd698d - markdown_it.rules_block.fence - DEBUG - fence.fence:10 - entering fence: StateBlock(line=188,level=0,tokens=699), 188, 189, False
2026-01-12 18:58:51 - 20260112_185850_e4fd698d - markdown_it.rules_block.blockquote - DEBUG - blockquote.blockquote:13 - entering blockquote: StateBlock(line=188,level=0,tokens=699), 188, 189, False
2026-01-12 18:58:51 - 20260112_185850_e4fd698d - markdown_it.rules_block.hr - DEBUG - hr.hr:14 - entering hr: StateBlock(line=188,level=0,tokens=699), 188, 189, False
2026-01-12 18:58:51 - 20260112_185850_e4fd698d - markdown_it.rules_block.list - DEBUG - list.list_block:102 - entering list: StateBlock(line=188,level=0,tokens=699), 188, 189, False
2026-01-12 18:58:51 - 20260112_185850_e4fd698d - markdown_it.rules_block.reference - DEBUG - reference.reference:10 - entering reference: StateBlock(line=188,level=0,tokens=699), 188, 189, False
2026-01-12 18:58:51 - 20260112_185850_e4fd698d - markdown_it.rules_block.html_block - DEBUG - html_block.html_block:35 - entering html_block: StateBlock(line=188,level=0,tokens=699), 188, 189, False
2026-01-12 18:58:51 - 20260112_185850_e4fd698d - markdown_it.rules_block.heading - DEBUG - heading.heading:13 - entering heading: StateBlock(line=188,level=0,tokens=699), 188, 189, False
2026-01-12 18:58:51 - 20260112_185850_e4fd698d - markdown_it.rules_block.lheading - DEBUG - lheading.lheading:10 - entering lheading: StateBlock(line=188,level=0,tokens=699), 188, 189, False
2026-01-12 18:58:51 - 20260112_185850_e4fd698d - markdown_it.rules_block.paragraph - DEBUG - paragraph.paragraph:10 - entering paragraph: StateBlock(line=188,level=0,tokens=699), 188, 189, False
2026-01-12 18:58:51 - 20260112_185850_e4fd698d - aichemist_codex.converters.md2pdf - DEBUG - to_pdf.convert_md_to_pdf:258 - Saving PDF to: D:\Steve\Documents\SafeAppealsNavInvestorDocs\SafeAppeals_OnePager_2026.pdf
2026-01-12 18:58:51 - 20260112_185850_e4fd698d - aichemist_codex.converters.md2pdf - DEBUG - to_pdf.convert_md_to_pdf:262 - Successfully saved PDF to: D:\Steve\Documents\SafeAppealsNavInvestorDocs\SafeAppeals_OnePager_2026.pdf
2026-01-12 18:58:51 - 20260112_185850_e4fd698d - aichemist_codex.converters.md2pdf - ERROR - to_pdf.convert_md_to_pdf:295 - [CONVERSION_MD2PDF_003] Error converting Markdown to PDF: record_conversion_attempt() missing 1 required positional argument: 'conversion_type'
Traceback (most recent call last):
  File "D:\Coding\SafeAppeals2.0\python\transmutation_codex\plugins\markdown\to_pdf.py", line 275, in convert_md_to_pdf
    record_conversion_attempt(
    ~~~~~~~~~~~~~~~~~~~~~~~~~^
        converter_name="md2pdf",
        ^^^^^^^^^^^^^^^^^^^^^^^^
    ...<2 lines>...
        success=True,
        ^^^^^^^^^^^^^
    )
    ^
TypeError: record_conversion_attempt() missing 1 required positional argument: 'conversion_type'
2026-01-12 18:58:51 - 20260112_185850_e4fd698d - aichemist_codex.electron_bridge - WARNING - conversion_handler.handle_single_conversion:121 - Initial conversion attempt failed: Markdown to PDF conversion failed: record_conversion_attempt() missing 1 required positional argument: 'conversion_type' (source_format=md, target_format=pdf, source_file=D:\Steve\Documents\SafeAppealsNavInvestorDocs\pitchDeck\SafeAppeals_OnePager_2026.md, error_code=CONVERSION_MD2PDF_003)
Traceback (most recent call last):
  File "D:\Coding\SafeAppeals2.0\python\transmutation_codex\plugins\markdown\to_pdf.py", line 275, in convert_md_to_pdf
    record_conversion_attempt(
    ~~~~~~~~~~~~~~~~~~~~~~~~~^
        converter_name="md2pdf",
        ^^^^^^^^^^^^^^^^^^^^^^^^
    ...<2 lines>...
        success=True,
        ^^^^^^^^^^^^^
    )
    ^
TypeError: record_conversion_attempt() missing 1 required positional argument: 'conversion_type'

During handling of the above exception, another exception occurred:

Traceback (most recent call last):
  File "D:\Coding\SafeAppeals2.0\python\transmutation_codex\adapters\bridges\conversion_handler.py", line 116, in handle_single_conversion
    result_path = converter_callable(
        str(input_path), str(output_path), **args.options
    )
  File "D:\Coding\SafeAppeals2.0\python\transmutation_codex\core\decorators.py", line 113, in wrapper
    return func(input_path, output_path, **kwargs)
  File "D:\Coding\SafeAppeals2.0\python\transmutation_codex\plugins\markdown\to_pdf.py", line 297, in convert_md_to_pdf
    raise_conversion_error(
    ~~~~~~~~~~~~~~~~~~~~~~^
        f"Markdown to PDF conversion failed: {e}",
        ^^^^^^^^^^^^^^^^^^^^^^^^^^^^^^^^^^^^^^^^^^
    ...<3 lines>...
        error_code=error_code,
        ^^^^^^^^^^^^^^^^^^^^^^
    )
    ^
  File "D:\Coding\SafeAppeals2.0\python\transmutation_codex\core\exceptions.py", line 563, in raise_conversion_error
    raise ConversionError(message, source_format, target_format, source_file, error_code)
transmutation_codex.core.exceptions.ConversionError: Markdown to PDF conversion failed: record_conversion_attempt() missing 1 required positional argument: 'conversion_type' (source_format=md, target_format=pdf, source_file=D:\Steve\Documents\SafeAppealsNavInvestorDocs\pitchDeck\SafeAppeals_OnePager_2026.md, error_code=CONVERSION_MD2PDF_003)
2026-01-12 18:58:51 - 20260112_185850_e4fd698d - aichemist_codex.electron_bridge - ERROR - conversion_handler.handle_single_conversion:176 - [BRIDGE_004] Conversion failed: Markdown to PDF conversion failed: record_conversion_attempt() missing 1 required positional argument: 'conversion_type' (source_format=md, target_format=pdf, source_file=D:\Steve\Documents\SafeAppealsNavInvestorDocs\pitchDeck\SafeAppeals_OnePager_2026.md, error_code=CONVERSION_MD2PDF_003)
Traceback (most recent call last):
  File "D:\Coding\SafeAppeals2.0\python\transmutation_codex\plugins\markdown\to_pdf.py", line 275, in convert_md_to_pdf
    record_conversion_attempt(
    ~~~~~~~~~~~~~~~~~~~~~~~~~^
        converter_name="md2pdf",
        ^^^^^^^^^^^^^^^^^^^^^^^^
    ...<2 lines>...
        success=True,
        ^^^^^^^^^^^^^
    )
    ^
TypeError: record_conversion_attempt() missing 1 required positional argument: 'conversion_type'

During handling of the above exception, another exception occurred:

Traceback (most recent call last):
  File "D:\Coding\SafeAppeals2.0\python\transmutation_codex\adapters\bridges\conversion_handler.py", line 116, in handle_single_conversion
    result_path = converter_callable(
        str(input_path), str(output_path), **args.options
    )
  File "D:\Coding\SafeAppeals2.0\python\transmutation_codex\core\decorators.py", line 113, in wrapper
    return func(input_path, output_path, **kwargs)
  File "D:\Coding\SafeAppeals2.0\python\transmutation_codex\plugins\markdown\to_pdf.py", line 297, in convert_md_to_pdf
    raise_conversion_error(
    ~~~~~~~~~~~~~~~~~~~~~~^
        f"Markdown to PDF conversion failed: {e}",
        ^^^^^^^^^^^^^^^^^^^^^^^^^^^^^^^^^^^^^^^^^^
    ...<3 lines>...
        error_code=error_code,
        ^^^^^^^^^^^^^^^^^^^^^^
    )
    ^
  File "D:\Coding\SafeAppeals2.0\python\transmutation_codex\core\exceptions.py", line 563, in raise_conversion_error
    raise ConversionError(message, source_format, target_format, source_file, error_code)
transmutation_codex.core.exceptions.ConversionError: Markdown to PDF conversion failed: record_conversion_attempt() missing 1 required positional argument: 'conversion_type' (source_format=md, target_format=pdf, source_file=D:\Steve\Documents\SafeAppealsNavInvestorDocs\pitchDeck\SafeAppeals_OnePager_2026.md, error_code=CONVERSION_MD2PDF_003)
2026-01-12 18:58:51 - 20260112_185850_e4fd698d - aichemist_codex.electron_bridge - ERROR - progress_reporter.report_error:97 - Reporting error (conversion): Markdown to PDF conversion failed: record_conversion_attempt() missing 1 required positional argument: 'conversion_type' (source_format=md, target_format=pdf, source_file=D:\Steve\Documents\SafeAppealsNavInvestorDocs\pitchDeck\SafeAppeals_OnePager_2026.md, error_code=CONVERSION_MD2PDF_003)
2026-01-12 18:58:51 - 20260112_185850_e4fd698d - aichemist_codex.electron_bridge - DEBUG - base.send_json_message:49 - Sending PROGRESS message: {"current": 30, "total": 100, "message": "Error: Markdown to PDF conversion failed: record_conversion_attempt() missing 1 required positional argument: 'conversion_type' (source_format=md, target_form...
2026-01-12 18:58:51 - 20260112_185850_e4fd698d - aichemist_codex.electron_bridge - DEBUG - base.send_json_message:49 - Sending ERROR message: {"error": "Markdown to PDF conversion failed: record_conversion_attempt() missing 1 required positional argument: 'conversion_type' (source_format=md, target_format=pdf, source_file=D:\\Steve\\Documen...
2026-01-12 18:58:51 - 20260112_185850_e4fd698d - aichemist_codex.electron_bridge - DEBUG - base.send_json_message:49 - Sending RESULT message: {"success": false, "message": "Conversion failed: Markdown to PDF conversion failed: record_conversion_attempt() missing 1 required positional argument: 'conversion_type' (source_format=md, target_for...
2026-01-12 18:58:51 - 20260112_185850_e4fd698d - aichemist_codex.electron_bridge - ERROR - conversion_handler.handle_conversion:411 - [BRIDGE_004] Conversion error: Conversion failed: Markdown to PDF conversion failed: record_conversion_attempt() missing 1 required positional argument: 'conversion_type' (source_format=md, target_format=pdf, source_file=D:\Steve\Documents\SafeAppealsNavInvestorDocs\pitchDeck\SafeAppeals_OnePager_2026.md, error_code=CONVERSION_MD2PDF_003)
Traceback (most recent call last):
  File "D:\Coding\SafeAppeals2.0\python\transmutation_codex\plugins\markdown\to_pdf.py", line 275, in convert_md_to_pdf
    record_conversion_attempt(
    ~~~~~~~~~~~~~~~~~~~~~~~~~^
        converter_name="md2pdf",
        ^^^^^^^^^^^^^^^^^^^^^^^^
    ...<2 lines>...
        success=True,
        ^^^^^^^^^^^^^
    )
    ^
TypeError: record_conversion_attempt() missing 1 required positional argument: 'conversion_type'

During handling of the above exception, another exception occurred:

Traceback (most recent call last):
  File "D:\Coding\SafeAppeals2.0\python\transmutation_codex\adapters\bridges\conversion_handler.py", line 116, in handle_single_conversion
    result_path = converter_callable(
        str(input_path), str(output_path), **args.options
    )
  File "D:\Coding\SafeAppeals2.0\python\transmutation_codex\core\decorators.py", line 113, in wrapper
    return func(input_path, output_path, **kwargs)
  File "D:\Coding\SafeAppeals2.0\python\transmutation_codex\plugins\markdown\to_pdf.py", line 297, in convert_md_to_pdf
    raise_conversion_error(
    ~~~~~~~~~~~~~~~~~~~~~~^
        f"Markdown to PDF conversion failed: {e}",
        ^^^^^^^^^^^^^^^^^^^^^^^^^^^^^^^^^^^^^^^^^^
    ...<3 lines>...
        error_code=error_code,
        ^^^^^^^^^^^^^^^^^^^^^^
    )
    ^
  File "D:\Coding\SafeAppeals2.0\python\transmutation_codex\core\exceptions.py", line 563, in raise_conversion_error
    raise ConversionError(message, source_format, target_format, source_file, error_code)
transmutation_codex.core.exceptions.ConversionError: Markdown to PDF conversion failed: record_conversion_attempt() missing 1 required positional argument: 'conversion_type' (source_format=md, target_format=pdf, source_file=D:\Steve\Documents\SafeAppealsNavInvestorDocs\pitchDeck\SafeAppeals_OnePager_2026.md, error_code=CONVERSION_MD2PDF_003)

The above exception was the direct cause of the following exception:

Traceback (most recent call last):
  File "D:\Coding\SafeAppeals2.0\python\transmutation_codex\adapters\bridges\conversion_handler.py", line 391, in handle_conversion
    handle_single_conversion(args, reporter)
    ~~~~~~~~~~~~~~~~~~~~~~~~^^^^^^^^^^^^^^^^
  File "D:\Coding\SafeAppeals2.0\python\transmutation_codex\adapters\bridges\conversion_handler.py", line 189, in handle_single_conversion
    raise BridgeConversionError(f"Conversion failed: {e}") from e
transmutation_codex.adapters.bridges.base.BridgeConversionError: Conversion failed: Markdown to PDF conversion failed: record_conversion_attempt() missing 1 required positional argument: 'conversion_type' (source_format=md, target_format=pdf, source_file=D:\Steve\Documents\SafeAppealsNavInvestorDocs\pitchDeck\SafeAppeals_OnePager_2026.md, error_code=CONVERSION_MD2PDF_003)
2026-01-12 18:58:51 - 20260112_185850_e4fd698d - aichemist_codex.electron_bridge - INFO - electron_bridge.main:50 - Electron bridge exiting with code 1
