2025-12-28 19:14:39 - 20251228_191439_4a51b80e - root - INFO - logger._configure_programmatic_logging:343 - Logging configured programmatically. Session ID: 20251228_191439_4a51b80e. File log: D:\Coding\SafeAppeals2.0\python\logs\python\app_session_20251228_191439_4a51b80e.log
2025-12-28 19:14:39 - 20251228_191439_4a51b80e - aichemist_codex.electron_bridge - INFO - electron_bridge.main:40 - Electron bridge starting
2025-12-28 19:14:39 - 20251228_191439_4a51b80e - aichemist_codex.electron_bridge - DEBUG - argument_parser.validate:62 - Validating arguments for mode: convert
2025-12-28 19:14:39 - 20251228_191439_4a51b80e - aichemist_codex.electron_bridge - DEBUG - argument_parser._validate_convert:84 - Validating convert mode arguments
2025-12-28 19:14:39 - 20251228_191439_4a51b80e - aichemist_codex.electron_bridge - DEBUG - base.validate_file_exists:150 - Validating file exists: d:\Steve\Documents\HumanRights\Submission\Personal_Impact_Statement.md
2025-12-28 19:14:39 - 20251228_191439_4a51b80e - aichemist_codex.electron_bridge - DEBUG - base.validate_file_exists:160 - File validation passed: d:\Steve\Documents\HumanRights\Submission\Personal_Impact_Statement.md
2025-12-28 19:14:39 - 20251228_191439_4a51b80e - aichemist_codex.electron_bridge - DEBUG - base.validate_output_directory:178 - Validating output directory: d:\Steve\Documents\HumanRights
2025-12-28 19:14:39 - 20251228_191439_4a51b80e - aichemist_codex.electron_bridge - DEBUG - base.validate_output_directory:188 - Output directory is writable: d:\Steve\Documents\HumanRights
2025-12-28 19:14:39 - 20251228_191439_4a51b80e - aichemist_codex.electron_bridge - DEBUG - argument_parser.validate:74 - Argument validation passed
2025-12-28 19:14:39 - 20251228_191439_4a51b80e - aichemist_codex.electron_bridge - INFO - electron_bridge.main:45 - Bridge mode: convert, type: md2pdf
2025-12-28 19:14:39 - 20251228_191439_4a51b80e - aichemist_codex.electron_bridge - DEBUG - progress_reporter.report:55 - Reporting progress: 0/100 - Initializing conversion...
2025-12-28 19:14:39 - 20251228_191439_4a51b80e - aichemist_codex.electron_bridge - DEBUG - base.send_json_message:49 - Sending PROGRESS message: {"current": 0, "total": 100, "message": "Initializing conversion...", "type": "single_progress", "filename": ""}...
2025-12-28 19:14:39 - 20251228_191439_4a51b80e - aichemist_codex.electron_bridge - DEBUG - progress_reporter.report:55 - Reporting progress: 10/100 - Loading converter...
2025-12-28 19:14:39 - 20251228_191439_4a51b80e - aichemist_codex.electron_bridge - DEBUG - base.send_json_message:49 - Sending PROGRESS message: {"current": 10, "total": 100, "message": "Loading converter...", "type": "single_progress", "filename": ""}...
2025-12-28 19:14:39 - 20251228_191439_4a51b80e - aichemist_codex.electron_bridge - DEBUG - conversion_handler.handle_single_conversion:41 - Importing plugins to trigger auto-registration
2025-12-28 19:14:39 - 20251228_191439_4a51b80e - aichemist_codex.converters.md2html - DEBUG - to_html.<module>:38 - Markdown library available
2025-12-28 19:14:39 - 20251228_191439_4a51b80e - aichemist_codex.plugins - DEBUG - __init__.<module>:20 - Markdown to HTML converter loaded
2025-12-28 19:14:39 - 20251228_191439_4a51b80e - aichemist_codex.plugins - DEBUG - __init__.<module>:29 - Markdown to PDF converter loaded
2025-12-28 19:14:39 - 20251228_191439_4a51b80e - aichemist_codex.plugins - DEBUG - __init__.<module>:38 - Markdown to DOCX converter loaded
2025-12-28 19:14:39 - 20251228_191439_4a51b80e - aichemist_codex.plugins - WARNING - __init__.<module>:55 - PDF to Markdown converters not available: No module named 'ocrmypdf'
2025-12-28 19:14:39 - 20251228_191439_4a51b80e - aichemist_codex.plugins - WARNING - __init__.<module>:64 - PDF to HTML converter not available: No module named 'ocrmypdf'
2025-12-28 19:14:39 - 20251228_191439_4a51b80e - aichemist_codex.plugins - WARNING - __init__.<module>:73 - PDF to Editable converter not available: No module named 'ocrmypdf'
2025-12-28 19:14:39 - 20251228_191439_4a51b80e - aichemist_codex.plugins - DEBUG - __init__.<module>:81 - DOCX to Markdown converter loaded
2025-12-28 19:14:39 - 20251228_191439_4a51b80e - aichemist_codex.plugins - DEBUG - __init__.<module>:90 - DOCX to PDF converter loaded
2025-12-28 19:14:39 - 20251228_191439_4a51b80e - aichemist_codex.plugins - DEBUG - __init__.<module>:100 - HTML to PDF converter loaded
2025-12-28 19:14:39 - 20251228_191439_4a51b80e - aichemist_codex.plugins - WARNING - __init__.<module>:112 - TXT to PDF converter not available: No module named 'reportlab'
2025-12-28 19:14:40 - 20251228_191439_4a51b80e - aichemist_codex.plugins - DEBUG - __init__.<module>:125 - Excel converters loaded
2025-12-28 19:14:40 - 20251228_191439_4a51b80e - aichemist_codex.plugins - DEBUG - __init__.<module>:136 - CSV converters loaded
2025-12-28 19:14:40 - 20251228_191439_4a51b80e - aichemist_codex.plugins - DEBUG - __init__.<module>:150 - PowerPoint converters loaded
2025-12-28 19:14:40 - 20251228_191439_4a51b80e - aichemist_codex.plugins - DEBUG - __init__.<module>:162 - Image converters loaded
2025-12-28 19:14:40 - 20251228_191439_4a51b80e - aichemist_codex.plugins - WARNING - __init__.<module>:174 - PDF to Excel converter not available: No module named 'ocrmypdf'
2025-12-28 19:14:40 - 20251228_191439_4a51b80e - aichemist_codex.plugins - WARNING - __init__.<module>:184 - PDF to Images converter not available: No module named 'ocrmypdf'
2025-12-28 19:14:40 - 20251228_191439_4a51b80e - aichemist_codex.plugins - WARNING - __init__.<module>:199 - Advanced PDF operations not available: No module named 'ocrmypdf'
2025-12-28 19:14:40 - 20251228_191439_4a51b80e - aichemist_codex.plugins - DEBUG - __init__.<module>:211 - EPUB converters loaded
2025-12-28 19:14:40 - 20251228_191439_4a51b80e - aichemist_codex.plugins - ERROR - __init__.<module>:227 - EPUB creation converters failed: name 'Document' is not defined
Traceback (most recent call last):
  File "D:\Coding\SafeAppeals2.0\python\transmutation_codex\plugins\__init__.py", line 219, in <module>
    from .docx.to_epub import convert_docx_to_epub
  File "D:\Coding\SafeAppeals2.0\python\transmutation_codex\plugins\docx\to_epub.py", line 248, in <module>
    def _docx_to_html(doc: Document) -> str:
                           ^^^^^^^^
NameError: name 'Document' is not defined
2025-12-28 19:14:40 - 20251228_191439_4a51b80e - aichemist_codex.plugins - INFO - __init__.<module>:229 - Plugin package initialized - all converters registered
2025-12-28 19:14:40 - 20251228_191439_4a51b80e - aichemist_codex.electron_bridge - DEBUG - conversion_handler.handle_single_conversion:44 - Successfully imported plugins
2025-12-28 19:14:40 - 20251228_191439_4a51b80e - aichemist_codex.electron_bridge - DEBUG - conversion_handler.handle_single_conversion:54 - Parsing conversion type: md2pdf
2025-12-28 19:14:40 - 20251228_191439_4a51b80e - aichemist_codex.electron_bridge - DEBUG - conversion_handler.handle_single_conversion:64 - Parsed conversion: md -> pdf
2025-12-28 19:14:40 - 20251228_191439_4a51b80e - aichemist_codex.electron_bridge - DEBUG - progress_reporter.report:55 - Reporting progress: 20/100 - Finding converter for md2pdf...
2025-12-28 19:14:40 - 20251228_191439_4a51b80e - aichemist_codex.electron_bridge - DEBUG - base.send_json_message:49 - Sending PROGRESS message: {"current": 20, "total": 100, "message": "Finding converter for md2pdf...", "type": "single_progress", "filename": ""}...
2025-12-28 19:14:40 - 20251228_191439_4a51b80e - aichemist_codex.electron_bridge - DEBUG - conversion_handler.handle_single_conversion:68 - Looking up converter in registry: md -> pdf
2025-12-28 19:14:40 - 20251228_191439_4a51b80e - aichemist_codex.electron_bridge - INFO - conversion_handler.handle_single_conversion:88 - Using converter: md_to_pdf_convert_md_to_pdf (priority: 10, version: 1.0.0)
2025-12-28 19:14:40 - 20251228_191439_4a51b80e - aichemist_codex.electron_bridge - DEBUG - progress_reporter.report:55 - Reporting progress: 30/100 - Converting Personal_Impact_Statement.md...
2025-12-28 19:14:40 - 20251228_191439_4a51b80e - aichemist_codex.electron_bridge - DEBUG - base.send_json_message:49 - Sending PROGRESS message: {"current": 30, "total": 100, "message": "Converting Personal_Impact_Statement.md...", "type": "single_progress", "filename": "Personal_Impact_Statement.md"}...
2025-12-28 19:14:40 - 20251228_191439_4a51b80e - aichemist_codex.electron_bridge - INFO - conversion_handler.handle_single_conversion:107 - Executing conversion: Personal_Impact_Statement.md -> Personal_Impact_Statement.pdf
2025-12-28 19:14:40 - 20251228_191439_4a51b80e - aichemist_codex.electron_bridge - DEBUG - conversion_handler.handle_single_conversion:108 - Converter options: {'force_ocr': False, 'include_charts': False, 'preserve_formatting': False, 'include_notes': False, 'include_images': False, 'use_lossless_compression': False, 'reduce_image_resolution': False, 'export_bookmarks': False, 'export_notes': False, 'pdfa': False, 'deskew': False, 'clean': False, 'redo_ocr': False}
2025-12-28 19:14:40 - 20251228_191439_4a51b80e - aichemist_codex.electron_bridge - DEBUG - conversion_handler.handle_single_conversion:115 - Calling converter function
2025-12-28 19:14:40 - 20251228_191439_4a51b80e - aichemist_codex.transmutation_codex.utils.validators - DEBUG - validators.validate_file_path:51 - Validating file path: d:\Steve\Documents\HumanRights\Submission\Personal_Impact_Statement.md
2025-12-28 19:14:40 - 20251228_191439_4a51b80e - aichemist_codex.transmutation_codex.utils.validators - DEBUG - validators.validate_file_path:89 - File path validation passed: d:\Steve\Documents\HumanRights\Submission\Personal_Impact_Statement.md
2025-12-28 19:14:40 - 20251228_191439_4a51b80e - aichemist_codex.transmutation_codex.utils.validators - DEBUG - validators.validate_file_size:193 - Validating file size: d:\Steve\Documents\HumanRights\Submission\Personal_Impact_Statement.md (max: 50MB)
2025-12-28 19:14:40 - 20251228_191439_4a51b80e - aichemist_codex.transmutation_codex.utils.validators - DEBUG - validators.validate_file_size:214 - File size: 0.01MB
2025-12-28 19:14:40 - 20251228_191439_4a51b80e - aichemist_codex.transmutation_codex.utils.validators - DEBUG - validators.validate_file_size:221 - File size validation passed: 0.01MB
2025-12-28 19:14:40 - 20251228_191439_4a51b80e - aichemist_codex.converters.md2pdf - INFO - to_pdf.convert_md_to_pdf:127 - Starting Markdown to PDF conversion: d:\Steve\Documents\HumanRights\Submission\Personal_Impact_Statement.md
2025-12-28 19:14:40 - 20251228_191439_4a51b80e - aichemist_codex.converters.md2pdf - DEBUG - to_pdf.convert_md_to_pdf:132 - Feature access check passed for md2pdf
2025-12-28 19:14:40 - 20251228_191439_4a51b80e - aichemist_codex.converters.md2pdf - DEBUG - to_pdf.convert_md_to_pdf:139 - Resolved input path: D:\Steve\Documents\HumanRights\Submission\Personal_Impact_Statement.md
2025-12-28 19:14:40 - 20251228_191439_4a51b80e - aichemist_codex.converters.md2pdf - DEBUG - to_pdf.convert_md_to_pdf:144 - File size check passed
2025-12-28 19:14:40 - 20251228_191439_4a51b80e - aichemist_codex.converters.md2pdf - INFO - to_pdf.convert_md_to_pdf:182 - Converting D:\Steve\Documents\HumanRights\Submission\Personal_Impact_Statement.md to PDF using marker: '<!-- pagebreak -->'
2025-12-28 19:14:40 - 20251228_191439_4a51b80e - aichemist_codex.converters.md2pdf - DEBUG - to_pdf.convert_md_to_pdf:188 - Reading markdown file content
2025-12-28 19:14:40 - 20251228_191439_4a51b80e - aichemist_codex.converters.md2pdf - DEBUG - to_pdf.convert_md_to_pdf:193 - Successfully read 11372 characters from markdown file
2025-12-28 19:14:40 - 20251228_191439_4a51b80e - aichemist_codex.converters.md2pdf - DEBUG - to_pdf.convert_md_to_pdf:208 - Using title: Personal Impact Statement
2025-12-28 19:14:40 - 20251228_191439_4a51b80e - aichemist_codex.converters.md2pdf - DEBUG - to_pdf.convert_md_to_pdf:228 - Injected default table styles.
2025-12-28 19:14:40 - 20251228_191439_4a51b80e - aichemist_codex.converters.md2pdf - INFO - to_pdf.convert_md_to_pdf:252 - No page breaks found.
2025-12-28 19:14:40 - 20251228_191439_4a51b80e - markdown_it.rules_block.code - DEBUG - code.code:10 - entering code: StateBlock(line=1,level=0,tokens=0), 1, 311, False
2025-12-28 19:14:40 - 20251228_191439_4a51b80e - markdown_it.rules_block.fence - DEBUG - fence.fence:10 - entering fence: StateBlock(line=1,level=0,tokens=0), 1, 311, False
2025-12-28 19:14:40 - 20251228_191439_4a51b80e - markdown_it.rules_block.blockquote - DEBUG - blockquote.blockquote:13 - entering blockquote: StateBlock(line=1,level=0,tokens=0), 1, 311, False
2025-12-28 19:14:40 - 20251228_191439_4a51b80e - markdown_it.rules_block.hr - DEBUG - hr.hr:14 - entering hr: StateBlock(line=1,level=0,tokens=0), 1, 311, False
2025-12-28 19:14:40 - 20251228_191439_4a51b80e - markdown_it.rules_block.list - DEBUG - list.list_block:102 - entering list: StateBlock(line=1,level=0,tokens=0), 1, 311, False
2025-12-28 19:14:40 - 20251228_191439_4a51b80e - markdown_it.rules_block.reference - DEBUG - reference.reference:10 - entering reference: StateBlock(line=1,level=0,tokens=0), 1, 311, False
2025-12-28 19:14:40 - 20251228_191439_4a51b80e - markdown_it.rules_block.html_block - DEBUG - html_block.html_block:35 - entering html_block: StateBlock(line=1,level=0,tokens=0), 1, 311, False
2025-12-28 19:14:40 - 20251228_191439_4a51b80e - markdown_it.rules_block.code - DEBUG - code.code:10 - entering code: StateBlock(line=23,level=0,tokens=1), 23, 311, False
2025-12-28 19:14:40 - 20251228_191439_4a51b80e - markdown_it.rules_block.fence - DEBUG - fence.fence:10 - entering fence: StateBlock(line=23,level=0,tokens=1), 23, 311, False
2025-12-28 19:14:40 - 20251228_191439_4a51b80e - markdown_it.rules_block.blockquote - DEBUG - blockquote.blockquote:13 - entering blockquote: StateBlock(line=23,level=0,tokens=1), 23, 311, False
2025-12-28 19:14:40 - 20251228_191439_4a51b80e - markdown_it.rules_block.hr - DEBUG - hr.hr:14 - entering hr: StateBlock(line=23,level=0,tokens=1), 23, 311, False
2025-12-28 19:14:40 - 20251228_191439_4a51b80e - markdown_it.rules_block.list - DEBUG - list.list_block:102 - entering list: StateBlock(line=23,level=0,tokens=1), 23, 311, False
2025-12-28 19:14:40 - 20251228_191439_4a51b80e - markdown_it.rules_block.reference - DEBUG - reference.reference:10 - entering reference: StateBlock(line=23,level=0,tokens=1), 23, 311, False
2025-12-28 19:14:40 - 20251228_191439_4a51b80e - markdown_it.rules_block.html_block - DEBUG - html_block.html_block:35 - entering html_block: StateBlock(line=23,level=0,tokens=1), 23, 311, False
2025-12-28 19:14:40 - 20251228_191439_4a51b80e - markdown_it.rules_block.heading - DEBUG - heading.heading:13 - entering heading: StateBlock(line=23,level=0,tokens=1), 23, 311, False
2025-12-28 19:14:40 - 20251228_191439_4a51b80e - markdown_it.rules_block.code - DEBUG - code.code:10 - entering code: StateBlock(line=25,level=0,tokens=4), 25, 311, False
2025-12-28 19:14:40 - 20251228_191439_4a51b80e - markdown_it.rules_block.fence - DEBUG - fence.fence:10 - entering fence: StateBlock(line=25,level=0,tokens=4), 25, 311, False
2025-12-28 19:14:40 - 20251228_191439_4a51b80e - markdown_it.rules_block.blockquote - DEBUG - blockquote.blockquote:13 - entering blockquote: StateBlock(line=25,level=0,tokens=4), 25, 311, False
2025-12-28 19:14:40 - 20251228_191439_4a51b80e - markdown_it.rules_block.hr - DEBUG - hr.hr:14 - entering hr: StateBlock(line=25,level=0,tokens=4), 25, 311, False
2025-12-28 19:14:40 - 20251228_191439_4a51b80e - markdown_it.rules_block.list - DEBUG - list.list_block:102 - entering list: StateBlock(line=25,level=0,tokens=4), 25, 311, False
2025-12-28 19:14:40 - 20251228_191439_4a51b80e - markdown_it.rules_block.reference - DEBUG - reference.reference:10 - entering reference: StateBlock(line=25,level=0,tokens=4), 25, 311, False
2025-12-28 19:14:40 - 20251228_191439_4a51b80e - markdown_it.rules_block.html_block - DEBUG - html_block.html_block:35 - entering html_block: StateBlock(line=25,level=0,tokens=4), 25, 311, False
2025-12-28 19:14:40 - 20251228_191439_4a51b80e - markdown_it.rules_block.heading - DEBUG - heading.heading:13 - entering heading: StateBlock(line=25,level=0,tokens=4), 25, 311, False
2025-12-28 19:14:40 - 20251228_191439_4a51b80e - markdown_it.rules_block.lheading - DEBUG - lheading.lheading:10 - entering lheading: StateBlock(line=25,level=0,tokens=4), 25, 311, False
2025-12-28 19:14:40 - 20251228_191439_4a51b80e - markdown_it.rules_block.fence - DEBUG - fence.fence:10 - entering fence: StateBlock(line=25,level=0,tokens=4), 26, 311, True
2025-12-28 19:14:40 - 20251228_191439_4a51b80e - markdown_it.rules_block.blockquote - DEBUG - blockquote.blockquote:13 - entering blockquote: StateBlock(line=25,level=0,tokens=4), 26, 311, True
2025-12-28 19:14:40 - 20251228_191439_4a51b80e - markdown_it.rules_block.hr - DEBUG - hr.hr:14 - entering hr: StateBlock(line=25,level=0,tokens=4), 26, 311, True
2025-12-28 19:14:40 - 20251228_191439_4a51b80e - markdown_it.rules_block.list - DEBUG - list.list_block:102 - entering list: StateBlock(line=25,level=0,tokens=4), 26, 311, True
2025-12-28 19:14:40 - 20251228_191439_4a51b80e - markdown_it.rules_block.html_block - DEBUG - html_block.html_block:35 - entering html_block: StateBlock(line=25,level=0,tokens=4), 26, 311, True
2025-12-28 19:14:40 - 20251228_191439_4a51b80e - markdown_it.rules_block.heading - DEBUG - heading.heading:13 - entering heading: StateBlock(line=25,level=0,tokens=4), 26, 311, True
2025-12-28 19:14:40 - 20251228_191439_4a51b80e - markdown_it.rules_block.paragraph - DEBUG - paragraph.paragraph:10 - entering paragraph: StateBlock(line=25,level=0,tokens=4), 25, 311, False
2025-12-28 19:14:40 - 20251228_191439_4a51b80e - markdown_it.rules_block.fence - DEBUG - fence.fence:10 - entering fence: StateBlock(line=25,level=0,tokens=4), 26, 311, True
2025-12-28 19:14:40 - 20251228_191439_4a51b80e - markdown_it.rules_block.blockquote - DEBUG - blockquote.blockquote:13 - entering blockquote: StateBlock(line=25,level=0,tokens=4), 26, 311, True
2025-12-28 19:14:40 - 20251228_191439_4a51b80e - markdown_it.rules_block.hr - DEBUG - hr.hr:14 - entering hr: StateBlock(line=25,level=0,tokens=4), 26, 311, True
2025-12-28 19:14:40 - 20251228_191439_4a51b80e - markdown_it.rules_block.list - DEBUG - list.list_block:102 - entering list: StateBlock(line=25,level=0,tokens=4), 26, 311, True
2025-12-28 19:14:40 - 20251228_191439_4a51b80e - markdown_it.rules_block.html_block - DEBUG - html_block.html_block:35 - entering html_block: StateBlock(line=25,level=0,tokens=4), 26, 311, True
2025-12-28 19:14:40 - 20251228_191439_4a51b80e - markdown_it.rules_block.heading - DEBUG - heading.heading:13 - entering heading: StateBlock(line=25,level=0,tokens=4), 26, 311, True
2025-12-28 19:14:40 - 20251228_191439_4a51b80e - markdown_it.rules_block.code - DEBUG - code.code:10 - entering code: StateBlock(line=28,level=0,tokens=7), 28, 311, False
2025-12-28 19:14:40 - 20251228_191439_4a51b80e - markdown_it.rules_block.fence - DEBUG - fence.fence:10 - entering fence: StateBlock(line=28,level=0,tokens=7), 28, 311, False
2025-12-28 19:14:40 - 20251228_191439_4a51b80e - markdown_it.rules_block.blockquote - DEBUG - blockquote.blockquote:13 - entering blockquote: StateBlock(line=28,level=0,tokens=7), 28, 311, False
2025-12-28 19:14:40 - 20251228_191439_4a51b80e - markdown_it.rules_block.hr - DEBUG - hr.hr:14 - entering hr: StateBlock(line=28,level=0,tokens=7), 28, 311, False
2025-12-28 19:14:40 - 20251228_191439_4a51b80e - markdown_it.rules_block.code - DEBUG - code.code:10 - entering code: StateBlock(line=30,level=0,tokens=8), 30, 311, False
2025-12-28 19:14:40 - 20251228_191439_4a51b80e - markdown_it.rules_block.fence - DEBUG - fence.fence:10 - entering fence: StateBlock(line=30,level=0,tokens=8), 30, 311, False
2025-12-28 19:14:40 - 20251228_191439_4a51b80e - markdown_it.rules_block.blockquote - DEBUG - blockquote.blockquote:13 - entering blockquote: StateBlock(line=30,level=0,tokens=8), 30, 311, False
2025-12-28 19:14:40 - 20251228_191439_4a51b80e - markdown_it.rules_block.hr - DEBUG - hr.hr:14 - entering hr: StateBlock(line=30,level=0,tokens=8), 30, 311, False
2025-12-28 19:14:40 - 20251228_191439_4a51b80e - markdown_it.rules_block.list - DEBUG - list.list_block:102 - entering list: StateBlock(line=30,level=0,tokens=8), 30, 311, False
2025-12-28 19:14:40 - 20251228_191439_4a51b80e - markdown_it.rules_block.reference - DEBUG - reference.reference:10 - entering reference: StateBlock(line=30,level=0,tokens=8), 30, 311, False
2025-12-28 19:14:40 - 20251228_191439_4a51b80e - markdown_it.rules_block.html_block - DEBUG - html_block.html_block:35 - entering html_block: StateBlock(line=30,level=0,tokens=8), 30, 311, False
2025-12-28 19:14:40 - 20251228_191439_4a51b80e - markdown_it.rules_block.heading - DEBUG - heading.heading:13 - entering heading: StateBlock(line=30,level=0,tokens=8), 30, 311, False
2025-12-28 19:14:40 - 20251228_191439_4a51b80e - markdown_it.rules_block.code - DEBUG - code.code:10 - entering code: StateBlock(line=32,level=0,tokens=11), 32, 311, False
2025-12-28 19:14:40 - 20251228_191439_4a51b80e - markdown_it.rules_block.fence - DEBUG - fence.fence:10 - entering fence: StateBlock(line=32,level=0,tokens=11), 32, 311, False
2025-12-28 19:14:40 - 20251228_191439_4a51b80e - markdown_it.rules_block.blockquote - DEBUG - blockquote.blockquote:13 - entering blockquote: StateBlock(line=32,level=0,tokens=11), 32, 311, False
2025-12-28 19:14:40 - 20251228_191439_4a51b80e - markdown_it.rules_block.hr - DEBUG - hr.hr:14 - entering hr: StateBlock(line=32,level=0,tokens=11), 32, 311, False
2025-12-28 19:14:40 - 20251228_191439_4a51b80e - markdown_it.rules_block.list - DEBUG - list.list_block:102 - entering list: StateBlock(line=32,level=0,tokens=11), 32, 311, False
2025-12-28 19:14:40 - 20251228_191439_4a51b80e - markdown_it.rules_block.reference - DEBUG - reference.reference:10 - entering reference: StateBlock(line=32,level=0,tokens=11), 32, 311, False
2025-12-28 19:14:40 - 20251228_191439_4a51b80e - markdown_it.rules_block.html_block - DEBUG - html_block.html_block:35 - entering html_block: StateBlock(line=32,level=0,tokens=11), 32, 311, False
2025-12-28 19:14:40 - 20251228_191439_4a51b80e - markdown_it.rules_block.heading - DEBUG - heading.heading:13 - entering heading: StateBlock(line=32,level=0,tokens=11), 32, 311, False
2025-12-28 19:14:40 - 20251228_191439_4a51b80e - markdown_it.rules_block.lheading - DEBUG - lheading.lheading:10 - entering lheading: StateBlock(line=32,level=0,tokens=11), 32, 311, False
2025-12-28 19:14:40 - 20251228_191439_4a51b80e - markdown_it.rules_block.fence - DEBUG - fence.fence:10 - entering fence: StateBlock(line=32,level=0,tokens=11), 33, 311, True
2025-12-28 19:14:40 - 20251228_191439_4a51b80e - markdown_it.rules_block.blockquote - DEBUG - blockquote.blockquote:13 - entering blockquote: StateBlock(line=32,level=0,tokens=11), 33, 311, True
2025-12-28 19:14:40 - 20251228_191439_4a51b80e - markdown_it.rules_block.hr - DEBUG - hr.hr:14 - entering hr: StateBlock(line=32,level=0,tokens=11), 33, 311, True
2025-12-28 19:14:40 - 20251228_191439_4a51b80e - markdown_it.rules_block.list - DEBUG - list.list_block:102 - entering list: StateBlock(line=32,level=0,tokens=11), 33, 311, True
2025-12-28 19:14:40 - 20251228_191439_4a51b80e - markdown_it.rules_block.html_block - DEBUG - html_block.html_block:35 - entering html_block: StateBlock(line=32,level=0,tokens=11), 33, 311, True
2025-12-28 19:14:40 - 20251228_191439_4a51b80e - markdown_it.rules_block.heading - DEBUG - heading.heading:13 - entering heading: StateBlock(line=32,level=0,tokens=11), 33, 311, True
2025-12-28 19:14:40 - 20251228_191439_4a51b80e - markdown_it.rules_block.fence - DEBUG - fence.fence:10 - entering fence: StateBlock(line=32,level=0,tokens=11), 34, 311, True
2025-12-28 19:14:40 - 20251228_191439_4a51b80e - markdown_it.rules_block.blockquote - DEBUG - blockquote.blockquote:13 - entering blockquote: StateBlock(line=32,level=0,tokens=11), 34, 311, True
2025-12-28 19:14:40 - 20251228_191439_4a51b80e - markdown_it.rules_block.hr - DEBUG - hr.hr:14 - entering hr: StateBlock(line=32,level=0,tokens=11), 34, 311, True
2025-12-28 19:14:40 - 20251228_191439_4a51b80e - markdown_it.rules_block.list - DEBUG - list.list_block:102 - entering list: StateBlock(line=32,level=0,tokens=11), 34, 311, True
2025-12-28 19:14:40 - 20251228_191439_4a51b80e - markdown_it.rules_block.html_block - DEBUG - html_block.html_block:35 - entering html_block: StateBlock(line=32,level=0,tokens=11), 34, 311, True
2025-12-28 19:14:40 - 20251228_191439_4a51b80e - markdown_it.rules_block.heading - DEBUG - heading.heading:13 - entering heading: StateBlock(line=32,level=0,tokens=11), 34, 311, True
2025-12-28 19:14:40 - 20251228_191439_4a51b80e - markdown_it.rules_block.fence - DEBUG - fence.fence:10 - entering fence: StateBlock(line=32,level=0,tokens=11), 35, 311, True
2025-12-28 19:14:40 - 20251228_191439_4a51b80e - markdown_it.rules_block.blockquote - DEBUG - blockquote.blockquote:13 - entering blockquote: StateBlock(line=32,level=0,tokens=11), 35, 311, True
2025-12-28 19:14:40 - 20251228_191439_4a51b80e - markdown_it.rules_block.hr - DEBUG - hr.hr:14 - entering hr: StateBlock(line=32,level=0,tokens=11), 35, 311, True
2025-12-28 19:14:40 - 20251228_191439_4a51b80e - markdown_it.rules_block.list - DEBUG - list.list_block:102 - entering list: StateBlock(line=32,level=0,tokens=11), 35, 311, True
2025-12-28 19:14:40 - 20251228_191439_4a51b80e - markdown_it.rules_block.html_block - DEBUG - html_block.html_block:35 - entering html_block: StateBlock(line=32,level=0,tokens=11), 35, 311, True
2025-12-28 19:14:40 - 20251228_191439_4a51b80e - markdown_it.rules_block.heading - DEBUG - heading.heading:13 - entering heading: StateBlock(line=32,level=0,tokens=11), 35, 311, True
2025-12-28 19:14:40 - 20251228_191439_4a51b80e - markdown_it.rules_block.fence - DEBUG - fence.fence:10 - entering fence: StateBlock(line=32,level=0,tokens=11), 36, 311, True
2025-12-28 19:14:40 - 20251228_191439_4a51b80e - markdown_it.rules_block.blockquote - DEBUG - blockquote.blockquote:13 - entering blockquote: StateBlock(line=32,level=0,tokens=11), 36, 311, True
2025-12-28 19:14:40 - 20251228_191439_4a51b80e - markdown_it.rules_block.hr - DEBUG - hr.hr:14 - entering hr: StateBlock(line=32,level=0,tokens=11), 36, 311, True
2025-12-28 19:14:40 - 20251228_191439_4a51b80e - markdown_it.rules_block.list - DEBUG - list.list_block:102 - entering list: StateBlock(line=32,level=0,tokens=11), 36, 311, True
2025-12-28 19:14:40 - 20251228_191439_4a51b80e - markdown_it.rules_block.html_block - DEBUG - html_block.html_block:35 - entering html_block: StateBlock(line=32,level=0,tokens=11), 36, 311, True
2025-12-28 19:14:40 - 20251228_191439_4a51b80e - markdown_it.rules_block.heading - DEBUG - heading.heading:13 - entering heading: StateBlock(line=32,level=0,tokens=11), 36, 311, True
2025-12-28 19:14:40 - 20251228_191439_4a51b80e - markdown_it.rules_block.paragraph - DEBUG - paragraph.paragraph:10 - entering paragraph: StateBlock(line=32,level=0,tokens=11), 32, 311, False
2025-12-28 19:14:40 - 20251228_191439_4a51b80e - markdown_it.rules_block.fence - DEBUG - fence.fence:10 - entering fence: StateBlock(line=32,level=0,tokens=11), 33, 311, True
2025-12-28 19:14:40 - 20251228_191439_4a51b80e - markdown_it.rules_block.blockquote - DEBUG - blockquote.blockquote:13 - entering blockquote: StateBlock(line=32,level=0,tokens=11), 33, 311, True
2025-12-28 19:14:40 - 20251228_191439_4a51b80e - markdown_it.rules_block.hr - DEBUG - hr.hr:14 - entering hr: StateBlock(line=32,level=0,tokens=11), 33, 311, True
2025-12-28 19:14:40 - 20251228_191439_4a51b80e - markdown_it.rules_block.list - DEBUG - list.list_block:102 - entering list: StateBlock(line=32,level=0,tokens=11), 33, 311, True
2025-12-28 19:14:40 - 20251228_191439_4a51b80e - markdown_it.rules_block.html_block - DEBUG - html_block.html_block:35 - entering html_block: StateBlock(line=32,level=0,tokens=11), 33, 311, True
2025-12-28 19:14:40 - 20251228_191439_4a51b80e - markdown_it.rules_block.heading - DEBUG - heading.heading:13 - entering heading: StateBlock(line=32,level=0,tokens=11), 33, 311, True
2025-12-28 19:14:40 - 20251228_191439_4a51b80e - markdown_it.rules_block.fence - DEBUG - fence.fence:10 - entering fence: StateBlock(line=32,level=0,tokens=11), 34, 311, True
2025-12-28 19:14:40 - 20251228_191439_4a51b80e - markdown_it.rules_block.blockquote - DEBUG - blockquote.blockquote:13 - entering blockquote: StateBlock(line=32,level=0,tokens=11), 34, 311, True
2025-12-28 19:14:40 - 20251228_191439_4a51b80e - markdown_it.rules_block.hr - DEBUG - hr.hr:14 - entering hr: StateBlock(line=32,level=0,tokens=11), 34, 311, True
2025-12-28 19:14:40 - 20251228_191439_4a51b80e - markdown_it.rules_block.list - DEBUG - list.list_block:102 - entering list: StateBlock(line=32,level=0,tokens=11), 34, 311, True
2025-12-28 19:14:40 - 20251228_191439_4a51b80e - markdown_it.rules_block.html_block - DEBUG - html_block.html_block:35 - entering html_block: StateBlock(line=32,level=0,tokens=11), 34, 311, True
2025-12-28 19:14:40 - 20251228_191439_4a51b80e - markdown_it.rules_block.heading - DEBUG - heading.heading:13 - entering heading: StateBlock(line=32,level=0,tokens=11), 34, 311, True
2025-12-28 19:14:40 - 20251228_191439_4a51b80e - markdown_it.rules_block.fence - DEBUG - fence.fence:10 - entering fence: StateBlock(line=32,level=0,tokens=11), 35, 311, True
2025-12-28 19:14:40 - 20251228_191439_4a51b80e - markdown_it.rules_block.blockquote - DEBUG - blockquote.blockquote:13 - entering blockquote: StateBlock(line=32,level=0,tokens=11), 35, 311, True
2025-12-28 19:14:40 - 20251228_191439_4a51b80e - markdown_it.rules_block.hr - DEBUG - hr.hr:14 - entering hr: StateBlock(line=32,level=0,tokens=11), 35, 311, True
2025-12-28 19:14:40 - 20251228_191439_4a51b80e - markdown_it.rules_block.list - DEBUG - list.list_block:102 - entering list: StateBlock(line=32,level=0,tokens=11), 35, 311, True
2025-12-28 19:14:40 - 20251228_191439_4a51b80e - markdown_it.rules_block.html_block - DEBUG - html_block.html_block:35 - entering html_block: StateBlock(line=32,level=0,tokens=11), 35, 311, True
2025-12-28 19:14:40 - 20251228_191439_4a51b80e - markdown_it.rules_block.heading - DEBUG - heading.heading:13 - entering heading: StateBlock(line=32,level=0,tokens=11), 35, 311, True
2025-12-28 19:14:40 - 20251228_191439_4a51b80e - markdown_it.rules_block.fence - DEBUG - fence.fence:10 - entering fence: StateBlock(line=32,level=0,tokens=11), 36, 311, True
2025-12-28 19:14:40 - 20251228_191439_4a51b80e - markdown_it.rules_block.blockquote - DEBUG - blockquote.blockquote:13 - entering blockquote: StateBlock(line=32,level=0,tokens=11), 36, 311, True
2025-12-28 19:14:40 - 20251228_191439_4a51b80e - markdown_it.rules_block.hr - DEBUG - hr.hr:14 - entering hr: StateBlock(line=32,level=0,tokens=11), 36, 311, True
2025-12-28 19:14:40 - 20251228_191439_4a51b80e - markdown_it.rules_block.list - DEBUG - list.list_block:102 - entering list: StateBlock(line=32,level=0,tokens=11), 36, 311, True
2025-12-28 19:14:40 - 20251228_191439_4a51b80e - markdown_it.rules_block.html_block - DEBUG - html_block.html_block:35 - entering html_block: StateBlock(line=32,level=0,tokens=11), 36, 311, True
2025-12-28 19:14:40 - 20251228_191439_4a51b80e - markdown_it.rules_block.heading - DEBUG - heading.heading:13 - entering heading: StateBlock(line=32,level=0,tokens=11), 36, 311, True
2025-12-28 19:14:40 - 20251228_191439_4a51b80e - markdown_it.rules_block.code - DEBUG - code.code:10 - entering code: StateBlock(line=38,level=0,tokens=14), 38, 311, False
2025-12-28 19:14:40 - 20251228_191439_4a51b80e - markdown_it.rules_block.fence - DEBUG - fence.fence:10 - entering fence: StateBlock(line=38,level=0,tokens=14), 38, 311, False
2025-12-28 19:14:40 - 20251228_191439_4a51b80e - markdown_it.rules_block.blockquote - DEBUG - blockquote.blockquote:13 - entering blockquote: StateBlock(line=38,level=0,tokens=14), 38, 311, False
2025-12-28 19:14:40 - 20251228_191439_4a51b80e - markdown_it.rules_block.hr - DEBUG - hr.hr:14 - entering hr: StateBlock(line=38,level=0,tokens=14), 38, 311, False
2025-12-28 19:14:40 - 20251228_191439_4a51b80e - markdown_it.rules_block.code - DEBUG - code.code:10 - entering code: StateBlock(line=40,level=0,tokens=15), 40, 311, False
2025-12-28 19:14:40 - 20251228_191439_4a51b80e - markdown_it.rules_block.fence - DEBUG - fence.fence:10 - entering fence: StateBlock(line=40,level=0,tokens=15), 40, 311, False
2025-12-28 19:14:40 - 20251228_191439_4a51b80e - markdown_it.rules_block.blockquote - DEBUG - blockquote.blockquote:13 - entering blockquote: StateBlock(line=40,level=0,tokens=15), 40, 311, False
2025-12-28 19:14:40 - 20251228_191439_4a51b80e - markdown_it.rules_block.hr - DEBUG - hr.hr:14 - entering hr: StateBlock(line=40,level=0,tokens=15), 40, 311, False
2025-12-28 19:14:40 - 20251228_191439_4a51b80e - markdown_it.rules_block.list - DEBUG - list.list_block:102 - entering list: StateBlock(line=40,level=0,tokens=15), 40, 311, False
2025-12-28 19:14:40 - 20251228_191439_4a51b80e - markdown_it.rules_block.reference - DEBUG - reference.reference:10 - entering reference: StateBlock(line=40,level=0,tokens=15), 40, 311, False
2025-12-28 19:14:40 - 20251228_191439_4a51b80e - markdown_it.rules_block.html_block - DEBUG - html_block.html_block:35 - entering html_block: StateBlock(line=40,level=0,tokens=15), 40, 311, False
2025-12-28 19:14:40 - 20251228_191439_4a51b80e - markdown_it.rules_block.heading - DEBUG - heading.heading:13 - entering heading: StateBlock(line=40,level=0,tokens=15), 40, 311, False
2025-12-28 19:14:40 - 20251228_191439_4a51b80e - markdown_it.rules_block.code - DEBUG - code.code:10 - entering code: StateBlock(line=42,level=0,tokens=18), 42, 311, False
2025-12-28 19:14:40 - 20251228_191439_4a51b80e - markdown_it.rules_block.fence - DEBUG - fence.fence:10 - entering fence: StateBlock(line=42,level=0,tokens=18), 42, 311, False
2025-12-28 19:14:40 - 20251228_191439_4a51b80e - markdown_it.rules_block.blockquote - DEBUG - blockquote.blockquote:13 - entering blockquote: StateBlock(line=42,level=0,tokens=18), 42, 311, False
2025-12-28 19:14:40 - 20251228_191439_4a51b80e - markdown_it.rules_block.hr - DEBUG - hr.hr:14 - entering hr: StateBlock(line=42,level=0,tokens=18), 42, 311, False
2025-12-28 19:14:40 - 20251228_191439_4a51b80e - markdown_it.rules_block.list - DEBUG - list.list_block:102 - entering list: StateBlock(line=42,level=0,tokens=18), 42, 311, False
2025-12-28 19:14:40 - 20251228_191439_4a51b80e - markdown_it.rules_block.reference - DEBUG - reference.reference:10 - entering reference: StateBlock(line=42,level=0,tokens=18), 42, 311, False
2025-12-28 19:14:40 - 20251228_191439_4a51b80e - markdown_it.rules_block.html_block - DEBUG - html_block.html_block:35 - entering html_block: StateBlock(line=42,level=0,tokens=18), 42, 311, False
2025-12-28 19:14:40 - 20251228_191439_4a51b80e - markdown_it.rules_block.heading - DEBUG - heading.heading:13 - entering heading: StateBlock(line=42,level=0,tokens=18), 42, 311, False
2025-12-28 19:14:40 - 20251228_191439_4a51b80e - markdown_it.rules_block.lheading - DEBUG - lheading.lheading:10 - entering lheading: StateBlock(line=42,level=0,tokens=18), 42, 311, False
2025-12-28 19:14:40 - 20251228_191439_4a51b80e - markdown_it.rules_block.fence - DEBUG - fence.fence:10 - entering fence: StateBlock(line=42,level=0,tokens=18), 43, 311, True
2025-12-28 19:14:40 - 20251228_191439_4a51b80e - markdown_it.rules_block.blockquote - DEBUG - blockquote.blockquote:13 - entering blockquote: StateBlock(line=42,level=0,tokens=18), 43, 311, True
2025-12-28 19:14:40 - 20251228_191439_4a51b80e - markdown_it.rules_block.hr - DEBUG - hr.hr:14 - entering hr: StateBlock(line=42,level=0,tokens=18), 43, 311, True
2025-12-28 19:14:40 - 20251228_191439_4a51b80e - markdown_it.rules_block.list - DEBUG - list.list_block:102 - entering list: StateBlock(line=42,level=0,tokens=18), 43, 311, True
2025-12-28 19:14:40 - 20251228_191439_4a51b80e - markdown_it.rules_block.html_block - DEBUG - html_block.html_block:35 - entering html_block: StateBlock(line=42,level=0,tokens=18), 43, 311, True
2025-12-28 19:14:40 - 20251228_191439_4a51b80e - markdown_it.rules_block.heading - DEBUG - heading.heading:13 - entering heading: StateBlock(line=42,level=0,tokens=18), 43, 311, True
2025-12-28 19:14:40 - 20251228_191439_4a51b80e - markdown_it.rules_block.fence - DEBUG - fence.fence:10 - entering fence: StateBlock(line=42,level=0,tokens=18), 44, 311, True
2025-12-28 19:14:40 - 20251228_191439_4a51b80e - markdown_it.rules_block.blockquote - DEBUG - blockquote.blockquote:13 - entering blockquote: StateBlock(line=42,level=0,tokens=18), 44, 311, True
2025-12-28 19:14:40 - 20251228_191439_4a51b80e - markdown_it.rules_block.hr - DEBUG - hr.hr:14 - entering hr: StateBlock(line=42,level=0,tokens=18), 44, 311, True
2025-12-28 19:14:40 - 20251228_191439_4a51b80e - markdown_it.rules_block.list - DEBUG - list.list_block:102 - entering list: StateBlock(line=42,level=0,tokens=18), 44, 311, True
2025-12-28 19:14:40 - 20251228_191439_4a51b80e - markdown_it.rules_block.html_block - DEBUG - html_block.html_block:35 - entering html_block: StateBlock(line=42,level=0,tokens=18), 44, 311, True
2025-12-28 19:14:40 - 20251228_191439_4a51b80e - markdown_it.rules_block.heading - DEBUG - heading.heading:13 - entering heading: StateBlock(line=42,level=0,tokens=18), 44, 311, True
2025-12-28 19:14:40 - 20251228_191439_4a51b80e - markdown_it.rules_block.paragraph - DEBUG - paragraph.paragraph:10 - entering paragraph: StateBlock(line=42,level=0,tokens=18), 42, 311, False
2025-12-28 19:14:40 - 20251228_191439_4a51b80e - markdown_it.rules_block.fence - DEBUG - fence.fence:10 - entering fence: StateBlock(line=42,level=0,tokens=18), 43, 311, True
2025-12-28 19:14:40 - 20251228_191439_4a51b80e - markdown_it.rules_block.blockquote - DEBUG - blockquote.blockquote:13 - entering blockquote: StateBlock(line=42,level=0,tokens=18), 43, 311, True
2025-12-28 19:14:40 - 20251228_191439_4a51b80e - markdown_it.rules_block.hr - DEBUG - hr.hr:14 - entering hr: StateBlock(line=42,level=0,tokens=18), 43, 311, True
2025-12-28 19:14:40 - 20251228_191439_4a51b80e - markdown_it.rules_block.list - DEBUG - list.list_block:102 - entering list: StateBlock(line=42,level=0,tokens=18), 43, 311, True
2025-12-28 19:14:40 - 20251228_191439_4a51b80e - markdown_it.rules_block.html_block - DEBUG - html_block.html_block:35 - entering html_block: StateBlock(line=42,level=0,tokens=18), 43, 311, True
2025-12-28 19:14:40 - 20251228_191439_4a51b80e - markdown_it.rules_block.heading - DEBUG - heading.heading:13 - entering heading: StateBlock(line=42,level=0,tokens=18), 43, 311, True
2025-12-28 19:14:40 - 20251228_191439_4a51b80e - markdown_it.rules_block.fence - DEBUG - fence.fence:10 - entering fence: StateBlock(line=42,level=0,tokens=18), 44, 311, True
2025-12-28 19:14:40 - 20251228_191439_4a51b80e - markdown_it.rules_block.blockquote - DEBUG - blockquote.blockquote:13 - entering blockquote: StateBlock(line=42,level=0,tokens=18), 44, 311, True
2025-12-28 19:14:40 - 20251228_191439_4a51b80e - markdown_it.rules_block.hr - DEBUG - hr.hr:14 - entering hr: StateBlock(line=42,level=0,tokens=18), 44, 311, True
2025-12-28 19:14:40 - 20251228_191439_4a51b80e - markdown_it.rules_block.list - DEBUG - list.list_block:102 - entering list: StateBlock(line=42,level=0,tokens=18), 44, 311, True
2025-12-28 19:14:40 - 20251228_191439_4a51b80e - markdown_it.rules_block.html_block - DEBUG - html_block.html_block:35 - entering html_block: StateBlock(line=42,level=0,tokens=18), 44, 311, True
2025-12-28 19:14:40 - 20251228_191439_4a51b80e - markdown_it.rules_block.heading - DEBUG - heading.heading:13 - entering heading: StateBlock(line=42,level=0,tokens=18), 44, 311, True
2025-12-28 19:14:40 - 20251228_191439_4a51b80e - markdown_it.rules_block.code - DEBUG - code.code:10 - entering code: StateBlock(line=46,level=0,tokens=21), 46, 311, False
2025-12-28 19:14:40 - 20251228_191439_4a51b80e - markdown_it.rules_block.fence - DEBUG - fence.fence:10 - entering fence: StateBlock(line=46,level=0,tokens=21), 46, 311, False
2025-12-28 19:14:40 - 20251228_191439_4a51b80e - markdown_it.rules_block.blockquote - DEBUG - blockquote.blockquote:13 - entering blockquote: StateBlock(line=46,level=0,tokens=21), 46, 311, False
2025-12-28 19:14:40 - 20251228_191439_4a51b80e - markdown_it.rules_block.hr - DEBUG - hr.hr:14 - entering hr: StateBlock(line=46,level=0,tokens=21), 46, 311, False
2025-12-28 19:14:40 - 20251228_191439_4a51b80e - markdown_it.rules_block.list - DEBUG - list.list_block:102 - entering list: StateBlock(line=46,level=0,tokens=21), 46, 311, False
2025-12-28 19:14:40 - 20251228_191439_4a51b80e - markdown_it.rules_block.reference - DEBUG - reference.reference:10 - entering reference: StateBlock(line=46,level=0,tokens=21), 46, 311, False
2025-12-28 19:14:40 - 20251228_191439_4a51b80e - markdown_it.rules_block.html_block - DEBUG - html_block.html_block:35 - entering html_block: StateBlock(line=46,level=0,tokens=21), 46, 311, False
2025-12-28 19:14:40 - 20251228_191439_4a51b80e - markdown_it.rules_block.heading - DEBUG - heading.heading:13 - entering heading: StateBlock(line=46,level=0,tokens=21), 46, 311, False
2025-12-28 19:14:40 - 20251228_191439_4a51b80e - markdown_it.rules_block.lheading - DEBUG - lheading.lheading:10 - entering lheading: StateBlock(line=46,level=0,tokens=21), 46, 311, False
2025-12-28 19:14:40 - 20251228_191439_4a51b80e - markdown_it.rules_block.fence - DEBUG - fence.fence:10 - entering fence: StateBlock(line=46,level=0,tokens=21), 47, 311, True
2025-12-28 19:14:40 - 20251228_191439_4a51b80e - markdown_it.rules_block.blockquote - DEBUG - blockquote.blockquote:13 - entering blockquote: StateBlock(line=46,level=0,tokens=21), 47, 311, True
2025-12-28 19:14:40 - 20251228_191439_4a51b80e - markdown_it.rules_block.hr - DEBUG - hr.hr:14 - entering hr: StateBlock(line=46,level=0,tokens=21), 47, 311, True
2025-12-28 19:14:40 - 20251228_191439_4a51b80e - markdown_it.rules_block.list - DEBUG - list.list_block:102 - entering list: StateBlock(line=46,level=0,tokens=21), 47, 311, True
2025-12-28 19:14:40 - 20251228_191439_4a51b80e - markdown_it.rules_block.html_block - DEBUG - html_block.html_block:35 - entering html_block: StateBlock(line=46,level=0,tokens=21), 47, 311, True
2025-12-28 19:14:40 - 20251228_191439_4a51b80e - markdown_it.rules_block.heading - DEBUG - heading.heading:13 - entering heading: StateBlock(line=46,level=0,tokens=21), 47, 311, True
2025-12-28 19:14:40 - 20251228_191439_4a51b80e - markdown_it.rules_block.fence - DEBUG - fence.fence:10 - entering fence: StateBlock(line=46,level=0,tokens=21), 48, 311, True
2025-12-28 19:14:40 - 20251228_191439_4a51b80e - markdown_it.rules_block.blockquote - DEBUG - blockquote.blockquote:13 - entering blockquote: StateBlock(line=46,level=0,tokens=21), 48, 311, True
2025-12-28 19:14:40 - 20251228_191439_4a51b80e - markdown_it.rules_block.hr - DEBUG - hr.hr:14 - entering hr: StateBlock(line=46,level=0,tokens=21), 48, 311, True
2025-12-28 19:14:40 - 20251228_191439_4a51b80e - markdown_it.rules_block.list - DEBUG - list.list_block:102 - entering list: StateBlock(line=46,level=0,tokens=21), 48, 311, True
2025-12-28 19:14:40 - 20251228_191439_4a51b80e - markdown_it.rules_block.html_block - DEBUG - html_block.html_block:35 - entering html_block: StateBlock(line=46,level=0,tokens=21), 48, 311, True
2025-12-28 19:14:40 - 20251228_191439_4a51b80e - markdown_it.rules_block.heading - DEBUG - heading.heading:13 - entering heading: StateBlock(line=46,level=0,tokens=21), 48, 311, True
2025-12-28 19:14:40 - 20251228_191439_4a51b80e - markdown_it.rules_block.fence - DEBUG - fence.fence:10 - entering fence: StateBlock(line=46,level=0,tokens=21), 49, 311, True
2025-12-28 19:14:40 - 20251228_191439_4a51b80e - markdown_it.rules_block.blockquote - DEBUG - blockquote.blockquote:13 - entering blockquote: StateBlock(line=46,level=0,tokens=21), 49, 311, True
2025-12-28 19:14:40 - 20251228_191439_4a51b80e - markdown_it.rules_block.hr - DEBUG - hr.hr:14 - entering hr: StateBlock(line=46,level=0,tokens=21), 49, 311, True
2025-12-28 19:14:40 - 20251228_191439_4a51b80e - markdown_it.rules_block.list - DEBUG - list.list_block:102 - entering list: StateBlock(line=46,level=0,tokens=21), 49, 311, True
2025-12-28 19:14:40 - 20251228_191439_4a51b80e - markdown_it.rules_block.html_block - DEBUG - html_block.html_block:35 - entering html_block: StateBlock(line=46,level=0,tokens=21), 49, 311, True
2025-12-28 19:14:40 - 20251228_191439_4a51b80e - markdown_it.rules_block.heading - DEBUG - heading.heading:13 - entering heading: StateBlock(line=46,level=0,tokens=21), 49, 311, True
2025-12-28 19:14:40 - 20251228_191439_4a51b80e - markdown_it.rules_block.fence - DEBUG - fence.fence:10 - entering fence: StateBlock(line=46,level=0,tokens=21), 50, 311, True
2025-12-28 19:14:40 - 20251228_191439_4a51b80e - markdown_it.rules_block.blockquote - DEBUG - blockquote.blockquote:13 - entering blockquote: StateBlock(line=46,level=0,tokens=21), 50, 311, True
2025-12-28 19:14:40 - 20251228_191439_4a51b80e - markdown_it.rules_block.hr - DEBUG - hr.hr:14 - entering hr: StateBlock(line=46,level=0,tokens=21), 50, 311, True
2025-12-28 19:14:40 - 20251228_191439_4a51b80e - markdown_it.rules_block.list - DEBUG - list.list_block:102 - entering list: StateBlock(line=46,level=0,tokens=21), 50, 311, True
2025-12-28 19:14:40 - 20251228_191439_4a51b80e - markdown_it.rules_block.html_block - DEBUG - html_block.html_block:35 - entering html_block: StateBlock(line=46,level=0,tokens=21), 50, 311, True
2025-12-28 19:14:40 - 20251228_191439_4a51b80e - markdown_it.rules_block.heading - DEBUG - heading.heading:13 - entering heading: StateBlock(line=46,level=0,tokens=21), 50, 311, True
2025-12-28 19:14:40 - 20251228_191439_4a51b80e - markdown_it.rules_block.fence - DEBUG - fence.fence:10 - entering fence: StateBlock(line=46,level=0,tokens=21), 51, 311, True
2025-12-28 19:14:40 - 20251228_191439_4a51b80e - markdown_it.rules_block.blockquote - DEBUG - blockquote.blockquote:13 - entering blockquote: StateBlock(line=46,level=0,tokens=21), 51, 311, True
2025-12-28 19:14:40 - 20251228_191439_4a51b80e - markdown_it.rules_block.hr - DEBUG - hr.hr:14 - entering hr: StateBlock(line=46,level=0,tokens=21), 51, 311, True
2025-12-28 19:14:40 - 20251228_191439_4a51b80e - markdown_it.rules_block.list - DEBUG - list.list_block:102 - entering list: StateBlock(line=46,level=0,tokens=21), 51, 311, True
2025-12-28 19:14:40 - 20251228_191439_4a51b80e - markdown_it.rules_block.html_block - DEBUG - html_block.html_block:35 - entering html_block: StateBlock(line=46,level=0,tokens=21), 51, 311, True
2025-12-28 19:14:40 - 20251228_191439_4a51b80e - markdown_it.rules_block.heading - DEBUG - heading.heading:13 - entering heading: StateBlock(line=46,level=0,tokens=21), 51, 311, True
2025-12-28 19:14:40 - 20251228_191439_4a51b80e - markdown_it.rules_block.paragraph - DEBUG - paragraph.paragraph:10 - entering paragraph: StateBlock(line=46,level=0,tokens=21), 46, 311, False
2025-12-28 19:14:40 - 20251228_191439_4a51b80e - markdown_it.rules_block.fence - DEBUG - fence.fence:10 - entering fence: StateBlock(line=46,level=0,tokens=21), 47, 311, True
2025-12-28 19:14:40 - 20251228_191439_4a51b80e - markdown_it.rules_block.blockquote - DEBUG - blockquote.blockquote:13 - entering blockquote: StateBlock(line=46,level=0,tokens=21), 47, 311, True
2025-12-28 19:14:40 - 20251228_191439_4a51b80e - markdown_it.rules_block.hr - DEBUG - hr.hr:14 - entering hr: StateBlock(line=46,level=0,tokens=21), 47, 311, True
2025-12-28 19:14:40 - 20251228_191439_4a51b80e - markdown_it.rules_block.list - DEBUG - list.list_block:102 - entering list: StateBlock(line=46,level=0,tokens=21), 47, 311, True
2025-12-28 19:14:40 - 20251228_191439_4a51b80e - markdown_it.rules_block.html_block - DEBUG - html_block.html_block:35 - entering html_block: StateBlock(line=46,level=0,tokens=21), 47, 311, True
2025-12-28 19:14:40 - 20251228_191439_4a51b80e - markdown_it.rules_block.heading - DEBUG - heading.heading:13 - entering heading: StateBlock(line=46,level=0,tokens=21), 47, 311, True
2025-12-28 19:14:40 - 20251228_191439_4a51b80e - markdown_it.rules_block.fence - DEBUG - fence.fence:10 - entering fence: StateBlock(line=46,level=0,tokens=21), 48, 311, True
2025-12-28 19:14:40 - 20251228_191439_4a51b80e - markdown_it.rules_block.blockquote - DEBUG - blockquote.blockquote:13 - entering blockquote: StateBlock(line=46,level=0,tokens=21), 48, 311, True
2025-12-28 19:14:40 - 20251228_191439_4a51b80e - markdown_it.rules_block.hr - DEBUG - hr.hr:14 - entering hr: StateBlock(line=46,level=0,tokens=21), 48, 311, True
2025-12-28 19:14:40 - 20251228_191439_4a51b80e - markdown_it.rules_block.list - DEBUG - list.list_block:102 - entering list: StateBlock(line=46,level=0,tokens=21), 48, 311, True
2025-12-28 19:14:40 - 20251228_191439_4a51b80e - markdown_it.rules_block.html_block - DEBUG - html_block.html_block:35 - entering html_block: StateBlock(line=46,level=0,tokens=21), 48, 311, True
2025-12-28 19:14:40 - 20251228_191439_4a51b80e - markdown_it.rules_block.heading - DEBUG - heading.heading:13 - entering heading: StateBlock(line=46,level=0,tokens=21), 48, 311, True
2025-12-28 19:14:40 - 20251228_191439_4a51b80e - markdown_it.rules_block.fence - DEBUG - fence.fence:10 - entering fence: StateBlock(line=46,level=0,tokens=21), 49, 311, True
2025-12-28 19:14:40 - 20251228_191439_4a51b80e - markdown_it.rules_block.blockquote - DEBUG - blockquote.blockquote:13 - entering blockquote: StateBlock(line=46,level=0,tokens=21), 49, 311, True
2025-12-28 19:14:40 - 20251228_191439_4a51b80e - markdown_it.rules_block.hr - DEBUG - hr.hr:14 - entering hr: StateBlock(line=46,level=0,tokens=21), 49, 311, True
2025-12-28 19:14:40 - 20251228_191439_4a51b80e - markdown_it.rules_block.list - DEBUG - list.list_block:102 - entering list: StateBlock(line=46,level=0,tokens=21), 49, 311, True
2025-12-28 19:14:40 - 20251228_191439_4a51b80e - markdown_it.rules_block.html_block - DEBUG - html_block.html_block:35 - entering html_block: StateBlock(line=46,level=0,tokens=21), 49, 311, True
2025-12-28 19:14:40 - 20251228_191439_4a51b80e - markdown_it.rules_block.heading - DEBUG - heading.heading:13 - entering heading: StateBlock(line=46,level=0,tokens=21), 49, 311, True
2025-12-28 19:14:40 - 20251228_191439_4a51b80e - markdown_it.rules_block.fence - DEBUG - fence.fence:10 - entering fence: StateBlock(line=46,level=0,tokens=21), 50, 311, True
2025-12-28 19:14:40 - 20251228_191439_4a51b80e - markdown_it.rules_block.blockquote - DEBUG - blockquote.blockquote:13 - entering blockquote: StateBlock(line=46,level=0,tokens=21), 50, 311, True
2025-12-28 19:14:40 - 20251228_191439_4a51b80e - markdown_it.rules_block.hr - DEBUG - hr.hr:14 - entering hr: StateBlock(line=46,level=0,tokens=21), 50, 311, True
2025-12-28 19:14:40 - 20251228_191439_4a51b80e - markdown_it.rules_block.list - DEBUG - list.list_block:102 - entering list: StateBlock(line=46,level=0,tokens=21), 50, 311, True
2025-12-28 19:14:40 - 20251228_191439_4a51b80e - markdown_it.rules_block.html_block - DEBUG - html_block.html_block:35 - entering html_block: StateBlock(line=46,level=0,tokens=21), 50, 311, True
2025-12-28 19:14:40 - 20251228_191439_4a51b80e - markdown_it.rules_block.heading - DEBUG - heading.heading:13 - entering heading: StateBlock(line=46,level=0,tokens=21), 50, 311, True
2025-12-28 19:14:40 - 20251228_191439_4a51b80e - markdown_it.rules_block.fence - DEBUG - fence.fence:10 - entering fence: StateBlock(line=46,level=0,tokens=21), 51, 311, True
2025-12-28 19:14:40 - 20251228_191439_4a51b80e - markdown_it.rules_block.blockquote - DEBUG - blockquote.blockquote:13 - entering blockquote: StateBlock(line=46,level=0,tokens=21), 51, 311, True
2025-12-28 19:14:40 - 20251228_191439_4a51b80e - markdown_it.rules_block.hr - DEBUG - hr.hr:14 - entering hr: StateBlock(line=46,level=0,tokens=21), 51, 311, True
2025-12-28 19:14:40 - 20251228_191439_4a51b80e - markdown_it.rules_block.list - DEBUG - list.list_block:102 - entering list: StateBlock(line=46,level=0,tokens=21), 51, 311, True
2025-12-28 19:14:40 - 20251228_191439_4a51b80e - markdown_it.rules_block.html_block - DEBUG - html_block.html_block:35 - entering html_block: StateBlock(line=46,level=0,tokens=21), 51, 311, True
2025-12-28 19:14:40 - 20251228_191439_4a51b80e - markdown_it.rules_block.heading - DEBUG - heading.heading:13 - entering heading: StateBlock(line=46,level=0,tokens=21), 51, 311, True
2025-12-28 19:14:40 - 20251228_191439_4a51b80e - markdown_it.rules_block.code - DEBUG - code.code:10 - entering code: StateBlock(line=53,level=0,tokens=24), 53, 311, False
2025-12-28 19:14:40 - 20251228_191439_4a51b80e - markdown_it.rules_block.fence - DEBUG - fence.fence:10 - entering fence: StateBlock(line=53,level=0,tokens=24), 53, 311, False
2025-12-28 19:14:40 - 20251228_191439_4a51b80e - markdown_it.rules_block.blockquote - DEBUG - blockquote.blockquote:13 - entering blockquote: StateBlock(line=53,level=0,tokens=24), 53, 311, False
2025-12-28 19:14:40 - 20251228_191439_4a51b80e - markdown_it.rules_block.hr - DEBUG - hr.hr:14 - entering hr: StateBlock(line=53,level=0,tokens=24), 53, 311, False
2025-12-28 19:14:40 - 20251228_191439_4a51b80e - markdown_it.rules_block.list - DEBUG - list.list_block:102 - entering list: StateBlock(line=53,level=0,tokens=24), 53, 311, False
2025-12-28 19:14:40 - 20251228_191439_4a51b80e - markdown_it.rules_block.reference - DEBUG - reference.reference:10 - entering reference: StateBlock(line=53,level=0,tokens=24), 53, 311, False
2025-12-28 19:14:40 - 20251228_191439_4a51b80e - markdown_it.rules_block.html_block - DEBUG - html_block.html_block:35 - entering html_block: StateBlock(line=53,level=0,tokens=24), 53, 311, False
2025-12-28 19:14:40 - 20251228_191439_4a51b80e - markdown_it.rules_block.heading - DEBUG - heading.heading:13 - entering heading: StateBlock(line=53,level=0,tokens=24), 53, 311, False
2025-12-28 19:14:40 - 20251228_191439_4a51b80e - markdown_it.rules_block.lheading - DEBUG - lheading.lheading:10 - entering lheading: StateBlock(line=53,level=0,tokens=24), 53, 311, False
2025-12-28 19:14:40 - 20251228_191439_4a51b80e - markdown_it.rules_block.fence - DEBUG - fence.fence:10 - entering fence: StateBlock(line=53,level=0,tokens=24), 54, 311, True
2025-12-28 19:14:40 - 20251228_191439_4a51b80e - markdown_it.rules_block.blockquote - DEBUG - blockquote.blockquote:13 - entering blockquote: StateBlock(line=53,level=0,tokens=24), 54, 311, True
2025-12-28 19:14:40 - 20251228_191439_4a51b80e - markdown_it.rules_block.hr - DEBUG - hr.hr:14 - entering hr: StateBlock(line=53,level=0,tokens=24), 54, 311, True
2025-12-28 19:14:40 - 20251228_191439_4a51b80e - markdown_it.rules_block.list - DEBUG - list.list_block:102 - entering list: StateBlock(line=53,level=0,tokens=24), 54, 311, True
2025-12-28 19:14:40 - 20251228_191439_4a51b80e - markdown_it.rules_block.html_block - DEBUG - html_block.html_block:35 - entering html_block: StateBlock(line=53,level=0,tokens=24), 54, 311, True
2025-12-28 19:14:40 - 20251228_191439_4a51b80e - markdown_it.rules_block.heading - DEBUG - heading.heading:13 - entering heading: StateBlock(line=53,level=0,tokens=24), 54, 311, True
2025-12-28 19:14:40 - 20251228_191439_4a51b80e - markdown_it.rules_block.fence - DEBUG - fence.fence:10 - entering fence: StateBlock(line=53,level=0,tokens=24), 55, 311, True
2025-12-28 19:14:40 - 20251228_191439_4a51b80e - markdown_it.rules_block.blockquote - DEBUG - blockquote.blockquote:13 - entering blockquote: StateBlock(line=53,level=0,tokens=24), 55, 311, True
2025-12-28 19:14:40 - 20251228_191439_4a51b80e - markdown_it.rules_block.hr - DEBUG - hr.hr:14 - entering hr: StateBlock(line=53,level=0,tokens=24), 55, 311, True
2025-12-28 19:14:40 - 20251228_191439_4a51b80e - markdown_it.rules_block.list - DEBUG - list.list_block:102 - entering list: StateBlock(line=53,level=0,tokens=24), 55, 311, True
2025-12-28 19:14:40 - 20251228_191439_4a51b80e - markdown_it.rules_block.html_block - DEBUG - html_block.html_block:35 - entering html_block: StateBlock(line=53,level=0,tokens=24), 55, 311, True
2025-12-28 19:14:40 - 20251228_191439_4a51b80e - markdown_it.rules_block.heading - DEBUG - heading.heading:13 - entering heading: StateBlock(line=53,level=0,tokens=24), 55, 311, True
2025-12-28 19:14:40 - 20251228_191439_4a51b80e - markdown_it.rules_block.paragraph - DEBUG - paragraph.paragraph:10 - entering paragraph: StateBlock(line=53,level=0,tokens=24), 53, 311, False
2025-12-28 19:14:40 - 20251228_191439_4a51b80e - markdown_it.rules_block.fence - DEBUG - fence.fence:10 - entering fence: StateBlock(line=53,level=0,tokens=24), 54, 311, True
2025-12-28 19:14:40 - 20251228_191439_4a51b80e - markdown_it.rules_block.blockquote - DEBUG - blockquote.blockquote:13 - entering blockquote: StateBlock(line=53,level=0,tokens=24), 54, 311, True
2025-12-28 19:14:40 - 20251228_191439_4a51b80e - markdown_it.rules_block.hr - DEBUG - hr.hr:14 - entering hr: StateBlock(line=53,level=0,tokens=24), 54, 311, True
2025-12-28 19:14:40 - 20251228_191439_4a51b80e - markdown_it.rules_block.list - DEBUG - list.list_block:102 - entering list: StateBlock(line=53,level=0,tokens=24), 54, 311, True
2025-12-28 19:14:40 - 20251228_191439_4a51b80e - markdown_it.rules_block.html_block - DEBUG - html_block.html_block:35 - entering html_block: StateBlock(line=53,level=0,tokens=24), 54, 311, True
2025-12-28 19:14:40 - 20251228_191439_4a51b80e - markdown_it.rules_block.heading - DEBUG - heading.heading:13 - entering heading: StateBlock(line=53,level=0,tokens=24), 54, 311, True
2025-12-28 19:14:40 - 20251228_191439_4a51b80e - markdown_it.rules_block.fence - DEBUG - fence.fence:10 - entering fence: StateBlock(line=53,level=0,tokens=24), 55, 311, True
2025-12-28 19:14:40 - 20251228_191439_4a51b80e - markdown_it.rules_block.blockquote - DEBUG - blockquote.blockquote:13 - entering blockquote: StateBlock(line=53,level=0,tokens=24), 55, 311, True
2025-12-28 19:14:40 - 20251228_191439_4a51b80e - markdown_it.rules_block.hr - DEBUG - hr.hr:14 - entering hr: StateBlock(line=53,level=0,tokens=24), 55, 311, True
2025-12-28 19:14:40 - 20251228_191439_4a51b80e - markdown_it.rules_block.list - DEBUG - list.list_block:102 - entering list: StateBlock(line=53,level=0,tokens=24), 55, 311, True
2025-12-28 19:14:40 - 20251228_191439_4a51b80e - markdown_it.rules_block.html_block - DEBUG - html_block.html_block:35 - entering html_block: StateBlock(line=53,level=0,tokens=24), 55, 311, True
2025-12-28 19:14:40 - 20251228_191439_4a51b80e - markdown_it.rules_block.heading - DEBUG - heading.heading:13 - entering heading: StateBlock(line=53,level=0,tokens=24), 55, 311, True
2025-12-28 19:14:40 - 20251228_191439_4a51b80e - markdown_it.rules_block.code - DEBUG - code.code:10 - entering code: StateBlock(line=57,level=0,tokens=27), 57, 311, False
2025-12-28 19:14:40 - 20251228_191439_4a51b80e - markdown_it.rules_block.fence - DEBUG - fence.fence:10 - entering fence: StateBlock(line=57,level=0,tokens=27), 57, 311, False
2025-12-28 19:14:40 - 20251228_191439_4a51b80e - markdown_it.rules_block.blockquote - DEBUG - blockquote.blockquote:13 - entering blockquote: StateBlock(line=57,level=0,tokens=27), 57, 311, False
2025-12-28 19:14:40 - 20251228_191439_4a51b80e - markdown_it.rules_block.hr - DEBUG - hr.hr:14 - entering hr: StateBlock(line=57,level=0,tokens=27), 57, 311, False
2025-12-28 19:14:40 - 20251228_191439_4a51b80e - markdown_it.rules_block.list - DEBUG - list.list_block:102 - entering list: StateBlock(line=57,level=0,tokens=27), 57, 311, False
2025-12-28 19:14:40 - 20251228_191439_4a51b80e - markdown_it.rules_block.reference - DEBUG - reference.reference:10 - entering reference: StateBlock(line=57,level=0,tokens=27), 57, 311, False
2025-12-28 19:14:40 - 20251228_191439_4a51b80e - markdown_it.rules_block.html_block - DEBUG - html_block.html_block:35 - entering html_block: StateBlock(line=57,level=0,tokens=27), 57, 311, False
2025-12-28 19:14:40 - 20251228_191439_4a51b80e - markdown_it.rules_block.heading - DEBUG - heading.heading:13 - entering heading: StateBlock(line=57,level=0,tokens=27), 57, 311, False
2025-12-28 19:14:40 - 20251228_191439_4a51b80e - markdown_it.rules_block.lheading - DEBUG - lheading.lheading:10 - entering lheading: StateBlock(line=57,level=0,tokens=27), 57, 311, False
2025-12-28 19:14:40 - 20251228_191439_4a51b80e - markdown_it.rules_block.paragraph - DEBUG - paragraph.paragraph:10 - entering paragraph: StateBlock(line=57,level=0,tokens=27), 57, 311, False
2025-12-28 19:14:40 - 20251228_191439_4a51b80e - markdown_it.rules_block.code - DEBUG - code.code:10 - entering code: StateBlock(line=59,level=0,tokens=30), 59, 311, False
2025-12-28 19:14:40 - 20251228_191439_4a51b80e - markdown_it.rules_block.fence - DEBUG - fence.fence:10 - entering fence: StateBlock(line=59,level=0,tokens=30), 59, 311, False
2025-12-28 19:14:40 - 20251228_191439_4a51b80e - markdown_it.rules_block.blockquote - DEBUG - blockquote.blockquote:13 - entering blockquote: StateBlock(line=59,level=0,tokens=30), 59, 311, False
2025-12-28 19:14:40 - 20251228_191439_4a51b80e - markdown_it.rules_block.hr - DEBUG - hr.hr:14 - entering hr: StateBlock(line=59,level=0,tokens=30), 59, 311, False
2025-12-28 19:14:40 - 20251228_191439_4a51b80e - markdown_it.rules_block.code - DEBUG - code.code:10 - entering code: StateBlock(line=61,level=0,tokens=31), 61, 311, False
2025-12-28 19:14:40 - 20251228_191439_4a51b80e - markdown_it.rules_block.fence - DEBUG - fence.fence:10 - entering fence: StateBlock(line=61,level=0,tokens=31), 61, 311, False
2025-12-28 19:14:40 - 20251228_191439_4a51b80e - markdown_it.rules_block.blockquote - DEBUG - blockquote.blockquote:13 - entering blockquote: StateBlock(line=61,level=0,tokens=31), 61, 311, False
2025-12-28 19:14:40 - 20251228_191439_4a51b80e - markdown_it.rules_block.hr - DEBUG - hr.hr:14 - entering hr: StateBlock(line=61,level=0,tokens=31), 61, 311, False
2025-12-28 19:14:40 - 20251228_191439_4a51b80e - markdown_it.rules_block.list - DEBUG - list.list_block:102 - entering list: StateBlock(line=61,level=0,tokens=31), 61, 311, False
2025-12-28 19:14:40 - 20251228_191439_4a51b80e - markdown_it.rules_block.reference - DEBUG - reference.reference:10 - entering reference: StateBlock(line=61,level=0,tokens=31), 61, 311, False
2025-12-28 19:14:40 - 20251228_191439_4a51b80e - markdown_it.rules_block.html_block - DEBUG - html_block.html_block:35 - entering html_block: StateBlock(line=61,level=0,tokens=31), 61, 311, False
2025-12-28 19:14:40 - 20251228_191439_4a51b80e - markdown_it.rules_block.heading - DEBUG - heading.heading:13 - entering heading: StateBlock(line=61,level=0,tokens=31), 61, 311, False
2025-12-28 19:14:40 - 20251228_191439_4a51b80e - markdown_it.rules_block.code - DEBUG - code.code:10 - entering code: StateBlock(line=63,level=0,tokens=34), 63, 311, False
2025-12-28 19:14:40 - 20251228_191439_4a51b80e - markdown_it.rules_block.fence - DEBUG - fence.fence:10 - entering fence: StateBlock(line=63,level=0,tokens=34), 63, 311, False
2025-12-28 19:14:40 - 20251228_191439_4a51b80e - markdown_it.rules_block.blockquote - DEBUG - blockquote.blockquote:13 - entering blockquote: StateBlock(line=63,level=0,tokens=34), 63, 311, False
2025-12-28 19:14:40 - 20251228_191439_4a51b80e - markdown_it.rules_block.hr - DEBUG - hr.hr:14 - entering hr: StateBlock(line=63,level=0,tokens=34), 63, 311, False
2025-12-28 19:14:40 - 20251228_191439_4a51b80e - markdown_it.rules_block.list - DEBUG - list.list_block:102 - entering list: StateBlock(line=63,level=0,tokens=34), 63, 311, False
2025-12-28 19:14:40 - 20251228_191439_4a51b80e - markdown_it.rules_block.reference - DEBUG - reference.reference:10 - entering reference: StateBlock(line=63,level=0,tokens=34), 63, 311, False
2025-12-28 19:14:40 - 20251228_191439_4a51b80e - markdown_it.rules_block.html_block - DEBUG - html_block.html_block:35 - entering html_block: StateBlock(line=63,level=0,tokens=34), 63, 311, False
2025-12-28 19:14:40 - 20251228_191439_4a51b80e - markdown_it.rules_block.heading - DEBUG - heading.heading:13 - entering heading: StateBlock(line=63,level=0,tokens=34), 63, 311, False
2025-12-28 19:14:40 - 20251228_191439_4a51b80e - markdown_it.rules_block.lheading - DEBUG - lheading.lheading:10 - entering lheading: StateBlock(line=63,level=0,tokens=34), 63, 311, False
2025-12-28 19:14:40 - 20251228_191439_4a51b80e - markdown_it.rules_block.fence - DEBUG - fence.fence:10 - entering fence: StateBlock(line=63,level=0,tokens=34), 64, 311, True
2025-12-28 19:14:40 - 20251228_191439_4a51b80e - markdown_it.rules_block.blockquote - DEBUG - blockquote.blockquote:13 - entering blockquote: StateBlock(line=63,level=0,tokens=34), 64, 311, True
2025-12-28 19:14:40 - 20251228_191439_4a51b80e - markdown_it.rules_block.hr - DEBUG - hr.hr:14 - entering hr: StateBlock(line=63,level=0,tokens=34), 64, 311, True
2025-12-28 19:14:40 - 20251228_191439_4a51b80e - markdown_it.rules_block.list - DEBUG - list.list_block:102 - entering list: StateBlock(line=63,level=0,tokens=34), 64, 311, True
2025-12-28 19:14:40 - 20251228_191439_4a51b80e - markdown_it.rules_block.html_block - DEBUG - html_block.html_block:35 - entering html_block: StateBlock(line=63,level=0,tokens=34), 64, 311, True
2025-12-28 19:14:40 - 20251228_191439_4a51b80e - markdown_it.rules_block.heading - DEBUG - heading.heading:13 - entering heading: StateBlock(line=63,level=0,tokens=34), 64, 311, True
2025-12-28 19:14:40 - 20251228_191439_4a51b80e - markdown_it.rules_block.fence - DEBUG - fence.fence:10 - entering fence: StateBlock(line=63,level=0,tokens=34), 65, 311, True
2025-12-28 19:14:40 - 20251228_191439_4a51b80e - markdown_it.rules_block.blockquote - DEBUG - blockquote.blockquote:13 - entering blockquote: StateBlock(line=63,level=0,tokens=34), 65, 311, True
2025-12-28 19:14:40 - 20251228_191439_4a51b80e - markdown_it.rules_block.hr - DEBUG - hr.hr:14 - entering hr: StateBlock(line=63,level=0,tokens=34), 65, 311, True
2025-12-28 19:14:40 - 20251228_191439_4a51b80e - markdown_it.rules_block.list - DEBUG - list.list_block:102 - entering list: StateBlock(line=63,level=0,tokens=34), 65, 311, True
2025-12-28 19:14:40 - 20251228_191439_4a51b80e - markdown_it.rules_block.html_block - DEBUG - html_block.html_block:35 - entering html_block: StateBlock(line=63,level=0,tokens=34), 65, 311, True
2025-12-28 19:14:40 - 20251228_191439_4a51b80e - markdown_it.rules_block.heading - DEBUG - heading.heading:13 - entering heading: StateBlock(line=63,level=0,tokens=34), 65, 311, True
2025-12-28 19:14:40 - 20251228_191439_4a51b80e - markdown_it.rules_block.fence - DEBUG - fence.fence:10 - entering fence: StateBlock(line=63,level=0,tokens=34), 66, 311, True
2025-12-28 19:14:40 - 20251228_191439_4a51b80e - markdown_it.rules_block.blockquote - DEBUG - blockquote.blockquote:13 - entering blockquote: StateBlock(line=63,level=0,tokens=34), 66, 311, True
2025-12-28 19:14:40 - 20251228_191439_4a51b80e - markdown_it.rules_block.hr - DEBUG - hr.hr:14 - entering hr: StateBlock(line=63,level=0,tokens=34), 66, 311, True
2025-12-28 19:14:40 - 20251228_191439_4a51b80e - markdown_it.rules_block.list - DEBUG - list.list_block:102 - entering list: StateBlock(line=63,level=0,tokens=34), 66, 311, True
2025-12-28 19:14:40 - 20251228_191439_4a51b80e - markdown_it.rules_block.html_block - DEBUG - html_block.html_block:35 - entering html_block: StateBlock(line=63,level=0,tokens=34), 66, 311, True
2025-12-28 19:14:40 - 20251228_191439_4a51b80e - markdown_it.rules_block.heading - DEBUG - heading.heading:13 - entering heading: StateBlock(line=63,level=0,tokens=34), 66, 311, True
2025-12-28 19:14:40 - 20251228_191439_4a51b80e - markdown_it.rules_block.paragraph - DEBUG - paragraph.paragraph:10 - entering paragraph: StateBlock(line=63,level=0,tokens=34), 63, 311, False
2025-12-28 19:14:40 - 20251228_191439_4a51b80e - markdown_it.rules_block.fence - DEBUG - fence.fence:10 - entering fence: StateBlock(line=63,level=0,tokens=34), 64, 311, True
2025-12-28 19:14:40 - 20251228_191439_4a51b80e - markdown_it.rules_block.blockquote - DEBUG - blockquote.blockquote:13 - entering blockquote: StateBlock(line=63,level=0,tokens=34), 64, 311, True
2025-12-28 19:14:40 - 20251228_191439_4a51b80e - markdown_it.rules_block.hr - DEBUG - hr.hr:14 - entering hr: StateBlock(line=63,level=0,tokens=34), 64, 311, True
2025-12-28 19:14:40 - 20251228_191439_4a51b80e - markdown_it.rules_block.list - DEBUG - list.list_block:102 - entering list: StateBlock(line=63,level=0,tokens=34), 64, 311, True
2025-12-28 19:14:40 - 20251228_191439_4a51b80e - markdown_it.rules_block.html_block - DEBUG - html_block.html_block:35 - entering html_block: StateBlock(line=63,level=0,tokens=34), 64, 311, True
2025-12-28 19:14:40 - 20251228_191439_4a51b80e - markdown_it.rules_block.heading - DEBUG - heading.heading:13 - entering heading: StateBlock(line=63,level=0,tokens=34), 64, 311, True
2025-12-28 19:14:40 - 20251228_191439_4a51b80e - markdown_it.rules_block.fence - DEBUG - fence.fence:10 - entering fence: StateBlock(line=63,level=0,tokens=34), 65, 311, True
2025-12-28 19:14:40 - 20251228_191439_4a51b80e - markdown_it.rules_block.blockquote - DEBUG - blockquote.blockquote:13 - entering blockquote: StateBlock(line=63,level=0,tokens=34), 65, 311, True
2025-12-28 19:14:40 - 20251228_191439_4a51b80e - markdown_it.rules_block.hr - DEBUG - hr.hr:14 - entering hr: StateBlock(line=63,level=0,tokens=34), 65, 311, True
2025-12-28 19:14:40 - 20251228_191439_4a51b80e - markdown_it.rules_block.list - DEBUG - list.list_block:102 - entering list: StateBlock(line=63,level=0,tokens=34), 65, 311, True
2025-12-28 19:14:40 - 20251228_191439_4a51b80e - markdown_it.rules_block.html_block - DEBUG - html_block.html_block:35 - entering html_block: StateBlock(line=63,level=0,tokens=34), 65, 311, True
2025-12-28 19:14:40 - 20251228_191439_4a51b80e - markdown_it.rules_block.heading - DEBUG - heading.heading:13 - entering heading: StateBlock(line=63,level=0,tokens=34), 65, 311, True
2025-12-28 19:14:40 - 20251228_191439_4a51b80e - markdown_it.rules_block.fence - DEBUG - fence.fence:10 - entering fence: StateBlock(line=63,level=0,tokens=34), 66, 311, True
2025-12-28 19:14:40 - 20251228_191439_4a51b80e - markdown_it.rules_block.blockquote - DEBUG - blockquote.blockquote:13 - entering blockquote: StateBlock(line=63,level=0,tokens=34), 66, 311, True
2025-12-28 19:14:40 - 20251228_191439_4a51b80e - markdown_it.rules_block.hr - DEBUG - hr.hr:14 - entering hr: StateBlock(line=63,level=0,tokens=34), 66, 311, True
2025-12-28 19:14:40 - 20251228_191439_4a51b80e - markdown_it.rules_block.list - DEBUG - list.list_block:102 - entering list: StateBlock(line=63,level=0,tokens=34), 66, 311, True
2025-12-28 19:14:40 - 20251228_191439_4a51b80e - markdown_it.rules_block.html_block - DEBUG - html_block.html_block:35 - entering html_block: StateBlock(line=63,level=0,tokens=34), 66, 311, True
2025-12-28 19:14:40 - 20251228_191439_4a51b80e - markdown_it.rules_block.heading - DEBUG - heading.heading:13 - entering heading: StateBlock(line=63,level=0,tokens=34), 66, 311, True
2025-12-28 19:14:40 - 20251228_191439_4a51b80e - markdown_it.rules_block.code - DEBUG - code.code:10 - entering code: StateBlock(line=68,level=0,tokens=37), 68, 311, False
2025-12-28 19:14:40 - 20251228_191439_4a51b80e - markdown_it.rules_block.fence - DEBUG - fence.fence:10 - entering fence: StateBlock(line=68,level=0,tokens=37), 68, 311, False
2025-12-28 19:14:40 - 20251228_191439_4a51b80e - markdown_it.rules_block.blockquote - DEBUG - blockquote.blockquote:13 - entering blockquote: StateBlock(line=68,level=0,tokens=37), 68, 311, False
2025-12-28 19:14:40 - 20251228_191439_4a51b80e - markdown_it.rules_block.hr - DEBUG - hr.hr:14 - entering hr: StateBlock(line=68,level=0,tokens=37), 68, 311, False
2025-12-28 19:14:40 - 20251228_191439_4a51b80e - markdown_it.rules_block.list - DEBUG - list.list_block:102 - entering list: StateBlock(line=68,level=0,tokens=37), 68, 311, False
2025-12-28 19:14:40 - 20251228_191439_4a51b80e - markdown_it.rules_block.reference - DEBUG - reference.reference:10 - entering reference: StateBlock(line=68,level=0,tokens=37), 68, 311, False
2025-12-28 19:14:40 - 20251228_191439_4a51b80e - markdown_it.rules_block.html_block - DEBUG - html_block.html_block:35 - entering html_block: StateBlock(line=68,level=0,tokens=37), 68, 311, False
2025-12-28 19:14:40 - 20251228_191439_4a51b80e - markdown_it.rules_block.heading - DEBUG - heading.heading:13 - entering heading: StateBlock(line=68,level=0,tokens=37), 68, 311, False
2025-12-28 19:14:40 - 20251228_191439_4a51b80e - markdown_it.rules_block.lheading - DEBUG - lheading.lheading:10 - entering lheading: StateBlock(line=68,level=0,tokens=37), 68, 311, False
2025-12-28 19:14:40 - 20251228_191439_4a51b80e - markdown_it.rules_block.fence - DEBUG - fence.fence:10 - entering fence: StateBlock(line=68,level=0,tokens=37), 69, 311, True
2025-12-28 19:14:40 - 20251228_191439_4a51b80e - markdown_it.rules_block.blockquote - DEBUG - blockquote.blockquote:13 - entering blockquote: StateBlock(line=68,level=0,tokens=37), 69, 311, True
2025-12-28 19:14:40 - 20251228_191439_4a51b80e - markdown_it.rules_block.hr - DEBUG - hr.hr:14 - entering hr: StateBlock(line=68,level=0,tokens=37), 69, 311, True
2025-12-28 19:14:40 - 20251228_191439_4a51b80e - markdown_it.rules_block.list - DEBUG - list.list_block:102 - entering list: StateBlock(line=68,level=0,tokens=37), 69, 311, True
2025-12-28 19:14:40 - 20251228_191439_4a51b80e - markdown_it.rules_block.html_block - DEBUG - html_block.html_block:35 - entering html_block: StateBlock(line=68,level=0,tokens=37), 69, 311, True
2025-12-28 19:14:40 - 20251228_191439_4a51b80e - markdown_it.rules_block.heading - DEBUG - heading.heading:13 - entering heading: StateBlock(line=68,level=0,tokens=37), 69, 311, True
2025-12-28 19:14:40 - 20251228_191439_4a51b80e - markdown_it.rules_block.fence - DEBUG - fence.fence:10 - entering fence: StateBlock(line=68,level=0,tokens=37), 70, 311, True
2025-12-28 19:14:40 - 20251228_191439_4a51b80e - markdown_it.rules_block.blockquote - DEBUG - blockquote.blockquote:13 - entering blockquote: StateBlock(line=68,level=0,tokens=37), 70, 311, True
2025-12-28 19:14:40 - 20251228_191439_4a51b80e - markdown_it.rules_block.hr - DEBUG - hr.hr:14 - entering hr: StateBlock(line=68,level=0,tokens=37), 70, 311, True
2025-12-28 19:14:40 - 20251228_191439_4a51b80e - markdown_it.rules_block.list - DEBUG - list.list_block:102 - entering list: StateBlock(line=68,level=0,tokens=37), 70, 311, True
2025-12-28 19:14:40 - 20251228_191439_4a51b80e - markdown_it.rules_block.html_block - DEBUG - html_block.html_block:35 - entering html_block: StateBlock(line=68,level=0,tokens=37), 70, 311, True
2025-12-28 19:14:40 - 20251228_191439_4a51b80e - markdown_it.rules_block.heading - DEBUG - heading.heading:13 - entering heading: StateBlock(line=68,level=0,tokens=37), 70, 311, True
2025-12-28 19:14:40 - 20251228_191439_4a51b80e - markdown_it.rules_block.fence - DEBUG - fence.fence:10 - entering fence: StateBlock(line=68,level=0,tokens=37), 71, 311, True
2025-12-28 19:14:40 - 20251228_191439_4a51b80e - markdown_it.rules_block.blockquote - DEBUG - blockquote.blockquote:13 - entering blockquote: StateBlock(line=68,level=0,tokens=37), 71, 311, True
2025-12-28 19:14:40 - 20251228_191439_4a51b80e - markdown_it.rules_block.hr - DEBUG - hr.hr:14 - entering hr: StateBlock(line=68,level=0,tokens=37), 71, 311, True
2025-12-28 19:14:40 - 20251228_191439_4a51b80e - markdown_it.rules_block.list - DEBUG - list.list_block:102 - entering list: StateBlock(line=68,level=0,tokens=37), 71, 311, True
2025-12-28 19:14:40 - 20251228_191439_4a51b80e - markdown_it.rules_block.html_block - DEBUG - html_block.html_block:35 - entering html_block: StateBlock(line=68,level=0,tokens=37), 71, 311, True
2025-12-28 19:14:40 - 20251228_191439_4a51b80e - markdown_it.rules_block.heading - DEBUG - heading.heading:13 - entering heading: StateBlock(line=68,level=0,tokens=37), 71, 311, True
2025-12-28 19:14:40 - 20251228_191439_4a51b80e - markdown_it.rules_block.fence - DEBUG - fence.fence:10 - entering fence: StateBlock(line=68,level=0,tokens=37), 72, 311, True
2025-12-28 19:14:40 - 20251228_191439_4a51b80e - markdown_it.rules_block.blockquote - DEBUG - blockquote.blockquote:13 - entering blockquote: StateBlock(line=68,level=0,tokens=37), 72, 311, True
2025-12-28 19:14:40 - 20251228_191439_4a51b80e - markdown_it.rules_block.hr - DEBUG - hr.hr:14 - entering hr: StateBlock(line=68,level=0,tokens=37), 72, 311, True
2025-12-28 19:14:40 - 20251228_191439_4a51b80e - markdown_it.rules_block.list - DEBUG - list.list_block:102 - entering list: StateBlock(line=68,level=0,tokens=37), 72, 311, True
2025-12-28 19:14:40 - 20251228_191439_4a51b80e - markdown_it.rules_block.html_block - DEBUG - html_block.html_block:35 - entering html_block: StateBlock(line=68,level=0,tokens=37), 72, 311, True
2025-12-28 19:14:40 - 20251228_191439_4a51b80e - markdown_it.rules_block.heading - DEBUG - heading.heading:13 - entering heading: StateBlock(line=68,level=0,tokens=37), 72, 311, True
2025-12-28 19:14:40 - 20251228_191439_4a51b80e - markdown_it.rules_block.fence - DEBUG - fence.fence:10 - entering fence: StateBlock(line=68,level=0,tokens=37), 73, 311, True
2025-12-28 19:14:40 - 20251228_191439_4a51b80e - markdown_it.rules_block.blockquote - DEBUG - blockquote.blockquote:13 - entering blockquote: StateBlock(line=68,level=0,tokens=37), 73, 311, True
2025-12-28 19:14:40 - 20251228_191439_4a51b80e - markdown_it.rules_block.hr - DEBUG - hr.hr:14 - entering hr: StateBlock(line=68,level=0,tokens=37), 73, 311, True
2025-12-28 19:14:40 - 20251228_191439_4a51b80e - markdown_it.rules_block.list - DEBUG - list.list_block:102 - entering list: StateBlock(line=68,level=0,tokens=37), 73, 311, True
2025-12-28 19:14:40 - 20251228_191439_4a51b80e - markdown_it.rules_block.html_block - DEBUG - html_block.html_block:35 - entering html_block: StateBlock(line=68,level=0,tokens=37), 73, 311, True
2025-12-28 19:14:40 - 20251228_191439_4a51b80e - markdown_it.rules_block.heading - DEBUG - heading.heading:13 - entering heading: StateBlock(line=68,level=0,tokens=37), 73, 311, True
2025-12-28 19:14:40 - 20251228_191439_4a51b80e - markdown_it.rules_block.paragraph - DEBUG - paragraph.paragraph:10 - entering paragraph: StateBlock(line=68,level=0,tokens=37), 68, 311, False
2025-12-28 19:14:40 - 20251228_191439_4a51b80e - markdown_it.rules_block.fence - DEBUG - fence.fence:10 - entering fence: StateBlock(line=68,level=0,tokens=37), 69, 311, True
2025-12-28 19:14:40 - 20251228_191439_4a51b80e - markdown_it.rules_block.blockquote - DEBUG - blockquote.blockquote:13 - entering blockquote: StateBlock(line=68,level=0,tokens=37), 69, 311, True
2025-12-28 19:14:40 - 20251228_191439_4a51b80e - markdown_it.rules_block.hr - DEBUG - hr.hr:14 - entering hr: StateBlock(line=68,level=0,tokens=37), 69, 311, True
2025-12-28 19:14:40 - 20251228_191439_4a51b80e - markdown_it.rules_block.list - DEBUG - list.list_block:102 - entering list: StateBlock(line=68,level=0,tokens=37), 69, 311, True
2025-12-28 19:14:40 - 20251228_191439_4a51b80e - markdown_it.rules_block.html_block - DEBUG - html_block.html_block:35 - entering html_block: StateBlock(line=68,level=0,tokens=37), 69, 311, True
2025-12-28 19:14:40 - 20251228_191439_4a51b80e - markdown_it.rules_block.heading - DEBUG - heading.heading:13 - entering heading: StateBlock(line=68,level=0,tokens=37), 69, 311, True
2025-12-28 19:14:40 - 20251228_191439_4a51b80e - markdown_it.rules_block.fence - DEBUG - fence.fence:10 - entering fence: StateBlock(line=68,level=0,tokens=37), 70, 311, True
2025-12-28 19:14:40 - 20251228_191439_4a51b80e - markdown_it.rules_block.blockquote - DEBUG - blockquote.blockquote:13 - entering blockquote: StateBlock(line=68,level=0,tokens=37), 70, 311, True
2025-12-28 19:14:40 - 20251228_191439_4a51b80e - markdown_it.rules_block.hr - DEBUG - hr.hr:14 - entering hr: StateBlock(line=68,level=0,tokens=37), 70, 311, True
2025-12-28 19:14:40 - 20251228_191439_4a51b80e - markdown_it.rules_block.list - DEBUG - list.list_block:102 - entering list: StateBlock(line=68,level=0,tokens=37), 70, 311, True
2025-12-28 19:14:40 - 20251228_191439_4a51b80e - markdown_it.rules_block.html_block - DEBUG - html_block.html_block:35 - entering html_block: StateBlock(line=68,level=0,tokens=37), 70, 311, True
2025-12-28 19:14:40 - 20251228_191439_4a51b80e - markdown_it.rules_block.heading - DEBUG - heading.heading:13 - entering heading: StateBlock(line=68,level=0,tokens=37), 70, 311, True
2025-12-28 19:14:40 - 20251228_191439_4a51b80e - markdown_it.rules_block.fence - DEBUG - fence.fence:10 - entering fence: StateBlock(line=68,level=0,tokens=37), 71, 311, True
2025-12-28 19:14:40 - 20251228_191439_4a51b80e - markdown_it.rules_block.blockquote - DEBUG - blockquote.blockquote:13 - entering blockquote: StateBlock(line=68,level=0,tokens=37), 71, 311, True
2025-12-28 19:14:40 - 20251228_191439_4a51b80e - markdown_it.rules_block.hr - DEBUG - hr.hr:14 - entering hr: StateBlock(line=68,level=0,tokens=37), 71, 311, True
2025-12-28 19:14:40 - 20251228_191439_4a51b80e - markdown_it.rules_block.list - DEBUG - list.list_block:102 - entering list: StateBlock(line=68,level=0,tokens=37), 71, 311, True
2025-12-28 19:14:40 - 20251228_191439_4a51b80e - markdown_it.rules_block.html_block - DEBUG - html_block.html_block:35 - entering html_block: StateBlock(line=68,level=0,tokens=37), 71, 311, True
2025-12-28 19:14:40 - 20251228_191439_4a51b80e - markdown_it.rules_block.heading - DEBUG - heading.heading:13 - entering heading: StateBlock(line=68,level=0,tokens=37), 71, 311, True
2025-12-28 19:14:40 - 20251228_191439_4a51b80e - markdown_it.rules_block.fence - DEBUG - fence.fence:10 - entering fence: StateBlock(line=68,level=0,tokens=37), 72, 311, True
2025-12-28 19:14:40 - 20251228_191439_4a51b80e - markdown_it.rules_block.blockquote - DEBUG - blockquote.blockquote:13 - entering blockquote: StateBlock(line=68,level=0,tokens=37), 72, 311, True
2025-12-28 19:14:40 - 20251228_191439_4a51b80e - markdown_it.rules_block.hr - DEBUG - hr.hr:14 - entering hr: StateBlock(line=68,level=0,tokens=37), 72, 311, True
2025-12-28 19:14:40 - 20251228_191439_4a51b80e - markdown_it.rules_block.list - DEBUG - list.list_block:102 - entering list: StateBlock(line=68,level=0,tokens=37), 72, 311, True
2025-12-28 19:14:40 - 20251228_191439_4a51b80e - markdown_it.rules_block.html_block - DEBUG - html_block.html_block:35 - entering html_block: StateBlock(line=68,level=0,tokens=37), 72, 311, True
2025-12-28 19:14:40 - 20251228_191439_4a51b80e - markdown_it.rules_block.heading - DEBUG - heading.heading:13 - entering heading: StateBlock(line=68,level=0,tokens=37), 72, 311, True
2025-12-28 19:14:40 - 20251228_191439_4a51b80e - markdown_it.rules_block.fence - DEBUG - fence.fence:10 - entering fence: StateBlock(line=68,level=0,tokens=37), 73, 311, True
2025-12-28 19:14:40 - 20251228_191439_4a51b80e - markdown_it.rules_block.blockquote - DEBUG - blockquote.blockquote:13 - entering blockquote: StateBlock(line=68,level=0,tokens=37), 73, 311, True
2025-12-28 19:14:40 - 20251228_191439_4a51b80e - markdown_it.rules_block.hr - DEBUG - hr.hr:14 - entering hr: StateBlock(line=68,level=0,tokens=37), 73, 311, True
2025-12-28 19:14:40 - 20251228_191439_4a51b80e - markdown_it.rules_block.list - DEBUG - list.list_block:102 - entering list: StateBlock(line=68,level=0,tokens=37), 73, 311, True
2025-12-28 19:14:40 - 20251228_191439_4a51b80e - markdown_it.rules_block.html_block - DEBUG - html_block.html_block:35 - entering html_block: StateBlock(line=68,level=0,tokens=37), 73, 311, True
2025-12-28 19:14:40 - 20251228_191439_4a51b80e - markdown_it.rules_block.heading - DEBUG - heading.heading:13 - entering heading: StateBlock(line=68,level=0,tokens=37), 73, 311, True
2025-12-28 19:14:40 - 20251228_191439_4a51b80e - markdown_it.rules_block.code - DEBUG - code.code:10 - entering code: StateBlock(line=75,level=0,tokens=40), 75, 311, False
2025-12-28 19:14:40 - 20251228_191439_4a51b80e - markdown_it.rules_block.fence - DEBUG - fence.fence:10 - entering fence: StateBlock(line=75,level=0,tokens=40), 75, 311, False
2025-12-28 19:14:40 - 20251228_191439_4a51b80e - markdown_it.rules_block.blockquote - DEBUG - blockquote.blockquote:13 - entering blockquote: StateBlock(line=75,level=0,tokens=40), 75, 311, False
2025-12-28 19:14:40 - 20251228_191439_4a51b80e - markdown_it.rules_block.hr - DEBUG - hr.hr:14 - entering hr: StateBlock(line=75,level=0,tokens=40), 75, 311, False
2025-12-28 19:14:40 - 20251228_191439_4a51b80e - markdown_it.rules_block.list - DEBUG - list.list_block:102 - entering list: StateBlock(line=75,level=0,tokens=40), 75, 311, False
2025-12-28 19:14:40 - 20251228_191439_4a51b80e - markdown_it.rules_block.reference - DEBUG - reference.reference:10 - entering reference: StateBlock(line=75,level=0,tokens=40), 75, 311, False
2025-12-28 19:14:40 - 20251228_191439_4a51b80e - markdown_it.rules_block.html_block - DEBUG - html_block.html_block:35 - entering html_block: StateBlock(line=75,level=0,tokens=40), 75, 311, False
2025-12-28 19:14:40 - 20251228_191439_4a51b80e - markdown_it.rules_block.heading - DEBUG - heading.heading:13 - entering heading: StateBlock(line=75,level=0,tokens=40), 75, 311, False
2025-12-28 19:14:40 - 20251228_191439_4a51b80e - markdown_it.rules_block.lheading - DEBUG - lheading.lheading:10 - entering lheading: StateBlock(line=75,level=0,tokens=40), 75, 311, False
2025-12-28 19:14:40 - 20251228_191439_4a51b80e - markdown_it.rules_block.fence - DEBUG - fence.fence:10 - entering fence: StateBlock(line=75,level=0,tokens=40), 76, 311, True
2025-12-28 19:14:40 - 20251228_191439_4a51b80e - markdown_it.rules_block.blockquote - DEBUG - blockquote.blockquote:13 - entering blockquote: StateBlock(line=75,level=0,tokens=40), 76, 311, True
2025-12-28 19:14:40 - 20251228_191439_4a51b80e - markdown_it.rules_block.hr - DEBUG - hr.hr:14 - entering hr: StateBlock(line=75,level=0,tokens=40), 76, 311, True
2025-12-28 19:14:40 - 20251228_191439_4a51b80e - markdown_it.rules_block.list - DEBUG - list.list_block:102 - entering list: StateBlock(line=75,level=0,tokens=40), 76, 311, True
2025-12-28 19:14:40 - 20251228_191439_4a51b80e - markdown_it.rules_block.html_block - DEBUG - html_block.html_block:35 - entering html_block: StateBlock(line=75,level=0,tokens=40), 76, 311, True
2025-12-28 19:14:40 - 20251228_191439_4a51b80e - markdown_it.rules_block.heading - DEBUG - heading.heading:13 - entering heading: StateBlock(line=75,level=0,tokens=40), 76, 311, True
2025-12-28 19:14:40 - 20251228_191439_4a51b80e - markdown_it.rules_block.paragraph - DEBUG - paragraph.paragraph:10 - entering paragraph: StateBlock(line=75,level=0,tokens=40), 75, 311, False
2025-12-28 19:14:40 - 20251228_191439_4a51b80e - markdown_it.rules_block.fence - DEBUG - fence.fence:10 - entering fence: StateBlock(line=75,level=0,tokens=40), 76, 311, True
2025-12-28 19:14:40 - 20251228_191439_4a51b80e - markdown_it.rules_block.blockquote - DEBUG - blockquote.blockquote:13 - entering blockquote: StateBlock(line=75,level=0,tokens=40), 76, 311, True
2025-12-28 19:14:40 - 20251228_191439_4a51b80e - markdown_it.rules_block.hr - DEBUG - hr.hr:14 - entering hr: StateBlock(line=75,level=0,tokens=40), 76, 311, True
2025-12-28 19:14:40 - 20251228_191439_4a51b80e - markdown_it.rules_block.list - DEBUG - list.list_block:102 - entering list: StateBlock(line=75,level=0,tokens=40), 76, 311, True
2025-12-28 19:14:40 - 20251228_191439_4a51b80e - markdown_it.rules_block.html_block - DEBUG - html_block.html_block:35 - entering html_block: StateBlock(line=75,level=0,tokens=40), 76, 311, True
2025-12-28 19:14:40 - 20251228_191439_4a51b80e - markdown_it.rules_block.heading - DEBUG - heading.heading:13 - entering heading: StateBlock(line=75,level=0,tokens=40), 76, 311, True
2025-12-28 19:14:40 - 20251228_191439_4a51b80e - markdown_it.rules_block.code - DEBUG - code.code:10 - entering code: StateBlock(line=78,level=0,tokens=43), 78, 311, False
2025-12-28 19:14:40 - 20251228_191439_4a51b80e - markdown_it.rules_block.fence - DEBUG - fence.fence:10 - entering fence: StateBlock(line=78,level=0,tokens=43), 78, 311, False
2025-12-28 19:14:40 - 20251228_191439_4a51b80e - markdown_it.rules_block.blockquote - DEBUG - blockquote.blockquote:13 - entering blockquote: StateBlock(line=78,level=0,tokens=43), 78, 311, False
2025-12-28 19:14:40 - 20251228_191439_4a51b80e - markdown_it.rules_block.hr - DEBUG - hr.hr:14 - entering hr: StateBlock(line=78,level=0,tokens=43), 78, 311, False
2025-12-28 19:14:40 - 20251228_191439_4a51b80e - markdown_it.rules_block.code - DEBUG - code.code:10 - entering code: StateBlock(line=80,level=0,tokens=44), 80, 311, False
2025-12-28 19:14:40 - 20251228_191439_4a51b80e - markdown_it.rules_block.fence - DEBUG - fence.fence:10 - entering fence: StateBlock(line=80,level=0,tokens=44), 80, 311, False
2025-12-28 19:14:40 - 20251228_191439_4a51b80e - markdown_it.rules_block.blockquote - DEBUG - blockquote.blockquote:13 - entering blockquote: StateBlock(line=80,level=0,tokens=44), 80, 311, False
2025-12-28 19:14:40 - 20251228_191439_4a51b80e - markdown_it.rules_block.hr - DEBUG - hr.hr:14 - entering hr: StateBlock(line=80,level=0,tokens=44), 80, 311, False
2025-12-28 19:14:40 - 20251228_191439_4a51b80e - markdown_it.rules_block.list - DEBUG - list.list_block:102 - entering list: StateBlock(line=80,level=0,tokens=44), 80, 311, False
2025-12-28 19:14:40 - 20251228_191439_4a51b80e - markdown_it.rules_block.reference - DEBUG - reference.reference:10 - entering reference: StateBlock(line=80,level=0,tokens=44), 80, 311, False
2025-12-28 19:14:40 - 20251228_191439_4a51b80e - markdown_it.rules_block.html_block - DEBUG - html_block.html_block:35 - entering html_block: StateBlock(line=80,level=0,tokens=44), 80, 311, False
2025-12-28 19:14:40 - 20251228_191439_4a51b80e - markdown_it.rules_block.heading - DEBUG - heading.heading:13 - entering heading: StateBlock(line=80,level=0,tokens=44), 80, 311, False
2025-12-28 19:14:40 - 20251228_191439_4a51b80e - markdown_it.rules_block.code - DEBUG - code.code:10 - entering code: StateBlock(line=82,level=0,tokens=47), 82, 311, False
2025-12-28 19:14:40 - 20251228_191439_4a51b80e - markdown_it.rules_block.fence - DEBUG - fence.fence:10 - entering fence: StateBlock(line=82,level=0,tokens=47), 82, 311, False
2025-12-28 19:14:40 - 20251228_191439_4a51b80e - markdown_it.rules_block.blockquote - DEBUG - blockquote.blockquote:13 - entering blockquote: StateBlock(line=82,level=0,tokens=47), 82, 311, False
2025-12-28 19:14:40 - 20251228_191439_4a51b80e - markdown_it.rules_block.hr - DEBUG - hr.hr:14 - entering hr: StateBlock(line=82,level=0,tokens=47), 82, 311, False
2025-12-28 19:14:40 - 20251228_191439_4a51b80e - markdown_it.rules_block.list - DEBUG - list.list_block:102 - entering list: StateBlock(line=82,level=0,tokens=47), 82, 311, False
2025-12-28 19:14:40 - 20251228_191439_4a51b80e - markdown_it.rules_block.reference - DEBUG - reference.reference:10 - entering reference: StateBlock(line=82,level=0,tokens=47), 82, 311, False
2025-12-28 19:14:40 - 20251228_191439_4a51b80e - markdown_it.rules_block.html_block - DEBUG - html_block.html_block:35 - entering html_block: StateBlock(line=82,level=0,tokens=47), 82, 311, False
2025-12-28 19:14:40 - 20251228_191439_4a51b80e - markdown_it.rules_block.heading - DEBUG - heading.heading:13 - entering heading: StateBlock(line=82,level=0,tokens=47), 82, 311, False
2025-12-28 19:14:40 - 20251228_191439_4a51b80e - markdown_it.rules_block.lheading - DEBUG - lheading.lheading:10 - entering lheading: StateBlock(line=82,level=0,tokens=47), 82, 311, False
2025-12-28 19:14:40 - 20251228_191439_4a51b80e - markdown_it.rules_block.fence - DEBUG - fence.fence:10 - entering fence: StateBlock(line=82,level=0,tokens=47), 83, 311, True
2025-12-28 19:14:40 - 20251228_191439_4a51b80e - markdown_it.rules_block.blockquote - DEBUG - blockquote.blockquote:13 - entering blockquote: StateBlock(line=82,level=0,tokens=47), 83, 311, True
2025-12-28 19:14:40 - 20251228_191439_4a51b80e - markdown_it.rules_block.hr - DEBUG - hr.hr:14 - entering hr: StateBlock(line=82,level=0,tokens=47), 83, 311, True
2025-12-28 19:14:40 - 20251228_191439_4a51b80e - markdown_it.rules_block.list - DEBUG - list.list_block:102 - entering list: StateBlock(line=82,level=0,tokens=47), 83, 311, True
2025-12-28 19:14:40 - 20251228_191439_4a51b80e - markdown_it.rules_block.html_block - DEBUG - html_block.html_block:35 - entering html_block: StateBlock(line=82,level=0,tokens=47), 83, 311, True
2025-12-28 19:14:40 - 20251228_191439_4a51b80e - markdown_it.rules_block.heading - DEBUG - heading.heading:13 - entering heading: StateBlock(line=82,level=0,tokens=47), 83, 311, True
2025-12-28 19:14:40 - 20251228_191439_4a51b80e - markdown_it.rules_block.fence - DEBUG - fence.fence:10 - entering fence: StateBlock(line=82,level=0,tokens=47), 84, 311, True
2025-12-28 19:14:40 - 20251228_191439_4a51b80e - markdown_it.rules_block.blockquote - DEBUG - blockquote.blockquote:13 - entering blockquote: StateBlock(line=82,level=0,tokens=47), 84, 311, True
2025-12-28 19:14:40 - 20251228_191439_4a51b80e - markdown_it.rules_block.hr - DEBUG - hr.hr:14 - entering hr: StateBlock(line=82,level=0,tokens=47), 84, 311, True
2025-12-28 19:14:40 - 20251228_191439_4a51b80e - markdown_it.rules_block.list - DEBUG - list.list_block:102 - entering list: StateBlock(line=82,level=0,tokens=47), 84, 311, True
2025-12-28 19:14:40 - 20251228_191439_4a51b80e - markdown_it.rules_block.html_block - DEBUG - html_block.html_block:35 - entering html_block: StateBlock(line=82,level=0,tokens=47), 84, 311, True
2025-12-28 19:14:40 - 20251228_191439_4a51b80e - markdown_it.rules_block.heading - DEBUG - heading.heading:13 - entering heading: StateBlock(line=82,level=0,tokens=47), 84, 311, True
2025-12-28 19:14:40 - 20251228_191439_4a51b80e - markdown_it.rules_block.paragraph - DEBUG - paragraph.paragraph:10 - entering paragraph: StateBlock(line=82,level=0,tokens=47), 82, 311, False
2025-12-28 19:14:40 - 20251228_191439_4a51b80e - markdown_it.rules_block.fence - DEBUG - fence.fence:10 - entering fence: StateBlock(line=82,level=0,tokens=47), 83, 311, True
2025-12-28 19:14:40 - 20251228_191439_4a51b80e - markdown_it.rules_block.blockquote - DEBUG - blockquote.blockquote:13 - entering blockquote: StateBlock(line=82,level=0,tokens=47), 83, 311, True
2025-12-28 19:14:40 - 20251228_191439_4a51b80e - markdown_it.rules_block.hr - DEBUG - hr.hr:14 - entering hr: StateBlock(line=82,level=0,tokens=47), 83, 311, True
2025-12-28 19:14:40 - 20251228_191439_4a51b80e - markdown_it.rules_block.list - DEBUG - list.list_block:102 - entering list: StateBlock(line=82,level=0,tokens=47), 83, 311, True
2025-12-28 19:14:40 - 20251228_191439_4a51b80e - markdown_it.rules_block.html_block - DEBUG - html_block.html_block:35 - entering html_block: StateBlock(line=82,level=0,tokens=47), 83, 311, True
2025-12-28 19:14:40 - 20251228_191439_4a51b80e - markdown_it.rules_block.heading - DEBUG - heading.heading:13 - entering heading: StateBlock(line=82,level=0,tokens=47), 83, 311, True
2025-12-28 19:14:40 - 20251228_191439_4a51b80e - markdown_it.rules_block.fence - DEBUG - fence.fence:10 - entering fence: StateBlock(line=82,level=0,tokens=47), 84, 311, True
2025-12-28 19:14:40 - 20251228_191439_4a51b80e - markdown_it.rules_block.blockquote - DEBUG - blockquote.blockquote:13 - entering blockquote: StateBlock(line=82,level=0,tokens=47), 84, 311, True
2025-12-28 19:14:40 - 20251228_191439_4a51b80e - markdown_it.rules_block.hr - DEBUG - hr.hr:14 - entering hr: StateBlock(line=82,level=0,tokens=47), 84, 311, True
2025-12-28 19:14:40 - 20251228_191439_4a51b80e - markdown_it.rules_block.list - DEBUG - list.list_block:102 - entering list: StateBlock(line=82,level=0,tokens=47), 84, 311, True
2025-12-28 19:14:40 - 20251228_191439_4a51b80e - markdown_it.rules_block.html_block - DEBUG - html_block.html_block:35 - entering html_block: StateBlock(line=82,level=0,tokens=47), 84, 311, True
2025-12-28 19:14:40 - 20251228_191439_4a51b80e - markdown_it.rules_block.heading - DEBUG - heading.heading:13 - entering heading: StateBlock(line=82,level=0,tokens=47), 84, 311, True
2025-12-28 19:14:40 - 20251228_191439_4a51b80e - markdown_it.rules_block.code - DEBUG - code.code:10 - entering code: StateBlock(line=86,level=0,tokens=50), 86, 311, False
2025-12-28 19:14:40 - 20251228_191439_4a51b80e - markdown_it.rules_block.fence - DEBUG - fence.fence:10 - entering fence: StateBlock(line=86,level=0,tokens=50), 86, 311, False
2025-12-28 19:14:40 - 20251228_191439_4a51b80e - markdown_it.rules_block.blockquote - DEBUG - blockquote.blockquote:13 - entering blockquote: StateBlock(line=86,level=0,tokens=50), 86, 311, False
2025-12-28 19:14:40 - 20251228_191439_4a51b80e - markdown_it.rules_block.hr - DEBUG - hr.hr:14 - entering hr: StateBlock(line=86,level=0,tokens=50), 86, 311, False
2025-12-28 19:14:40 - 20251228_191439_4a51b80e - markdown_it.rules_block.list - DEBUG - list.list_block:102 - entering list: StateBlock(line=86,level=0,tokens=50), 86, 311, False
2025-12-28 19:14:40 - 20251228_191439_4a51b80e - markdown_it.rules_block.reference - DEBUG - reference.reference:10 - entering reference: StateBlock(line=86,level=0,tokens=50), 86, 311, False
2025-12-28 19:14:40 - 20251228_191439_4a51b80e - markdown_it.rules_block.html_block - DEBUG - html_block.html_block:35 - entering html_block: StateBlock(line=86,level=0,tokens=50), 86, 311, False
2025-12-28 19:14:40 - 20251228_191439_4a51b80e - markdown_it.rules_block.heading - DEBUG - heading.heading:13 - entering heading: StateBlock(line=86,level=0,tokens=50), 86, 311, False
2025-12-28 19:14:40 - 20251228_191439_4a51b80e - markdown_it.rules_block.lheading - DEBUG - lheading.lheading:10 - entering lheading: StateBlock(line=86,level=0,tokens=50), 86, 311, False
2025-12-28 19:14:40 - 20251228_191439_4a51b80e - markdown_it.rules_block.fence - DEBUG - fence.fence:10 - entering fence: StateBlock(line=86,level=0,tokens=50), 87, 311, True
2025-12-28 19:14:40 - 20251228_191439_4a51b80e - markdown_it.rules_block.blockquote - DEBUG - blockquote.blockquote:13 - entering blockquote: StateBlock(line=86,level=0,tokens=50), 87, 311, True
2025-12-28 19:14:40 - 20251228_191439_4a51b80e - markdown_it.rules_block.hr - DEBUG - hr.hr:14 - entering hr: StateBlock(line=86,level=0,tokens=50), 87, 311, True
2025-12-28 19:14:40 - 20251228_191439_4a51b80e - markdown_it.rules_block.list - DEBUG - list.list_block:102 - entering list: StateBlock(line=86,level=0,tokens=50), 87, 311, True
2025-12-28 19:14:40 - 20251228_191439_4a51b80e - markdown_it.rules_block.html_block - DEBUG - html_block.html_block:35 - entering html_block: StateBlock(line=86,level=0,tokens=50), 87, 311, True
2025-12-28 19:14:40 - 20251228_191439_4a51b80e - markdown_it.rules_block.heading - DEBUG - heading.heading:13 - entering heading: StateBlock(line=86,level=0,tokens=50), 87, 311, True
2025-12-28 19:14:40 - 20251228_191439_4a51b80e - markdown_it.rules_block.fence - DEBUG - fence.fence:10 - entering fence: StateBlock(line=86,level=0,tokens=50), 88, 311, True
2025-12-28 19:14:40 - 20251228_191439_4a51b80e - markdown_it.rules_block.blockquote - DEBUG - blockquote.blockquote:13 - entering blockquote: StateBlock(line=86,level=0,tokens=50), 88, 311, True
2025-12-28 19:14:40 - 20251228_191439_4a51b80e - markdown_it.rules_block.hr - DEBUG - hr.hr:14 - entering hr: StateBlock(line=86,level=0,tokens=50), 88, 311, True
2025-12-28 19:14:40 - 20251228_191439_4a51b80e - markdown_it.rules_block.list - DEBUG - list.list_block:102 - entering list: StateBlock(line=86,level=0,tokens=50), 88, 311, True
2025-12-28 19:14:40 - 20251228_191439_4a51b80e - markdown_it.rules_block.html_block - DEBUG - html_block.html_block:35 - entering html_block: StateBlock(line=86,level=0,tokens=50), 88, 311, True
2025-12-28 19:14:40 - 20251228_191439_4a51b80e - markdown_it.rules_block.heading - DEBUG - heading.heading:13 - entering heading: StateBlock(line=86,level=0,tokens=50), 88, 311, True
2025-12-28 19:14:40 - 20251228_191439_4a51b80e - markdown_it.rules_block.fence - DEBUG - fence.fence:10 - entering fence: StateBlock(line=86,level=0,tokens=50), 89, 311, True
2025-12-28 19:14:40 - 20251228_191439_4a51b80e - markdown_it.rules_block.blockquote - DEBUG - blockquote.blockquote:13 - entering blockquote: StateBlock(line=86,level=0,tokens=50), 89, 311, True
2025-12-28 19:14:40 - 20251228_191439_4a51b80e - markdown_it.rules_block.hr - DEBUG - hr.hr:14 - entering hr: StateBlock(line=86,level=0,tokens=50), 89, 311, True
2025-12-28 19:14:40 - 20251228_191439_4a51b80e - markdown_it.rules_block.list - DEBUG - list.list_block:102 - entering list: StateBlock(line=86,level=0,tokens=50), 89, 311, True
2025-12-28 19:14:40 - 20251228_191439_4a51b80e - markdown_it.rules_block.html_block - DEBUG - html_block.html_block:35 - entering html_block: StateBlock(line=86,level=0,tokens=50), 89, 311, True
2025-12-28 19:14:40 - 20251228_191439_4a51b80e - markdown_it.rules_block.heading - DEBUG - heading.heading:13 - entering heading: StateBlock(line=86,level=0,tokens=50), 89, 311, True
2025-12-28 19:14:40 - 20251228_191439_4a51b80e - markdown_it.rules_block.fence - DEBUG - fence.fence:10 - entering fence: StateBlock(line=86,level=0,tokens=50), 90, 311, True
2025-12-28 19:14:40 - 20251228_191439_4a51b80e - markdown_it.rules_block.blockquote - DEBUG - blockquote.blockquote:13 - entering blockquote: StateBlock(line=86,level=0,tokens=50), 90, 311, True
2025-12-28 19:14:40 - 20251228_191439_4a51b80e - markdown_it.rules_block.hr - DEBUG - hr.hr:14 - entering hr: StateBlock(line=86,level=0,tokens=50), 90, 311, True
2025-12-28 19:14:40 - 20251228_191439_4a51b80e - markdown_it.rules_block.list - DEBUG - list.list_block:102 - entering list: StateBlock(line=86,level=0,tokens=50), 90, 311, True
2025-12-28 19:14:40 - 20251228_191439_4a51b80e - markdown_it.rules_block.html_block - DEBUG - html_block.html_block:35 - entering html_block: StateBlock(line=86,level=0,tokens=50), 90, 311, True
2025-12-28 19:14:40 - 20251228_191439_4a51b80e - markdown_it.rules_block.heading - DEBUG - heading.heading:13 - entering heading: StateBlock(line=86,level=0,tokens=50), 90, 311, True
2025-12-28 19:14:40 - 20251228_191439_4a51b80e - markdown_it.rules_block.fence - DEBUG - fence.fence:10 - entering fence: StateBlock(line=86,level=0,tokens=50), 91, 311, True
2025-12-28 19:14:40 - 20251228_191439_4a51b80e - markdown_it.rules_block.blockquote - DEBUG - blockquote.blockquote:13 - entering blockquote: StateBlock(line=86,level=0,tokens=50), 91, 311, True
2025-12-28 19:14:40 - 20251228_191439_4a51b80e - markdown_it.rules_block.hr - DEBUG - hr.hr:14 - entering hr: StateBlock(line=86,level=0,tokens=50), 91, 311, True
2025-12-28 19:14:40 - 20251228_191439_4a51b80e - markdown_it.rules_block.list - DEBUG - list.list_block:102 - entering list: StateBlock(line=86,level=0,tokens=50), 91, 311, True
2025-12-28 19:14:40 - 20251228_191439_4a51b80e - markdown_it.rules_block.html_block - DEBUG - html_block.html_block:35 - entering html_block: StateBlock(line=86,level=0,tokens=50), 91, 311, True
2025-12-28 19:14:40 - 20251228_191439_4a51b80e - markdown_it.rules_block.heading - DEBUG - heading.heading:13 - entering heading: StateBlock(line=86,level=0,tokens=50), 91, 311, True
2025-12-28 19:14:40 - 20251228_191439_4a51b80e - markdown_it.rules_block.fence - DEBUG - fence.fence:10 - entering fence: StateBlock(line=86,level=0,tokens=50), 92, 311, True
2025-12-28 19:14:40 - 20251228_191439_4a51b80e - markdown_it.rules_block.blockquote - DEBUG - blockquote.blockquote:13 - entering blockquote: StateBlock(line=86,level=0,tokens=50), 92, 311, True
2025-12-28 19:14:40 - 20251228_191439_4a51b80e - markdown_it.rules_block.hr - DEBUG - hr.hr:14 - entering hr: StateBlock(line=86,level=0,tokens=50), 92, 311, True
2025-12-28 19:14:40 - 20251228_191439_4a51b80e - markdown_it.rules_block.list - DEBUG - list.list_block:102 - entering list: StateBlock(line=86,level=0,tokens=50), 92, 311, True
2025-12-28 19:14:40 - 20251228_191439_4a51b80e - markdown_it.rules_block.html_block - DEBUG - html_block.html_block:35 - entering html_block: StateBlock(line=86,level=0,tokens=50), 92, 311, True
2025-12-28 19:14:40 - 20251228_191439_4a51b80e - markdown_it.rules_block.heading - DEBUG - heading.heading:13 - entering heading: StateBlock(line=86,level=0,tokens=50), 92, 311, True
2025-12-28 19:14:40 - 20251228_191439_4a51b80e - markdown_it.rules_block.paragraph - DEBUG - paragraph.paragraph:10 - entering paragraph: StateBlock(line=86,level=0,tokens=50), 86, 311, False
2025-12-28 19:14:40 - 20251228_191439_4a51b80e - markdown_it.rules_block.fence - DEBUG - fence.fence:10 - entering fence: StateBlock(line=86,level=0,tokens=50), 87, 311, True
2025-12-28 19:14:40 - 20251228_191439_4a51b80e - markdown_it.rules_block.blockquote - DEBUG - blockquote.blockquote:13 - entering blockquote: StateBlock(line=86,level=0,tokens=50), 87, 311, True
2025-12-28 19:14:40 - 20251228_191439_4a51b80e - markdown_it.rules_block.hr - DEBUG - hr.hr:14 - entering hr: StateBlock(line=86,level=0,tokens=50), 87, 311, True
2025-12-28 19:14:40 - 20251228_191439_4a51b80e - markdown_it.rules_block.list - DEBUG - list.list_block:102 - entering list: StateBlock(line=86,level=0,tokens=50), 87, 311, True
2025-12-28 19:14:40 - 20251228_191439_4a51b80e - markdown_it.rules_block.html_block - DEBUG - html_block.html_block:35 - entering html_block: StateBlock(line=86,level=0,tokens=50), 87, 311, True
2025-12-28 19:14:40 - 20251228_191439_4a51b80e - markdown_it.rules_block.heading - DEBUG - heading.heading:13 - entering heading: StateBlock(line=86,level=0,tokens=50), 87, 311, True
2025-12-28 19:14:40 - 20251228_191439_4a51b80e - markdown_it.rules_block.fence - DEBUG - fence.fence:10 - entering fence: StateBlock(line=86,level=0,tokens=50), 88, 311, True
2025-12-28 19:14:40 - 20251228_191439_4a51b80e - markdown_it.rules_block.blockquote - DEBUG - blockquote.blockquote:13 - entering blockquote: StateBlock(line=86,level=0,tokens=50), 88, 311, True
2025-12-28 19:14:40 - 20251228_191439_4a51b80e - markdown_it.rules_block.hr - DEBUG - hr.hr:14 - entering hr: StateBlock(line=86,level=0,tokens=50), 88, 311, True
2025-12-28 19:14:40 - 20251228_191439_4a51b80e - markdown_it.rules_block.list - DEBUG - list.list_block:102 - entering list: StateBlock(line=86,level=0,tokens=50), 88, 311, True
2025-12-28 19:14:40 - 20251228_191439_4a51b80e - markdown_it.rules_block.html_block - DEBUG - html_block.html_block:35 - entering html_block: StateBlock(line=86,level=0,tokens=50), 88, 311, True
2025-12-28 19:14:40 - 20251228_191439_4a51b80e - markdown_it.rules_block.heading - DEBUG - heading.heading:13 - entering heading: StateBlock(line=86,level=0,tokens=50), 88, 311, True
2025-12-28 19:14:40 - 20251228_191439_4a51b80e - markdown_it.rules_block.fence - DEBUG - fence.fence:10 - entering fence: StateBlock(line=86,level=0,tokens=50), 89, 311, True
2025-12-28 19:14:40 - 20251228_191439_4a51b80e - markdown_it.rules_block.blockquote - DEBUG - blockquote.blockquote:13 - entering blockquote: StateBlock(line=86,level=0,tokens=50), 89, 311, True
2025-12-28 19:14:40 - 20251228_191439_4a51b80e - markdown_it.rules_block.hr - DEBUG - hr.hr:14 - entering hr: StateBlock(line=86,level=0,tokens=50), 89, 311, True
2025-12-28 19:14:40 - 20251228_191439_4a51b80e - markdown_it.rules_block.list - DEBUG - list.list_block:102 - entering list: StateBlock(line=86,level=0,tokens=50), 89, 311, True
2025-12-28 19:14:40 - 20251228_191439_4a51b80e - markdown_it.rules_block.html_block - DEBUG - html_block.html_block:35 - entering html_block: StateBlock(line=86,level=0,tokens=50), 89, 311, True
2025-12-28 19:14:40 - 20251228_191439_4a51b80e - markdown_it.rules_block.heading - DEBUG - heading.heading:13 - entering heading: StateBlock(line=86,level=0,tokens=50), 89, 311, True
2025-12-28 19:14:40 - 20251228_191439_4a51b80e - markdown_it.rules_block.fence - DEBUG - fence.fence:10 - entering fence: StateBlock(line=86,level=0,tokens=50), 90, 311, True
2025-12-28 19:14:40 - 20251228_191439_4a51b80e - markdown_it.rules_block.blockquote - DEBUG - blockquote.blockquote:13 - entering blockquote: StateBlock(line=86,level=0,tokens=50), 90, 311, True
2025-12-28 19:14:40 - 20251228_191439_4a51b80e - markdown_it.rules_block.hr - DEBUG - hr.hr:14 - entering hr: StateBlock(line=86,level=0,tokens=50), 90, 311, True
2025-12-28 19:14:40 - 20251228_191439_4a51b80e - markdown_it.rules_block.list - DEBUG - list.list_block:102 - entering list: StateBlock(line=86,level=0,tokens=50), 90, 311, True
2025-12-28 19:14:40 - 20251228_191439_4a51b80e - markdown_it.rules_block.html_block - DEBUG - html_block.html_block:35 - entering html_block: StateBlock(line=86,level=0,tokens=50), 90, 311, True
2025-12-28 19:14:40 - 20251228_191439_4a51b80e - markdown_it.rules_block.heading - DEBUG - heading.heading:13 - entering heading: StateBlock(line=86,level=0,tokens=50), 90, 311, True
2025-12-28 19:14:40 - 20251228_191439_4a51b80e - markdown_it.rules_block.fence - DEBUG - fence.fence:10 - entering fence: StateBlock(line=86,level=0,tokens=50), 91, 311, True
2025-12-28 19:14:40 - 20251228_191439_4a51b80e - markdown_it.rules_block.blockquote - DEBUG - blockquote.blockquote:13 - entering blockquote: StateBlock(line=86,level=0,tokens=50), 91, 311, True
2025-12-28 19:14:40 - 20251228_191439_4a51b80e - markdown_it.rules_block.hr - DEBUG - hr.hr:14 - entering hr: StateBlock(line=86,level=0,tokens=50), 91, 311, True
2025-12-28 19:14:40 - 20251228_191439_4a51b80e - markdown_it.rules_block.list - DEBUG - list.list_block:102 - entering list: StateBlock(line=86,level=0,tokens=50), 91, 311, True
2025-12-28 19:14:40 - 20251228_191439_4a51b80e - markdown_it.rules_block.html_block - DEBUG - html_block.html_block:35 - entering html_block: StateBlock(line=86,level=0,tokens=50), 91, 311, True
2025-12-28 19:14:40 - 20251228_191439_4a51b80e - markdown_it.rules_block.heading - DEBUG - heading.heading:13 - entering heading: StateBlock(line=86,level=0,tokens=50), 91, 311, True
2025-12-28 19:14:40 - 20251228_191439_4a51b80e - markdown_it.rules_block.fence - DEBUG - fence.fence:10 - entering fence: StateBlock(line=86,level=0,tokens=50), 92, 311, True
2025-12-28 19:14:40 - 20251228_191439_4a51b80e - markdown_it.rules_block.blockquote - DEBUG - blockquote.blockquote:13 - entering blockquote: StateBlock(line=86,level=0,tokens=50), 92, 311, True
2025-12-28 19:14:40 - 20251228_191439_4a51b80e - markdown_it.rules_block.hr - DEBUG - hr.hr:14 - entering hr: StateBlock(line=86,level=0,tokens=50), 92, 311, True
2025-12-28 19:14:40 - 20251228_191439_4a51b80e - markdown_it.rules_block.list - DEBUG - list.list_block:102 - entering list: StateBlock(line=86,level=0,tokens=50), 92, 311, True
2025-12-28 19:14:40 - 20251228_191439_4a51b80e - markdown_it.rules_block.html_block - DEBUG - html_block.html_block:35 - entering html_block: StateBlock(line=86,level=0,tokens=50), 92, 311, True
2025-12-28 19:14:40 - 20251228_191439_4a51b80e - markdown_it.rules_block.heading - DEBUG - heading.heading:13 - entering heading: StateBlock(line=86,level=0,tokens=50), 92, 311, True
2025-12-28 19:14:40 - 20251228_191439_4a51b80e - markdown_it.rules_block.code - DEBUG - code.code:10 - entering code: StateBlock(line=94,level=0,tokens=53), 94, 311, False
2025-12-28 19:14:40 - 20251228_191439_4a51b80e - markdown_it.rules_block.fence - DEBUG - fence.fence:10 - entering fence: StateBlock(line=94,level=0,tokens=53), 94, 311, False
2025-12-28 19:14:40 - 20251228_191439_4a51b80e - markdown_it.rules_block.blockquote - DEBUG - blockquote.blockquote:13 - entering blockquote: StateBlock(line=94,level=0,tokens=53), 94, 311, False
2025-12-28 19:14:40 - 20251228_191439_4a51b80e - markdown_it.rules_block.hr - DEBUG - hr.hr:14 - entering hr: StateBlock(line=94,level=0,tokens=53), 94, 311, False
2025-12-28 19:14:40 - 20251228_191439_4a51b80e - markdown_it.rules_block.list - DEBUG - list.list_block:102 - entering list: StateBlock(line=94,level=0,tokens=53), 94, 311, False
2025-12-28 19:14:40 - 20251228_191439_4a51b80e - markdown_it.rules_block.reference - DEBUG - reference.reference:10 - entering reference: StateBlock(line=94,level=0,tokens=53), 94, 311, False
2025-12-28 19:14:40 - 20251228_191439_4a51b80e - markdown_it.rules_block.html_block - DEBUG - html_block.html_block:35 - entering html_block: StateBlock(line=94,level=0,tokens=53), 94, 311, False
2025-12-28 19:14:40 - 20251228_191439_4a51b80e - markdown_it.rules_block.heading - DEBUG - heading.heading:13 - entering heading: StateBlock(line=94,level=0,tokens=53), 94, 311, False
2025-12-28 19:14:40 - 20251228_191439_4a51b80e - markdown_it.rules_block.lheading - DEBUG - lheading.lheading:10 - entering lheading: StateBlock(line=94,level=0,tokens=53), 94, 311, False
2025-12-28 19:14:40 - 20251228_191439_4a51b80e - markdown_it.rules_block.paragraph - DEBUG - paragraph.paragraph:10 - entering paragraph: StateBlock(line=94,level=0,tokens=53), 94, 311, False
2025-12-28 19:14:40 - 20251228_191439_4a51b80e - markdown_it.rules_block.code - DEBUG - code.code:10 - entering code: StateBlock(line=96,level=0,tokens=56), 96, 311, False
2025-12-28 19:14:40 - 20251228_191439_4a51b80e - markdown_it.rules_block.fence - DEBUG - fence.fence:10 - entering fence: StateBlock(line=96,level=0,tokens=56), 96, 311, False
2025-12-28 19:14:40 - 20251228_191439_4a51b80e - markdown_it.rules_block.blockquote - DEBUG - blockquote.blockquote:13 - entering blockquote: StateBlock(line=96,level=0,tokens=56), 96, 311, False
2025-12-28 19:14:40 - 20251228_191439_4a51b80e - markdown_it.rules_block.hr - DEBUG - hr.hr:14 - entering hr: StateBlock(line=96,level=0,tokens=56), 96, 311, False
2025-12-28 19:14:40 - 20251228_191439_4a51b80e - markdown_it.rules_block.list - DEBUG - list.list_block:102 - entering list: StateBlock(line=96,level=0,tokens=56), 96, 311, False
2025-12-28 19:14:40 - 20251228_191439_4a51b80e - markdown_it.rules_block.reference - DEBUG - reference.reference:10 - entering reference: StateBlock(line=96,level=0,tokens=56), 96, 311, False
2025-12-28 19:14:40 - 20251228_191439_4a51b80e - markdown_it.rules_block.html_block - DEBUG - html_block.html_block:35 - entering html_block: StateBlock(line=96,level=0,tokens=56), 96, 311, False
2025-12-28 19:14:40 - 20251228_191439_4a51b80e - markdown_it.rules_block.heading - DEBUG - heading.heading:13 - entering heading: StateBlock(line=96,level=0,tokens=56), 96, 311, False
2025-12-28 19:14:40 - 20251228_191439_4a51b80e - markdown_it.rules_block.lheading - DEBUG - lheading.lheading:10 - entering lheading: StateBlock(line=96,level=0,tokens=56), 96, 311, False
2025-12-28 19:14:40 - 20251228_191439_4a51b80e - markdown_it.rules_block.fence - DEBUG - fence.fence:10 - entering fence: StateBlock(line=96,level=0,tokens=56), 97, 311, True
2025-12-28 19:14:40 - 20251228_191439_4a51b80e - markdown_it.rules_block.blockquote - DEBUG - blockquote.blockquote:13 - entering blockquote: StateBlock(line=96,level=0,tokens=56), 97, 311, True
2025-12-28 19:14:40 - 20251228_191439_4a51b80e - markdown_it.rules_block.hr - DEBUG - hr.hr:14 - entering hr: StateBlock(line=96,level=0,tokens=56), 97, 311, True
2025-12-28 19:14:40 - 20251228_191439_4a51b80e - markdown_it.rules_block.list - DEBUG - list.list_block:102 - entering list: StateBlock(line=96,level=0,tokens=56), 97, 311, True
2025-12-28 19:14:40 - 20251228_191439_4a51b80e - markdown_it.rules_block.html_block - DEBUG - html_block.html_block:35 - entering html_block: StateBlock(line=96,level=0,tokens=56), 97, 311, True
2025-12-28 19:14:40 - 20251228_191439_4a51b80e - markdown_it.rules_block.heading - DEBUG - heading.heading:13 - entering heading: StateBlock(line=96,level=0,tokens=56), 97, 311, True
2025-12-28 19:14:40 - 20251228_191439_4a51b80e - markdown_it.rules_block.fence - DEBUG - fence.fence:10 - entering fence: StateBlock(line=96,level=0,tokens=56), 98, 311, True
2025-12-28 19:14:40 - 20251228_191439_4a51b80e - markdown_it.rules_block.blockquote - DEBUG - blockquote.blockquote:13 - entering blockquote: StateBlock(line=96,level=0,tokens=56), 98, 311, True
2025-12-28 19:14:40 - 20251228_191439_4a51b80e - markdown_it.rules_block.hr - DEBUG - hr.hr:14 - entering hr: StateBlock(line=96,level=0,tokens=56), 98, 311, True
2025-12-28 19:14:40 - 20251228_191439_4a51b80e - markdown_it.rules_block.list - DEBUG - list.list_block:102 - entering list: StateBlock(line=96,level=0,tokens=56), 98, 311, True
2025-12-28 19:14:40 - 20251228_191439_4a51b80e - markdown_it.rules_block.html_block - DEBUG - html_block.html_block:35 - entering html_block: StateBlock(line=96,level=0,tokens=56), 98, 311, True
2025-12-28 19:14:40 - 20251228_191439_4a51b80e - markdown_it.rules_block.heading - DEBUG - heading.heading:13 - entering heading: StateBlock(line=96,level=0,tokens=56), 98, 311, True
2025-12-28 19:14:40 - 20251228_191439_4a51b80e - markdown_it.rules_block.paragraph - DEBUG - paragraph.paragraph:10 - entering paragraph: StateBlock(line=96,level=0,tokens=56), 96, 311, False
2025-12-28 19:14:40 - 20251228_191439_4a51b80e - markdown_it.rules_block.fence - DEBUG - fence.fence:10 - entering fence: StateBlock(line=96,level=0,tokens=56), 97, 311, True
2025-12-28 19:14:40 - 20251228_191439_4a51b80e - markdown_it.rules_block.blockquote - DEBUG - blockquote.blockquote:13 - entering blockquote: StateBlock(line=96,level=0,tokens=56), 97, 311, True
2025-12-28 19:14:40 - 20251228_191439_4a51b80e - markdown_it.rules_block.hr - DEBUG - hr.hr:14 - entering hr: StateBlock(line=96,level=0,tokens=56), 97, 311, True
2025-12-28 19:14:40 - 20251228_191439_4a51b80e - markdown_it.rules_block.list - DEBUG - list.list_block:102 - entering list: StateBlock(line=96,level=0,tokens=56), 97, 311, True
2025-12-28 19:14:40 - 20251228_191439_4a51b80e - markdown_it.rules_block.html_block - DEBUG - html_block.html_block:35 - entering html_block: StateBlock(line=96,level=0,tokens=56), 97, 311, True
2025-12-28 19:14:40 - 20251228_191439_4a51b80e - markdown_it.rules_block.heading - DEBUG - heading.heading:13 - entering heading: StateBlock(line=96,level=0,tokens=56), 97, 311, True
2025-12-28 19:14:40 - 20251228_191439_4a51b80e - markdown_it.rules_block.fence - DEBUG - fence.fence:10 - entering fence: StateBlock(line=96,level=0,tokens=56), 98, 311, True
2025-12-28 19:14:40 - 20251228_191439_4a51b80e - markdown_it.rules_block.blockquote - DEBUG - blockquote.blockquote:13 - entering blockquote: StateBlock(line=96,level=0,tokens=56), 98, 311, True
2025-12-28 19:14:40 - 20251228_191439_4a51b80e - markdown_it.rules_block.hr - DEBUG - hr.hr:14 - entering hr: StateBlock(line=96,level=0,tokens=56), 98, 311, True
2025-12-28 19:14:40 - 20251228_191439_4a51b80e - markdown_it.rules_block.list - DEBUG - list.list_block:102 - entering list: StateBlock(line=96,level=0,tokens=56), 98, 311, True
2025-12-28 19:14:40 - 20251228_191439_4a51b80e - markdown_it.rules_block.html_block - DEBUG - html_block.html_block:35 - entering html_block: StateBlock(line=96,level=0,tokens=56), 98, 311, True
2025-12-28 19:14:40 - 20251228_191439_4a51b80e - markdown_it.rules_block.heading - DEBUG - heading.heading:13 - entering heading: StateBlock(line=96,level=0,tokens=56), 98, 311, True
2025-12-28 19:14:40 - 20251228_191439_4a51b80e - markdown_it.rules_block.code - DEBUG - code.code:10 - entering code: StateBlock(line=100,level=0,tokens=59), 100, 311, False
2025-12-28 19:14:40 - 20251228_191439_4a51b80e - markdown_it.rules_block.fence - DEBUG - fence.fence:10 - entering fence: StateBlock(line=100,level=0,tokens=59), 100, 311, False
2025-12-28 19:14:40 - 20251228_191439_4a51b80e - markdown_it.rules_block.blockquote - DEBUG - blockquote.blockquote:13 - entering blockquote: StateBlock(line=100,level=0,tokens=59), 100, 311, False
2025-12-28 19:14:40 - 20251228_191439_4a51b80e - markdown_it.rules_block.hr - DEBUG - hr.hr:14 - entering hr: StateBlock(line=100,level=0,tokens=59), 100, 311, False
2025-12-28 19:14:40 - 20251228_191439_4a51b80e - markdown_it.rules_block.list - DEBUG - list.list_block:102 - entering list: StateBlock(line=100,level=0,tokens=59), 100, 311, False
2025-12-28 19:14:40 - 20251228_191439_4a51b80e - markdown_it.rules_block.reference - DEBUG - reference.reference:10 - entering reference: StateBlock(line=100,level=0,tokens=59), 100, 311, False
2025-12-28 19:14:40 - 20251228_191439_4a51b80e - markdown_it.rules_block.html_block - DEBUG - html_block.html_block:35 - entering html_block: StateBlock(line=100,level=0,tokens=59), 100, 311, False
2025-12-28 19:14:40 - 20251228_191439_4a51b80e - markdown_it.rules_block.heading - DEBUG - heading.heading:13 - entering heading: StateBlock(line=100,level=0,tokens=59), 100, 311, False
2025-12-28 19:14:40 - 20251228_191439_4a51b80e - markdown_it.rules_block.lheading - DEBUG - lheading.lheading:10 - entering lheading: StateBlock(line=100,level=0,tokens=59), 100, 311, False
2025-12-28 19:14:40 - 20251228_191439_4a51b80e - markdown_it.rules_block.fence - DEBUG - fence.fence:10 - entering fence: StateBlock(line=100,level=0,tokens=59), 101, 311, True
2025-12-28 19:14:40 - 20251228_191439_4a51b80e - markdown_it.rules_block.blockquote - DEBUG - blockquote.blockquote:13 - entering blockquote: StateBlock(line=100,level=0,tokens=59), 101, 311, True
2025-12-28 19:14:40 - 20251228_191439_4a51b80e - markdown_it.rules_block.hr - DEBUG - hr.hr:14 - entering hr: StateBlock(line=100,level=0,tokens=59), 101, 311, True
2025-12-28 19:14:40 - 20251228_191439_4a51b80e - markdown_it.rules_block.list - DEBUG - list.list_block:102 - entering list: StateBlock(line=100,level=0,tokens=59), 101, 311, True
2025-12-28 19:14:40 - 20251228_191439_4a51b80e - markdown_it.rules_block.html_block - DEBUG - html_block.html_block:35 - entering html_block: StateBlock(line=100,level=0,tokens=59), 101, 311, True
2025-12-28 19:14:40 - 20251228_191439_4a51b80e - markdown_it.rules_block.heading - DEBUG - heading.heading:13 - entering heading: StateBlock(line=100,level=0,tokens=59), 101, 311, True
2025-12-28 19:14:40 - 20251228_191439_4a51b80e - markdown_it.rules_block.paragraph - DEBUG - paragraph.paragraph:10 - entering paragraph: StateBlock(line=100,level=0,tokens=59), 100, 311, False
2025-12-28 19:14:40 - 20251228_191439_4a51b80e - markdown_it.rules_block.fence - DEBUG - fence.fence:10 - entering fence: StateBlock(line=100,level=0,tokens=59), 101, 311, True
2025-12-28 19:14:40 - 20251228_191439_4a51b80e - markdown_it.rules_block.blockquote - DEBUG - blockquote.blockquote:13 - entering blockquote: StateBlock(line=100,level=0,tokens=59), 101, 311, True
2025-12-28 19:14:40 - 20251228_191439_4a51b80e - markdown_it.rules_block.hr - DEBUG - hr.hr:14 - entering hr: StateBlock(line=100,level=0,tokens=59), 101, 311, True
2025-12-28 19:14:40 - 20251228_191439_4a51b80e - markdown_it.rules_block.list - DEBUG - list.list_block:102 - entering list: StateBlock(line=100,level=0,tokens=59), 101, 311, True
2025-12-28 19:14:40 - 20251228_191439_4a51b80e - markdown_it.rules_block.html_block - DEBUG - html_block.html_block:35 - entering html_block: StateBlock(line=100,level=0,tokens=59), 101, 311, True
2025-12-28 19:14:40 - 20251228_191439_4a51b80e - markdown_it.rules_block.heading - DEBUG - heading.heading:13 - entering heading: StateBlock(line=100,level=0,tokens=59), 101, 311, True
2025-12-28 19:14:40 - 20251228_191439_4a51b80e - markdown_it.rules_block.code - DEBUG - code.code:10 - entering code: StateBlock(line=103,level=0,tokens=62), 103, 311, False
2025-12-28 19:14:40 - 20251228_191439_4a51b80e - markdown_it.rules_block.fence - DEBUG - fence.fence:10 - entering fence: StateBlock(line=103,level=0,tokens=62), 103, 311, False
2025-12-28 19:14:40 - 20251228_191439_4a51b80e - markdown_it.rules_block.blockquote - DEBUG - blockquote.blockquote:13 - entering blockquote: StateBlock(line=103,level=0,tokens=62), 103, 311, False
2025-12-28 19:14:40 - 20251228_191439_4a51b80e - markdown_it.rules_block.hr - DEBUG - hr.hr:14 - entering hr: StateBlock(line=103,level=0,tokens=62), 103, 311, False
2025-12-28 19:14:40 - 20251228_191439_4a51b80e - markdown_it.rules_block.list - DEBUG - list.list_block:102 - entering list: StateBlock(line=103,level=0,tokens=62), 103, 311, False
2025-12-28 19:14:40 - 20251228_191439_4a51b80e - markdown_it.rules_block.reference - DEBUG - reference.reference:10 - entering reference: StateBlock(line=103,level=0,tokens=62), 103, 311, False
2025-12-28 19:14:40 - 20251228_191439_4a51b80e - markdown_it.rules_block.html_block - DEBUG - html_block.html_block:35 - entering html_block: StateBlock(line=103,level=0,tokens=62), 103, 311, False
2025-12-28 19:14:40 - 20251228_191439_4a51b80e - markdown_it.rules_block.heading - DEBUG - heading.heading:13 - entering heading: StateBlock(line=103,level=0,tokens=62), 103, 311, False
2025-12-28 19:14:40 - 20251228_191439_4a51b80e - markdown_it.rules_block.lheading - DEBUG - lheading.lheading:10 - entering lheading: StateBlock(line=103,level=0,tokens=62), 103, 311, False
2025-12-28 19:14:40 - 20251228_191439_4a51b80e - markdown_it.rules_block.fence - DEBUG - fence.fence:10 - entering fence: StateBlock(line=103,level=0,tokens=62), 104, 311, True
2025-12-28 19:14:40 - 20251228_191439_4a51b80e - markdown_it.rules_block.blockquote - DEBUG - blockquote.blockquote:13 - entering blockquote: StateBlock(line=103,level=0,tokens=62), 104, 311, True
2025-12-28 19:14:40 - 20251228_191439_4a51b80e - markdown_it.rules_block.hr - DEBUG - hr.hr:14 - entering hr: StateBlock(line=103,level=0,tokens=62), 104, 311, True
2025-12-28 19:14:40 - 20251228_191439_4a51b80e - markdown_it.rules_block.list - DEBUG - list.list_block:102 - entering list: StateBlock(line=103,level=0,tokens=62), 104, 311, True
2025-12-28 19:14:40 - 20251228_191439_4a51b80e - markdown_it.rules_block.html_block - DEBUG - html_block.html_block:35 - entering html_block: StateBlock(line=103,level=0,tokens=62), 104, 311, True
2025-12-28 19:14:40 - 20251228_191439_4a51b80e - markdown_it.rules_block.heading - DEBUG - heading.heading:13 - entering heading: StateBlock(line=103,level=0,tokens=62), 104, 311, True
2025-12-28 19:14:40 - 20251228_191439_4a51b80e - markdown_it.rules_block.fence - DEBUG - fence.fence:10 - entering fence: StateBlock(line=103,level=0,tokens=62), 105, 311, True
2025-12-28 19:14:40 - 20251228_191439_4a51b80e - markdown_it.rules_block.blockquote - DEBUG - blockquote.blockquote:13 - entering blockquote: StateBlock(line=103,level=0,tokens=62), 105, 311, True
2025-12-28 19:14:40 - 20251228_191439_4a51b80e - markdown_it.rules_block.hr - DEBUG - hr.hr:14 - entering hr: StateBlock(line=103,level=0,tokens=62), 105, 311, True
2025-12-28 19:14:40 - 20251228_191439_4a51b80e - markdown_it.rules_block.list - DEBUG - list.list_block:102 - entering list: StateBlock(line=103,level=0,tokens=62), 105, 311, True
2025-12-28 19:14:40 - 20251228_191439_4a51b80e - markdown_it.rules_block.html_block - DEBUG - html_block.html_block:35 - entering html_block: StateBlock(line=103,level=0,tokens=62), 105, 311, True
2025-12-28 19:14:40 - 20251228_191439_4a51b80e - markdown_it.rules_block.heading - DEBUG - heading.heading:13 - entering heading: StateBlock(line=103,level=0,tokens=62), 105, 311, True
2025-12-28 19:14:40 - 20251228_191439_4a51b80e - markdown_it.rules_block.paragraph - DEBUG - paragraph.paragraph:10 - entering paragraph: StateBlock(line=103,level=0,tokens=62), 103, 311, False
2025-12-28 19:14:40 - 20251228_191439_4a51b80e - markdown_it.rules_block.fence - DEBUG - fence.fence:10 - entering fence: StateBlock(line=103,level=0,tokens=62), 104, 311, True
2025-12-28 19:14:40 - 20251228_191439_4a51b80e - markdown_it.rules_block.blockquote - DEBUG - blockquote.blockquote:13 - entering blockquote: StateBlock(line=103,level=0,tokens=62), 104, 311, True
2025-12-28 19:14:40 - 20251228_191439_4a51b80e - markdown_it.rules_block.hr - DEBUG - hr.hr:14 - entering hr: StateBlock(line=103,level=0,tokens=62), 104, 311, True
2025-12-28 19:14:40 - 20251228_191439_4a51b80e - markdown_it.rules_block.list - DEBUG - list.list_block:102 - entering list: StateBlock(line=103,level=0,tokens=62), 104, 311, True
2025-12-28 19:14:40 - 20251228_191439_4a51b80e - markdown_it.rules_block.html_block - DEBUG - html_block.html_block:35 - entering html_block: StateBlock(line=103,level=0,tokens=62), 104, 311, True
2025-12-28 19:14:40 - 20251228_191439_4a51b80e - markdown_it.rules_block.heading - DEBUG - heading.heading:13 - entering heading: StateBlock(line=103,level=0,tokens=62), 104, 311, True
2025-12-28 19:14:40 - 20251228_191439_4a51b80e - markdown_it.rules_block.fence - DEBUG - fence.fence:10 - entering fence: StateBlock(line=103,level=0,tokens=62), 105, 311, True
2025-12-28 19:14:40 - 20251228_191439_4a51b80e - markdown_it.rules_block.blockquote - DEBUG - blockquote.blockquote:13 - entering blockquote: StateBlock(line=103,level=0,tokens=62), 105, 311, True
2025-12-28 19:14:40 - 20251228_191439_4a51b80e - markdown_it.rules_block.hr - DEBUG - hr.hr:14 - entering hr: StateBlock(line=103,level=0,tokens=62), 105, 311, True
2025-12-28 19:14:40 - 20251228_191439_4a51b80e - markdown_it.rules_block.list - DEBUG - list.list_block:102 - entering list: StateBlock(line=103,level=0,tokens=62), 105, 311, True
2025-12-28 19:14:40 - 20251228_191439_4a51b80e - markdown_it.rules_block.html_block - DEBUG - html_block.html_block:35 - entering html_block: StateBlock(line=103,level=0,tokens=62), 105, 311, True
2025-12-28 19:14:40 - 20251228_191439_4a51b80e - markdown_it.rules_block.heading - DEBUG - heading.heading:13 - entering heading: StateBlock(line=103,level=0,tokens=62), 105, 311, True
2025-12-28 19:14:40 - 20251228_191439_4a51b80e - markdown_it.rules_block.code - DEBUG - code.code:10 - entering code: StateBlock(line=107,level=0,tokens=65), 107, 311, False
2025-12-28 19:14:40 - 20251228_191439_4a51b80e - markdown_it.rules_block.fence - DEBUG - fence.fence:10 - entering fence: StateBlock(line=107,level=0,tokens=65), 107, 311, False
2025-12-28 19:14:40 - 20251228_191439_4a51b80e - markdown_it.rules_block.blockquote - DEBUG - blockquote.blockquote:13 - entering blockquote: StateBlock(line=107,level=0,tokens=65), 107, 311, False
2025-12-28 19:14:40 - 20251228_191439_4a51b80e - markdown_it.rules_block.hr - DEBUG - hr.hr:14 - entering hr: StateBlock(line=107,level=0,tokens=65), 107, 311, False
2025-12-28 19:14:40 - 20251228_191439_4a51b80e - markdown_it.rules_block.list - DEBUG - list.list_block:102 - entering list: StateBlock(line=107,level=0,tokens=65), 107, 311, False
2025-12-28 19:14:40 - 20251228_191439_4a51b80e - markdown_it.rules_block.reference - DEBUG - reference.reference:10 - entering reference: StateBlock(line=107,level=0,tokens=65), 107, 311, False
2025-12-28 19:14:40 - 20251228_191439_4a51b80e - markdown_it.rules_block.html_block - DEBUG - html_block.html_block:35 - entering html_block: StateBlock(line=107,level=0,tokens=65), 107, 311, False
2025-12-28 19:14:40 - 20251228_191439_4a51b80e - markdown_it.rules_block.heading - DEBUG - heading.heading:13 - entering heading: StateBlock(line=107,level=0,tokens=65), 107, 311, False
2025-12-28 19:14:40 - 20251228_191439_4a51b80e - markdown_it.rules_block.lheading - DEBUG - lheading.lheading:10 - entering lheading: StateBlock(line=107,level=0,tokens=65), 107, 311, False
2025-12-28 19:14:40 - 20251228_191439_4a51b80e - markdown_it.rules_block.paragraph - DEBUG - paragraph.paragraph:10 - entering paragraph: StateBlock(line=107,level=0,tokens=65), 107, 311, False
2025-12-28 19:14:40 - 20251228_191439_4a51b80e - markdown_it.rules_block.code - DEBUG - code.code:10 - entering code: StateBlock(line=109,level=0,tokens=68), 109, 311, False
2025-12-28 19:14:40 - 20251228_191439_4a51b80e - markdown_it.rules_block.fence - DEBUG - fence.fence:10 - entering fence: StateBlock(line=109,level=0,tokens=68), 109, 311, False
2025-12-28 19:14:40 - 20251228_191439_4a51b80e - markdown_it.rules_block.blockquote - DEBUG - blockquote.blockquote:13 - entering blockquote: StateBlock(line=109,level=0,tokens=68), 109, 311, False
2025-12-28 19:14:40 - 20251228_191439_4a51b80e - markdown_it.rules_block.hr - DEBUG - hr.hr:14 - entering hr: StateBlock(line=109,level=0,tokens=68), 109, 311, False
2025-12-28 19:14:40 - 20251228_191439_4a51b80e - markdown_it.rules_block.list - DEBUG - list.list_block:102 - entering list: StateBlock(line=109,level=0,tokens=68), 109, 311, False
2025-12-28 19:14:40 - 20251228_191439_4a51b80e - markdown_it.rules_block.reference - DEBUG - reference.reference:10 - entering reference: StateBlock(line=109,level=0,tokens=68), 109, 311, False
2025-12-28 19:14:40 - 20251228_191439_4a51b80e - markdown_it.rules_block.html_block - DEBUG - html_block.html_block:35 - entering html_block: StateBlock(line=109,level=0,tokens=68), 109, 311, False
2025-12-28 19:14:40 - 20251228_191439_4a51b80e - markdown_it.rules_block.heading - DEBUG - heading.heading:13 - entering heading: StateBlock(line=109,level=0,tokens=68), 109, 311, False
2025-12-28 19:14:40 - 20251228_191439_4a51b80e - markdown_it.rules_block.lheading - DEBUG - lheading.lheading:10 - entering lheading: StateBlock(line=109,level=0,tokens=68), 109, 311, False
2025-12-28 19:14:40 - 20251228_191439_4a51b80e - markdown_it.rules_block.paragraph - DEBUG - paragraph.paragraph:10 - entering paragraph: StateBlock(line=109,level=0,tokens=68), 109, 311, False
2025-12-28 19:14:40 - 20251228_191439_4a51b80e - markdown_it.rules_block.code - DEBUG - code.code:10 - entering code: StateBlock(line=111,level=0,tokens=71), 111, 311, False
2025-12-28 19:14:40 - 20251228_191439_4a51b80e - markdown_it.rules_block.fence - DEBUG - fence.fence:10 - entering fence: StateBlock(line=111,level=0,tokens=71), 111, 311, False
2025-12-28 19:14:40 - 20251228_191439_4a51b80e - markdown_it.rules_block.blockquote - DEBUG - blockquote.blockquote:13 - entering blockquote: StateBlock(line=111,level=0,tokens=71), 111, 311, False
2025-12-28 19:14:40 - 20251228_191439_4a51b80e - markdown_it.rules_block.hr - DEBUG - hr.hr:14 - entering hr: StateBlock(line=111,level=0,tokens=71), 111, 311, False
2025-12-28 19:14:40 - 20251228_191439_4a51b80e - markdown_it.rules_block.code - DEBUG - code.code:10 - entering code: StateBlock(line=113,level=0,tokens=72), 113, 311, False
2025-12-28 19:14:40 - 20251228_191439_4a51b80e - markdown_it.rules_block.fence - DEBUG - fence.fence:10 - entering fence: StateBlock(line=113,level=0,tokens=72), 113, 311, False
2025-12-28 19:14:40 - 20251228_191439_4a51b80e - markdown_it.rules_block.blockquote - DEBUG - blockquote.blockquote:13 - entering blockquote: StateBlock(line=113,level=0,tokens=72), 113, 311, False
2025-12-28 19:14:40 - 20251228_191439_4a51b80e - markdown_it.rules_block.hr - DEBUG - hr.hr:14 - entering hr: StateBlock(line=113,level=0,tokens=72), 113, 311, False
2025-12-28 19:14:40 - 20251228_191439_4a51b80e - markdown_it.rules_block.list - DEBUG - list.list_block:102 - entering list: StateBlock(line=113,level=0,tokens=72), 113, 311, False
2025-12-28 19:14:40 - 20251228_191439_4a51b80e - markdown_it.rules_block.reference - DEBUG - reference.reference:10 - entering reference: StateBlock(line=113,level=0,tokens=72), 113, 311, False
2025-12-28 19:14:40 - 20251228_191439_4a51b80e - markdown_it.rules_block.html_block - DEBUG - html_block.html_block:35 - entering html_block: StateBlock(line=113,level=0,tokens=72), 113, 311, False
2025-12-28 19:14:40 - 20251228_191439_4a51b80e - markdown_it.rules_block.heading - DEBUG - heading.heading:13 - entering heading: StateBlock(line=113,level=0,tokens=72), 113, 311, False
2025-12-28 19:14:40 - 20251228_191439_4a51b80e - markdown_it.rules_block.code - DEBUG - code.code:10 - entering code: StateBlock(line=115,level=0,tokens=75), 115, 311, False
2025-12-28 19:14:40 - 20251228_191439_4a51b80e - markdown_it.rules_block.fence - DEBUG - fence.fence:10 - entering fence: StateBlock(line=115,level=0,tokens=75), 115, 311, False
2025-12-28 19:14:40 - 20251228_191439_4a51b80e - markdown_it.rules_block.blockquote - DEBUG - blockquote.blockquote:13 - entering blockquote: StateBlock(line=115,level=0,tokens=75), 115, 311, False
2025-12-28 19:14:40 - 20251228_191439_4a51b80e - markdown_it.rules_block.hr - DEBUG - hr.hr:14 - entering hr: StateBlock(line=115,level=0,tokens=75), 115, 311, False
2025-12-28 19:14:40 - 20251228_191439_4a51b80e - markdown_it.rules_block.list - DEBUG - list.list_block:102 - entering list: StateBlock(line=115,level=0,tokens=75), 115, 311, False
2025-12-28 19:14:40 - 20251228_191439_4a51b80e - markdown_it.rules_block.reference - DEBUG - reference.reference:10 - entering reference: StateBlock(line=115,level=0,tokens=75), 115, 311, False
2025-12-28 19:14:40 - 20251228_191439_4a51b80e - markdown_it.rules_block.html_block - DEBUG - html_block.html_block:35 - entering html_block: StateBlock(line=115,level=0,tokens=75), 115, 311, False
2025-12-28 19:14:40 - 20251228_191439_4a51b80e - markdown_it.rules_block.heading - DEBUG - heading.heading:13 - entering heading: StateBlock(line=115,level=0,tokens=75), 115, 311, False
2025-12-28 19:14:40 - 20251228_191439_4a51b80e - markdown_it.rules_block.lheading - DEBUG - lheading.lheading:10 - entering lheading: StateBlock(line=115,level=0,tokens=75), 115, 311, False
2025-12-28 19:14:40 - 20251228_191439_4a51b80e - markdown_it.rules_block.fence - DEBUG - fence.fence:10 - entering fence: StateBlock(line=115,level=0,tokens=75), 116, 311, True
2025-12-28 19:14:40 - 20251228_191439_4a51b80e - markdown_it.rules_block.blockquote - DEBUG - blockquote.blockquote:13 - entering blockquote: StateBlock(line=115,level=0,tokens=75), 116, 311, True
2025-12-28 19:14:40 - 20251228_191439_4a51b80e - markdown_it.rules_block.hr - DEBUG - hr.hr:14 - entering hr: StateBlock(line=115,level=0,tokens=75), 116, 311, True
2025-12-28 19:14:40 - 20251228_191439_4a51b80e - markdown_it.rules_block.list - DEBUG - list.list_block:102 - entering list: StateBlock(line=115,level=0,tokens=75), 116, 311, True
2025-12-28 19:14:40 - 20251228_191439_4a51b80e - markdown_it.rules_block.html_block - DEBUG - html_block.html_block:35 - entering html_block: StateBlock(line=115,level=0,tokens=75), 116, 311, True
2025-12-28 19:14:40 - 20251228_191439_4a51b80e - markdown_it.rules_block.heading - DEBUG - heading.heading:13 - entering heading: StateBlock(line=115,level=0,tokens=75), 116, 311, True
2025-12-28 19:14:40 - 20251228_191439_4a51b80e - markdown_it.rules_block.paragraph - DEBUG - paragraph.paragraph:10 - entering paragraph: StateBlock(line=115,level=0,tokens=75), 115, 311, False
2025-12-28 19:14:40 - 20251228_191439_4a51b80e - markdown_it.rules_block.fence - DEBUG - fence.fence:10 - entering fence: StateBlock(line=115,level=0,tokens=75), 116, 311, True
2025-12-28 19:14:40 - 20251228_191439_4a51b80e - markdown_it.rules_block.blockquote - DEBUG - blockquote.blockquote:13 - entering blockquote: StateBlock(line=115,level=0,tokens=75), 116, 311, True
2025-12-28 19:14:40 - 20251228_191439_4a51b80e - markdown_it.rules_block.hr - DEBUG - hr.hr:14 - entering hr: StateBlock(line=115,level=0,tokens=75), 116, 311, True
2025-12-28 19:14:40 - 20251228_191439_4a51b80e - markdown_it.rules_block.list - DEBUG - list.list_block:102 - entering list: StateBlock(line=115,level=0,tokens=75), 116, 311, True
2025-12-28 19:14:40 - 20251228_191439_4a51b80e - markdown_it.rules_block.html_block - DEBUG - html_block.html_block:35 - entering html_block: StateBlock(line=115,level=0,tokens=75), 116, 311, True
2025-12-28 19:14:40 - 20251228_191439_4a51b80e - markdown_it.rules_block.heading - DEBUG - heading.heading:13 - entering heading: StateBlock(line=115,level=0,tokens=75), 116, 311, True
2025-12-28 19:14:40 - 20251228_191439_4a51b80e - markdown_it.rules_block.code - DEBUG - code.code:10 - entering code: StateBlock(line=118,level=0,tokens=78), 118, 311, False
2025-12-28 19:14:40 - 20251228_191439_4a51b80e - markdown_it.rules_block.fence - DEBUG - fence.fence:10 - entering fence: StateBlock(line=118,level=0,tokens=78), 118, 311, False
2025-12-28 19:14:40 - 20251228_191439_4a51b80e - markdown_it.rules_block.blockquote - DEBUG - blockquote.blockquote:13 - entering blockquote: StateBlock(line=118,level=0,tokens=78), 118, 311, False
2025-12-28 19:14:40 - 20251228_191439_4a51b80e - markdown_it.rules_block.hr - DEBUG - hr.hr:14 - entering hr: StateBlock(line=118,level=0,tokens=78), 118, 311, False
2025-12-28 19:14:40 - 20251228_191439_4a51b80e - markdown_it.rules_block.list - DEBUG - list.list_block:102 - entering list: StateBlock(line=118,level=0,tokens=78), 118, 311, False
2025-12-28 19:14:40 - 20251228_191439_4a51b80e - markdown_it.rules_block.reference - DEBUG - reference.reference:10 - entering reference: StateBlock(line=118,level=0,tokens=78), 118, 311, False
2025-12-28 19:14:40 - 20251228_191439_4a51b80e - markdown_it.rules_block.html_block - DEBUG - html_block.html_block:35 - entering html_block: StateBlock(line=118,level=0,tokens=78), 118, 311, False
2025-12-28 19:14:40 - 20251228_191439_4a51b80e - markdown_it.rules_block.heading - DEBUG - heading.heading:13 - entering heading: StateBlock(line=118,level=0,tokens=78), 118, 311, False
2025-12-28 19:14:40 - 20251228_191439_4a51b80e - markdown_it.rules_block.lheading - DEBUG - lheading.lheading:10 - entering lheading: StateBlock(line=118,level=0,tokens=78), 118, 311, False
2025-12-28 19:14:40 - 20251228_191439_4a51b80e - markdown_it.rules_block.fence - DEBUG - fence.fence:10 - entering fence: StateBlock(line=118,level=0,tokens=78), 119, 311, True
2025-12-28 19:14:40 - 20251228_191439_4a51b80e - markdown_it.rules_block.blockquote - DEBUG - blockquote.blockquote:13 - entering blockquote: StateBlock(line=118,level=0,tokens=78), 119, 311, True
2025-12-28 19:14:40 - 20251228_191439_4a51b80e - markdown_it.rules_block.hr - DEBUG - hr.hr:14 - entering hr: StateBlock(line=118,level=0,tokens=78), 119, 311, True
2025-12-28 19:14:40 - 20251228_191439_4a51b80e - markdown_it.rules_block.list - DEBUG - list.list_block:102 - entering list: StateBlock(line=118,level=0,tokens=78), 119, 311, True
2025-12-28 19:14:40 - 20251228_191439_4a51b80e - markdown_it.rules_block.html_block - DEBUG - html_block.html_block:35 - entering html_block: StateBlock(line=118,level=0,tokens=78), 119, 311, True
2025-12-28 19:14:40 - 20251228_191439_4a51b80e - markdown_it.rules_block.heading - DEBUG - heading.heading:13 - entering heading: StateBlock(line=118,level=0,tokens=78), 119, 311, True
2025-12-28 19:14:40 - 20251228_191439_4a51b80e - markdown_it.rules_block.fence - DEBUG - fence.fence:10 - entering fence: StateBlock(line=118,level=0,tokens=78), 120, 311, True
2025-12-28 19:14:40 - 20251228_191439_4a51b80e - markdown_it.rules_block.blockquote - DEBUG - blockquote.blockquote:13 - entering blockquote: StateBlock(line=118,level=0,tokens=78), 120, 311, True
2025-12-28 19:14:40 - 20251228_191439_4a51b80e - markdown_it.rules_block.hr - DEBUG - hr.hr:14 - entering hr: StateBlock(line=118,level=0,tokens=78), 120, 311, True
2025-12-28 19:14:40 - 20251228_191439_4a51b80e - markdown_it.rules_block.list - DEBUG - list.list_block:102 - entering list: StateBlock(line=118,level=0,tokens=78), 120, 311, True
2025-12-28 19:14:40 - 20251228_191439_4a51b80e - markdown_it.rules_block.html_block - DEBUG - html_block.html_block:35 - entering html_block: StateBlock(line=118,level=0,tokens=78), 120, 311, True
2025-12-28 19:14:40 - 20251228_191439_4a51b80e - markdown_it.rules_block.heading - DEBUG - heading.heading:13 - entering heading: StateBlock(line=118,level=0,tokens=78), 120, 311, True
2025-12-28 19:14:40 - 20251228_191439_4a51b80e - markdown_it.rules_block.paragraph - DEBUG - paragraph.paragraph:10 - entering paragraph: StateBlock(line=118,level=0,tokens=78), 118, 311, False
2025-12-28 19:14:40 - 20251228_191439_4a51b80e - markdown_it.rules_block.fence - DEBUG - fence.fence:10 - entering fence: StateBlock(line=118,level=0,tokens=78), 119, 311, True
2025-12-28 19:14:40 - 20251228_191439_4a51b80e - markdown_it.rules_block.blockquote - DEBUG - blockquote.blockquote:13 - entering blockquote: StateBlock(line=118,level=0,tokens=78), 119, 311, True
2025-12-28 19:14:40 - 20251228_191439_4a51b80e - markdown_it.rules_block.hr - DEBUG - hr.hr:14 - entering hr: StateBlock(line=118,level=0,tokens=78), 119, 311, True
2025-12-28 19:14:40 - 20251228_191439_4a51b80e - markdown_it.rules_block.list - DEBUG - list.list_block:102 - entering list: StateBlock(line=118,level=0,tokens=78), 119, 311, True
2025-12-28 19:14:40 - 20251228_191439_4a51b80e - markdown_it.rules_block.html_block - DEBUG - html_block.html_block:35 - entering html_block: StateBlock(line=118,level=0,tokens=78), 119, 311, True
2025-12-28 19:14:40 - 20251228_191439_4a51b80e - markdown_it.rules_block.heading - DEBUG - heading.heading:13 - entering heading: StateBlock(line=118,level=0,tokens=78), 119, 311, True
2025-12-28 19:14:40 - 20251228_191439_4a51b80e - markdown_it.rules_block.fence - DEBUG - fence.fence:10 - entering fence: StateBlock(line=118,level=0,tokens=78), 120, 311, True
2025-12-28 19:14:40 - 20251228_191439_4a51b80e - markdown_it.rules_block.blockquote - DEBUG - blockquote.blockquote:13 - entering blockquote: StateBlock(line=118,level=0,tokens=78), 120, 311, True
2025-12-28 19:14:40 - 20251228_191439_4a51b80e - markdown_it.rules_block.hr - DEBUG - hr.hr:14 - entering hr: StateBlock(line=118,level=0,tokens=78), 120, 311, True
2025-12-28 19:14:40 - 20251228_191439_4a51b80e - markdown_it.rules_block.list - DEBUG - list.list_block:102 - entering list: StateBlock(line=118,level=0,tokens=78), 120, 311, True
2025-12-28 19:14:40 - 20251228_191439_4a51b80e - markdown_it.rules_block.html_block - DEBUG - html_block.html_block:35 - entering html_block: StateBlock(line=118,level=0,tokens=78), 120, 311, True
2025-12-28 19:14:40 - 20251228_191439_4a51b80e - markdown_it.rules_block.heading - DEBUG - heading.heading:13 - entering heading: StateBlock(line=118,level=0,tokens=78), 120, 311, True
2025-12-28 19:14:40 - 20251228_191439_4a51b80e - markdown_it.rules_block.code - DEBUG - code.code:10 - entering code: StateBlock(line=122,level=0,tokens=81), 122, 311, False
2025-12-28 19:14:40 - 20251228_191439_4a51b80e - markdown_it.rules_block.fence - DEBUG - fence.fence:10 - entering fence: StateBlock(line=122,level=0,tokens=81), 122, 311, False
2025-12-28 19:14:40 - 20251228_191439_4a51b80e - markdown_it.rules_block.blockquote - DEBUG - blockquote.blockquote:13 - entering blockquote: StateBlock(line=122,level=0,tokens=81), 122, 311, False
2025-12-28 19:14:40 - 20251228_191439_4a51b80e - markdown_it.rules_block.hr - DEBUG - hr.hr:14 - entering hr: StateBlock(line=122,level=0,tokens=81), 122, 311, False
2025-12-28 19:14:40 - 20251228_191439_4a51b80e - markdown_it.rules_block.list - DEBUG - list.list_block:102 - entering list: StateBlock(line=122,level=0,tokens=81), 122, 311, False
2025-12-28 19:14:40 - 20251228_191439_4a51b80e - markdown_it.rules_block.reference - DEBUG - reference.reference:10 - entering reference: StateBlock(line=122,level=0,tokens=81), 122, 311, False
2025-12-28 19:14:40 - 20251228_191439_4a51b80e - markdown_it.rules_block.html_block - DEBUG - html_block.html_block:35 - entering html_block: StateBlock(line=122,level=0,tokens=81), 122, 311, False
2025-12-28 19:14:40 - 20251228_191439_4a51b80e - markdown_it.rules_block.heading - DEBUG - heading.heading:13 - entering heading: StateBlock(line=122,level=0,tokens=81), 122, 311, False
2025-12-28 19:14:40 - 20251228_191439_4a51b80e - markdown_it.rules_block.lheading - DEBUG - lheading.lheading:10 - entering lheading: StateBlock(line=122,level=0,tokens=81), 122, 311, False
2025-12-28 19:14:40 - 20251228_191439_4a51b80e - markdown_it.rules_block.paragraph - DEBUG - paragraph.paragraph:10 - entering paragraph: StateBlock(line=122,level=0,tokens=81), 122, 311, False
2025-12-28 19:14:40 - 20251228_191439_4a51b80e - markdown_it.rules_block.code - DEBUG - code.code:10 - entering code: StateBlock(line=124,level=0,tokens=84), 124, 311, False
2025-12-28 19:14:40 - 20251228_191439_4a51b80e - markdown_it.rules_block.fence - DEBUG - fence.fence:10 - entering fence: StateBlock(line=124,level=0,tokens=84), 124, 311, False
2025-12-28 19:14:40 - 20251228_191439_4a51b80e - markdown_it.rules_block.blockquote - DEBUG - blockquote.blockquote:13 - entering blockquote: StateBlock(line=124,level=0,tokens=84), 124, 311, False
2025-12-28 19:14:40 - 20251228_191439_4a51b80e - markdown_it.rules_block.hr - DEBUG - hr.hr:14 - entering hr: StateBlock(line=124,level=0,tokens=84), 124, 311, False
2025-12-28 19:14:40 - 20251228_191439_4a51b80e - markdown_it.rules_block.code - DEBUG - code.code:10 - entering code: StateBlock(line=126,level=0,tokens=85), 126, 311, False
2025-12-28 19:14:40 - 20251228_191439_4a51b80e - markdown_it.rules_block.fence - DEBUG - fence.fence:10 - entering fence: StateBlock(line=126,level=0,tokens=85), 126, 311, False
2025-12-28 19:14:40 - 20251228_191439_4a51b80e - markdown_it.rules_block.blockquote - DEBUG - blockquote.blockquote:13 - entering blockquote: StateBlock(line=126,level=0,tokens=85), 126, 311, False
2025-12-28 19:14:40 - 20251228_191439_4a51b80e - markdown_it.rules_block.hr - DEBUG - hr.hr:14 - entering hr: StateBlock(line=126,level=0,tokens=85), 126, 311, False
2025-12-28 19:14:40 - 20251228_191439_4a51b80e - markdown_it.rules_block.list - DEBUG - list.list_block:102 - entering list: StateBlock(line=126,level=0,tokens=85), 126, 311, False
2025-12-28 19:14:40 - 20251228_191439_4a51b80e - markdown_it.rules_block.reference - DEBUG - reference.reference:10 - entering reference: StateBlock(line=126,level=0,tokens=85), 126, 311, False
2025-12-28 19:14:40 - 20251228_191439_4a51b80e - markdown_it.rules_block.html_block - DEBUG - html_block.html_block:35 - entering html_block: StateBlock(line=126,level=0,tokens=85), 126, 311, False
2025-12-28 19:14:40 - 20251228_191439_4a51b80e - markdown_it.rules_block.heading - DEBUG - heading.heading:13 - entering heading: StateBlock(line=126,level=0,tokens=85), 126, 311, False
2025-12-28 19:14:40 - 20251228_191439_4a51b80e - markdown_it.rules_block.code - DEBUG - code.code:10 - entering code: StateBlock(line=128,level=0,tokens=88), 128, 311, False
2025-12-28 19:14:40 - 20251228_191439_4a51b80e - markdown_it.rules_block.fence - DEBUG - fence.fence:10 - entering fence: StateBlock(line=128,level=0,tokens=88), 128, 311, False
2025-12-28 19:14:40 - 20251228_191439_4a51b80e - markdown_it.rules_block.blockquote - DEBUG - blockquote.blockquote:13 - entering blockquote: StateBlock(line=128,level=0,tokens=88), 128, 311, False
2025-12-28 19:14:40 - 20251228_191439_4a51b80e - markdown_it.rules_block.hr - DEBUG - hr.hr:14 - entering hr: StateBlock(line=128,level=0,tokens=88), 128, 311, False
2025-12-28 19:14:40 - 20251228_191439_4a51b80e - markdown_it.rules_block.list - DEBUG - list.list_block:102 - entering list: StateBlock(line=128,level=0,tokens=88), 128, 311, False
2025-12-28 19:14:40 - 20251228_191439_4a51b80e - markdown_it.rules_block.reference - DEBUG - reference.reference:10 - entering reference: StateBlock(line=128,level=0,tokens=88), 128, 311, False
2025-12-28 19:14:40 - 20251228_191439_4a51b80e - markdown_it.rules_block.html_block - DEBUG - html_block.html_block:35 - entering html_block: StateBlock(line=128,level=0,tokens=88), 128, 311, False
2025-12-28 19:14:40 - 20251228_191439_4a51b80e - markdown_it.rules_block.heading - DEBUG - heading.heading:13 - entering heading: StateBlock(line=128,level=0,tokens=88), 128, 311, False
2025-12-28 19:14:40 - 20251228_191439_4a51b80e - markdown_it.rules_block.lheading - DEBUG - lheading.lheading:10 - entering lheading: StateBlock(line=128,level=0,tokens=88), 128, 311, False
2025-12-28 19:14:40 - 20251228_191439_4a51b80e - markdown_it.rules_block.fence - DEBUG - fence.fence:10 - entering fence: StateBlock(line=128,level=0,tokens=88), 129, 311, True
2025-12-28 19:14:40 - 20251228_191439_4a51b80e - markdown_it.rules_block.blockquote - DEBUG - blockquote.blockquote:13 - entering blockquote: StateBlock(line=128,level=0,tokens=88), 129, 311, True
2025-12-28 19:14:40 - 20251228_191439_4a51b80e - markdown_it.rules_block.hr - DEBUG - hr.hr:14 - entering hr: StateBlock(line=128,level=0,tokens=88), 129, 311, True
2025-12-28 19:14:40 - 20251228_191439_4a51b80e - markdown_it.rules_block.list - DEBUG - list.list_block:102 - entering list: StateBlock(line=128,level=0,tokens=88), 129, 311, True
2025-12-28 19:14:40 - 20251228_191439_4a51b80e - markdown_it.rules_block.html_block - DEBUG - html_block.html_block:35 - entering html_block: StateBlock(line=128,level=0,tokens=88), 129, 311, True
2025-12-28 19:14:40 - 20251228_191439_4a51b80e - markdown_it.rules_block.heading - DEBUG - heading.heading:13 - entering heading: StateBlock(line=128,level=0,tokens=88), 129, 311, True
2025-12-28 19:14:40 - 20251228_191439_4a51b80e - markdown_it.rules_block.fence - DEBUG - fence.fence:10 - entering fence: StateBlock(line=128,level=0,tokens=88), 130, 311, True
2025-12-28 19:14:40 - 20251228_191439_4a51b80e - markdown_it.rules_block.blockquote - DEBUG - blockquote.blockquote:13 - entering blockquote: StateBlock(line=128,level=0,tokens=88), 130, 311, True
2025-12-28 19:14:40 - 20251228_191439_4a51b80e - markdown_it.rules_block.hr - DEBUG - hr.hr:14 - entering hr: StateBlock(line=128,level=0,tokens=88), 130, 311, True
2025-12-28 19:14:40 - 20251228_191439_4a51b80e - markdown_it.rules_block.list - DEBUG - list.list_block:102 - entering list: StateBlock(line=128,level=0,tokens=88), 130, 311, True
2025-12-28 19:14:40 - 20251228_191439_4a51b80e - markdown_it.rules_block.html_block - DEBUG - html_block.html_block:35 - entering html_block: StateBlock(line=128,level=0,tokens=88), 130, 311, True
2025-12-28 19:14:40 - 20251228_191439_4a51b80e - markdown_it.rules_block.heading - DEBUG - heading.heading:13 - entering heading: StateBlock(line=128,level=0,tokens=88), 130, 311, True
2025-12-28 19:14:40 - 20251228_191439_4a51b80e - markdown_it.rules_block.paragraph - DEBUG - paragraph.paragraph:10 - entering paragraph: StateBlock(line=128,level=0,tokens=88), 128, 311, False
2025-12-28 19:14:40 - 20251228_191439_4a51b80e - markdown_it.rules_block.fence - DEBUG - fence.fence:10 - entering fence: StateBlock(line=128,level=0,tokens=88), 129, 311, True
2025-12-28 19:14:40 - 20251228_191439_4a51b80e - markdown_it.rules_block.blockquote - DEBUG - blockquote.blockquote:13 - entering blockquote: StateBlock(line=128,level=0,tokens=88), 129, 311, True
2025-12-28 19:14:40 - 20251228_191439_4a51b80e - markdown_it.rules_block.hr - DEBUG - hr.hr:14 - entering hr: StateBlock(line=128,level=0,tokens=88), 129, 311, True
2025-12-28 19:14:40 - 20251228_191439_4a51b80e - markdown_it.rules_block.list - DEBUG - list.list_block:102 - entering list: StateBlock(line=128,level=0,tokens=88), 129, 311, True
2025-12-28 19:14:40 - 20251228_191439_4a51b80e - markdown_it.rules_block.html_block - DEBUG - html_block.html_block:35 - entering html_block: StateBlock(line=128,level=0,tokens=88), 129, 311, True
2025-12-28 19:14:40 - 20251228_191439_4a51b80e - markdown_it.rules_block.heading - DEBUG - heading.heading:13 - entering heading: StateBlock(line=128,level=0,tokens=88), 129, 311, True
2025-12-28 19:14:40 - 20251228_191439_4a51b80e - markdown_it.rules_block.fence - DEBUG - fence.fence:10 - entering fence: StateBlock(line=128,level=0,tokens=88), 130, 311, True
2025-12-28 19:14:40 - 20251228_191439_4a51b80e - markdown_it.rules_block.blockquote - DEBUG - blockquote.blockquote:13 - entering blockquote: StateBlock(line=128,level=0,tokens=88), 130, 311, True
2025-12-28 19:14:40 - 20251228_191439_4a51b80e - markdown_it.rules_block.hr - DEBUG - hr.hr:14 - entering hr: StateBlock(line=128,level=0,tokens=88), 130, 311, True
2025-12-28 19:14:40 - 20251228_191439_4a51b80e - markdown_it.rules_block.list - DEBUG - list.list_block:102 - entering list: StateBlock(line=128,level=0,tokens=88), 130, 311, True
2025-12-28 19:14:40 - 20251228_191439_4a51b80e - markdown_it.rules_block.html_block - DEBUG - html_block.html_block:35 - entering html_block: StateBlock(line=128,level=0,tokens=88), 130, 311, True
2025-12-28 19:14:40 - 20251228_191439_4a51b80e - markdown_it.rules_block.heading - DEBUG - heading.heading:13 - entering heading: StateBlock(line=128,level=0,tokens=88), 130, 311, True
2025-12-28 19:14:40 - 20251228_191439_4a51b80e - markdown_it.rules_block.code - DEBUG - code.code:10 - entering code: StateBlock(line=132,level=0,tokens=91), 132, 311, False
2025-12-28 19:14:40 - 20251228_191439_4a51b80e - markdown_it.rules_block.fence - DEBUG - fence.fence:10 - entering fence: StateBlock(line=132,level=0,tokens=91), 132, 311, False
2025-12-28 19:14:40 - 20251228_191439_4a51b80e - markdown_it.rules_block.blockquote - DEBUG - blockquote.blockquote:13 - entering blockquote: StateBlock(line=132,level=0,tokens=91), 132, 311, False
2025-12-28 19:14:40 - 20251228_191439_4a51b80e - markdown_it.rules_block.hr - DEBUG - hr.hr:14 - entering hr: StateBlock(line=132,level=0,tokens=91), 132, 311, False
2025-12-28 19:14:40 - 20251228_191439_4a51b80e - markdown_it.rules_block.list - DEBUG - list.list_block:102 - entering list: StateBlock(line=132,level=0,tokens=91), 132, 311, False
2025-12-28 19:14:40 - 20251228_191439_4a51b80e - markdown_it.rules_block.reference - DEBUG - reference.reference:10 - entering reference: StateBlock(line=132,level=0,tokens=91), 132, 311, False
2025-12-28 19:14:40 - 20251228_191439_4a51b80e - markdown_it.rules_block.html_block - DEBUG - html_block.html_block:35 - entering html_block: StateBlock(line=132,level=0,tokens=91), 132, 311, False
2025-12-28 19:14:40 - 20251228_191439_4a51b80e - markdown_it.rules_block.heading - DEBUG - heading.heading:13 - entering heading: StateBlock(line=132,level=0,tokens=91), 132, 311, False
2025-12-28 19:14:40 - 20251228_191439_4a51b80e - markdown_it.rules_block.lheading - DEBUG - lheading.lheading:10 - entering lheading: StateBlock(line=132,level=0,tokens=91), 132, 311, False
2025-12-28 19:14:40 - 20251228_191439_4a51b80e - markdown_it.rules_block.fence - DEBUG - fence.fence:10 - entering fence: StateBlock(line=132,level=0,tokens=91), 133, 311, True
2025-12-28 19:14:40 - 20251228_191439_4a51b80e - markdown_it.rules_block.blockquote - DEBUG - blockquote.blockquote:13 - entering blockquote: StateBlock(line=132,level=0,tokens=91), 133, 311, True
2025-12-28 19:14:40 - 20251228_191439_4a51b80e - markdown_it.rules_block.hr - DEBUG - hr.hr:14 - entering hr: StateBlock(line=132,level=0,tokens=91), 133, 311, True
2025-12-28 19:14:40 - 20251228_191439_4a51b80e - markdown_it.rules_block.list - DEBUG - list.list_block:102 - entering list: StateBlock(line=132,level=0,tokens=91), 133, 311, True
2025-12-28 19:14:40 - 20251228_191439_4a51b80e - markdown_it.rules_block.html_block - DEBUG - html_block.html_block:35 - entering html_block: StateBlock(line=132,level=0,tokens=91), 133, 311, True
2025-12-28 19:14:40 - 20251228_191439_4a51b80e - markdown_it.rules_block.heading - DEBUG - heading.heading:13 - entering heading: StateBlock(line=132,level=0,tokens=91), 133, 311, True
2025-12-28 19:14:40 - 20251228_191439_4a51b80e - markdown_it.rules_block.paragraph - DEBUG - paragraph.paragraph:10 - entering paragraph: StateBlock(line=132,level=0,tokens=91), 132, 311, False
2025-12-28 19:14:40 - 20251228_191439_4a51b80e - markdown_it.rules_block.fence - DEBUG - fence.fence:10 - entering fence: StateBlock(line=132,level=0,tokens=91), 133, 311, True
2025-12-28 19:14:40 - 20251228_191439_4a51b80e - markdown_it.rules_block.blockquote - DEBUG - blockquote.blockquote:13 - entering blockquote: StateBlock(line=132,level=0,tokens=91), 133, 311, True
2025-12-28 19:14:40 - 20251228_191439_4a51b80e - markdown_it.rules_block.hr - DEBUG - hr.hr:14 - entering hr: StateBlock(line=132,level=0,tokens=91), 133, 311, True
2025-12-28 19:14:40 - 20251228_191439_4a51b80e - markdown_it.rules_block.list - DEBUG - list.list_block:102 - entering list: StateBlock(line=132,level=0,tokens=91), 133, 311, True
2025-12-28 19:14:40 - 20251228_191439_4a51b80e - markdown_it.rules_block.html_block - DEBUG - html_block.html_block:35 - entering html_block: StateBlock(line=132,level=0,tokens=91), 133, 311, True
2025-12-28 19:14:40 - 20251228_191439_4a51b80e - markdown_it.rules_block.heading - DEBUG - heading.heading:13 - entering heading: StateBlock(line=132,level=0,tokens=91), 133, 311, True
2025-12-28 19:14:40 - 20251228_191439_4a51b80e - markdown_it.rules_block.code - DEBUG - code.code:10 - entering code: StateBlock(line=135,level=0,tokens=94), 135, 311, False
2025-12-28 19:14:40 - 20251228_191439_4a51b80e - markdown_it.rules_block.fence - DEBUG - fence.fence:10 - entering fence: StateBlock(line=135,level=0,tokens=94), 135, 311, False
2025-12-28 19:14:40 - 20251228_191439_4a51b80e - markdown_it.rules_block.blockquote - DEBUG - blockquote.blockquote:13 - entering blockquote: StateBlock(line=135,level=0,tokens=94), 135, 311, False
2025-12-28 19:14:40 - 20251228_191439_4a51b80e - markdown_it.rules_block.hr - DEBUG - hr.hr:14 - entering hr: StateBlock(line=135,level=0,tokens=94), 135, 311, False
2025-12-28 19:14:40 - 20251228_191439_4a51b80e - markdown_it.rules_block.list - DEBUG - list.list_block:102 - entering list: StateBlock(line=135,level=0,tokens=94), 135, 311, False
2025-12-28 19:14:40 - 20251228_191439_4a51b80e - markdown_it.rules_block.reference - DEBUG - reference.reference:10 - entering reference: StateBlock(line=135,level=0,tokens=94), 135, 311, False
2025-12-28 19:14:40 - 20251228_191439_4a51b80e - markdown_it.rules_block.html_block - DEBUG - html_block.html_block:35 - entering html_block: StateBlock(line=135,level=0,tokens=94), 135, 311, False
2025-12-28 19:14:40 - 20251228_191439_4a51b80e - markdown_it.rules_block.heading - DEBUG - heading.heading:13 - entering heading: StateBlock(line=135,level=0,tokens=94), 135, 311, False
2025-12-28 19:14:40 - 20251228_191439_4a51b80e - markdown_it.rules_block.lheading - DEBUG - lheading.lheading:10 - entering lheading: StateBlock(line=135,level=0,tokens=94), 135, 311, False
2025-12-28 19:14:40 - 20251228_191439_4a51b80e - markdown_it.rules_block.fence - DEBUG - fence.fence:10 - entering fence: StateBlock(line=135,level=0,tokens=94), 136, 311, True
2025-12-28 19:14:40 - 20251228_191439_4a51b80e - markdown_it.rules_block.blockquote - DEBUG - blockquote.blockquote:13 - entering blockquote: StateBlock(line=135,level=0,tokens=94), 136, 311, True
2025-12-28 19:14:40 - 20251228_191439_4a51b80e - markdown_it.rules_block.hr - DEBUG - hr.hr:14 - entering hr: StateBlock(line=135,level=0,tokens=94), 136, 311, True
2025-12-28 19:14:40 - 20251228_191439_4a51b80e - markdown_it.rules_block.list - DEBUG - list.list_block:102 - entering list: StateBlock(line=135,level=0,tokens=94), 136, 311, True
2025-12-28 19:14:40 - 20251228_191439_4a51b80e - markdown_it.rules_block.html_block - DEBUG - html_block.html_block:35 - entering html_block: StateBlock(line=135,level=0,tokens=94), 136, 311, True
2025-12-28 19:14:40 - 20251228_191439_4a51b80e - markdown_it.rules_block.heading - DEBUG - heading.heading:13 - entering heading: StateBlock(line=135,level=0,tokens=94), 136, 311, True
2025-12-28 19:14:40 - 20251228_191439_4a51b80e - markdown_it.rules_block.paragraph - DEBUG - paragraph.paragraph:10 - entering paragraph: StateBlock(line=135,level=0,tokens=94), 135, 311, False
2025-12-28 19:14:40 - 20251228_191439_4a51b80e - markdown_it.rules_block.fence - DEBUG - fence.fence:10 - entering fence: StateBlock(line=135,level=0,tokens=94), 136, 311, True
2025-12-28 19:14:40 - 20251228_191439_4a51b80e - markdown_it.rules_block.blockquote - DEBUG - blockquote.blockquote:13 - entering blockquote: StateBlock(line=135,level=0,tokens=94), 136, 311, True
2025-12-28 19:14:40 - 20251228_191439_4a51b80e - markdown_it.rules_block.hr - DEBUG - hr.hr:14 - entering hr: StateBlock(line=135,level=0,tokens=94), 136, 311, True
2025-12-28 19:14:40 - 20251228_191439_4a51b80e - markdown_it.rules_block.list - DEBUG - list.list_block:102 - entering list: StateBlock(line=135,level=0,tokens=94), 136, 311, True
2025-12-28 19:14:40 - 20251228_191439_4a51b80e - markdown_it.rules_block.html_block - DEBUG - html_block.html_block:35 - entering html_block: StateBlock(line=135,level=0,tokens=94), 136, 311, True
2025-12-28 19:14:40 - 20251228_191439_4a51b80e - markdown_it.rules_block.heading - DEBUG - heading.heading:13 - entering heading: StateBlock(line=135,level=0,tokens=94), 136, 311, True
2025-12-28 19:14:40 - 20251228_191439_4a51b80e - markdown_it.rules_block.code - DEBUG - code.code:10 - entering code: StateBlock(line=138,level=0,tokens=97), 138, 311, False
2025-12-28 19:14:40 - 20251228_191439_4a51b80e - markdown_it.rules_block.fence - DEBUG - fence.fence:10 - entering fence: StateBlock(line=138,level=0,tokens=97), 138, 311, False
2025-12-28 19:14:40 - 20251228_191439_4a51b80e - markdown_it.rules_block.blockquote - DEBUG - blockquote.blockquote:13 - entering blockquote: StateBlock(line=138,level=0,tokens=97), 138, 311, False
2025-12-28 19:14:40 - 20251228_191439_4a51b80e - markdown_it.rules_block.hr - DEBUG - hr.hr:14 - entering hr: StateBlock(line=138,level=0,tokens=97), 138, 311, False
2025-12-28 19:14:40 - 20251228_191439_4a51b80e - markdown_it.rules_block.code - DEBUG - code.code:10 - entering code: StateBlock(line=140,level=0,tokens=98), 140, 311, False
2025-12-28 19:14:40 - 20251228_191439_4a51b80e - markdown_it.rules_block.fence - DEBUG - fence.fence:10 - entering fence: StateBlock(line=140,level=0,tokens=98), 140, 311, False
2025-12-28 19:14:40 - 20251228_191439_4a51b80e - markdown_it.rules_block.blockquote - DEBUG - blockquote.blockquote:13 - entering blockquote: StateBlock(line=140,level=0,tokens=98), 140, 311, False
2025-12-28 19:14:40 - 20251228_191439_4a51b80e - markdown_it.rules_block.hr - DEBUG - hr.hr:14 - entering hr: StateBlock(line=140,level=0,tokens=98), 140, 311, False
2025-12-28 19:14:40 - 20251228_191439_4a51b80e - markdown_it.rules_block.list - DEBUG - list.list_block:102 - entering list: StateBlock(line=140,level=0,tokens=98), 140, 311, False
2025-12-28 19:14:40 - 20251228_191439_4a51b80e - markdown_it.rules_block.reference - DEBUG - reference.reference:10 - entering reference: StateBlock(line=140,level=0,tokens=98), 140, 311, False
2025-12-28 19:14:40 - 20251228_191439_4a51b80e - markdown_it.rules_block.html_block - DEBUG - html_block.html_block:35 - entering html_block: StateBlock(line=140,level=0,tokens=98), 140, 311, False
2025-12-28 19:14:40 - 20251228_191439_4a51b80e - markdown_it.rules_block.heading - DEBUG - heading.heading:13 - entering heading: StateBlock(line=140,level=0,tokens=98), 140, 311, False
2025-12-28 19:14:40 - 20251228_191439_4a51b80e - markdown_it.rules_block.code - DEBUG - code.code:10 - entering code: StateBlock(line=142,level=0,tokens=101), 142, 311, False
2025-12-28 19:14:40 - 20251228_191439_4a51b80e - markdown_it.rules_block.fence - DEBUG - fence.fence:10 - entering fence: StateBlock(line=142,level=0,tokens=101), 142, 311, False
2025-12-28 19:14:40 - 20251228_191439_4a51b80e - markdown_it.rules_block.blockquote - DEBUG - blockquote.blockquote:13 - entering blockquote: StateBlock(line=142,level=0,tokens=101), 142, 311, False
2025-12-28 19:14:40 - 20251228_191439_4a51b80e - markdown_it.rules_block.hr - DEBUG - hr.hr:14 - entering hr: StateBlock(line=142,level=0,tokens=101), 142, 311, False
2025-12-28 19:14:40 - 20251228_191439_4a51b80e - markdown_it.rules_block.list - DEBUG - list.list_block:102 - entering list: StateBlock(line=142,level=0,tokens=101), 142, 311, False
2025-12-28 19:14:40 - 20251228_191439_4a51b80e - markdown_it.rules_block.reference - DEBUG - reference.reference:10 - entering reference: StateBlock(line=142,level=0,tokens=101), 142, 311, False
2025-12-28 19:14:40 - 20251228_191439_4a51b80e - markdown_it.rules_block.html_block - DEBUG - html_block.html_block:35 - entering html_block: StateBlock(line=142,level=0,tokens=101), 142, 311, False
2025-12-28 19:14:40 - 20251228_191439_4a51b80e - markdown_it.rules_block.heading - DEBUG - heading.heading:13 - entering heading: StateBlock(line=142,level=0,tokens=101), 142, 311, False
2025-12-28 19:14:40 - 20251228_191439_4a51b80e - markdown_it.rules_block.code - DEBUG - code.code:10 - entering code: StateBlock(line=144,level=0,tokens=104), 144, 311, False
2025-12-28 19:14:40 - 20251228_191439_4a51b80e - markdown_it.rules_block.fence - DEBUG - fence.fence:10 - entering fence: StateBlock(line=144,level=0,tokens=104), 144, 311, False
2025-12-28 19:14:40 - 20251228_191439_4a51b80e - markdown_it.rules_block.blockquote - DEBUG - blockquote.blockquote:13 - entering blockquote: StateBlock(line=144,level=0,tokens=104), 144, 311, False
2025-12-28 19:14:40 - 20251228_191439_4a51b80e - markdown_it.rules_block.hr - DEBUG - hr.hr:14 - entering hr: StateBlock(line=144,level=0,tokens=104), 144, 311, False
2025-12-28 19:14:40 - 20251228_191439_4a51b80e - markdown_it.rules_block.list - DEBUG - list.list_block:102 - entering list: StateBlock(line=144,level=0,tokens=104), 144, 311, False
2025-12-28 19:14:40 - 20251228_191439_4a51b80e - markdown_it.rules_block.reference - DEBUG - reference.reference:10 - entering reference: StateBlock(line=144,level=0,tokens=104), 144, 311, False
2025-12-28 19:14:40 - 20251228_191439_4a51b80e - markdown_it.rules_block.html_block - DEBUG - html_block.html_block:35 - entering html_block: StateBlock(line=144,level=0,tokens=104), 144, 311, False
2025-12-28 19:14:40 - 20251228_191439_4a51b80e - markdown_it.rules_block.heading - DEBUG - heading.heading:13 - entering heading: StateBlock(line=144,level=0,tokens=104), 144, 311, False
2025-12-28 19:14:40 - 20251228_191439_4a51b80e - markdown_it.rules_block.lheading - DEBUG - lheading.lheading:10 - entering lheading: StateBlock(line=144,level=0,tokens=104), 144, 311, False
2025-12-28 19:14:40 - 20251228_191439_4a51b80e - markdown_it.rules_block.fence - DEBUG - fence.fence:10 - entering fence: StateBlock(line=144,level=0,tokens=104), 145, 311, True
2025-12-28 19:14:40 - 20251228_191439_4a51b80e - markdown_it.rules_block.blockquote - DEBUG - blockquote.blockquote:13 - entering blockquote: StateBlock(line=144,level=0,tokens=104), 145, 311, True
2025-12-28 19:14:40 - 20251228_191439_4a51b80e - markdown_it.rules_block.hr - DEBUG - hr.hr:14 - entering hr: StateBlock(line=144,level=0,tokens=104), 145, 311, True
2025-12-28 19:14:40 - 20251228_191439_4a51b80e - markdown_it.rules_block.list - DEBUG - list.list_block:102 - entering list: StateBlock(line=144,level=0,tokens=104), 145, 311, True
2025-12-28 19:14:40 - 20251228_191439_4a51b80e - markdown_it.rules_block.html_block - DEBUG - html_block.html_block:35 - entering html_block: StateBlock(line=144,level=0,tokens=104), 145, 311, True
2025-12-28 19:14:40 - 20251228_191439_4a51b80e - markdown_it.rules_block.heading - DEBUG - heading.heading:13 - entering heading: StateBlock(line=144,level=0,tokens=104), 145, 311, True
2025-12-28 19:14:40 - 20251228_191439_4a51b80e - markdown_it.rules_block.paragraph - DEBUG - paragraph.paragraph:10 - entering paragraph: StateBlock(line=144,level=0,tokens=104), 144, 311, False
2025-12-28 19:14:40 - 20251228_191439_4a51b80e - markdown_it.rules_block.fence - DEBUG - fence.fence:10 - entering fence: StateBlock(line=144,level=0,tokens=104), 145, 311, True
2025-12-28 19:14:40 - 20251228_191439_4a51b80e - markdown_it.rules_block.blockquote - DEBUG - blockquote.blockquote:13 - entering blockquote: StateBlock(line=144,level=0,tokens=104), 145, 311, True
2025-12-28 19:14:40 - 20251228_191439_4a51b80e - markdown_it.rules_block.hr - DEBUG - hr.hr:14 - entering hr: StateBlock(line=144,level=0,tokens=104), 145, 311, True
2025-12-28 19:14:40 - 20251228_191439_4a51b80e - markdown_it.rules_block.list - DEBUG - list.list_block:102 - entering list: StateBlock(line=144,level=0,tokens=104), 145, 311, True
2025-12-28 19:14:40 - 20251228_191439_4a51b80e - markdown_it.rules_block.html_block - DEBUG - html_block.html_block:35 - entering html_block: StateBlock(line=144,level=0,tokens=104), 145, 311, True
2025-12-28 19:14:40 - 20251228_191439_4a51b80e - markdown_it.rules_block.heading - DEBUG - heading.heading:13 - entering heading: StateBlock(line=144,level=0,tokens=104), 145, 311, True
2025-12-28 19:14:40 - 20251228_191439_4a51b80e - markdown_it.rules_block.code - DEBUG - code.code:10 - entering code: StateBlock(line=147,level=0,tokens=107), 147, 311, False
2025-12-28 19:14:40 - 20251228_191439_4a51b80e - markdown_it.rules_block.fence - DEBUG - fence.fence:10 - entering fence: StateBlock(line=147,level=0,tokens=107), 147, 311, False
2025-12-28 19:14:40 - 20251228_191439_4a51b80e - markdown_it.rules_block.blockquote - DEBUG - blockquote.blockquote:13 - entering blockquote: StateBlock(line=147,level=0,tokens=107), 147, 311, False
2025-12-28 19:14:40 - 20251228_191439_4a51b80e - markdown_it.rules_block.hr - DEBUG - hr.hr:14 - entering hr: StateBlock(line=147,level=0,tokens=107), 147, 311, False
2025-12-28 19:14:40 - 20251228_191439_4a51b80e - markdown_it.rules_block.list - DEBUG - list.list_block:102 - entering list: StateBlock(line=147,level=0,tokens=107), 147, 311, False
2025-12-28 19:14:40 - 20251228_191439_4a51b80e - markdown_it.rules_block.reference - DEBUG - reference.reference:10 - entering reference: StateBlock(line=147,level=0,tokens=107), 147, 311, False
2025-12-28 19:14:40 - 20251228_191439_4a51b80e - markdown_it.rules_block.html_block - DEBUG - html_block.html_block:35 - entering html_block: StateBlock(line=147,level=0,tokens=107), 147, 311, False
2025-12-28 19:14:40 - 20251228_191439_4a51b80e - markdown_it.rules_block.heading - DEBUG - heading.heading:13 - entering heading: StateBlock(line=147,level=0,tokens=107), 147, 311, False
2025-12-28 19:14:40 - 20251228_191439_4a51b80e - markdown_it.rules_block.lheading - DEBUG - lheading.lheading:10 - entering lheading: StateBlock(line=147,level=0,tokens=107), 147, 311, False
2025-12-28 19:14:40 - 20251228_191439_4a51b80e - markdown_it.rules_block.paragraph - DEBUG - paragraph.paragraph:10 - entering paragraph: StateBlock(line=147,level=0,tokens=107), 147, 311, False
2025-12-28 19:14:40 - 20251228_191439_4a51b80e - markdown_it.rules_block.code - DEBUG - code.code:10 - entering code: StateBlock(line=149,level=0,tokens=110), 149, 311, False
2025-12-28 19:14:40 - 20251228_191439_4a51b80e - markdown_it.rules_block.fence - DEBUG - fence.fence:10 - entering fence: StateBlock(line=149,level=0,tokens=110), 149, 311, False
2025-12-28 19:14:40 - 20251228_191439_4a51b80e - markdown_it.rules_block.blockquote - DEBUG - blockquote.blockquote:13 - entering blockquote: StateBlock(line=149,level=0,tokens=110), 149, 311, False
2025-12-28 19:14:40 - 20251228_191439_4a51b80e - markdown_it.rules_block.hr - DEBUG - hr.hr:14 - entering hr: StateBlock(line=149,level=0,tokens=110), 149, 311, False
2025-12-28 19:14:40 - 20251228_191439_4a51b80e - markdown_it.rules_block.list - DEBUG - list.list_block:102 - entering list: StateBlock(line=149,level=0,tokens=110), 149, 311, False
2025-12-28 19:14:40 - 20251228_191439_4a51b80e - markdown_it.rules_block.reference - DEBUG - reference.reference:10 - entering reference: StateBlock(line=149,level=0,tokens=110), 149, 311, False
2025-12-28 19:14:40 - 20251228_191439_4a51b80e - markdown_it.rules_block.html_block - DEBUG - html_block.html_block:35 - entering html_block: StateBlock(line=149,level=0,tokens=110), 149, 311, False
2025-12-28 19:14:40 - 20251228_191439_4a51b80e - markdown_it.rules_block.heading - DEBUG - heading.heading:13 - entering heading: StateBlock(line=149,level=0,tokens=110), 149, 311, False
2025-12-28 19:14:40 - 20251228_191439_4a51b80e - markdown_it.rules_block.lheading - DEBUG - lheading.lheading:10 - entering lheading: StateBlock(line=149,level=0,tokens=110), 149, 311, False
2025-12-28 19:14:40 - 20251228_191439_4a51b80e - markdown_it.rules_block.fence - DEBUG - fence.fence:10 - entering fence: StateBlock(line=149,level=0,tokens=110), 150, 311, True
2025-12-28 19:14:40 - 20251228_191439_4a51b80e - markdown_it.rules_block.blockquote - DEBUG - blockquote.blockquote:13 - entering blockquote: StateBlock(line=149,level=0,tokens=110), 150, 311, True
2025-12-28 19:14:40 - 20251228_191439_4a51b80e - markdown_it.rules_block.hr - DEBUG - hr.hr:14 - entering hr: StateBlock(line=149,level=0,tokens=110), 150, 311, True
2025-12-28 19:14:40 - 20251228_191439_4a51b80e - markdown_it.rules_block.list - DEBUG - list.list_block:102 - entering list: StateBlock(line=149,level=0,tokens=110), 150, 311, True
2025-12-28 19:14:40 - 20251228_191439_4a51b80e - markdown_it.rules_block.html_block - DEBUG - html_block.html_block:35 - entering html_block: StateBlock(line=149,level=0,tokens=110), 150, 311, True
2025-12-28 19:14:40 - 20251228_191439_4a51b80e - markdown_it.rules_block.heading - DEBUG - heading.heading:13 - entering heading: StateBlock(line=149,level=0,tokens=110), 150, 311, True
2025-12-28 19:14:40 - 20251228_191439_4a51b80e - markdown_it.rules_block.fence - DEBUG - fence.fence:10 - entering fence: StateBlock(line=149,level=0,tokens=110), 151, 311, True
2025-12-28 19:14:40 - 20251228_191439_4a51b80e - markdown_it.rules_block.blockquote - DEBUG - blockquote.blockquote:13 - entering blockquote: StateBlock(line=149,level=0,tokens=110), 151, 311, True
2025-12-28 19:14:40 - 20251228_191439_4a51b80e - markdown_it.rules_block.hr - DEBUG - hr.hr:14 - entering hr: StateBlock(line=149,level=0,tokens=110), 151, 311, True
2025-12-28 19:14:40 - 20251228_191439_4a51b80e - markdown_it.rules_block.list - DEBUG - list.list_block:102 - entering list: StateBlock(line=149,level=0,tokens=110), 151, 311, True
2025-12-28 19:14:40 - 20251228_191439_4a51b80e - markdown_it.rules_block.html_block - DEBUG - html_block.html_block:35 - entering html_block: StateBlock(line=149,level=0,tokens=110), 151, 311, True
2025-12-28 19:14:40 - 20251228_191439_4a51b80e - markdown_it.rules_block.heading - DEBUG - heading.heading:13 - entering heading: StateBlock(line=149,level=0,tokens=110), 151, 311, True
2025-12-28 19:14:40 - 20251228_191439_4a51b80e - markdown_it.rules_block.paragraph - DEBUG - paragraph.paragraph:10 - entering paragraph: StateBlock(line=149,level=0,tokens=110), 149, 311, False
2025-12-28 19:14:40 - 20251228_191439_4a51b80e - markdown_it.rules_block.fence - DEBUG - fence.fence:10 - entering fence: StateBlock(line=149,level=0,tokens=110), 150, 311, True
2025-12-28 19:14:40 - 20251228_191439_4a51b80e - markdown_it.rules_block.blockquote - DEBUG - blockquote.blockquote:13 - entering blockquote: StateBlock(line=149,level=0,tokens=110), 150, 311, True
2025-12-28 19:14:40 - 20251228_191439_4a51b80e - markdown_it.rules_block.hr - DEBUG - hr.hr:14 - entering hr: StateBlock(line=149,level=0,tokens=110), 150, 311, True
2025-12-28 19:14:40 - 20251228_191439_4a51b80e - markdown_it.rules_block.list - DEBUG - list.list_block:102 - entering list: StateBlock(line=149,level=0,tokens=110), 150, 311, True
2025-12-28 19:14:40 - 20251228_191439_4a51b80e - markdown_it.rules_block.html_block - DEBUG - html_block.html_block:35 - entering html_block: StateBlock(line=149,level=0,tokens=110), 150, 311, True
2025-12-28 19:14:40 - 20251228_191439_4a51b80e - markdown_it.rules_block.heading - DEBUG - heading.heading:13 - entering heading: StateBlock(line=149,level=0,tokens=110), 150, 311, True
2025-12-28 19:14:40 - 20251228_191439_4a51b80e - markdown_it.rules_block.fence - DEBUG - fence.fence:10 - entering fence: StateBlock(line=149,level=0,tokens=110), 151, 311, True
2025-12-28 19:14:40 - 20251228_191439_4a51b80e - markdown_it.rules_block.blockquote - DEBUG - blockquote.blockquote:13 - entering blockquote: StateBlock(line=149,level=0,tokens=110), 151, 311, True
2025-12-28 19:14:40 - 20251228_191439_4a51b80e - markdown_it.rules_block.hr - DEBUG - hr.hr:14 - entering hr: StateBlock(line=149,level=0,tokens=110), 151, 311, True
2025-12-28 19:14:40 - 20251228_191439_4a51b80e - markdown_it.rules_block.list - DEBUG - list.list_block:102 - entering list: StateBlock(line=149,level=0,tokens=110), 151, 311, True
2025-12-28 19:14:40 - 20251228_191439_4a51b80e - markdown_it.rules_block.html_block - DEBUG - html_block.html_block:35 - entering html_block: StateBlock(line=149,level=0,tokens=110), 151, 311, True
2025-12-28 19:14:40 - 20251228_191439_4a51b80e - markdown_it.rules_block.heading - DEBUG - heading.heading:13 - entering heading: StateBlock(line=149,level=0,tokens=110), 151, 311, True
2025-12-28 19:14:40 - 20251228_191439_4a51b80e - markdown_it.rules_block.code - DEBUG - code.code:10 - entering code: StateBlock(line=153,level=0,tokens=113), 153, 311, False
2025-12-28 19:14:40 - 20251228_191439_4a51b80e - markdown_it.rules_block.fence - DEBUG - fence.fence:10 - entering fence: StateBlock(line=153,level=0,tokens=113), 153, 311, False
2025-12-28 19:14:40 - 20251228_191439_4a51b80e - markdown_it.rules_block.blockquote - DEBUG - blockquote.blockquote:13 - entering blockquote: StateBlock(line=153,level=0,tokens=113), 153, 311, False
2025-12-28 19:14:40 - 20251228_191439_4a51b80e - markdown_it.rules_block.hr - DEBUG - hr.hr:14 - entering hr: StateBlock(line=153,level=0,tokens=113), 153, 311, False
2025-12-28 19:14:40 - 20251228_191439_4a51b80e - markdown_it.rules_block.list - DEBUG - list.list_block:102 - entering list: StateBlock(line=153,level=0,tokens=113), 153, 311, False
2025-12-28 19:14:40 - 20251228_191439_4a51b80e - markdown_it.rules_block.reference - DEBUG - reference.reference:10 - entering reference: StateBlock(line=153,level=0,tokens=113), 153, 311, False
2025-12-28 19:14:40 - 20251228_191439_4a51b80e - markdown_it.rules_block.html_block - DEBUG - html_block.html_block:35 - entering html_block: StateBlock(line=153,level=0,tokens=113), 153, 311, False
2025-12-28 19:14:40 - 20251228_191439_4a51b80e - markdown_it.rules_block.heading - DEBUG - heading.heading:13 - entering heading: StateBlock(line=153,level=0,tokens=113), 153, 311, False
2025-12-28 19:14:40 - 20251228_191439_4a51b80e - markdown_it.rules_block.lheading - DEBUG - lheading.lheading:10 - entering lheading: StateBlock(line=153,level=0,tokens=113), 153, 311, False
2025-12-28 19:14:40 - 20251228_191439_4a51b80e - markdown_it.rules_block.fence - DEBUG - fence.fence:10 - entering fence: StateBlock(line=153,level=0,tokens=113), 154, 311, True
2025-12-28 19:14:40 - 20251228_191439_4a51b80e - markdown_it.rules_block.blockquote - DEBUG - blockquote.blockquote:13 - entering blockquote: StateBlock(line=153,level=0,tokens=113), 154, 311, True
2025-12-28 19:14:40 - 20251228_191439_4a51b80e - markdown_it.rules_block.hr - DEBUG - hr.hr:14 - entering hr: StateBlock(line=153,level=0,tokens=113), 154, 311, True
2025-12-28 19:14:40 - 20251228_191439_4a51b80e - markdown_it.rules_block.list - DEBUG - list.list_block:102 - entering list: StateBlock(line=153,level=0,tokens=113), 154, 311, True
2025-12-28 19:14:40 - 20251228_191439_4a51b80e - markdown_it.rules_block.html_block - DEBUG - html_block.html_block:35 - entering html_block: StateBlock(line=153,level=0,tokens=113), 154, 311, True
2025-12-28 19:14:40 - 20251228_191439_4a51b80e - markdown_it.rules_block.heading - DEBUG - heading.heading:13 - entering heading: StateBlock(line=153,level=0,tokens=113), 154, 311, True
2025-12-28 19:14:40 - 20251228_191439_4a51b80e - markdown_it.rules_block.paragraph - DEBUG - paragraph.paragraph:10 - entering paragraph: StateBlock(line=153,level=0,tokens=113), 153, 311, False
2025-12-28 19:14:40 - 20251228_191439_4a51b80e - markdown_it.rules_block.fence - DEBUG - fence.fence:10 - entering fence: StateBlock(line=153,level=0,tokens=113), 154, 311, True
2025-12-28 19:14:40 - 20251228_191439_4a51b80e - markdown_it.rules_block.blockquote - DEBUG - blockquote.blockquote:13 - entering blockquote: StateBlock(line=153,level=0,tokens=113), 154, 311, True
2025-12-28 19:14:40 - 20251228_191439_4a51b80e - markdown_it.rules_block.hr - DEBUG - hr.hr:14 - entering hr: StateBlock(line=153,level=0,tokens=113), 154, 311, True
2025-12-28 19:14:40 - 20251228_191439_4a51b80e - markdown_it.rules_block.list - DEBUG - list.list_block:102 - entering list: StateBlock(line=153,level=0,tokens=113), 154, 311, True
2025-12-28 19:14:40 - 20251228_191439_4a51b80e - markdown_it.rules_block.html_block - DEBUG - html_block.html_block:35 - entering html_block: StateBlock(line=153,level=0,tokens=113), 154, 311, True
2025-12-28 19:14:40 - 20251228_191439_4a51b80e - markdown_it.rules_block.heading - DEBUG - heading.heading:13 - entering heading: StateBlock(line=153,level=0,tokens=113), 154, 311, True
2025-12-28 19:14:40 - 20251228_191439_4a51b80e - markdown_it.rules_block.code - DEBUG - code.code:10 - entering code: StateBlock(line=156,level=0,tokens=116), 156, 311, False
2025-12-28 19:14:40 - 20251228_191439_4a51b80e - markdown_it.rules_block.fence - DEBUG - fence.fence:10 - entering fence: StateBlock(line=156,level=0,tokens=116), 156, 311, False
2025-12-28 19:14:40 - 20251228_191439_4a51b80e - markdown_it.rules_block.blockquote - DEBUG - blockquote.blockquote:13 - entering blockquote: StateBlock(line=156,level=0,tokens=116), 156, 311, False
2025-12-28 19:14:40 - 20251228_191439_4a51b80e - markdown_it.rules_block.hr - DEBUG - hr.hr:14 - entering hr: StateBlock(line=156,level=0,tokens=116), 156, 311, False
2025-12-28 19:14:40 - 20251228_191439_4a51b80e - markdown_it.rules_block.list - DEBUG - list.list_block:102 - entering list: StateBlock(line=156,level=0,tokens=116), 156, 311, False
2025-12-28 19:14:40 - 20251228_191439_4a51b80e - markdown_it.rules_block.reference - DEBUG - reference.reference:10 - entering reference: StateBlock(line=156,level=0,tokens=116), 156, 311, False
2025-12-28 19:14:40 - 20251228_191439_4a51b80e - markdown_it.rules_block.html_block - DEBUG - html_block.html_block:35 - entering html_block: StateBlock(line=156,level=0,tokens=116), 156, 311, False
2025-12-28 19:14:40 - 20251228_191439_4a51b80e - markdown_it.rules_block.heading - DEBUG - heading.heading:13 - entering heading: StateBlock(line=156,level=0,tokens=116), 156, 311, False
2025-12-28 19:14:40 - 20251228_191439_4a51b80e - markdown_it.rules_block.lheading - DEBUG - lheading.lheading:10 - entering lheading: StateBlock(line=156,level=0,tokens=116), 156, 311, False
2025-12-28 19:14:40 - 20251228_191439_4a51b80e - markdown_it.rules_block.fence - DEBUG - fence.fence:10 - entering fence: StateBlock(line=156,level=0,tokens=116), 157, 311, True
2025-12-28 19:14:40 - 20251228_191439_4a51b80e - markdown_it.rules_block.blockquote - DEBUG - blockquote.blockquote:13 - entering blockquote: StateBlock(line=156,level=0,tokens=116), 157, 311, True
2025-12-28 19:14:40 - 20251228_191439_4a51b80e - markdown_it.rules_block.hr - DEBUG - hr.hr:14 - entering hr: StateBlock(line=156,level=0,tokens=116), 157, 311, True
2025-12-28 19:14:40 - 20251228_191439_4a51b80e - markdown_it.rules_block.list - DEBUG - list.list_block:102 - entering list: StateBlock(line=156,level=0,tokens=116), 157, 311, True
2025-12-28 19:14:40 - 20251228_191439_4a51b80e - markdown_it.rules_block.html_block - DEBUG - html_block.html_block:35 - entering html_block: StateBlock(line=156,level=0,tokens=116), 157, 311, True
2025-12-28 19:14:40 - 20251228_191439_4a51b80e - markdown_it.rules_block.heading - DEBUG - heading.heading:13 - entering heading: StateBlock(line=156,level=0,tokens=116), 157, 311, True
2025-12-28 19:14:40 - 20251228_191439_4a51b80e - markdown_it.rules_block.fence - DEBUG - fence.fence:10 - entering fence: StateBlock(line=156,level=0,tokens=116), 158, 311, True
2025-12-28 19:14:40 - 20251228_191439_4a51b80e - markdown_it.rules_block.blockquote - DEBUG - blockquote.blockquote:13 - entering blockquote: StateBlock(line=156,level=0,tokens=116), 158, 311, True
2025-12-28 19:14:40 - 20251228_191439_4a51b80e - markdown_it.rules_block.hr - DEBUG - hr.hr:14 - entering hr: StateBlock(line=156,level=0,tokens=116), 158, 311, True
2025-12-28 19:14:40 - 20251228_191439_4a51b80e - markdown_it.rules_block.list - DEBUG - list.list_block:102 - entering list: StateBlock(line=156,level=0,tokens=116), 158, 311, True
2025-12-28 19:14:40 - 20251228_191439_4a51b80e - markdown_it.rules_block.html_block - DEBUG - html_block.html_block:35 - entering html_block: StateBlock(line=156,level=0,tokens=116), 158, 311, True
2025-12-28 19:14:40 - 20251228_191439_4a51b80e - markdown_it.rules_block.heading - DEBUG - heading.heading:13 - entering heading: StateBlock(line=156,level=0,tokens=116), 158, 311, True
2025-12-28 19:14:40 - 20251228_191439_4a51b80e - markdown_it.rules_block.paragraph - DEBUG - paragraph.paragraph:10 - entering paragraph: StateBlock(line=156,level=0,tokens=116), 156, 311, False
2025-12-28 19:14:40 - 20251228_191439_4a51b80e - markdown_it.rules_block.fence - DEBUG - fence.fence:10 - entering fence: StateBlock(line=156,level=0,tokens=116), 157, 311, True
2025-12-28 19:14:40 - 20251228_191439_4a51b80e - markdown_it.rules_block.blockquote - DEBUG - blockquote.blockquote:13 - entering blockquote: StateBlock(line=156,level=0,tokens=116), 157, 311, True
2025-12-28 19:14:40 - 20251228_191439_4a51b80e - markdown_it.rules_block.hr - DEBUG - hr.hr:14 - entering hr: StateBlock(line=156,level=0,tokens=116), 157, 311, True
2025-12-28 19:14:40 - 20251228_191439_4a51b80e - markdown_it.rules_block.list - DEBUG - list.list_block:102 - entering list: StateBlock(line=156,level=0,tokens=116), 157, 311, True
2025-12-28 19:14:40 - 20251228_191439_4a51b80e - markdown_it.rules_block.html_block - DEBUG - html_block.html_block:35 - entering html_block: StateBlock(line=156,level=0,tokens=116), 157, 311, True
2025-12-28 19:14:40 - 20251228_191439_4a51b80e - markdown_it.rules_block.heading - DEBUG - heading.heading:13 - entering heading: StateBlock(line=156,level=0,tokens=116), 157, 311, True
2025-12-28 19:14:40 - 20251228_191439_4a51b80e - markdown_it.rules_block.fence - DEBUG - fence.fence:10 - entering fence: StateBlock(line=156,level=0,tokens=116), 158, 311, True
2025-12-28 19:14:40 - 20251228_191439_4a51b80e - markdown_it.rules_block.blockquote - DEBUG - blockquote.blockquote:13 - entering blockquote: StateBlock(line=156,level=0,tokens=116), 158, 311, True
2025-12-28 19:14:40 - 20251228_191439_4a51b80e - markdown_it.rules_block.hr - DEBUG - hr.hr:14 - entering hr: StateBlock(line=156,level=0,tokens=116), 158, 311, True
2025-12-28 19:14:40 - 20251228_191439_4a51b80e - markdown_it.rules_block.list - DEBUG - list.list_block:102 - entering list: StateBlock(line=156,level=0,tokens=116), 158, 311, True
2025-12-28 19:14:40 - 20251228_191439_4a51b80e - markdown_it.rules_block.html_block - DEBUG - html_block.html_block:35 - entering html_block: StateBlock(line=156,level=0,tokens=116), 158, 311, True
2025-12-28 19:14:40 - 20251228_191439_4a51b80e - markdown_it.rules_block.heading - DEBUG - heading.heading:13 - entering heading: StateBlock(line=156,level=0,tokens=116), 158, 311, True
2025-12-28 19:14:40 - 20251228_191439_4a51b80e - markdown_it.rules_block.code - DEBUG - code.code:10 - entering code: StateBlock(line=160,level=0,tokens=119), 160, 311, False
2025-12-28 19:14:40 - 20251228_191439_4a51b80e - markdown_it.rules_block.fence - DEBUG - fence.fence:10 - entering fence: StateBlock(line=160,level=0,tokens=119), 160, 311, False
2025-12-28 19:14:40 - 20251228_191439_4a51b80e - markdown_it.rules_block.blockquote - DEBUG - blockquote.blockquote:13 - entering blockquote: StateBlock(line=160,level=0,tokens=119), 160, 311, False
2025-12-28 19:14:40 - 20251228_191439_4a51b80e - markdown_it.rules_block.hr - DEBUG - hr.hr:14 - entering hr: StateBlock(line=160,level=0,tokens=119), 160, 311, False
2025-12-28 19:14:40 - 20251228_191439_4a51b80e - markdown_it.rules_block.list - DEBUG - list.list_block:102 - entering list: StateBlock(line=160,level=0,tokens=119), 160, 311, False
2025-12-28 19:14:40 - 20251228_191439_4a51b80e - markdown_it.rules_block.reference - DEBUG - reference.reference:10 - entering reference: StateBlock(line=160,level=0,tokens=119), 160, 311, False
2025-12-28 19:14:40 - 20251228_191439_4a51b80e - markdown_it.rules_block.html_block - DEBUG - html_block.html_block:35 - entering html_block: StateBlock(line=160,level=0,tokens=119), 160, 311, False
2025-12-28 19:14:40 - 20251228_191439_4a51b80e - markdown_it.rules_block.heading - DEBUG - heading.heading:13 - entering heading: StateBlock(line=160,level=0,tokens=119), 160, 311, False
2025-12-28 19:14:40 - 20251228_191439_4a51b80e - markdown_it.rules_block.lheading - DEBUG - lheading.lheading:10 - entering lheading: StateBlock(line=160,level=0,tokens=119), 160, 311, False
2025-12-28 19:14:40 - 20251228_191439_4a51b80e - markdown_it.rules_block.fence - DEBUG - fence.fence:10 - entering fence: StateBlock(line=160,level=0,tokens=119), 161, 311, True
2025-12-28 19:14:40 - 20251228_191439_4a51b80e - markdown_it.rules_block.blockquote - DEBUG - blockquote.blockquote:13 - entering blockquote: StateBlock(line=160,level=0,tokens=119), 161, 311, True
2025-12-28 19:14:40 - 20251228_191439_4a51b80e - markdown_it.rules_block.hr - DEBUG - hr.hr:14 - entering hr: StateBlock(line=160,level=0,tokens=119), 161, 311, True
2025-12-28 19:14:40 - 20251228_191439_4a51b80e - markdown_it.rules_block.list - DEBUG - list.list_block:102 - entering list: StateBlock(line=160,level=0,tokens=119), 161, 311, True
2025-12-28 19:14:40 - 20251228_191439_4a51b80e - markdown_it.rules_block.html_block - DEBUG - html_block.html_block:35 - entering html_block: StateBlock(line=160,level=0,tokens=119), 161, 311, True
2025-12-28 19:14:40 - 20251228_191439_4a51b80e - markdown_it.rules_block.heading - DEBUG - heading.heading:13 - entering heading: StateBlock(line=160,level=0,tokens=119), 161, 311, True
2025-12-28 19:14:40 - 20251228_191439_4a51b80e - markdown_it.rules_block.paragraph - DEBUG - paragraph.paragraph:10 - entering paragraph: StateBlock(line=160,level=0,tokens=119), 160, 311, False
2025-12-28 19:14:40 - 20251228_191439_4a51b80e - markdown_it.rules_block.fence - DEBUG - fence.fence:10 - entering fence: StateBlock(line=160,level=0,tokens=119), 161, 311, True
2025-12-28 19:14:40 - 20251228_191439_4a51b80e - markdown_it.rules_block.blockquote - DEBUG - blockquote.blockquote:13 - entering blockquote: StateBlock(line=160,level=0,tokens=119), 161, 311, True
2025-12-28 19:14:40 - 20251228_191439_4a51b80e - markdown_it.rules_block.hr - DEBUG - hr.hr:14 - entering hr: StateBlock(line=160,level=0,tokens=119), 161, 311, True
2025-12-28 19:14:40 - 20251228_191439_4a51b80e - markdown_it.rules_block.list - DEBUG - list.list_block:102 - entering list: StateBlock(line=160,level=0,tokens=119), 161, 311, True
2025-12-28 19:14:40 - 20251228_191439_4a51b80e - markdown_it.rules_block.html_block - DEBUG - html_block.html_block:35 - entering html_block: StateBlock(line=160,level=0,tokens=119), 161, 311, True
2025-12-28 19:14:40 - 20251228_191439_4a51b80e - markdown_it.rules_block.heading - DEBUG - heading.heading:13 - entering heading: StateBlock(line=160,level=0,tokens=119), 161, 311, True
2025-12-28 19:14:40 - 20251228_191439_4a51b80e - markdown_it.rules_block.code - DEBUG - code.code:10 - entering code: StateBlock(line=163,level=0,tokens=122), 163, 311, False
2025-12-28 19:14:40 - 20251228_191439_4a51b80e - markdown_it.rules_block.fence - DEBUG - fence.fence:10 - entering fence: StateBlock(line=163,level=0,tokens=122), 163, 311, False
2025-12-28 19:14:40 - 20251228_191439_4a51b80e - markdown_it.rules_block.blockquote - DEBUG - blockquote.blockquote:13 - entering blockquote: StateBlock(line=163,level=0,tokens=122), 163, 311, False
2025-12-28 19:14:40 - 20251228_191439_4a51b80e - markdown_it.rules_block.hr - DEBUG - hr.hr:14 - entering hr: StateBlock(line=163,level=0,tokens=122), 163, 311, False
2025-12-28 19:14:40 - 20251228_191439_4a51b80e - markdown_it.rules_block.list - DEBUG - list.list_block:102 - entering list: StateBlock(line=163,level=0,tokens=122), 163, 311, False
2025-12-28 19:14:40 - 20251228_191439_4a51b80e - markdown_it.rules_block.reference - DEBUG - reference.reference:10 - entering reference: StateBlock(line=163,level=0,tokens=122), 163, 311, False
2025-12-28 19:14:40 - 20251228_191439_4a51b80e - markdown_it.rules_block.html_block - DEBUG - html_block.html_block:35 - entering html_block: StateBlock(line=163,level=0,tokens=122), 163, 311, False
2025-12-28 19:14:40 - 20251228_191439_4a51b80e - markdown_it.rules_block.heading - DEBUG - heading.heading:13 - entering heading: StateBlock(line=163,level=0,tokens=122), 163, 311, False
2025-12-28 19:14:40 - 20251228_191439_4a51b80e - markdown_it.rules_block.lheading - DEBUG - lheading.lheading:10 - entering lheading: StateBlock(line=163,level=0,tokens=122), 163, 311, False
2025-12-28 19:14:40 - 20251228_191439_4a51b80e - markdown_it.rules_block.fence - DEBUG - fence.fence:10 - entering fence: StateBlock(line=163,level=0,tokens=122), 164, 311, True
2025-12-28 19:14:40 - 20251228_191439_4a51b80e - markdown_it.rules_block.blockquote - DEBUG - blockquote.blockquote:13 - entering blockquote: StateBlock(line=163,level=0,tokens=122), 164, 311, True
2025-12-28 19:14:40 - 20251228_191439_4a51b80e - markdown_it.rules_block.hr - DEBUG - hr.hr:14 - entering hr: StateBlock(line=163,level=0,tokens=122), 164, 311, True
2025-12-28 19:14:40 - 20251228_191439_4a51b80e - markdown_it.rules_block.list - DEBUG - list.list_block:102 - entering list: StateBlock(line=163,level=0,tokens=122), 164, 311, True
2025-12-28 19:14:40 - 20251228_191439_4a51b80e - markdown_it.rules_block.html_block - DEBUG - html_block.html_block:35 - entering html_block: StateBlock(line=163,level=0,tokens=122), 164, 311, True
2025-12-28 19:14:40 - 20251228_191439_4a51b80e - markdown_it.rules_block.heading - DEBUG - heading.heading:13 - entering heading: StateBlock(line=163,level=0,tokens=122), 164, 311, True
2025-12-28 19:14:40 - 20251228_191439_4a51b80e - markdown_it.rules_block.paragraph - DEBUG - paragraph.paragraph:10 - entering paragraph: StateBlock(line=163,level=0,tokens=122), 163, 311, False
2025-12-28 19:14:40 - 20251228_191439_4a51b80e - markdown_it.rules_block.fence - DEBUG - fence.fence:10 - entering fence: StateBlock(line=163,level=0,tokens=122), 164, 311, True
2025-12-28 19:14:40 - 20251228_191439_4a51b80e - markdown_it.rules_block.blockquote - DEBUG - blockquote.blockquote:13 - entering blockquote: StateBlock(line=163,level=0,tokens=122), 164, 311, True
2025-12-28 19:14:40 - 20251228_191439_4a51b80e - markdown_it.rules_block.hr - DEBUG - hr.hr:14 - entering hr: StateBlock(line=163,level=0,tokens=122), 164, 311, True
2025-12-28 19:14:40 - 20251228_191439_4a51b80e - markdown_it.rules_block.list - DEBUG - list.list_block:102 - entering list: StateBlock(line=163,level=0,tokens=122), 164, 311, True
2025-12-28 19:14:40 - 20251228_191439_4a51b80e - markdown_it.rules_block.html_block - DEBUG - html_block.html_block:35 - entering html_block: StateBlock(line=163,level=0,tokens=122), 164, 311, True
2025-12-28 19:14:40 - 20251228_191439_4a51b80e - markdown_it.rules_block.heading - DEBUG - heading.heading:13 - entering heading: StateBlock(line=163,level=0,tokens=122), 164, 311, True
2025-12-28 19:14:40 - 20251228_191439_4a51b80e - markdown_it.rules_block.code - DEBUG - code.code:10 - entering code: StateBlock(line=166,level=0,tokens=125), 166, 311, False
2025-12-28 19:14:40 - 20251228_191439_4a51b80e - markdown_it.rules_block.fence - DEBUG - fence.fence:10 - entering fence: StateBlock(line=166,level=0,tokens=125), 166, 311, False
2025-12-28 19:14:40 - 20251228_191439_4a51b80e - markdown_it.rules_block.blockquote - DEBUG - blockquote.blockquote:13 - entering blockquote: StateBlock(line=166,level=0,tokens=125), 166, 311, False
2025-12-28 19:14:40 - 20251228_191439_4a51b80e - markdown_it.rules_block.hr - DEBUG - hr.hr:14 - entering hr: StateBlock(line=166,level=0,tokens=125), 166, 311, False
2025-12-28 19:14:40 - 20251228_191439_4a51b80e - markdown_it.rules_block.list - DEBUG - list.list_block:102 - entering list: StateBlock(line=166,level=0,tokens=125), 166, 311, False
2025-12-28 19:14:40 - 20251228_191439_4a51b80e - markdown_it.rules_block.reference - DEBUG - reference.reference:10 - entering reference: StateBlock(line=166,level=0,tokens=125), 166, 311, False
2025-12-28 19:14:40 - 20251228_191439_4a51b80e - markdown_it.rules_block.html_block - DEBUG - html_block.html_block:35 - entering html_block: StateBlock(line=166,level=0,tokens=125), 166, 311, False
2025-12-28 19:14:40 - 20251228_191439_4a51b80e - markdown_it.rules_block.heading - DEBUG - heading.heading:13 - entering heading: StateBlock(line=166,level=0,tokens=125), 166, 311, False
2025-12-28 19:14:40 - 20251228_191439_4a51b80e - markdown_it.rules_block.code - DEBUG - code.code:10 - entering code: StateBlock(line=168,level=0,tokens=128), 168, 311, False
2025-12-28 19:14:40 - 20251228_191439_4a51b80e - markdown_it.rules_block.fence - DEBUG - fence.fence:10 - entering fence: StateBlock(line=168,level=0,tokens=128), 168, 311, False
2025-12-28 19:14:40 - 20251228_191439_4a51b80e - markdown_it.rules_block.blockquote - DEBUG - blockquote.blockquote:13 - entering blockquote: StateBlock(line=168,level=0,tokens=128), 168, 311, False
2025-12-28 19:14:40 - 20251228_191439_4a51b80e - markdown_it.rules_block.hr - DEBUG - hr.hr:14 - entering hr: StateBlock(line=168,level=0,tokens=128), 168, 311, False
2025-12-28 19:14:40 - 20251228_191439_4a51b80e - markdown_it.rules_block.list - DEBUG - list.list_block:102 - entering list: StateBlock(line=168,level=0,tokens=128), 168, 311, False
2025-12-28 19:14:40 - 20251228_191439_4a51b80e - markdown_it.rules_block.reference - DEBUG - reference.reference:10 - entering reference: StateBlock(line=168,level=0,tokens=128), 168, 311, False
2025-12-28 19:14:40 - 20251228_191439_4a51b80e - markdown_it.rules_block.html_block - DEBUG - html_block.html_block:35 - entering html_block: StateBlock(line=168,level=0,tokens=128), 168, 311, False
2025-12-28 19:14:40 - 20251228_191439_4a51b80e - markdown_it.rules_block.heading - DEBUG - heading.heading:13 - entering heading: StateBlock(line=168,level=0,tokens=128), 168, 311, False
2025-12-28 19:14:40 - 20251228_191439_4a51b80e - markdown_it.rules_block.lheading - DEBUG - lheading.lheading:10 - entering lheading: StateBlock(line=168,level=0,tokens=128), 168, 311, False
2025-12-28 19:14:40 - 20251228_191439_4a51b80e - markdown_it.rules_block.fence - DEBUG - fence.fence:10 - entering fence: StateBlock(line=168,level=0,tokens=128), 169, 311, True
2025-12-28 19:14:40 - 20251228_191439_4a51b80e - markdown_it.rules_block.blockquote - DEBUG - blockquote.blockquote:13 - entering blockquote: StateBlock(line=168,level=0,tokens=128), 169, 311, True
2025-12-28 19:14:40 - 20251228_191439_4a51b80e - markdown_it.rules_block.hr - DEBUG - hr.hr:14 - entering hr: StateBlock(line=168,level=0,tokens=128), 169, 311, True
2025-12-28 19:14:40 - 20251228_191439_4a51b80e - markdown_it.rules_block.list - DEBUG - list.list_block:102 - entering list: StateBlock(line=168,level=0,tokens=128), 169, 311, True
2025-12-28 19:14:40 - 20251228_191439_4a51b80e - markdown_it.rules_block.html_block - DEBUG - html_block.html_block:35 - entering html_block: StateBlock(line=168,level=0,tokens=128), 169, 311, True
2025-12-28 19:14:40 - 20251228_191439_4a51b80e - markdown_it.rules_block.heading - DEBUG - heading.heading:13 - entering heading: StateBlock(line=168,level=0,tokens=128), 169, 311, True
2025-12-28 19:14:40 - 20251228_191439_4a51b80e - markdown_it.rules_block.fence - DEBUG - fence.fence:10 - entering fence: StateBlock(line=168,level=0,tokens=128), 170, 311, True
2025-12-28 19:14:40 - 20251228_191439_4a51b80e - markdown_it.rules_block.blockquote - DEBUG - blockquote.blockquote:13 - entering blockquote: StateBlock(line=168,level=0,tokens=128), 170, 311, True
2025-12-28 19:14:40 - 20251228_191439_4a51b80e - markdown_it.rules_block.hr - DEBUG - hr.hr:14 - entering hr: StateBlock(line=168,level=0,tokens=128), 170, 311, True
2025-12-28 19:14:40 - 20251228_191439_4a51b80e - markdown_it.rules_block.list - DEBUG - list.list_block:102 - entering list: StateBlock(line=168,level=0,tokens=128), 170, 311, True
2025-12-28 19:14:40 - 20251228_191439_4a51b80e - markdown_it.rules_block.html_block - DEBUG - html_block.html_block:35 - entering html_block: StateBlock(line=168,level=0,tokens=128), 170, 311, True
2025-12-28 19:14:40 - 20251228_191439_4a51b80e - markdown_it.rules_block.heading - DEBUG - heading.heading:13 - entering heading: StateBlock(line=168,level=0,tokens=128), 170, 311, True
2025-12-28 19:14:40 - 20251228_191439_4a51b80e - markdown_it.rules_block.paragraph - DEBUG - paragraph.paragraph:10 - entering paragraph: StateBlock(line=168,level=0,tokens=128), 168, 311, False
2025-12-28 19:14:40 - 20251228_191439_4a51b80e - markdown_it.rules_block.fence - DEBUG - fence.fence:10 - entering fence: StateBlock(line=168,level=0,tokens=128), 169, 311, True
2025-12-28 19:14:40 - 20251228_191439_4a51b80e - markdown_it.rules_block.blockquote - DEBUG - blockquote.blockquote:13 - entering blockquote: StateBlock(line=168,level=0,tokens=128), 169, 311, True
2025-12-28 19:14:40 - 20251228_191439_4a51b80e - markdown_it.rules_block.hr - DEBUG - hr.hr:14 - entering hr: StateBlock(line=168,level=0,tokens=128), 169, 311, True
2025-12-28 19:14:40 - 20251228_191439_4a51b80e - markdown_it.rules_block.list - DEBUG - list.list_block:102 - entering list: StateBlock(line=168,level=0,tokens=128), 169, 311, True
2025-12-28 19:14:40 - 20251228_191439_4a51b80e - markdown_it.rules_block.html_block - DEBUG - html_block.html_block:35 - entering html_block: StateBlock(line=168,level=0,tokens=128), 169, 311, True
2025-12-28 19:14:40 - 20251228_191439_4a51b80e - markdown_it.rules_block.heading - DEBUG - heading.heading:13 - entering heading: StateBlock(line=168,level=0,tokens=128), 169, 311, True
2025-12-28 19:14:40 - 20251228_191439_4a51b80e - markdown_it.rules_block.fence - DEBUG - fence.fence:10 - entering fence: StateBlock(line=168,level=0,tokens=128), 170, 311, True
2025-12-28 19:14:40 - 20251228_191439_4a51b80e - markdown_it.rules_block.blockquote - DEBUG - blockquote.blockquote:13 - entering blockquote: StateBlock(line=168,level=0,tokens=128), 170, 311, True
2025-12-28 19:14:40 - 20251228_191439_4a51b80e - markdown_it.rules_block.hr - DEBUG - hr.hr:14 - entering hr: StateBlock(line=168,level=0,tokens=128), 170, 311, True
2025-12-28 19:14:40 - 20251228_191439_4a51b80e - markdown_it.rules_block.list - DEBUG - list.list_block:102 - entering list: StateBlock(line=168,level=0,tokens=128), 170, 311, True
2025-12-28 19:14:40 - 20251228_191439_4a51b80e - markdown_it.rules_block.html_block - DEBUG - html_block.html_block:35 - entering html_block: StateBlock(line=168,level=0,tokens=128), 170, 311, True
2025-12-28 19:14:40 - 20251228_191439_4a51b80e - markdown_it.rules_block.heading - DEBUG - heading.heading:13 - entering heading: StateBlock(line=168,level=0,tokens=128), 170, 311, True
2025-12-28 19:14:40 - 20251228_191439_4a51b80e - markdown_it.rules_block.code - DEBUG - code.code:10 - entering code: StateBlock(line=172,level=0,tokens=131), 172, 311, False
2025-12-28 19:14:40 - 20251228_191439_4a51b80e - markdown_it.rules_block.fence - DEBUG - fence.fence:10 - entering fence: StateBlock(line=172,level=0,tokens=131), 172, 311, False
2025-12-28 19:14:40 - 20251228_191439_4a51b80e - markdown_it.rules_block.blockquote - DEBUG - blockquote.blockquote:13 - entering blockquote: StateBlock(line=172,level=0,tokens=131), 172, 311, False
2025-12-28 19:14:40 - 20251228_191439_4a51b80e - markdown_it.rules_block.hr - DEBUG - hr.hr:14 - entering hr: StateBlock(line=172,level=0,tokens=131), 172, 311, False
2025-12-28 19:14:40 - 20251228_191439_4a51b80e - markdown_it.rules_block.list - DEBUG - list.list_block:102 - entering list: StateBlock(line=172,level=0,tokens=131), 172, 311, False
2025-12-28 19:14:40 - 20251228_191439_4a51b80e - markdown_it.rules_block.reference - DEBUG - reference.reference:10 - entering reference: StateBlock(line=172,level=0,tokens=131), 172, 311, False
2025-12-28 19:14:40 - 20251228_191439_4a51b80e - markdown_it.rules_block.html_block - DEBUG - html_block.html_block:35 - entering html_block: StateBlock(line=172,level=0,tokens=131), 172, 311, False
2025-12-28 19:14:40 - 20251228_191439_4a51b80e - markdown_it.rules_block.heading - DEBUG - heading.heading:13 - entering heading: StateBlock(line=172,level=0,tokens=131), 172, 311, False
2025-12-28 19:14:40 - 20251228_191439_4a51b80e - markdown_it.rules_block.lheading - DEBUG - lheading.lheading:10 - entering lheading: StateBlock(line=172,level=0,tokens=131), 172, 311, False
2025-12-28 19:14:40 - 20251228_191439_4a51b80e - markdown_it.rules_block.paragraph - DEBUG - paragraph.paragraph:10 - entering paragraph: StateBlock(line=172,level=0,tokens=131), 172, 311, False
2025-12-28 19:14:40 - 20251228_191439_4a51b80e - markdown_it.rules_block.code - DEBUG - code.code:10 - entering code: StateBlock(line=174,level=0,tokens=134), 174, 311, False
2025-12-28 19:14:40 - 20251228_191439_4a51b80e - markdown_it.rules_block.fence - DEBUG - fence.fence:10 - entering fence: StateBlock(line=174,level=0,tokens=134), 174, 311, False
2025-12-28 19:14:40 - 20251228_191439_4a51b80e - markdown_it.rules_block.blockquote - DEBUG - blockquote.blockquote:13 - entering blockquote: StateBlock(line=174,level=0,tokens=134), 174, 311, False
2025-12-28 19:14:40 - 20251228_191439_4a51b80e - markdown_it.rules_block.hr - DEBUG - hr.hr:14 - entering hr: StateBlock(line=174,level=0,tokens=134), 174, 311, False
2025-12-28 19:14:40 - 20251228_191439_4a51b80e - markdown_it.rules_block.list - DEBUG - list.list_block:102 - entering list: StateBlock(line=174,level=0,tokens=134), 174, 311, False
2025-12-28 19:14:40 - 20251228_191439_4a51b80e - markdown_it.rules_block.reference - DEBUG - reference.reference:10 - entering reference: StateBlock(line=174,level=0,tokens=134), 174, 311, False
2025-12-28 19:14:40 - 20251228_191439_4a51b80e - markdown_it.rules_block.html_block - DEBUG - html_block.html_block:35 - entering html_block: StateBlock(line=174,level=0,tokens=134), 174, 311, False
2025-12-28 19:14:40 - 20251228_191439_4a51b80e - markdown_it.rules_block.heading - DEBUG - heading.heading:13 - entering heading: StateBlock(line=174,level=0,tokens=134), 174, 311, False
2025-12-28 19:14:40 - 20251228_191439_4a51b80e - markdown_it.rules_block.lheading - DEBUG - lheading.lheading:10 - entering lheading: StateBlock(line=174,level=0,tokens=134), 174, 311, False
2025-12-28 19:14:40 - 20251228_191439_4a51b80e - markdown_it.rules_block.fence - DEBUG - fence.fence:10 - entering fence: StateBlock(line=174,level=0,tokens=134), 175, 311, True
2025-12-28 19:14:40 - 20251228_191439_4a51b80e - markdown_it.rules_block.blockquote - DEBUG - blockquote.blockquote:13 - entering blockquote: StateBlock(line=174,level=0,tokens=134), 175, 311, True
2025-12-28 19:14:40 - 20251228_191439_4a51b80e - markdown_it.rules_block.hr - DEBUG - hr.hr:14 - entering hr: StateBlock(line=174,level=0,tokens=134), 175, 311, True
2025-12-28 19:14:40 - 20251228_191439_4a51b80e - markdown_it.rules_block.list - DEBUG - list.list_block:102 - entering list: StateBlock(line=174,level=0,tokens=134), 175, 311, True
2025-12-28 19:14:40 - 20251228_191439_4a51b80e - markdown_it.rules_block.html_block - DEBUG - html_block.html_block:35 - entering html_block: StateBlock(line=174,level=0,tokens=134), 175, 311, True
2025-12-28 19:14:40 - 20251228_191439_4a51b80e - markdown_it.rules_block.heading - DEBUG - heading.heading:13 - entering heading: StateBlock(line=174,level=0,tokens=134), 175, 311, True
2025-12-28 19:14:40 - 20251228_191439_4a51b80e - markdown_it.rules_block.fence - DEBUG - fence.fence:10 - entering fence: StateBlock(line=174,level=0,tokens=134), 176, 311, True
2025-12-28 19:14:40 - 20251228_191439_4a51b80e - markdown_it.rules_block.blockquote - DEBUG - blockquote.blockquote:13 - entering blockquote: StateBlock(line=174,level=0,tokens=134), 176, 311, True
2025-12-28 19:14:40 - 20251228_191439_4a51b80e - markdown_it.rules_block.hr - DEBUG - hr.hr:14 - entering hr: StateBlock(line=174,level=0,tokens=134), 176, 311, True
2025-12-28 19:14:40 - 20251228_191439_4a51b80e - markdown_it.rules_block.list - DEBUG - list.list_block:102 - entering list: StateBlock(line=174,level=0,tokens=134), 176, 311, True
2025-12-28 19:14:40 - 20251228_191439_4a51b80e - markdown_it.rules_block.html_block - DEBUG - html_block.html_block:35 - entering html_block: StateBlock(line=174,level=0,tokens=134), 176, 311, True
2025-12-28 19:14:40 - 20251228_191439_4a51b80e - markdown_it.rules_block.heading - DEBUG - heading.heading:13 - entering heading: StateBlock(line=174,level=0,tokens=134), 176, 311, True
2025-12-28 19:14:40 - 20251228_191439_4a51b80e - markdown_it.rules_block.paragraph - DEBUG - paragraph.paragraph:10 - entering paragraph: StateBlock(line=174,level=0,tokens=134), 174, 311, False
2025-12-28 19:14:40 - 20251228_191439_4a51b80e - markdown_it.rules_block.fence - DEBUG - fence.fence:10 - entering fence: StateBlock(line=174,level=0,tokens=134), 175, 311, True
2025-12-28 19:14:40 - 20251228_191439_4a51b80e - markdown_it.rules_block.blockquote - DEBUG - blockquote.blockquote:13 - entering blockquote: StateBlock(line=174,level=0,tokens=134), 175, 311, True
2025-12-28 19:14:40 - 20251228_191439_4a51b80e - markdown_it.rules_block.hr - DEBUG - hr.hr:14 - entering hr: StateBlock(line=174,level=0,tokens=134), 175, 311, True
2025-12-28 19:14:40 - 20251228_191439_4a51b80e - markdown_it.rules_block.list - DEBUG - list.list_block:102 - entering list: StateBlock(line=174,level=0,tokens=134), 175, 311, True
2025-12-28 19:14:40 - 20251228_191439_4a51b80e - markdown_it.rules_block.html_block - DEBUG - html_block.html_block:35 - entering html_block: StateBlock(line=174,level=0,tokens=134), 175, 311, True
2025-12-28 19:14:40 - 20251228_191439_4a51b80e - markdown_it.rules_block.heading - DEBUG - heading.heading:13 - entering heading: StateBlock(line=174,level=0,tokens=134), 175, 311, True
2025-12-28 19:14:40 - 20251228_191439_4a51b80e - markdown_it.rules_block.fence - DEBUG - fence.fence:10 - entering fence: StateBlock(line=174,level=0,tokens=134), 176, 311, True
2025-12-28 19:14:40 - 20251228_191439_4a51b80e - markdown_it.rules_block.blockquote - DEBUG - blockquote.blockquote:13 - entering blockquote: StateBlock(line=174,level=0,tokens=134), 176, 311, True
2025-12-28 19:14:40 - 20251228_191439_4a51b80e - markdown_it.rules_block.hr - DEBUG - hr.hr:14 - entering hr: StateBlock(line=174,level=0,tokens=134), 176, 311, True
2025-12-28 19:14:40 - 20251228_191439_4a51b80e - markdown_it.rules_block.list - DEBUG - list.list_block:102 - entering list: StateBlock(line=174,level=0,tokens=134), 176, 311, True
2025-12-28 19:14:40 - 20251228_191439_4a51b80e - markdown_it.rules_block.html_block - DEBUG - html_block.html_block:35 - entering html_block: StateBlock(line=174,level=0,tokens=134), 176, 311, True
2025-12-28 19:14:40 - 20251228_191439_4a51b80e - markdown_it.rules_block.heading - DEBUG - heading.heading:13 - entering heading: StateBlock(line=174,level=0,tokens=134), 176, 311, True
2025-12-28 19:14:40 - 20251228_191439_4a51b80e - markdown_it.rules_block.code - DEBUG - code.code:10 - entering code: StateBlock(line=178,level=0,tokens=137), 178, 311, False
2025-12-28 19:14:40 - 20251228_191439_4a51b80e - markdown_it.rules_block.fence - DEBUG - fence.fence:10 - entering fence: StateBlock(line=178,level=0,tokens=137), 178, 311, False
2025-12-28 19:14:40 - 20251228_191439_4a51b80e - markdown_it.rules_block.blockquote - DEBUG - blockquote.blockquote:13 - entering blockquote: StateBlock(line=178,level=0,tokens=137), 178, 311, False
2025-12-28 19:14:40 - 20251228_191439_4a51b80e - markdown_it.rules_block.hr - DEBUG - hr.hr:14 - entering hr: StateBlock(line=178,level=0,tokens=137), 178, 311, False
2025-12-28 19:14:40 - 20251228_191439_4a51b80e - markdown_it.rules_block.list - DEBUG - list.list_block:102 - entering list: StateBlock(line=178,level=0,tokens=137), 178, 311, False
2025-12-28 19:14:40 - 20251228_191439_4a51b80e - markdown_it.rules_block.reference - DEBUG - reference.reference:10 - entering reference: StateBlock(line=178,level=0,tokens=137), 178, 311, False
2025-12-28 19:14:40 - 20251228_191439_4a51b80e - markdown_it.rules_block.html_block - DEBUG - html_block.html_block:35 - entering html_block: StateBlock(line=178,level=0,tokens=137), 178, 311, False
2025-12-28 19:14:40 - 20251228_191439_4a51b80e - markdown_it.rules_block.heading - DEBUG - heading.heading:13 - entering heading: StateBlock(line=178,level=0,tokens=137), 178, 311, False
2025-12-28 19:14:40 - 20251228_191439_4a51b80e - markdown_it.rules_block.lheading - DEBUG - lheading.lheading:10 - entering lheading: StateBlock(line=178,level=0,tokens=137), 178, 311, False
2025-12-28 19:14:40 - 20251228_191439_4a51b80e - markdown_it.rules_block.fence - DEBUG - fence.fence:10 - entering fence: StateBlock(line=178,level=0,tokens=137), 179, 311, True
2025-12-28 19:14:40 - 20251228_191439_4a51b80e - markdown_it.rules_block.blockquote - DEBUG - blockquote.blockquote:13 - entering blockquote: StateBlock(line=178,level=0,tokens=137), 179, 311, True
2025-12-28 19:14:40 - 20251228_191439_4a51b80e - markdown_it.rules_block.hr - DEBUG - hr.hr:14 - entering hr: StateBlock(line=178,level=0,tokens=137), 179, 311, True
2025-12-28 19:14:40 - 20251228_191439_4a51b80e - markdown_it.rules_block.list - DEBUG - list.list_block:102 - entering list: StateBlock(line=178,level=0,tokens=137), 179, 311, True
2025-12-28 19:14:40 - 20251228_191439_4a51b80e - markdown_it.rules_block.html_block - DEBUG - html_block.html_block:35 - entering html_block: StateBlock(line=178,level=0,tokens=137), 179, 311, True
2025-12-28 19:14:40 - 20251228_191439_4a51b80e - markdown_it.rules_block.heading - DEBUG - heading.heading:13 - entering heading: StateBlock(line=178,level=0,tokens=137), 179, 311, True
2025-12-28 19:14:40 - 20251228_191439_4a51b80e - markdown_it.rules_block.fence - DEBUG - fence.fence:10 - entering fence: StateBlock(line=178,level=0,tokens=137), 180, 311, True
2025-12-28 19:14:40 - 20251228_191439_4a51b80e - markdown_it.rules_block.blockquote - DEBUG - blockquote.blockquote:13 - entering blockquote: StateBlock(line=178,level=0,tokens=137), 180, 311, True
2025-12-28 19:14:40 - 20251228_191439_4a51b80e - markdown_it.rules_block.hr - DEBUG - hr.hr:14 - entering hr: StateBlock(line=178,level=0,tokens=137), 180, 311, True
2025-12-28 19:14:40 - 20251228_191439_4a51b80e - markdown_it.rules_block.list - DEBUG - list.list_block:102 - entering list: StateBlock(line=178,level=0,tokens=137), 180, 311, True
2025-12-28 19:14:40 - 20251228_191439_4a51b80e - markdown_it.rules_block.html_block - DEBUG - html_block.html_block:35 - entering html_block: StateBlock(line=178,level=0,tokens=137), 180, 311, True
2025-12-28 19:14:40 - 20251228_191439_4a51b80e - markdown_it.rules_block.heading - DEBUG - heading.heading:13 - entering heading: StateBlock(line=178,level=0,tokens=137), 180, 311, True
2025-12-28 19:14:40 - 20251228_191439_4a51b80e - markdown_it.rules_block.fence - DEBUG - fence.fence:10 - entering fence: StateBlock(line=178,level=0,tokens=137), 181, 311, True
2025-12-28 19:14:40 - 20251228_191439_4a51b80e - markdown_it.rules_block.blockquote - DEBUG - blockquote.blockquote:13 - entering blockquote: StateBlock(line=178,level=0,tokens=137), 181, 311, True
2025-12-28 19:14:40 - 20251228_191439_4a51b80e - markdown_it.rules_block.hr - DEBUG - hr.hr:14 - entering hr: StateBlock(line=178,level=0,tokens=137), 181, 311, True
2025-12-28 19:14:40 - 20251228_191439_4a51b80e - markdown_it.rules_block.list - DEBUG - list.list_block:102 - entering list: StateBlock(line=178,level=0,tokens=137), 181, 311, True
2025-12-28 19:14:40 - 20251228_191439_4a51b80e - markdown_it.rules_block.html_block - DEBUG - html_block.html_block:35 - entering html_block: StateBlock(line=178,level=0,tokens=137), 181, 311, True
2025-12-28 19:14:40 - 20251228_191439_4a51b80e - markdown_it.rules_block.heading - DEBUG - heading.heading:13 - entering heading: StateBlock(line=178,level=0,tokens=137), 181, 311, True
2025-12-28 19:14:40 - 20251228_191439_4a51b80e - markdown_it.rules_block.paragraph - DEBUG - paragraph.paragraph:10 - entering paragraph: StateBlock(line=178,level=0,tokens=137), 178, 311, False
2025-12-28 19:14:40 - 20251228_191439_4a51b80e - markdown_it.rules_block.fence - DEBUG - fence.fence:10 - entering fence: StateBlock(line=178,level=0,tokens=137), 179, 311, True
2025-12-28 19:14:40 - 20251228_191439_4a51b80e - markdown_it.rules_block.blockquote - DEBUG - blockquote.blockquote:13 - entering blockquote: StateBlock(line=178,level=0,tokens=137), 179, 311, True
2025-12-28 19:14:40 - 20251228_191439_4a51b80e - markdown_it.rules_block.hr - DEBUG - hr.hr:14 - entering hr: StateBlock(line=178,level=0,tokens=137), 179, 311, True
2025-12-28 19:14:40 - 20251228_191439_4a51b80e - markdown_it.rules_block.list - DEBUG - list.list_block:102 - entering list: StateBlock(line=178,level=0,tokens=137), 179, 311, True
2025-12-28 19:14:40 - 20251228_191439_4a51b80e - markdown_it.rules_block.html_block - DEBUG - html_block.html_block:35 - entering html_block: StateBlock(line=178,level=0,tokens=137), 179, 311, True
2025-12-28 19:14:40 - 20251228_191439_4a51b80e - markdown_it.rules_block.heading - DEBUG - heading.heading:13 - entering heading: StateBlock(line=178,level=0,tokens=137), 179, 311, True
2025-12-28 19:14:40 - 20251228_191439_4a51b80e - markdown_it.rules_block.fence - DEBUG - fence.fence:10 - entering fence: StateBlock(line=178,level=0,tokens=137), 180, 311, True
2025-12-28 19:14:40 - 20251228_191439_4a51b80e - markdown_it.rules_block.blockquote - DEBUG - blockquote.blockquote:13 - entering blockquote: StateBlock(line=178,level=0,tokens=137), 180, 311, True
2025-12-28 19:14:40 - 20251228_191439_4a51b80e - markdown_it.rules_block.hr - DEBUG - hr.hr:14 - entering hr: StateBlock(line=178,level=0,tokens=137), 180, 311, True
2025-12-28 19:14:40 - 20251228_191439_4a51b80e - markdown_it.rules_block.list - DEBUG - list.list_block:102 - entering list: StateBlock(line=178,level=0,tokens=137), 180, 311, True
2025-12-28 19:14:40 - 20251228_191439_4a51b80e - markdown_it.rules_block.html_block - DEBUG - html_block.html_block:35 - entering html_block: StateBlock(line=178,level=0,tokens=137), 180, 311, True
2025-12-28 19:14:40 - 20251228_191439_4a51b80e - markdown_it.rules_block.heading - DEBUG - heading.heading:13 - entering heading: StateBlock(line=178,level=0,tokens=137), 180, 311, True
2025-12-28 19:14:40 - 20251228_191439_4a51b80e - markdown_it.rules_block.fence - DEBUG - fence.fence:10 - entering fence: StateBlock(line=178,level=0,tokens=137), 181, 311, True
2025-12-28 19:14:40 - 20251228_191439_4a51b80e - markdown_it.rules_block.blockquote - DEBUG - blockquote.blockquote:13 - entering blockquote: StateBlock(line=178,level=0,tokens=137), 181, 311, True
2025-12-28 19:14:40 - 20251228_191439_4a51b80e - markdown_it.rules_block.hr - DEBUG - hr.hr:14 - entering hr: StateBlock(line=178,level=0,tokens=137), 181, 311, True
2025-12-28 19:14:40 - 20251228_191439_4a51b80e - markdown_it.rules_block.list - DEBUG - list.list_block:102 - entering list: StateBlock(line=178,level=0,tokens=137), 181, 311, True
2025-12-28 19:14:40 - 20251228_191439_4a51b80e - markdown_it.rules_block.html_block - DEBUG - html_block.html_block:35 - entering html_block: StateBlock(line=178,level=0,tokens=137), 181, 311, True
2025-12-28 19:14:40 - 20251228_191439_4a51b80e - markdown_it.rules_block.heading - DEBUG - heading.heading:13 - entering heading: StateBlock(line=178,level=0,tokens=137), 181, 311, True
2025-12-28 19:14:40 - 20251228_191439_4a51b80e - markdown_it.rules_block.code - DEBUG - code.code:10 - entering code: StateBlock(line=183,level=0,tokens=140), 183, 311, False
2025-12-28 19:14:40 - 20251228_191439_4a51b80e - markdown_it.rules_block.fence - DEBUG - fence.fence:10 - entering fence: StateBlock(line=183,level=0,tokens=140), 183, 311, False
2025-12-28 19:14:40 - 20251228_191439_4a51b80e - markdown_it.rules_block.blockquote - DEBUG - blockquote.blockquote:13 - entering blockquote: StateBlock(line=183,level=0,tokens=140), 183, 311, False
2025-12-28 19:14:40 - 20251228_191439_4a51b80e - markdown_it.rules_block.hr - DEBUG - hr.hr:14 - entering hr: StateBlock(line=183,level=0,tokens=140), 183, 311, False
2025-12-28 19:14:40 - 20251228_191439_4a51b80e - markdown_it.rules_block.list - DEBUG - list.list_block:102 - entering list: StateBlock(line=183,level=0,tokens=140), 183, 311, False
2025-12-28 19:14:40 - 20251228_191439_4a51b80e - markdown_it.rules_block.reference - DEBUG - reference.reference:10 - entering reference: StateBlock(line=183,level=0,tokens=140), 183, 311, False
2025-12-28 19:14:40 - 20251228_191439_4a51b80e - markdown_it.rules_block.html_block - DEBUG - html_block.html_block:35 - entering html_block: StateBlock(line=183,level=0,tokens=140), 183, 311, False
2025-12-28 19:14:40 - 20251228_191439_4a51b80e - markdown_it.rules_block.heading - DEBUG - heading.heading:13 - entering heading: StateBlock(line=183,level=0,tokens=140), 183, 311, False
2025-12-28 19:14:40 - 20251228_191439_4a51b80e - markdown_it.rules_block.code - DEBUG - code.code:10 - entering code: StateBlock(line=185,level=0,tokens=143), 185, 311, False
2025-12-28 19:14:40 - 20251228_191439_4a51b80e - markdown_it.rules_block.fence - DEBUG - fence.fence:10 - entering fence: StateBlock(line=185,level=0,tokens=143), 185, 311, False
2025-12-28 19:14:40 - 20251228_191439_4a51b80e - markdown_it.rules_block.blockquote - DEBUG - blockquote.blockquote:13 - entering blockquote: StateBlock(line=185,level=0,tokens=143), 185, 311, False
2025-12-28 19:14:40 - 20251228_191439_4a51b80e - markdown_it.rules_block.hr - DEBUG - hr.hr:14 - entering hr: StateBlock(line=185,level=0,tokens=143), 185, 311, False
2025-12-28 19:14:40 - 20251228_191439_4a51b80e - markdown_it.rules_block.list - DEBUG - list.list_block:102 - entering list: StateBlock(line=185,level=0,tokens=143), 185, 311, False
2025-12-28 19:14:40 - 20251228_191439_4a51b80e - markdown_it.rules_block.reference - DEBUG - reference.reference:10 - entering reference: StateBlock(line=185,level=0,tokens=143), 185, 311, False
2025-12-28 19:14:40 - 20251228_191439_4a51b80e - markdown_it.rules_block.html_block - DEBUG - html_block.html_block:35 - entering html_block: StateBlock(line=185,level=0,tokens=143), 185, 311, False
2025-12-28 19:14:40 - 20251228_191439_4a51b80e - markdown_it.rules_block.heading - DEBUG - heading.heading:13 - entering heading: StateBlock(line=185,level=0,tokens=143), 185, 311, False
2025-12-28 19:14:40 - 20251228_191439_4a51b80e - markdown_it.rules_block.lheading - DEBUG - lheading.lheading:10 - entering lheading: StateBlock(line=185,level=0,tokens=143), 185, 311, False
2025-12-28 19:14:40 - 20251228_191439_4a51b80e - markdown_it.rules_block.fence - DEBUG - fence.fence:10 - entering fence: StateBlock(line=185,level=0,tokens=143), 186, 311, True
2025-12-28 19:14:40 - 20251228_191439_4a51b80e - markdown_it.rules_block.blockquote - DEBUG - blockquote.blockquote:13 - entering blockquote: StateBlock(line=185,level=0,tokens=143), 186, 311, True
2025-12-28 19:14:40 - 20251228_191439_4a51b80e - markdown_it.rules_block.hr - DEBUG - hr.hr:14 - entering hr: StateBlock(line=185,level=0,tokens=143), 186, 311, True
2025-12-28 19:14:40 - 20251228_191439_4a51b80e - markdown_it.rules_block.list - DEBUG - list.list_block:102 - entering list: StateBlock(line=185,level=0,tokens=143), 186, 311, True
2025-12-28 19:14:40 - 20251228_191439_4a51b80e - markdown_it.rules_block.html_block - DEBUG - html_block.html_block:35 - entering html_block: StateBlock(line=185,level=0,tokens=143), 186, 311, True
2025-12-28 19:14:40 - 20251228_191439_4a51b80e - markdown_it.rules_block.heading - DEBUG - heading.heading:13 - entering heading: StateBlock(line=185,level=0,tokens=143), 186, 311, True
2025-12-28 19:14:40 - 20251228_191439_4a51b80e - markdown_it.rules_block.fence - DEBUG - fence.fence:10 - entering fence: StateBlock(line=185,level=0,tokens=143), 187, 311, True
2025-12-28 19:14:40 - 20251228_191439_4a51b80e - markdown_it.rules_block.blockquote - DEBUG - blockquote.blockquote:13 - entering blockquote: StateBlock(line=185,level=0,tokens=143), 187, 311, True
2025-12-28 19:14:40 - 20251228_191439_4a51b80e - markdown_it.rules_block.hr - DEBUG - hr.hr:14 - entering hr: StateBlock(line=185,level=0,tokens=143), 187, 311, True
2025-12-28 19:14:40 - 20251228_191439_4a51b80e - markdown_it.rules_block.list - DEBUG - list.list_block:102 - entering list: StateBlock(line=185,level=0,tokens=143), 187, 311, True
2025-12-28 19:14:40 - 20251228_191439_4a51b80e - markdown_it.rules_block.html_block - DEBUG - html_block.html_block:35 - entering html_block: StateBlock(line=185,level=0,tokens=143), 187, 311, True
2025-12-28 19:14:40 - 20251228_191439_4a51b80e - markdown_it.rules_block.heading - DEBUG - heading.heading:13 - entering heading: StateBlock(line=185,level=0,tokens=143), 187, 311, True
2025-12-28 19:14:40 - 20251228_191439_4a51b80e - markdown_it.rules_block.paragraph - DEBUG - paragraph.paragraph:10 - entering paragraph: StateBlock(line=185,level=0,tokens=143), 185, 311, False
2025-12-28 19:14:40 - 20251228_191439_4a51b80e - markdown_it.rules_block.fence - DEBUG - fence.fence:10 - entering fence: StateBlock(line=185,level=0,tokens=143), 186, 311, True
2025-12-28 19:14:40 - 20251228_191439_4a51b80e - markdown_it.rules_block.blockquote - DEBUG - blockquote.blockquote:13 - entering blockquote: StateBlock(line=185,level=0,tokens=143), 186, 311, True
2025-12-28 19:14:40 - 20251228_191439_4a51b80e - markdown_it.rules_block.hr - DEBUG - hr.hr:14 - entering hr: StateBlock(line=185,level=0,tokens=143), 186, 311, True
2025-12-28 19:14:40 - 20251228_191439_4a51b80e - markdown_it.rules_block.list - DEBUG - list.list_block:102 - entering list: StateBlock(line=185,level=0,tokens=143), 186, 311, True
2025-12-28 19:14:40 - 20251228_191439_4a51b80e - markdown_it.rules_block.html_block - DEBUG - html_block.html_block:35 - entering html_block: StateBlock(line=185,level=0,tokens=143), 186, 311, True
2025-12-28 19:14:40 - 20251228_191439_4a51b80e - markdown_it.rules_block.heading - DEBUG - heading.heading:13 - entering heading: StateBlock(line=185,level=0,tokens=143), 186, 311, True
2025-12-28 19:14:40 - 20251228_191439_4a51b80e - markdown_it.rules_block.fence - DEBUG - fence.fence:10 - entering fence: StateBlock(line=185,level=0,tokens=143), 187, 311, True
2025-12-28 19:14:40 - 20251228_191439_4a51b80e - markdown_it.rules_block.blockquote - DEBUG - blockquote.blockquote:13 - entering blockquote: StateBlock(line=185,level=0,tokens=143), 187, 311, True
2025-12-28 19:14:40 - 20251228_191439_4a51b80e - markdown_it.rules_block.hr - DEBUG - hr.hr:14 - entering hr: StateBlock(line=185,level=0,tokens=143), 187, 311, True
2025-12-28 19:14:40 - 20251228_191439_4a51b80e - markdown_it.rules_block.list - DEBUG - list.list_block:102 - entering list: StateBlock(line=185,level=0,tokens=143), 187, 311, True
2025-12-28 19:14:40 - 20251228_191439_4a51b80e - markdown_it.rules_block.html_block - DEBUG - html_block.html_block:35 - entering html_block: StateBlock(line=185,level=0,tokens=143), 187, 311, True
2025-12-28 19:14:40 - 20251228_191439_4a51b80e - markdown_it.rules_block.heading - DEBUG - heading.heading:13 - entering heading: StateBlock(line=185,level=0,tokens=143), 187, 311, True
2025-12-28 19:14:40 - 20251228_191439_4a51b80e - markdown_it.rules_block.code - DEBUG - code.code:10 - entering code: StateBlock(line=189,level=0,tokens=146), 189, 311, False
2025-12-28 19:14:40 - 20251228_191439_4a51b80e - markdown_it.rules_block.fence - DEBUG - fence.fence:10 - entering fence: StateBlock(line=189,level=0,tokens=146), 189, 311, False
2025-12-28 19:14:40 - 20251228_191439_4a51b80e - markdown_it.rules_block.blockquote - DEBUG - blockquote.blockquote:13 - entering blockquote: StateBlock(line=189,level=0,tokens=146), 189, 311, False
2025-12-28 19:14:40 - 20251228_191439_4a51b80e - markdown_it.rules_block.hr - DEBUG - hr.hr:14 - entering hr: StateBlock(line=189,level=0,tokens=146), 189, 311, False
2025-12-28 19:14:40 - 20251228_191439_4a51b80e - markdown_it.rules_block.list - DEBUG - list.list_block:102 - entering list: StateBlock(line=189,level=0,tokens=146), 189, 311, False
2025-12-28 19:14:40 - 20251228_191439_4a51b80e - markdown_it.rules_block.reference - DEBUG - reference.reference:10 - entering reference: StateBlock(line=189,level=0,tokens=146), 189, 311, False
2025-12-28 19:14:40 - 20251228_191439_4a51b80e - markdown_it.rules_block.html_block - DEBUG - html_block.html_block:35 - entering html_block: StateBlock(line=189,level=0,tokens=146), 189, 311, False
2025-12-28 19:14:40 - 20251228_191439_4a51b80e - markdown_it.rules_block.heading - DEBUG - heading.heading:13 - entering heading: StateBlock(line=189,level=0,tokens=146), 189, 311, False
2025-12-28 19:14:40 - 20251228_191439_4a51b80e - markdown_it.rules_block.lheading - DEBUG - lheading.lheading:10 - entering lheading: StateBlock(line=189,level=0,tokens=146), 189, 311, False
2025-12-28 19:14:40 - 20251228_191439_4a51b80e - markdown_it.rules_block.fence - DEBUG - fence.fence:10 - entering fence: StateBlock(line=189,level=0,tokens=146), 190, 311, True
2025-12-28 19:14:40 - 20251228_191439_4a51b80e - markdown_it.rules_block.blockquote - DEBUG - blockquote.blockquote:13 - entering blockquote: StateBlock(line=189,level=0,tokens=146), 190, 311, True
2025-12-28 19:14:40 - 20251228_191439_4a51b80e - markdown_it.rules_block.hr - DEBUG - hr.hr:14 - entering hr: StateBlock(line=189,level=0,tokens=146), 190, 311, True
2025-12-28 19:14:40 - 20251228_191439_4a51b80e - markdown_it.rules_block.list - DEBUG - list.list_block:102 - entering list: StateBlock(line=189,level=0,tokens=146), 190, 311, True
2025-12-28 19:14:40 - 20251228_191439_4a51b80e - markdown_it.rules_block.html_block - DEBUG - html_block.html_block:35 - entering html_block: StateBlock(line=189,level=0,tokens=146), 190, 311, True
2025-12-28 19:14:40 - 20251228_191439_4a51b80e - markdown_it.rules_block.heading - DEBUG - heading.heading:13 - entering heading: StateBlock(line=189,level=0,tokens=146), 190, 311, True
2025-12-28 19:14:40 - 20251228_191439_4a51b80e - markdown_it.rules_block.fence - DEBUG - fence.fence:10 - entering fence: StateBlock(line=189,level=0,tokens=146), 191, 311, True
2025-12-28 19:14:40 - 20251228_191439_4a51b80e - markdown_it.rules_block.blockquote - DEBUG - blockquote.blockquote:13 - entering blockquote: StateBlock(line=189,level=0,tokens=146), 191, 311, True
2025-12-28 19:14:40 - 20251228_191439_4a51b80e - markdown_it.rules_block.hr - DEBUG - hr.hr:14 - entering hr: StateBlock(line=189,level=0,tokens=146), 191, 311, True
2025-12-28 19:14:40 - 20251228_191439_4a51b80e - markdown_it.rules_block.list - DEBUG - list.list_block:102 - entering list: StateBlock(line=189,level=0,tokens=146), 191, 311, True
2025-12-28 19:14:40 - 20251228_191439_4a51b80e - markdown_it.rules_block.html_block - DEBUG - html_block.html_block:35 - entering html_block: StateBlock(line=189,level=0,tokens=146), 191, 311, True
2025-12-28 19:14:40 - 20251228_191439_4a51b80e - markdown_it.rules_block.heading - DEBUG - heading.heading:13 - entering heading: StateBlock(line=189,level=0,tokens=146), 191, 311, True
2025-12-28 19:14:40 - 20251228_191439_4a51b80e - markdown_it.rules_block.fence - DEBUG - fence.fence:10 - entering fence: StateBlock(line=189,level=0,tokens=146), 192, 311, True
2025-12-28 19:14:40 - 20251228_191439_4a51b80e - markdown_it.rules_block.blockquote - DEBUG - blockquote.blockquote:13 - entering blockquote: StateBlock(line=189,level=0,tokens=146), 192, 311, True
2025-12-28 19:14:40 - 20251228_191439_4a51b80e - markdown_it.rules_block.hr - DEBUG - hr.hr:14 - entering hr: StateBlock(line=189,level=0,tokens=146), 192, 311, True
2025-12-28 19:14:40 - 20251228_191439_4a51b80e - markdown_it.rules_block.list - DEBUG - list.list_block:102 - entering list: StateBlock(line=189,level=0,tokens=146), 192, 311, True
2025-12-28 19:14:40 - 20251228_191439_4a51b80e - markdown_it.rules_block.html_block - DEBUG - html_block.html_block:35 - entering html_block: StateBlock(line=189,level=0,tokens=146), 192, 311, True
2025-12-28 19:14:40 - 20251228_191439_4a51b80e - markdown_it.rules_block.heading - DEBUG - heading.heading:13 - entering heading: StateBlock(line=189,level=0,tokens=146), 192, 311, True
2025-12-28 19:14:40 - 20251228_191439_4a51b80e - markdown_it.rules_block.fence - DEBUG - fence.fence:10 - entering fence: StateBlock(line=189,level=0,tokens=146), 193, 311, True
2025-12-28 19:14:40 - 20251228_191439_4a51b80e - markdown_it.rules_block.blockquote - DEBUG - blockquote.blockquote:13 - entering blockquote: StateBlock(line=189,level=0,tokens=146), 193, 311, True
2025-12-28 19:14:40 - 20251228_191439_4a51b80e - markdown_it.rules_block.hr - DEBUG - hr.hr:14 - entering hr: StateBlock(line=189,level=0,tokens=146), 193, 311, True
2025-12-28 19:14:40 - 20251228_191439_4a51b80e - markdown_it.rules_block.list - DEBUG - list.list_block:102 - entering list: StateBlock(line=189,level=0,tokens=146), 193, 311, True
2025-12-28 19:14:40 - 20251228_191439_4a51b80e - markdown_it.rules_block.html_block - DEBUG - html_block.html_block:35 - entering html_block: StateBlock(line=189,level=0,tokens=146), 193, 311, True
2025-12-28 19:14:40 - 20251228_191439_4a51b80e - markdown_it.rules_block.heading - DEBUG - heading.heading:13 - entering heading: StateBlock(line=189,level=0,tokens=146), 193, 311, True
2025-12-28 19:14:40 - 20251228_191439_4a51b80e - markdown_it.rules_block.paragraph - DEBUG - paragraph.paragraph:10 - entering paragraph: StateBlock(line=189,level=0,tokens=146), 189, 311, False
2025-12-28 19:14:40 - 20251228_191439_4a51b80e - markdown_it.rules_block.fence - DEBUG - fence.fence:10 - entering fence: StateBlock(line=189,level=0,tokens=146), 190, 311, True
2025-12-28 19:14:40 - 20251228_191439_4a51b80e - markdown_it.rules_block.blockquote - DEBUG - blockquote.blockquote:13 - entering blockquote: StateBlock(line=189,level=0,tokens=146), 190, 311, True
2025-12-28 19:14:40 - 20251228_191439_4a51b80e - markdown_it.rules_block.hr - DEBUG - hr.hr:14 - entering hr: StateBlock(line=189,level=0,tokens=146), 190, 311, True
2025-12-28 19:14:40 - 20251228_191439_4a51b80e - markdown_it.rules_block.list - DEBUG - list.list_block:102 - entering list: StateBlock(line=189,level=0,tokens=146), 190, 311, True
2025-12-28 19:14:40 - 20251228_191439_4a51b80e - markdown_it.rules_block.html_block - DEBUG - html_block.html_block:35 - entering html_block: StateBlock(line=189,level=0,tokens=146), 190, 311, True
2025-12-28 19:14:40 - 20251228_191439_4a51b80e - markdown_it.rules_block.heading - DEBUG - heading.heading:13 - entering heading: StateBlock(line=189,level=0,tokens=146), 190, 311, True
2025-12-28 19:14:40 - 20251228_191439_4a51b80e - markdown_it.rules_block.fence - DEBUG - fence.fence:10 - entering fence: StateBlock(line=189,level=0,tokens=146), 191, 311, True
2025-12-28 19:14:40 - 20251228_191439_4a51b80e - markdown_it.rules_block.blockquote - DEBUG - blockquote.blockquote:13 - entering blockquote: StateBlock(line=189,level=0,tokens=146), 191, 311, True
2025-12-28 19:14:40 - 20251228_191439_4a51b80e - markdown_it.rules_block.hr - DEBUG - hr.hr:14 - entering hr: StateBlock(line=189,level=0,tokens=146), 191, 311, True
2025-12-28 19:14:40 - 20251228_191439_4a51b80e - markdown_it.rules_block.list - DEBUG - list.list_block:102 - entering list: StateBlock(line=189,level=0,tokens=146), 191, 311, True
2025-12-28 19:14:40 - 20251228_191439_4a51b80e - markdown_it.rules_block.html_block - DEBUG - html_block.html_block:35 - entering html_block: StateBlock(line=189,level=0,tokens=146), 191, 311, True
2025-12-28 19:14:40 - 20251228_191439_4a51b80e - markdown_it.rules_block.heading - DEBUG - heading.heading:13 - entering heading: StateBlock(line=189,level=0,tokens=146), 191, 311, True
2025-12-28 19:14:40 - 20251228_191439_4a51b80e - markdown_it.rules_block.fence - DEBUG - fence.fence:10 - entering fence: StateBlock(line=189,level=0,tokens=146), 192, 311, True
2025-12-28 19:14:40 - 20251228_191439_4a51b80e - markdown_it.rules_block.blockquote - DEBUG - blockquote.blockquote:13 - entering blockquote: StateBlock(line=189,level=0,tokens=146), 192, 311, True
2025-12-28 19:14:40 - 20251228_191439_4a51b80e - markdown_it.rules_block.hr - DEBUG - hr.hr:14 - entering hr: StateBlock(line=189,level=0,tokens=146), 192, 311, True
2025-12-28 19:14:40 - 20251228_191439_4a51b80e - markdown_it.rules_block.list - DEBUG - list.list_block:102 - entering list: StateBlock(line=189,level=0,tokens=146), 192, 311, True
2025-12-28 19:14:40 - 20251228_191439_4a51b80e - markdown_it.rules_block.html_block - DEBUG - html_block.html_block:35 - entering html_block: StateBlock(line=189,level=0,tokens=146), 192, 311, True
2025-12-28 19:14:40 - 20251228_191439_4a51b80e - markdown_it.rules_block.heading - DEBUG - heading.heading:13 - entering heading: StateBlock(line=189,level=0,tokens=146), 192, 311, True
2025-12-28 19:14:40 - 20251228_191439_4a51b80e - markdown_it.rules_block.fence - DEBUG - fence.fence:10 - entering fence: StateBlock(line=189,level=0,tokens=146), 193, 311, True
2025-12-28 19:14:40 - 20251228_191439_4a51b80e - markdown_it.rules_block.blockquote - DEBUG - blockquote.blockquote:13 - entering blockquote: StateBlock(line=189,level=0,tokens=146), 193, 311, True
2025-12-28 19:14:40 - 20251228_191439_4a51b80e - markdown_it.rules_block.hr - DEBUG - hr.hr:14 - entering hr: StateBlock(line=189,level=0,tokens=146), 193, 311, True
2025-12-28 19:14:40 - 20251228_191439_4a51b80e - markdown_it.rules_block.list - DEBUG - list.list_block:102 - entering list: StateBlock(line=189,level=0,tokens=146), 193, 311, True
2025-12-28 19:14:40 - 20251228_191439_4a51b80e - markdown_it.rules_block.html_block - DEBUG - html_block.html_block:35 - entering html_block: StateBlock(line=189,level=0,tokens=146), 193, 311, True
2025-12-28 19:14:40 - 20251228_191439_4a51b80e - markdown_it.rules_block.heading - DEBUG - heading.heading:13 - entering heading: StateBlock(line=189,level=0,tokens=146), 193, 311, True
2025-12-28 19:14:40 - 20251228_191439_4a51b80e - markdown_it.rules_block.code - DEBUG - code.code:10 - entering code: StateBlock(line=195,level=0,tokens=149), 195, 311, False
2025-12-28 19:14:40 - 20251228_191439_4a51b80e - markdown_it.rules_block.fence - DEBUG - fence.fence:10 - entering fence: StateBlock(line=195,level=0,tokens=149), 195, 311, False
2025-12-28 19:14:40 - 20251228_191439_4a51b80e - markdown_it.rules_block.blockquote - DEBUG - blockquote.blockquote:13 - entering blockquote: StateBlock(line=195,level=0,tokens=149), 195, 311, False
2025-12-28 19:14:40 - 20251228_191439_4a51b80e - markdown_it.rules_block.hr - DEBUG - hr.hr:14 - entering hr: StateBlock(line=195,level=0,tokens=149), 195, 311, False
2025-12-28 19:14:40 - 20251228_191439_4a51b80e - markdown_it.rules_block.list - DEBUG - list.list_block:102 - entering list: StateBlock(line=195,level=0,tokens=149), 195, 311, False
2025-12-28 19:14:40 - 20251228_191439_4a51b80e - markdown_it.rules_block.reference - DEBUG - reference.reference:10 - entering reference: StateBlock(line=195,level=0,tokens=149), 195, 311, False
2025-12-28 19:14:40 - 20251228_191439_4a51b80e - markdown_it.rules_block.html_block - DEBUG - html_block.html_block:35 - entering html_block: StateBlock(line=195,level=0,tokens=149), 195, 311, False
2025-12-28 19:14:40 - 20251228_191439_4a51b80e - markdown_it.rules_block.heading - DEBUG - heading.heading:13 - entering heading: StateBlock(line=195,level=0,tokens=149), 195, 311, False
2025-12-28 19:14:40 - 20251228_191439_4a51b80e - markdown_it.rules_block.lheading - DEBUG - lheading.lheading:10 - entering lheading: StateBlock(line=195,level=0,tokens=149), 195, 311, False
2025-12-28 19:14:40 - 20251228_191439_4a51b80e - markdown_it.rules_block.fence - DEBUG - fence.fence:10 - entering fence: StateBlock(line=195,level=0,tokens=149), 196, 311, True
2025-12-28 19:14:40 - 20251228_191439_4a51b80e - markdown_it.rules_block.blockquote - DEBUG - blockquote.blockquote:13 - entering blockquote: StateBlock(line=195,level=0,tokens=149), 196, 311, True
2025-12-28 19:14:40 - 20251228_191439_4a51b80e - markdown_it.rules_block.hr - DEBUG - hr.hr:14 - entering hr: StateBlock(line=195,level=0,tokens=149), 196, 311, True
2025-12-28 19:14:40 - 20251228_191439_4a51b80e - markdown_it.rules_block.list - DEBUG - list.list_block:102 - entering list: StateBlock(line=195,level=0,tokens=149), 196, 311, True
2025-12-28 19:14:40 - 20251228_191439_4a51b80e - markdown_it.rules_block.html_block - DEBUG - html_block.html_block:35 - entering html_block: StateBlock(line=195,level=0,tokens=149), 196, 311, True
2025-12-28 19:14:40 - 20251228_191439_4a51b80e - markdown_it.rules_block.heading - DEBUG - heading.heading:13 - entering heading: StateBlock(line=195,level=0,tokens=149), 196, 311, True
2025-12-28 19:14:40 - 20251228_191439_4a51b80e - markdown_it.rules_block.fence - DEBUG - fence.fence:10 - entering fence: StateBlock(line=195,level=0,tokens=149), 197, 311, True
2025-12-28 19:14:40 - 20251228_191439_4a51b80e - markdown_it.rules_block.blockquote - DEBUG - blockquote.blockquote:13 - entering blockquote: StateBlock(line=195,level=0,tokens=149), 197, 311, True
2025-12-28 19:14:40 - 20251228_191439_4a51b80e - markdown_it.rules_block.hr - DEBUG - hr.hr:14 - entering hr: StateBlock(line=195,level=0,tokens=149), 197, 311, True
2025-12-28 19:14:40 - 20251228_191439_4a51b80e - markdown_it.rules_block.list - DEBUG - list.list_block:102 - entering list: StateBlock(line=195,level=0,tokens=149), 197, 311, True
2025-12-28 19:14:40 - 20251228_191439_4a51b80e - markdown_it.rules_block.html_block - DEBUG - html_block.html_block:35 - entering html_block: StateBlock(line=195,level=0,tokens=149), 197, 311, True
2025-12-28 19:14:40 - 20251228_191439_4a51b80e - markdown_it.rules_block.heading - DEBUG - heading.heading:13 - entering heading: StateBlock(line=195,level=0,tokens=149), 197, 311, True
2025-12-28 19:14:40 - 20251228_191439_4a51b80e - markdown_it.rules_block.paragraph - DEBUG - paragraph.paragraph:10 - entering paragraph: StateBlock(line=195,level=0,tokens=149), 195, 311, False
2025-12-28 19:14:40 - 20251228_191439_4a51b80e - markdown_it.rules_block.fence - DEBUG - fence.fence:10 - entering fence: StateBlock(line=195,level=0,tokens=149), 196, 311, True
2025-12-28 19:14:40 - 20251228_191439_4a51b80e - markdown_it.rules_block.blockquote - DEBUG - blockquote.blockquote:13 - entering blockquote: StateBlock(line=195,level=0,tokens=149), 196, 311, True
2025-12-28 19:14:40 - 20251228_191439_4a51b80e - markdown_it.rules_block.hr - DEBUG - hr.hr:14 - entering hr: StateBlock(line=195,level=0,tokens=149), 196, 311, True
2025-12-28 19:14:40 - 20251228_191439_4a51b80e - markdown_it.rules_block.list - DEBUG - list.list_block:102 - entering list: StateBlock(line=195,level=0,tokens=149), 196, 311, True
2025-12-28 19:14:40 - 20251228_191439_4a51b80e - markdown_it.rules_block.html_block - DEBUG - html_block.html_block:35 - entering html_block: StateBlock(line=195,level=0,tokens=149), 196, 311, True
2025-12-28 19:14:40 - 20251228_191439_4a51b80e - markdown_it.rules_block.heading - DEBUG - heading.heading:13 - entering heading: StateBlock(line=195,level=0,tokens=149), 196, 311, True
2025-12-28 19:14:40 - 20251228_191439_4a51b80e - markdown_it.rules_block.fence - DEBUG - fence.fence:10 - entering fence: StateBlock(line=195,level=0,tokens=149), 197, 311, True
2025-12-28 19:14:40 - 20251228_191439_4a51b80e - markdown_it.rules_block.blockquote - DEBUG - blockquote.blockquote:13 - entering blockquote: StateBlock(line=195,level=0,tokens=149), 197, 311, True
2025-12-28 19:14:40 - 20251228_191439_4a51b80e - markdown_it.rules_block.hr - DEBUG - hr.hr:14 - entering hr: StateBlock(line=195,level=0,tokens=149), 197, 311, True
2025-12-28 19:14:40 - 20251228_191439_4a51b80e - markdown_it.rules_block.list - DEBUG - list.list_block:102 - entering list: StateBlock(line=195,level=0,tokens=149), 197, 311, True
2025-12-28 19:14:40 - 20251228_191439_4a51b80e - markdown_it.rules_block.html_block - DEBUG - html_block.html_block:35 - entering html_block: StateBlock(line=195,level=0,tokens=149), 197, 311, True
2025-12-28 19:14:40 - 20251228_191439_4a51b80e - markdown_it.rules_block.heading - DEBUG - heading.heading:13 - entering heading: StateBlock(line=195,level=0,tokens=149), 197, 311, True
2025-12-28 19:14:40 - 20251228_191439_4a51b80e - markdown_it.rules_block.code - DEBUG - code.code:10 - entering code: StateBlock(line=199,level=0,tokens=152), 199, 311, False
2025-12-28 19:14:40 - 20251228_191439_4a51b80e - markdown_it.rules_block.fence - DEBUG - fence.fence:10 - entering fence: StateBlock(line=199,level=0,tokens=152), 199, 311, False
2025-12-28 19:14:40 - 20251228_191439_4a51b80e - markdown_it.rules_block.blockquote - DEBUG - blockquote.blockquote:13 - entering blockquote: StateBlock(line=199,level=0,tokens=152), 199, 311, False
2025-12-28 19:14:40 - 20251228_191439_4a51b80e - markdown_it.rules_block.hr - DEBUG - hr.hr:14 - entering hr: StateBlock(line=199,level=0,tokens=152), 199, 311, False
2025-12-28 19:14:40 - 20251228_191439_4a51b80e - markdown_it.rules_block.list - DEBUG - list.list_block:102 - entering list: StateBlock(line=199,level=0,tokens=152), 199, 311, False
2025-12-28 19:14:40 - 20251228_191439_4a51b80e - markdown_it.rules_block.reference - DEBUG - reference.reference:10 - entering reference: StateBlock(line=199,level=0,tokens=152), 199, 311, False
2025-12-28 19:14:40 - 20251228_191439_4a51b80e - markdown_it.rules_block.html_block - DEBUG - html_block.html_block:35 - entering html_block: StateBlock(line=199,level=0,tokens=152), 199, 311, False
2025-12-28 19:14:40 - 20251228_191439_4a51b80e - markdown_it.rules_block.heading - DEBUG - heading.heading:13 - entering heading: StateBlock(line=199,level=0,tokens=152), 199, 311, False
2025-12-28 19:14:40 - 20251228_191439_4a51b80e - markdown_it.rules_block.code - DEBUG - code.code:10 - entering code: StateBlock(line=201,level=0,tokens=155), 201, 311, False
2025-12-28 19:14:40 - 20251228_191439_4a51b80e - markdown_it.rules_block.fence - DEBUG - fence.fence:10 - entering fence: StateBlock(line=201,level=0,tokens=155), 201, 311, False
2025-12-28 19:14:40 - 20251228_191439_4a51b80e - markdown_it.rules_block.blockquote - DEBUG - blockquote.blockquote:13 - entering blockquote: StateBlock(line=201,level=0,tokens=155), 201, 311, False
2025-12-28 19:14:40 - 20251228_191439_4a51b80e - markdown_it.rules_block.hr - DEBUG - hr.hr:14 - entering hr: StateBlock(line=201,level=0,tokens=155), 201, 311, False
2025-12-28 19:14:40 - 20251228_191439_4a51b80e - markdown_it.rules_block.list - DEBUG - list.list_block:102 - entering list: StateBlock(line=201,level=0,tokens=155), 201, 311, False
2025-12-28 19:14:40 - 20251228_191439_4a51b80e - markdown_it.rules_block.reference - DEBUG - reference.reference:10 - entering reference: StateBlock(line=201,level=0,tokens=155), 201, 311, False
2025-12-28 19:14:40 - 20251228_191439_4a51b80e - markdown_it.rules_block.html_block - DEBUG - html_block.html_block:35 - entering html_block: StateBlock(line=201,level=0,tokens=155), 201, 311, False
2025-12-28 19:14:40 - 20251228_191439_4a51b80e - markdown_it.rules_block.heading - DEBUG - heading.heading:13 - entering heading: StateBlock(line=201,level=0,tokens=155), 201, 311, False
2025-12-28 19:14:40 - 20251228_191439_4a51b80e - markdown_it.rules_block.lheading - DEBUG - lheading.lheading:10 - entering lheading: StateBlock(line=201,level=0,tokens=155), 201, 311, False
2025-12-28 19:14:40 - 20251228_191439_4a51b80e - markdown_it.rules_block.paragraph - DEBUG - paragraph.paragraph:10 - entering paragraph: StateBlock(line=201,level=0,tokens=155), 201, 311, False
2025-12-28 19:14:40 - 20251228_191439_4a51b80e - markdown_it.rules_block.code - DEBUG - code.code:10 - entering code: StateBlock(line=203,level=0,tokens=158), 203, 311, False
2025-12-28 19:14:40 - 20251228_191439_4a51b80e - markdown_it.rules_block.fence - DEBUG - fence.fence:10 - entering fence: StateBlock(line=203,level=0,tokens=158), 203, 311, False
2025-12-28 19:14:40 - 20251228_191439_4a51b80e - markdown_it.rules_block.blockquote - DEBUG - blockquote.blockquote:13 - entering blockquote: StateBlock(line=203,level=0,tokens=158), 203, 311, False
2025-12-28 19:14:40 - 20251228_191439_4a51b80e - markdown_it.rules_block.hr - DEBUG - hr.hr:14 - entering hr: StateBlock(line=203,level=0,tokens=158), 203, 311, False
2025-12-28 19:14:40 - 20251228_191439_4a51b80e - markdown_it.rules_block.list - DEBUG - list.list_block:102 - entering list: StateBlock(line=203,level=0,tokens=158), 203, 311, False
2025-12-28 19:14:40 - 20251228_191439_4a51b80e - markdown_it.rules_block.reference - DEBUG - reference.reference:10 - entering reference: StateBlock(line=203,level=0,tokens=158), 203, 311, False
2025-12-28 19:14:40 - 20251228_191439_4a51b80e - markdown_it.rules_block.html_block - DEBUG - html_block.html_block:35 - entering html_block: StateBlock(line=203,level=0,tokens=158), 203, 311, False
2025-12-28 19:14:40 - 20251228_191439_4a51b80e - markdown_it.rules_block.heading - DEBUG - heading.heading:13 - entering heading: StateBlock(line=203,level=0,tokens=158), 203, 311, False
2025-12-28 19:14:40 - 20251228_191439_4a51b80e - markdown_it.rules_block.lheading - DEBUG - lheading.lheading:10 - entering lheading: StateBlock(line=203,level=0,tokens=158), 203, 311, False
2025-12-28 19:14:40 - 20251228_191439_4a51b80e - markdown_it.rules_block.fence - DEBUG - fence.fence:10 - entering fence: StateBlock(line=203,level=0,tokens=158), 204, 311, True
2025-12-28 19:14:40 - 20251228_191439_4a51b80e - markdown_it.rules_block.blockquote - DEBUG - blockquote.blockquote:13 - entering blockquote: StateBlock(line=203,level=0,tokens=158), 204, 311, True
2025-12-28 19:14:40 - 20251228_191439_4a51b80e - markdown_it.rules_block.hr - DEBUG - hr.hr:14 - entering hr: StateBlock(line=203,level=0,tokens=158), 204, 311, True
2025-12-28 19:14:40 - 20251228_191439_4a51b80e - markdown_it.rules_block.list - DEBUG - list.list_block:102 - entering list: StateBlock(line=203,level=0,tokens=158), 204, 311, True
2025-12-28 19:14:40 - 20251228_191439_4a51b80e - markdown_it.rules_block.html_block - DEBUG - html_block.html_block:35 - entering html_block: StateBlock(line=203,level=0,tokens=158), 204, 311, True
2025-12-28 19:14:40 - 20251228_191439_4a51b80e - markdown_it.rules_block.heading - DEBUG - heading.heading:13 - entering heading: StateBlock(line=203,level=0,tokens=158), 204, 311, True
2025-12-28 19:14:40 - 20251228_191439_4a51b80e - markdown_it.rules_block.fence - DEBUG - fence.fence:10 - entering fence: StateBlock(line=203,level=0,tokens=158), 205, 311, True
2025-12-28 19:14:40 - 20251228_191439_4a51b80e - markdown_it.rules_block.blockquote - DEBUG - blockquote.blockquote:13 - entering blockquote: StateBlock(line=203,level=0,tokens=158), 205, 311, True
2025-12-28 19:14:40 - 20251228_191439_4a51b80e - markdown_it.rules_block.hr - DEBUG - hr.hr:14 - entering hr: StateBlock(line=203,level=0,tokens=158), 205, 311, True
2025-12-28 19:14:40 - 20251228_191439_4a51b80e - markdown_it.rules_block.list - DEBUG - list.list_block:102 - entering list: StateBlock(line=203,level=0,tokens=158), 205, 311, True
2025-12-28 19:14:40 - 20251228_191439_4a51b80e - markdown_it.rules_block.html_block - DEBUG - html_block.html_block:35 - entering html_block: StateBlock(line=203,level=0,tokens=158), 205, 311, True
2025-12-28 19:14:40 - 20251228_191439_4a51b80e - markdown_it.rules_block.heading - DEBUG - heading.heading:13 - entering heading: StateBlock(line=203,level=0,tokens=158), 205, 311, True
2025-12-28 19:14:40 - 20251228_191439_4a51b80e - markdown_it.rules_block.paragraph - DEBUG - paragraph.paragraph:10 - entering paragraph: StateBlock(line=203,level=0,tokens=158), 203, 311, False
2025-12-28 19:14:40 - 20251228_191439_4a51b80e - markdown_it.rules_block.fence - DEBUG - fence.fence:10 - entering fence: StateBlock(line=203,level=0,tokens=158), 204, 311, True
2025-12-28 19:14:40 - 20251228_191439_4a51b80e - markdown_it.rules_block.blockquote - DEBUG - blockquote.blockquote:13 - entering blockquote: StateBlock(line=203,level=0,tokens=158), 204, 311, True
2025-12-28 19:14:40 - 20251228_191439_4a51b80e - markdown_it.rules_block.hr - DEBUG - hr.hr:14 - entering hr: StateBlock(line=203,level=0,tokens=158), 204, 311, True
2025-12-28 19:14:40 - 20251228_191439_4a51b80e - markdown_it.rules_block.list - DEBUG - list.list_block:102 - entering list: StateBlock(line=203,level=0,tokens=158), 204, 311, True
2025-12-28 19:14:40 - 20251228_191439_4a51b80e - markdown_it.rules_block.html_block - DEBUG - html_block.html_block:35 - entering html_block: StateBlock(line=203,level=0,tokens=158), 204, 311, True
2025-12-28 19:14:40 - 20251228_191439_4a51b80e - markdown_it.rules_block.heading - DEBUG - heading.heading:13 - entering heading: StateBlock(line=203,level=0,tokens=158), 204, 311, True
2025-12-28 19:14:40 - 20251228_191439_4a51b80e - markdown_it.rules_block.fence - DEBUG - fence.fence:10 - entering fence: StateBlock(line=203,level=0,tokens=158), 205, 311, True
2025-12-28 19:14:40 - 20251228_191439_4a51b80e - markdown_it.rules_block.blockquote - DEBUG - blockquote.blockquote:13 - entering blockquote: StateBlock(line=203,level=0,tokens=158), 205, 311, True
2025-12-28 19:14:40 - 20251228_191439_4a51b80e - markdown_it.rules_block.hr - DEBUG - hr.hr:14 - entering hr: StateBlock(line=203,level=0,tokens=158), 205, 311, True
2025-12-28 19:14:40 - 20251228_191439_4a51b80e - markdown_it.rules_block.list - DEBUG - list.list_block:102 - entering list: StateBlock(line=203,level=0,tokens=158), 205, 311, True
2025-12-28 19:14:40 - 20251228_191439_4a51b80e - markdown_it.rules_block.html_block - DEBUG - html_block.html_block:35 - entering html_block: StateBlock(line=203,level=0,tokens=158), 205, 311, True
2025-12-28 19:14:40 - 20251228_191439_4a51b80e - markdown_it.rules_block.heading - DEBUG - heading.heading:13 - entering heading: StateBlock(line=203,level=0,tokens=158), 205, 311, True
2025-12-28 19:14:40 - 20251228_191439_4a51b80e - markdown_it.rules_block.code - DEBUG - code.code:10 - entering code: StateBlock(line=207,level=0,tokens=161), 207, 311, False
2025-12-28 19:14:40 - 20251228_191439_4a51b80e - markdown_it.rules_block.fence - DEBUG - fence.fence:10 - entering fence: StateBlock(line=207,level=0,tokens=161), 207, 311, False
2025-12-28 19:14:40 - 20251228_191439_4a51b80e - markdown_it.rules_block.blockquote - DEBUG - blockquote.blockquote:13 - entering blockquote: StateBlock(line=207,level=0,tokens=161), 207, 311, False
2025-12-28 19:14:40 - 20251228_191439_4a51b80e - markdown_it.rules_block.hr - DEBUG - hr.hr:14 - entering hr: StateBlock(line=207,level=0,tokens=161), 207, 311, False
2025-12-28 19:14:40 - 20251228_191439_4a51b80e - markdown_it.rules_block.list - DEBUG - list.list_block:102 - entering list: StateBlock(line=207,level=0,tokens=161), 207, 311, False
2025-12-28 19:14:40 - 20251228_191439_4a51b80e - markdown_it.rules_block.reference - DEBUG - reference.reference:10 - entering reference: StateBlock(line=207,level=0,tokens=161), 207, 311, False
2025-12-28 19:14:40 - 20251228_191439_4a51b80e - markdown_it.rules_block.html_block - DEBUG - html_block.html_block:35 - entering html_block: StateBlock(line=207,level=0,tokens=161), 207, 311, False
2025-12-28 19:14:40 - 20251228_191439_4a51b80e - markdown_it.rules_block.heading - DEBUG - heading.heading:13 - entering heading: StateBlock(line=207,level=0,tokens=161), 207, 311, False
2025-12-28 19:14:40 - 20251228_191439_4a51b80e - markdown_it.rules_block.lheading - DEBUG - lheading.lheading:10 - entering lheading: StateBlock(line=207,level=0,tokens=161), 207, 311, False
2025-12-28 19:14:40 - 20251228_191439_4a51b80e - markdown_it.rules_block.paragraph - DEBUG - paragraph.paragraph:10 - entering paragraph: StateBlock(line=207,level=0,tokens=161), 207, 311, False
2025-12-28 19:14:40 - 20251228_191439_4a51b80e - markdown_it.rules_block.code - DEBUG - code.code:10 - entering code: StateBlock(line=209,level=0,tokens=164), 209, 311, False
2025-12-28 19:14:40 - 20251228_191439_4a51b80e - markdown_it.rules_block.fence - DEBUG - fence.fence:10 - entering fence: StateBlock(line=209,level=0,tokens=164), 209, 311, False
2025-12-28 19:14:40 - 20251228_191439_4a51b80e - markdown_it.rules_block.blockquote - DEBUG - blockquote.blockquote:13 - entering blockquote: StateBlock(line=209,level=0,tokens=164), 209, 311, False
2025-12-28 19:14:40 - 20251228_191439_4a51b80e - markdown_it.rules_block.hr - DEBUG - hr.hr:14 - entering hr: StateBlock(line=209,level=0,tokens=164), 209, 311, False
2025-12-28 19:14:40 - 20251228_191439_4a51b80e - markdown_it.rules_block.list - DEBUG - list.list_block:102 - entering list: StateBlock(line=209,level=0,tokens=164), 209, 311, False
2025-12-28 19:14:40 - 20251228_191439_4a51b80e - markdown_it.rules_block.reference - DEBUG - reference.reference:10 - entering reference: StateBlock(line=209,level=0,tokens=164), 209, 311, False
2025-12-28 19:14:40 - 20251228_191439_4a51b80e - markdown_it.rules_block.html_block - DEBUG - html_block.html_block:35 - entering html_block: StateBlock(line=209,level=0,tokens=164), 209, 311, False
2025-12-28 19:14:40 - 20251228_191439_4a51b80e - markdown_it.rules_block.heading - DEBUG - heading.heading:13 - entering heading: StateBlock(line=209,level=0,tokens=164), 209, 311, False
2025-12-28 19:14:40 - 20251228_191439_4a51b80e - markdown_it.rules_block.lheading - DEBUG - lheading.lheading:10 - entering lheading: StateBlock(line=209,level=0,tokens=164), 209, 311, False
2025-12-28 19:14:40 - 20251228_191439_4a51b80e - markdown_it.rules_block.fence - DEBUG - fence.fence:10 - entering fence: StateBlock(line=209,level=0,tokens=164), 210, 311, True
2025-12-28 19:14:40 - 20251228_191439_4a51b80e - markdown_it.rules_block.blockquote - DEBUG - blockquote.blockquote:13 - entering blockquote: StateBlock(line=209,level=0,tokens=164), 210, 311, True
2025-12-28 19:14:40 - 20251228_191439_4a51b80e - markdown_it.rules_block.hr - DEBUG - hr.hr:14 - entering hr: StateBlock(line=209,level=0,tokens=164), 210, 311, True
2025-12-28 19:14:40 - 20251228_191439_4a51b80e - markdown_it.rules_block.list - DEBUG - list.list_block:102 - entering list: StateBlock(line=209,level=0,tokens=164), 210, 311, True
2025-12-28 19:14:40 - 20251228_191439_4a51b80e - markdown_it.rules_block.html_block - DEBUG - html_block.html_block:35 - entering html_block: StateBlock(line=209,level=0,tokens=164), 210, 311, True
2025-12-28 19:14:40 - 20251228_191439_4a51b80e - markdown_it.rules_block.heading - DEBUG - heading.heading:13 - entering heading: StateBlock(line=209,level=0,tokens=164), 210, 311, True
2025-12-28 19:14:40 - 20251228_191439_4a51b80e - markdown_it.rules_block.fence - DEBUG - fence.fence:10 - entering fence: StateBlock(line=209,level=0,tokens=164), 211, 311, True
2025-12-28 19:14:40 - 20251228_191439_4a51b80e - markdown_it.rules_block.blockquote - DEBUG - blockquote.blockquote:13 - entering blockquote: StateBlock(line=209,level=0,tokens=164), 211, 311, True
2025-12-28 19:14:40 - 20251228_191439_4a51b80e - markdown_it.rules_block.hr - DEBUG - hr.hr:14 - entering hr: StateBlock(line=209,level=0,tokens=164), 211, 311, True
2025-12-28 19:14:40 - 20251228_191439_4a51b80e - markdown_it.rules_block.list - DEBUG - list.list_block:102 - entering list: StateBlock(line=209,level=0,tokens=164), 211, 311, True
2025-12-28 19:14:40 - 20251228_191439_4a51b80e - markdown_it.rules_block.html_block - DEBUG - html_block.html_block:35 - entering html_block: StateBlock(line=209,level=0,tokens=164), 211, 311, True
2025-12-28 19:14:40 - 20251228_191439_4a51b80e - markdown_it.rules_block.heading - DEBUG - heading.heading:13 - entering heading: StateBlock(line=209,level=0,tokens=164), 211, 311, True
2025-12-28 19:14:40 - 20251228_191439_4a51b80e - markdown_it.rules_block.fence - DEBUG - fence.fence:10 - entering fence: StateBlock(line=209,level=0,tokens=164), 212, 311, True
2025-12-28 19:14:40 - 20251228_191439_4a51b80e - markdown_it.rules_block.blockquote - DEBUG - blockquote.blockquote:13 - entering blockquote: StateBlock(line=209,level=0,tokens=164), 212, 311, True
2025-12-28 19:14:40 - 20251228_191439_4a51b80e - markdown_it.rules_block.hr - DEBUG - hr.hr:14 - entering hr: StateBlock(line=209,level=0,tokens=164), 212, 311, True
2025-12-28 19:14:40 - 20251228_191439_4a51b80e - markdown_it.rules_block.list - DEBUG - list.list_block:102 - entering list: StateBlock(line=209,level=0,tokens=164), 212, 311, True
2025-12-28 19:14:40 - 20251228_191439_4a51b80e - markdown_it.rules_block.html_block - DEBUG - html_block.html_block:35 - entering html_block: StateBlock(line=209,level=0,tokens=164), 212, 311, True
2025-12-28 19:14:40 - 20251228_191439_4a51b80e - markdown_it.rules_block.heading - DEBUG - heading.heading:13 - entering heading: StateBlock(line=209,level=0,tokens=164), 212, 311, True
2025-12-28 19:14:40 - 20251228_191439_4a51b80e - markdown_it.rules_block.paragraph - DEBUG - paragraph.paragraph:10 - entering paragraph: StateBlock(line=209,level=0,tokens=164), 209, 311, False
2025-12-28 19:14:40 - 20251228_191439_4a51b80e - markdown_it.rules_block.fence - DEBUG - fence.fence:10 - entering fence: StateBlock(line=209,level=0,tokens=164), 210, 311, True
2025-12-28 19:14:40 - 20251228_191439_4a51b80e - markdown_it.rules_block.blockquote - DEBUG - blockquote.blockquote:13 - entering blockquote: StateBlock(line=209,level=0,tokens=164), 210, 311, True
2025-12-28 19:14:40 - 20251228_191439_4a51b80e - markdown_it.rules_block.hr - DEBUG - hr.hr:14 - entering hr: StateBlock(line=209,level=0,tokens=164), 210, 311, True
2025-12-28 19:14:40 - 20251228_191439_4a51b80e - markdown_it.rules_block.list - DEBUG - list.list_block:102 - entering list: StateBlock(line=209,level=0,tokens=164), 210, 311, True
2025-12-28 19:14:40 - 20251228_191439_4a51b80e - markdown_it.rules_block.html_block - DEBUG - html_block.html_block:35 - entering html_block: StateBlock(line=209,level=0,tokens=164), 210, 311, True
2025-12-28 19:14:40 - 20251228_191439_4a51b80e - markdown_it.rules_block.heading - DEBUG - heading.heading:13 - entering heading: StateBlock(line=209,level=0,tokens=164), 210, 311, True
2025-12-28 19:14:40 - 20251228_191439_4a51b80e - markdown_it.rules_block.fence - DEBUG - fence.fence:10 - entering fence: StateBlock(line=209,level=0,tokens=164), 211, 311, True
2025-12-28 19:14:40 - 20251228_191439_4a51b80e - markdown_it.rules_block.blockquote - DEBUG - blockquote.blockquote:13 - entering blockquote: StateBlock(line=209,level=0,tokens=164), 211, 311, True
2025-12-28 19:14:40 - 20251228_191439_4a51b80e - markdown_it.rules_block.hr - DEBUG - hr.hr:14 - entering hr: StateBlock(line=209,level=0,tokens=164), 211, 311, True
2025-12-28 19:14:40 - 20251228_191439_4a51b80e - markdown_it.rules_block.list - DEBUG - list.list_block:102 - entering list: StateBlock(line=209,level=0,tokens=164), 211, 311, True
2025-12-28 19:14:40 - 20251228_191439_4a51b80e - markdown_it.rules_block.html_block - DEBUG - html_block.html_block:35 - entering html_block: StateBlock(line=209,level=0,tokens=164), 211, 311, True
2025-12-28 19:14:40 - 20251228_191439_4a51b80e - markdown_it.rules_block.heading - DEBUG - heading.heading:13 - entering heading: StateBlock(line=209,level=0,tokens=164), 211, 311, True
2025-12-28 19:14:40 - 20251228_191439_4a51b80e - markdown_it.rules_block.fence - DEBUG - fence.fence:10 - entering fence: StateBlock(line=209,level=0,tokens=164), 212, 311, True
2025-12-28 19:14:40 - 20251228_191439_4a51b80e - markdown_it.rules_block.blockquote - DEBUG - blockquote.blockquote:13 - entering blockquote: StateBlock(line=209,level=0,tokens=164), 212, 311, True
2025-12-28 19:14:40 - 20251228_191439_4a51b80e - markdown_it.rules_block.hr - DEBUG - hr.hr:14 - entering hr: StateBlock(line=209,level=0,tokens=164), 212, 311, True
2025-12-28 19:14:40 - 20251228_191439_4a51b80e - markdown_it.rules_block.list - DEBUG - list.list_block:102 - entering list: StateBlock(line=209,level=0,tokens=164), 212, 311, True
2025-12-28 19:14:40 - 20251228_191439_4a51b80e - markdown_it.rules_block.html_block - DEBUG - html_block.html_block:35 - entering html_block: StateBlock(line=209,level=0,tokens=164), 212, 311, True
2025-12-28 19:14:40 - 20251228_191439_4a51b80e - markdown_it.rules_block.heading - DEBUG - heading.heading:13 - entering heading: StateBlock(line=209,level=0,tokens=164), 212, 311, True
2025-12-28 19:14:40 - 20251228_191439_4a51b80e - markdown_it.rules_block.code - DEBUG - code.code:10 - entering code: StateBlock(line=214,level=0,tokens=167), 214, 311, False
2025-12-28 19:14:40 - 20251228_191439_4a51b80e - markdown_it.rules_block.fence - DEBUG - fence.fence:10 - entering fence: StateBlock(line=214,level=0,tokens=167), 214, 311, False
2025-12-28 19:14:40 - 20251228_191439_4a51b80e - markdown_it.rules_block.blockquote - DEBUG - blockquote.blockquote:13 - entering blockquote: StateBlock(line=214,level=0,tokens=167), 214, 311, False
2025-12-28 19:14:40 - 20251228_191439_4a51b80e - markdown_it.rules_block.hr - DEBUG - hr.hr:14 - entering hr: StateBlock(line=214,level=0,tokens=167), 214, 311, False
2025-12-28 19:14:40 - 20251228_191439_4a51b80e - markdown_it.rules_block.list - DEBUG - list.list_block:102 - entering list: StateBlock(line=214,level=0,tokens=167), 214, 311, False
2025-12-28 19:14:40 - 20251228_191439_4a51b80e - markdown_it.rules_block.reference - DEBUG - reference.reference:10 - entering reference: StateBlock(line=214,level=0,tokens=167), 214, 311, False
2025-12-28 19:14:40 - 20251228_191439_4a51b80e - markdown_it.rules_block.html_block - DEBUG - html_block.html_block:35 - entering html_block: StateBlock(line=214,level=0,tokens=167), 214, 311, False
2025-12-28 19:14:40 - 20251228_191439_4a51b80e - markdown_it.rules_block.heading - DEBUG - heading.heading:13 - entering heading: StateBlock(line=214,level=0,tokens=167), 214, 311, False
2025-12-28 19:14:40 - 20251228_191439_4a51b80e - markdown_it.rules_block.lheading - DEBUG - lheading.lheading:10 - entering lheading: StateBlock(line=214,level=0,tokens=167), 214, 311, False
2025-12-28 19:14:40 - 20251228_191439_4a51b80e - markdown_it.rules_block.fence - DEBUG - fence.fence:10 - entering fence: StateBlock(line=214,level=0,tokens=167), 215, 311, True
2025-12-28 19:14:40 - 20251228_191439_4a51b80e - markdown_it.rules_block.blockquote - DEBUG - blockquote.blockquote:13 - entering blockquote: StateBlock(line=214,level=0,tokens=167), 215, 311, True
2025-12-28 19:14:40 - 20251228_191439_4a51b80e - markdown_it.rules_block.hr - DEBUG - hr.hr:14 - entering hr: StateBlock(line=214,level=0,tokens=167), 215, 311, True
2025-12-28 19:14:40 - 20251228_191439_4a51b80e - markdown_it.rules_block.list - DEBUG - list.list_block:102 - entering list: StateBlock(line=214,level=0,tokens=167), 215, 311, True
2025-12-28 19:14:40 - 20251228_191439_4a51b80e - markdown_it.rules_block.html_block - DEBUG - html_block.html_block:35 - entering html_block: StateBlock(line=214,level=0,tokens=167), 215, 311, True
2025-12-28 19:14:40 - 20251228_191439_4a51b80e - markdown_it.rules_block.heading - DEBUG - heading.heading:13 - entering heading: StateBlock(line=214,level=0,tokens=167), 215, 311, True
2025-12-28 19:14:40 - 20251228_191439_4a51b80e - markdown_it.rules_block.fence - DEBUG - fence.fence:10 - entering fence: StateBlock(line=214,level=0,tokens=167), 216, 311, True
2025-12-28 19:14:40 - 20251228_191439_4a51b80e - markdown_it.rules_block.blockquote - DEBUG - blockquote.blockquote:13 - entering blockquote: StateBlock(line=214,level=0,tokens=167), 216, 311, True
2025-12-28 19:14:40 - 20251228_191439_4a51b80e - markdown_it.rules_block.hr - DEBUG - hr.hr:14 - entering hr: StateBlock(line=214,level=0,tokens=167), 216, 311, True
2025-12-28 19:14:40 - 20251228_191439_4a51b80e - markdown_it.rules_block.list - DEBUG - list.list_block:102 - entering list: StateBlock(line=214,level=0,tokens=167), 216, 311, True
2025-12-28 19:14:40 - 20251228_191439_4a51b80e - markdown_it.rules_block.html_block - DEBUG - html_block.html_block:35 - entering html_block: StateBlock(line=214,level=0,tokens=167), 216, 311, True
2025-12-28 19:14:40 - 20251228_191439_4a51b80e - markdown_it.rules_block.heading - DEBUG - heading.heading:13 - entering heading: StateBlock(line=214,level=0,tokens=167), 216, 311, True
2025-12-28 19:14:40 - 20251228_191439_4a51b80e - markdown_it.rules_block.fence - DEBUG - fence.fence:10 - entering fence: StateBlock(line=214,level=0,tokens=167), 217, 311, True
2025-12-28 19:14:40 - 20251228_191439_4a51b80e - markdown_it.rules_block.blockquote - DEBUG - blockquote.blockquote:13 - entering blockquote: StateBlock(line=214,level=0,tokens=167), 217, 311, True
2025-12-28 19:14:40 - 20251228_191439_4a51b80e - markdown_it.rules_block.hr - DEBUG - hr.hr:14 - entering hr: StateBlock(line=214,level=0,tokens=167), 217, 311, True
2025-12-28 19:14:40 - 20251228_191439_4a51b80e - markdown_it.rules_block.list - DEBUG - list.list_block:102 - entering list: StateBlock(line=214,level=0,tokens=167), 217, 311, True
2025-12-28 19:14:40 - 20251228_191439_4a51b80e - markdown_it.rules_block.html_block - DEBUG - html_block.html_block:35 - entering html_block: StateBlock(line=214,level=0,tokens=167), 217, 311, True
2025-12-28 19:14:40 - 20251228_191439_4a51b80e - markdown_it.rules_block.heading - DEBUG - heading.heading:13 - entering heading: StateBlock(line=214,level=0,tokens=167), 217, 311, True
2025-12-28 19:14:40 - 20251228_191439_4a51b80e - markdown_it.rules_block.paragraph - DEBUG - paragraph.paragraph:10 - entering paragraph: StateBlock(line=214,level=0,tokens=167), 214, 311, False
2025-12-28 19:14:40 - 20251228_191439_4a51b80e - markdown_it.rules_block.fence - DEBUG - fence.fence:10 - entering fence: StateBlock(line=214,level=0,tokens=167), 215, 311, True
2025-12-28 19:14:40 - 20251228_191439_4a51b80e - markdown_it.rules_block.blockquote - DEBUG - blockquote.blockquote:13 - entering blockquote: StateBlock(line=214,level=0,tokens=167), 215, 311, True
2025-12-28 19:14:40 - 20251228_191439_4a51b80e - markdown_it.rules_block.hr - DEBUG - hr.hr:14 - entering hr: StateBlock(line=214,level=0,tokens=167), 215, 311, True
2025-12-28 19:14:40 - 20251228_191439_4a51b80e - markdown_it.rules_block.list - DEBUG - list.list_block:102 - entering list: StateBlock(line=214,level=0,tokens=167), 215, 311, True
2025-12-28 19:14:40 - 20251228_191439_4a51b80e - markdown_it.rules_block.html_block - DEBUG - html_block.html_block:35 - entering html_block: StateBlock(line=214,level=0,tokens=167), 215, 311, True
2025-12-28 19:14:40 - 20251228_191439_4a51b80e - markdown_it.rules_block.heading - DEBUG - heading.heading:13 - entering heading: StateBlock(line=214,level=0,tokens=167), 215, 311, True
2025-12-28 19:14:40 - 20251228_191439_4a51b80e - markdown_it.rules_block.fence - DEBUG - fence.fence:10 - entering fence: StateBlock(line=214,level=0,tokens=167), 216, 311, True
2025-12-28 19:14:40 - 20251228_191439_4a51b80e - markdown_it.rules_block.blockquote - DEBUG - blockquote.blockquote:13 - entering blockquote: StateBlock(line=214,level=0,tokens=167), 216, 311, True
2025-12-28 19:14:40 - 20251228_191439_4a51b80e - markdown_it.rules_block.hr - DEBUG - hr.hr:14 - entering hr: StateBlock(line=214,level=0,tokens=167), 216, 311, True
2025-12-28 19:14:40 - 20251228_191439_4a51b80e - markdown_it.rules_block.list - DEBUG - list.list_block:102 - entering list: StateBlock(line=214,level=0,tokens=167), 216, 311, True
2025-12-28 19:14:40 - 20251228_191439_4a51b80e - markdown_it.rules_block.html_block - DEBUG - html_block.html_block:35 - entering html_block: StateBlock(line=214,level=0,tokens=167), 216, 311, True
2025-12-28 19:14:40 - 20251228_191439_4a51b80e - markdown_it.rules_block.heading - DEBUG - heading.heading:13 - entering heading: StateBlock(line=214,level=0,tokens=167), 216, 311, True
2025-12-28 19:14:40 - 20251228_191439_4a51b80e - markdown_it.rules_block.fence - DEBUG - fence.fence:10 - entering fence: StateBlock(line=214,level=0,tokens=167), 217, 311, True
2025-12-28 19:14:40 - 20251228_191439_4a51b80e - markdown_it.rules_block.blockquote - DEBUG - blockquote.blockquote:13 - entering blockquote: StateBlock(line=214,level=0,tokens=167), 217, 311, True
2025-12-28 19:14:40 - 20251228_191439_4a51b80e - markdown_it.rules_block.hr - DEBUG - hr.hr:14 - entering hr: StateBlock(line=214,level=0,tokens=167), 217, 311, True
2025-12-28 19:14:40 - 20251228_191439_4a51b80e - markdown_it.rules_block.list - DEBUG - list.list_block:102 - entering list: StateBlock(line=214,level=0,tokens=167), 217, 311, True
2025-12-28 19:14:40 - 20251228_191439_4a51b80e - markdown_it.rules_block.html_block - DEBUG - html_block.html_block:35 - entering html_block: StateBlock(line=214,level=0,tokens=167), 217, 311, True
2025-12-28 19:14:40 - 20251228_191439_4a51b80e - markdown_it.rules_block.heading - DEBUG - heading.heading:13 - entering heading: StateBlock(line=214,level=0,tokens=167), 217, 311, True
2025-12-28 19:14:40 - 20251228_191439_4a51b80e - markdown_it.rules_block.code - DEBUG - code.code:10 - entering code: StateBlock(line=219,level=0,tokens=170), 219, 311, False
2025-12-28 19:14:40 - 20251228_191439_4a51b80e - markdown_it.rules_block.fence - DEBUG - fence.fence:10 - entering fence: StateBlock(line=219,level=0,tokens=170), 219, 311, False
2025-12-28 19:14:40 - 20251228_191439_4a51b80e - markdown_it.rules_block.blockquote - DEBUG - blockquote.blockquote:13 - entering blockquote: StateBlock(line=219,level=0,tokens=170), 219, 311, False
2025-12-28 19:14:40 - 20251228_191439_4a51b80e - markdown_it.rules_block.hr - DEBUG - hr.hr:14 - entering hr: StateBlock(line=219,level=0,tokens=170), 219, 311, False
2025-12-28 19:14:40 - 20251228_191439_4a51b80e - markdown_it.rules_block.list - DEBUG - list.list_block:102 - entering list: StateBlock(line=219,level=0,tokens=170), 219, 311, False
2025-12-28 19:14:40 - 20251228_191439_4a51b80e - markdown_it.rules_block.reference - DEBUG - reference.reference:10 - entering reference: StateBlock(line=219,level=0,tokens=170), 219, 311, False
2025-12-28 19:14:40 - 20251228_191439_4a51b80e - markdown_it.rules_block.html_block - DEBUG - html_block.html_block:35 - entering html_block: StateBlock(line=219,level=0,tokens=170), 219, 311, False
2025-12-28 19:14:40 - 20251228_191439_4a51b80e - markdown_it.rules_block.heading - DEBUG - heading.heading:13 - entering heading: StateBlock(line=219,level=0,tokens=170), 219, 311, False
2025-12-28 19:14:40 - 20251228_191439_4a51b80e - markdown_it.rules_block.lheading - DEBUG - lheading.lheading:10 - entering lheading: StateBlock(line=219,level=0,tokens=170), 219, 311, False
2025-12-28 19:14:40 - 20251228_191439_4a51b80e - markdown_it.rules_block.fence - DEBUG - fence.fence:10 - entering fence: StateBlock(line=219,level=0,tokens=170), 220, 311, True
2025-12-28 19:14:40 - 20251228_191439_4a51b80e - markdown_it.rules_block.blockquote - DEBUG - blockquote.blockquote:13 - entering blockquote: StateBlock(line=219,level=0,tokens=170), 220, 311, True
2025-12-28 19:14:40 - 20251228_191439_4a51b80e - markdown_it.rules_block.hr - DEBUG - hr.hr:14 - entering hr: StateBlock(line=219,level=0,tokens=170), 220, 311, True
2025-12-28 19:14:40 - 20251228_191439_4a51b80e - markdown_it.rules_block.list - DEBUG - list.list_block:102 - entering list: StateBlock(line=219,level=0,tokens=170), 220, 311, True
2025-12-28 19:14:40 - 20251228_191439_4a51b80e - markdown_it.rules_block.html_block - DEBUG - html_block.html_block:35 - entering html_block: StateBlock(line=219,level=0,tokens=170), 220, 311, True
2025-12-28 19:14:40 - 20251228_191439_4a51b80e - markdown_it.rules_block.heading - DEBUG - heading.heading:13 - entering heading: StateBlock(line=219,level=0,tokens=170), 220, 311, True
2025-12-28 19:14:40 - 20251228_191439_4a51b80e - markdown_it.rules_block.fence - DEBUG - fence.fence:10 - entering fence: StateBlock(line=219,level=0,tokens=170), 221, 311, True
2025-12-28 19:14:40 - 20251228_191439_4a51b80e - markdown_it.rules_block.blockquote - DEBUG - blockquote.blockquote:13 - entering blockquote: StateBlock(line=219,level=0,tokens=170), 221, 311, True
2025-12-28 19:14:40 - 20251228_191439_4a51b80e - markdown_it.rules_block.hr - DEBUG - hr.hr:14 - entering hr: StateBlock(line=219,level=0,tokens=170), 221, 311, True
2025-12-28 19:14:40 - 20251228_191439_4a51b80e - markdown_it.rules_block.list - DEBUG - list.list_block:102 - entering list: StateBlock(line=219,level=0,tokens=170), 221, 311, True
2025-12-28 19:14:40 - 20251228_191439_4a51b80e - markdown_it.rules_block.html_block - DEBUG - html_block.html_block:35 - entering html_block: StateBlock(line=219,level=0,tokens=170), 221, 311, True
2025-12-28 19:14:40 - 20251228_191439_4a51b80e - markdown_it.rules_block.heading - DEBUG - heading.heading:13 - entering heading: StateBlock(line=219,level=0,tokens=170), 221, 311, True
2025-12-28 19:14:40 - 20251228_191439_4a51b80e - markdown_it.rules_block.paragraph - DEBUG - paragraph.paragraph:10 - entering paragraph: StateBlock(line=219,level=0,tokens=170), 219, 311, False
2025-12-28 19:14:40 - 20251228_191439_4a51b80e - markdown_it.rules_block.fence - DEBUG - fence.fence:10 - entering fence: StateBlock(line=219,level=0,tokens=170), 220, 311, True
2025-12-28 19:14:40 - 20251228_191439_4a51b80e - markdown_it.rules_block.blockquote - DEBUG - blockquote.blockquote:13 - entering blockquote: StateBlock(line=219,level=0,tokens=170), 220, 311, True
2025-12-28 19:14:40 - 20251228_191439_4a51b80e - markdown_it.rules_block.hr - DEBUG - hr.hr:14 - entering hr: StateBlock(line=219,level=0,tokens=170), 220, 311, True
2025-12-28 19:14:40 - 20251228_191439_4a51b80e - markdown_it.rules_block.list - DEBUG - list.list_block:102 - entering list: StateBlock(line=219,level=0,tokens=170), 220, 311, True
2025-12-28 19:14:40 - 20251228_191439_4a51b80e - markdown_it.rules_block.html_block - DEBUG - html_block.html_block:35 - entering html_block: StateBlock(line=219,level=0,tokens=170), 220, 311, True
2025-12-28 19:14:40 - 20251228_191439_4a51b80e - markdown_it.rules_block.heading - DEBUG - heading.heading:13 - entering heading: StateBlock(line=219,level=0,tokens=170), 220, 311, True
2025-12-28 19:14:40 - 20251228_191439_4a51b80e - markdown_it.rules_block.fence - DEBUG - fence.fence:10 - entering fence: StateBlock(line=219,level=0,tokens=170), 221, 311, True
2025-12-28 19:14:40 - 20251228_191439_4a51b80e - markdown_it.rules_block.blockquote - DEBUG - blockquote.blockquote:13 - entering blockquote: StateBlock(line=219,level=0,tokens=170), 221, 311, True
2025-12-28 19:14:40 - 20251228_191439_4a51b80e - markdown_it.rules_block.hr - DEBUG - hr.hr:14 - entering hr: StateBlock(line=219,level=0,tokens=170), 221, 311, True
2025-12-28 19:14:40 - 20251228_191439_4a51b80e - markdown_it.rules_block.list - DEBUG - list.list_block:102 - entering list: StateBlock(line=219,level=0,tokens=170), 221, 311, True
2025-12-28 19:14:40 - 20251228_191439_4a51b80e - markdown_it.rules_block.html_block - DEBUG - html_block.html_block:35 - entering html_block: StateBlock(line=219,level=0,tokens=170), 221, 311, True
2025-12-28 19:14:40 - 20251228_191439_4a51b80e - markdown_it.rules_block.heading - DEBUG - heading.heading:13 - entering heading: StateBlock(line=219,level=0,tokens=170), 221, 311, True
2025-12-28 19:14:40 - 20251228_191439_4a51b80e - markdown_it.rules_block.code - DEBUG - code.code:10 - entering code: StateBlock(line=223,level=0,tokens=173), 223, 311, False
2025-12-28 19:14:40 - 20251228_191439_4a51b80e - markdown_it.rules_block.fence - DEBUG - fence.fence:10 - entering fence: StateBlock(line=223,level=0,tokens=173), 223, 311, False
2025-12-28 19:14:40 - 20251228_191439_4a51b80e - markdown_it.rules_block.blockquote - DEBUG - blockquote.blockquote:13 - entering blockquote: StateBlock(line=223,level=0,tokens=173), 223, 311, False
2025-12-28 19:14:40 - 20251228_191439_4a51b80e - markdown_it.rules_block.hr - DEBUG - hr.hr:14 - entering hr: StateBlock(line=223,level=0,tokens=173), 223, 311, False
2025-12-28 19:14:40 - 20251228_191439_4a51b80e - markdown_it.rules_block.list - DEBUG - list.list_block:102 - entering list: StateBlock(line=223,level=0,tokens=173), 223, 311, False
2025-12-28 19:14:40 - 20251228_191439_4a51b80e - markdown_it.rules_block.reference - DEBUG - reference.reference:10 - entering reference: StateBlock(line=223,level=0,tokens=173), 223, 311, False
2025-12-28 19:14:40 - 20251228_191439_4a51b80e - markdown_it.rules_block.html_block - DEBUG - html_block.html_block:35 - entering html_block: StateBlock(line=223,level=0,tokens=173), 223, 311, False
2025-12-28 19:14:40 - 20251228_191439_4a51b80e - markdown_it.rules_block.heading - DEBUG - heading.heading:13 - entering heading: StateBlock(line=223,level=0,tokens=173), 223, 311, False
2025-12-28 19:14:40 - 20251228_191439_4a51b80e - markdown_it.rules_block.lheading - DEBUG - lheading.lheading:10 - entering lheading: StateBlock(line=223,level=0,tokens=173), 223, 311, False
2025-12-28 19:14:40 - 20251228_191439_4a51b80e - markdown_it.rules_block.fence - DEBUG - fence.fence:10 - entering fence: StateBlock(line=223,level=0,tokens=173), 224, 311, True
2025-12-28 19:14:40 - 20251228_191439_4a51b80e - markdown_it.rules_block.blockquote - DEBUG - blockquote.blockquote:13 - entering blockquote: StateBlock(line=223,level=0,tokens=173), 224, 311, True
2025-12-28 19:14:40 - 20251228_191439_4a51b80e - markdown_it.rules_block.hr - DEBUG - hr.hr:14 - entering hr: StateBlock(line=223,level=0,tokens=173), 224, 311, True
2025-12-28 19:14:40 - 20251228_191439_4a51b80e - markdown_it.rules_block.list - DEBUG - list.list_block:102 - entering list: StateBlock(line=223,level=0,tokens=173), 224, 311, True
2025-12-28 19:14:40 - 20251228_191439_4a51b80e - markdown_it.rules_block.html_block - DEBUG - html_block.html_block:35 - entering html_block: StateBlock(line=223,level=0,tokens=173), 224, 311, True
2025-12-28 19:14:40 - 20251228_191439_4a51b80e - markdown_it.rules_block.heading - DEBUG - heading.heading:13 - entering heading: StateBlock(line=223,level=0,tokens=173), 224, 311, True
2025-12-28 19:14:40 - 20251228_191439_4a51b80e - markdown_it.rules_block.paragraph - DEBUG - paragraph.paragraph:10 - entering paragraph: StateBlock(line=223,level=0,tokens=173), 223, 311, False
2025-12-28 19:14:40 - 20251228_191439_4a51b80e - markdown_it.rules_block.fence - DEBUG - fence.fence:10 - entering fence: StateBlock(line=223,level=0,tokens=173), 224, 311, True
2025-12-28 19:14:40 - 20251228_191439_4a51b80e - markdown_it.rules_block.blockquote - DEBUG - blockquote.blockquote:13 - entering blockquote: StateBlock(line=223,level=0,tokens=173), 224, 311, True
2025-12-28 19:14:40 - 20251228_191439_4a51b80e - markdown_it.rules_block.hr - DEBUG - hr.hr:14 - entering hr: StateBlock(line=223,level=0,tokens=173), 224, 311, True
2025-12-28 19:14:40 - 20251228_191439_4a51b80e - markdown_it.rules_block.list - DEBUG - list.list_block:102 - entering list: StateBlock(line=223,level=0,tokens=173), 224, 311, True
2025-12-28 19:14:40 - 20251228_191439_4a51b80e - markdown_it.rules_block.html_block - DEBUG - html_block.html_block:35 - entering html_block: StateBlock(line=223,level=0,tokens=173), 224, 311, True
2025-12-28 19:14:40 - 20251228_191439_4a51b80e - markdown_it.rules_block.heading - DEBUG - heading.heading:13 - entering heading: StateBlock(line=223,level=0,tokens=173), 224, 311, True
2025-12-28 19:14:40 - 20251228_191439_4a51b80e - markdown_it.rules_block.code - DEBUG - code.code:10 - entering code: StateBlock(line=226,level=0,tokens=176), 226, 311, False
2025-12-28 19:14:40 - 20251228_191439_4a51b80e - markdown_it.rules_block.fence - DEBUG - fence.fence:10 - entering fence: StateBlock(line=226,level=0,tokens=176), 226, 311, False
2025-12-28 19:14:40 - 20251228_191439_4a51b80e - markdown_it.rules_block.blockquote - DEBUG - blockquote.blockquote:13 - entering blockquote: StateBlock(line=226,level=0,tokens=176), 226, 311, False
2025-12-28 19:14:40 - 20251228_191439_4a51b80e - markdown_it.rules_block.hr - DEBUG - hr.hr:14 - entering hr: StateBlock(line=226,level=0,tokens=176), 226, 311, False
2025-12-28 19:14:40 - 20251228_191439_4a51b80e - markdown_it.rules_block.list - DEBUG - list.list_block:102 - entering list: StateBlock(line=226,level=0,tokens=176), 226, 311, False
2025-12-28 19:14:40 - 20251228_191439_4a51b80e - markdown_it.rules_block.reference - DEBUG - reference.reference:10 - entering reference: StateBlock(line=226,level=0,tokens=176), 226, 311, False
2025-12-28 19:14:40 - 20251228_191439_4a51b80e - markdown_it.rules_block.html_block - DEBUG - html_block.html_block:35 - entering html_block: StateBlock(line=226,level=0,tokens=176), 226, 311, False
2025-12-28 19:14:40 - 20251228_191439_4a51b80e - markdown_it.rules_block.heading - DEBUG - heading.heading:13 - entering heading: StateBlock(line=226,level=0,tokens=176), 226, 311, False
2025-12-28 19:14:40 - 20251228_191439_4a51b80e - markdown_it.rules_block.lheading - DEBUG - lheading.lheading:10 - entering lheading: StateBlock(line=226,level=0,tokens=176), 226, 311, False
2025-12-28 19:14:40 - 20251228_191439_4a51b80e - markdown_it.rules_block.fence - DEBUG - fence.fence:10 - entering fence: StateBlock(line=226,level=0,tokens=176), 227, 311, True
2025-12-28 19:14:40 - 20251228_191439_4a51b80e - markdown_it.rules_block.blockquote - DEBUG - blockquote.blockquote:13 - entering blockquote: StateBlock(line=226,level=0,tokens=176), 227, 311, True
2025-12-28 19:14:40 - 20251228_191439_4a51b80e - markdown_it.rules_block.hr - DEBUG - hr.hr:14 - entering hr: StateBlock(line=226,level=0,tokens=176), 227, 311, True
2025-12-28 19:14:40 - 20251228_191439_4a51b80e - markdown_it.rules_block.list - DEBUG - list.list_block:102 - entering list: StateBlock(line=226,level=0,tokens=176), 227, 311, True
2025-12-28 19:14:40 - 20251228_191439_4a51b80e - markdown_it.rules_block.html_block - DEBUG - html_block.html_block:35 - entering html_block: StateBlock(line=226,level=0,tokens=176), 227, 311, True
2025-12-28 19:14:40 - 20251228_191439_4a51b80e - markdown_it.rules_block.heading - DEBUG - heading.heading:13 - entering heading: StateBlock(line=226,level=0,tokens=176), 227, 311, True
2025-12-28 19:14:40 - 20251228_191439_4a51b80e - markdown_it.rules_block.fence - DEBUG - fence.fence:10 - entering fence: StateBlock(line=226,level=0,tokens=176), 228, 311, True
2025-12-28 19:14:40 - 20251228_191439_4a51b80e - markdown_it.rules_block.blockquote - DEBUG - blockquote.blockquote:13 - entering blockquote: StateBlock(line=226,level=0,tokens=176), 228, 311, True
2025-12-28 19:14:40 - 20251228_191439_4a51b80e - markdown_it.rules_block.hr - DEBUG - hr.hr:14 - entering hr: StateBlock(line=226,level=0,tokens=176), 228, 311, True
2025-12-28 19:14:40 - 20251228_191439_4a51b80e - markdown_it.rules_block.list - DEBUG - list.list_block:102 - entering list: StateBlock(line=226,level=0,tokens=176), 228, 311, True
2025-12-28 19:14:40 - 20251228_191439_4a51b80e - markdown_it.rules_block.html_block - DEBUG - html_block.html_block:35 - entering html_block: StateBlock(line=226,level=0,tokens=176), 228, 311, True
2025-12-28 19:14:40 - 20251228_191439_4a51b80e - markdown_it.rules_block.heading - DEBUG - heading.heading:13 - entering heading: StateBlock(line=226,level=0,tokens=176), 228, 311, True
2025-12-28 19:14:40 - 20251228_191439_4a51b80e - markdown_it.rules_block.fence - DEBUG - fence.fence:10 - entering fence: StateBlock(line=226,level=0,tokens=176), 229, 311, True
2025-12-28 19:14:40 - 20251228_191439_4a51b80e - markdown_it.rules_block.blockquote - DEBUG - blockquote.blockquote:13 - entering blockquote: StateBlock(line=226,level=0,tokens=176), 229, 311, True
2025-12-28 19:14:40 - 20251228_191439_4a51b80e - markdown_it.rules_block.hr - DEBUG - hr.hr:14 - entering hr: StateBlock(line=226,level=0,tokens=176), 229, 311, True
2025-12-28 19:14:40 - 20251228_191439_4a51b80e - markdown_it.rules_block.list - DEBUG - list.list_block:102 - entering list: StateBlock(line=226,level=0,tokens=176), 229, 311, True
2025-12-28 19:14:40 - 20251228_191439_4a51b80e - markdown_it.rules_block.html_block - DEBUG - html_block.html_block:35 - entering html_block: StateBlock(line=226,level=0,tokens=176), 229, 311, True
2025-12-28 19:14:40 - 20251228_191439_4a51b80e - markdown_it.rules_block.heading - DEBUG - heading.heading:13 - entering heading: StateBlock(line=226,level=0,tokens=176), 229, 311, True
2025-12-28 19:14:40 - 20251228_191439_4a51b80e - markdown_it.rules_block.fence - DEBUG - fence.fence:10 - entering fence: StateBlock(line=226,level=0,tokens=176), 230, 311, True
2025-12-28 19:14:40 - 20251228_191439_4a51b80e - markdown_it.rules_block.blockquote - DEBUG - blockquote.blockquote:13 - entering blockquote: StateBlock(line=226,level=0,tokens=176), 230, 311, True
2025-12-28 19:14:40 - 20251228_191439_4a51b80e - markdown_it.rules_block.hr - DEBUG - hr.hr:14 - entering hr: StateBlock(line=226,level=0,tokens=176), 230, 311, True
2025-12-28 19:14:40 - 20251228_191439_4a51b80e - markdown_it.rules_block.list - DEBUG - list.list_block:102 - entering list: StateBlock(line=226,level=0,tokens=176), 230, 311, True
2025-12-28 19:14:40 - 20251228_191439_4a51b80e - markdown_it.rules_block.html_block - DEBUG - html_block.html_block:35 - entering html_block: StateBlock(line=226,level=0,tokens=176), 230, 311, True
2025-12-28 19:14:40 - 20251228_191439_4a51b80e - markdown_it.rules_block.heading - DEBUG - heading.heading:13 - entering heading: StateBlock(line=226,level=0,tokens=176), 230, 311, True
2025-12-28 19:14:40 - 20251228_191439_4a51b80e - markdown_it.rules_block.fence - DEBUG - fence.fence:10 - entering fence: StateBlock(line=226,level=0,tokens=176), 231, 311, True
2025-12-28 19:14:40 - 20251228_191439_4a51b80e - markdown_it.rules_block.blockquote - DEBUG - blockquote.blockquote:13 - entering blockquote: StateBlock(line=226,level=0,tokens=176), 231, 311, True
2025-12-28 19:14:40 - 20251228_191439_4a51b80e - markdown_it.rules_block.hr - DEBUG - hr.hr:14 - entering hr: StateBlock(line=226,level=0,tokens=176), 231, 311, True
2025-12-28 19:14:40 - 20251228_191439_4a51b80e - markdown_it.rules_block.list - DEBUG - list.list_block:102 - entering list: StateBlock(line=226,level=0,tokens=176), 231, 311, True
2025-12-28 19:14:40 - 20251228_191439_4a51b80e - markdown_it.rules_block.html_block - DEBUG - html_block.html_block:35 - entering html_block: StateBlock(line=226,level=0,tokens=176), 231, 311, True
2025-12-28 19:14:40 - 20251228_191439_4a51b80e - markdown_it.rules_block.heading - DEBUG - heading.heading:13 - entering heading: StateBlock(line=226,level=0,tokens=176), 231, 311, True
2025-12-28 19:14:40 - 20251228_191439_4a51b80e - markdown_it.rules_block.paragraph - DEBUG - paragraph.paragraph:10 - entering paragraph: StateBlock(line=226,level=0,tokens=176), 226, 311, False
2025-12-28 19:14:40 - 20251228_191439_4a51b80e - markdown_it.rules_block.fence - DEBUG - fence.fence:10 - entering fence: StateBlock(line=226,level=0,tokens=176), 227, 311, True
2025-12-28 19:14:40 - 20251228_191439_4a51b80e - markdown_it.rules_block.blockquote - DEBUG - blockquote.blockquote:13 - entering blockquote: StateBlock(line=226,level=0,tokens=176), 227, 311, True
2025-12-28 19:14:40 - 20251228_191439_4a51b80e - markdown_it.rules_block.hr - DEBUG - hr.hr:14 - entering hr: StateBlock(line=226,level=0,tokens=176), 227, 311, True
2025-12-28 19:14:40 - 20251228_191439_4a51b80e - markdown_it.rules_block.list - DEBUG - list.list_block:102 - entering list: StateBlock(line=226,level=0,tokens=176), 227, 311, True
2025-12-28 19:14:40 - 20251228_191439_4a51b80e - markdown_it.rules_block.html_block - DEBUG - html_block.html_block:35 - entering html_block: StateBlock(line=226,level=0,tokens=176), 227, 311, True
2025-12-28 19:14:40 - 20251228_191439_4a51b80e - markdown_it.rules_block.heading - DEBUG - heading.heading:13 - entering heading: StateBlock(line=226,level=0,tokens=176), 227, 311, True
2025-12-28 19:14:40 - 20251228_191439_4a51b80e - markdown_it.rules_block.fence - DEBUG - fence.fence:10 - entering fence: StateBlock(line=226,level=0,tokens=176), 228, 311, True
2025-12-28 19:14:40 - 20251228_191439_4a51b80e - markdown_it.rules_block.blockquote - DEBUG - blockquote.blockquote:13 - entering blockquote: StateBlock(line=226,level=0,tokens=176), 228, 311, True
2025-12-28 19:14:40 - 20251228_191439_4a51b80e - markdown_it.rules_block.hr - DEBUG - hr.hr:14 - entering hr: StateBlock(line=226,level=0,tokens=176), 228, 311, True
2025-12-28 19:14:40 - 20251228_191439_4a51b80e - markdown_it.rules_block.list - DEBUG - list.list_block:102 - entering list: StateBlock(line=226,level=0,tokens=176), 228, 311, True
2025-12-28 19:14:40 - 20251228_191439_4a51b80e - markdown_it.rules_block.html_block - DEBUG - html_block.html_block:35 - entering html_block: StateBlock(line=226,level=0,tokens=176), 228, 311, True
2025-12-28 19:14:40 - 20251228_191439_4a51b80e - markdown_it.rules_block.heading - DEBUG - heading.heading:13 - entering heading: StateBlock(line=226,level=0,tokens=176), 228, 311, True
2025-12-28 19:14:40 - 20251228_191439_4a51b80e - markdown_it.rules_block.fence - DEBUG - fence.fence:10 - entering fence: StateBlock(line=226,level=0,tokens=176), 229, 311, True
2025-12-28 19:14:40 - 20251228_191439_4a51b80e - markdown_it.rules_block.blockquote - DEBUG - blockquote.blockquote:13 - entering blockquote: StateBlock(line=226,level=0,tokens=176), 229, 311, True
2025-12-28 19:14:40 - 20251228_191439_4a51b80e - markdown_it.rules_block.hr - DEBUG - hr.hr:14 - entering hr: StateBlock(line=226,level=0,tokens=176), 229, 311, True
2025-12-28 19:14:40 - 20251228_191439_4a51b80e - markdown_it.rules_block.list - DEBUG - list.list_block:102 - entering list: StateBlock(line=226,level=0,tokens=176), 229, 311, True
2025-12-28 19:14:40 - 20251228_191439_4a51b80e - markdown_it.rules_block.html_block - DEBUG - html_block.html_block:35 - entering html_block: StateBlock(line=226,level=0,tokens=176), 229, 311, True
2025-12-28 19:14:40 - 20251228_191439_4a51b80e - markdown_it.rules_block.heading - DEBUG - heading.heading:13 - entering heading: StateBlock(line=226,level=0,tokens=176), 229, 311, True
2025-12-28 19:14:40 - 20251228_191439_4a51b80e - markdown_it.rules_block.fence - DEBUG - fence.fence:10 - entering fence: StateBlock(line=226,level=0,tokens=176), 230, 311, True
2025-12-28 19:14:40 - 20251228_191439_4a51b80e - markdown_it.rules_block.blockquote - DEBUG - blockquote.blockquote:13 - entering blockquote: StateBlock(line=226,level=0,tokens=176), 230, 311, True
2025-12-28 19:14:40 - 20251228_191439_4a51b80e - markdown_it.rules_block.hr - DEBUG - hr.hr:14 - entering hr: StateBlock(line=226,level=0,tokens=176), 230, 311, True
2025-12-28 19:14:40 - 20251228_191439_4a51b80e - markdown_it.rules_block.list - DEBUG - list.list_block:102 - entering list: StateBlock(line=226,level=0,tokens=176), 230, 311, True
2025-12-28 19:14:40 - 20251228_191439_4a51b80e - markdown_it.rules_block.html_block - DEBUG - html_block.html_block:35 - entering html_block: StateBlock(line=226,level=0,tokens=176), 230, 311, True
2025-12-28 19:14:40 - 20251228_191439_4a51b80e - markdown_it.rules_block.heading - DEBUG - heading.heading:13 - entering heading: StateBlock(line=226,level=0,tokens=176), 230, 311, True
2025-12-28 19:14:40 - 20251228_191439_4a51b80e - markdown_it.rules_block.fence - DEBUG - fence.fence:10 - entering fence: StateBlock(line=226,level=0,tokens=176), 231, 311, True
2025-12-28 19:14:40 - 20251228_191439_4a51b80e - markdown_it.rules_block.blockquote - DEBUG - blockquote.blockquote:13 - entering blockquote: StateBlock(line=226,level=0,tokens=176), 231, 311, True
2025-12-28 19:14:40 - 20251228_191439_4a51b80e - markdown_it.rules_block.hr - DEBUG - hr.hr:14 - entering hr: StateBlock(line=226,level=0,tokens=176), 231, 311, True
2025-12-28 19:14:40 - 20251228_191439_4a51b80e - markdown_it.rules_block.list - DEBUG - list.list_block:102 - entering list: StateBlock(line=226,level=0,tokens=176), 231, 311, True
2025-12-28 19:14:40 - 20251228_191439_4a51b80e - markdown_it.rules_block.html_block - DEBUG - html_block.html_block:35 - entering html_block: StateBlock(line=226,level=0,tokens=176), 231, 311, True
2025-12-28 19:14:40 - 20251228_191439_4a51b80e - markdown_it.rules_block.heading - DEBUG - heading.heading:13 - entering heading: StateBlock(line=226,level=0,tokens=176), 231, 311, True
2025-12-28 19:14:40 - 20251228_191439_4a51b80e - markdown_it.rules_block.code - DEBUG - code.code:10 - entering code: StateBlock(line=233,level=0,tokens=179), 233, 311, False
2025-12-28 19:14:40 - 20251228_191439_4a51b80e - markdown_it.rules_block.fence - DEBUG - fence.fence:10 - entering fence: StateBlock(line=233,level=0,tokens=179), 233, 311, False
2025-12-28 19:14:40 - 20251228_191439_4a51b80e - markdown_it.rules_block.blockquote - DEBUG - blockquote.blockquote:13 - entering blockquote: StateBlock(line=233,level=0,tokens=179), 233, 311, False
2025-12-28 19:14:40 - 20251228_191439_4a51b80e - markdown_it.rules_block.hr - DEBUG - hr.hr:14 - entering hr: StateBlock(line=233,level=0,tokens=179), 233, 311, False
2025-12-28 19:14:40 - 20251228_191439_4a51b80e - markdown_it.rules_block.list - DEBUG - list.list_block:102 - entering list: StateBlock(line=233,level=0,tokens=179), 233, 311, False
2025-12-28 19:14:40 - 20251228_191439_4a51b80e - markdown_it.rules_block.reference - DEBUG - reference.reference:10 - entering reference: StateBlock(line=233,level=0,tokens=179), 233, 311, False
2025-12-28 19:14:40 - 20251228_191439_4a51b80e - markdown_it.rules_block.html_block - DEBUG - html_block.html_block:35 - entering html_block: StateBlock(line=233,level=0,tokens=179), 233, 311, False
2025-12-28 19:14:40 - 20251228_191439_4a51b80e - markdown_it.rules_block.heading - DEBUG - heading.heading:13 - entering heading: StateBlock(line=233,level=0,tokens=179), 233, 311, False
2025-12-28 19:14:40 - 20251228_191439_4a51b80e - markdown_it.rules_block.lheading - DEBUG - lheading.lheading:10 - entering lheading: StateBlock(line=233,level=0,tokens=179), 233, 311, False
2025-12-28 19:14:40 - 20251228_191439_4a51b80e - markdown_it.rules_block.fence - DEBUG - fence.fence:10 - entering fence: StateBlock(line=233,level=0,tokens=179), 234, 311, True
2025-12-28 19:14:40 - 20251228_191439_4a51b80e - markdown_it.rules_block.blockquote - DEBUG - blockquote.blockquote:13 - entering blockquote: StateBlock(line=233,level=0,tokens=179), 234, 311, True
2025-12-28 19:14:40 - 20251228_191439_4a51b80e - markdown_it.rules_block.hr - DEBUG - hr.hr:14 - entering hr: StateBlock(line=233,level=0,tokens=179), 234, 311, True
2025-12-28 19:14:40 - 20251228_191439_4a51b80e - markdown_it.rules_block.list - DEBUG - list.list_block:102 - entering list: StateBlock(line=233,level=0,tokens=179), 234, 311, True
2025-12-28 19:14:40 - 20251228_191439_4a51b80e - markdown_it.rules_block.html_block - DEBUG - html_block.html_block:35 - entering html_block: StateBlock(line=233,level=0,tokens=179), 234, 311, True
2025-12-28 19:14:40 - 20251228_191439_4a51b80e - markdown_it.rules_block.heading - DEBUG - heading.heading:13 - entering heading: StateBlock(line=233,level=0,tokens=179), 234, 311, True
2025-12-28 19:14:40 - 20251228_191439_4a51b80e - markdown_it.rules_block.fence - DEBUG - fence.fence:10 - entering fence: StateBlock(line=233,level=0,tokens=179), 235, 311, True
2025-12-28 19:14:40 - 20251228_191439_4a51b80e - markdown_it.rules_block.blockquote - DEBUG - blockquote.blockquote:13 - entering blockquote: StateBlock(line=233,level=0,tokens=179), 235, 311, True
2025-12-28 19:14:40 - 20251228_191439_4a51b80e - markdown_it.rules_block.hr - DEBUG - hr.hr:14 - entering hr: StateBlock(line=233,level=0,tokens=179), 235, 311, True
2025-12-28 19:14:40 - 20251228_191439_4a51b80e - markdown_it.rules_block.list - DEBUG - list.list_block:102 - entering list: StateBlock(line=233,level=0,tokens=179), 235, 311, True
2025-12-28 19:14:40 - 20251228_191439_4a51b80e - markdown_it.rules_block.html_block - DEBUG - html_block.html_block:35 - entering html_block: StateBlock(line=233,level=0,tokens=179), 235, 311, True
2025-12-28 19:14:40 - 20251228_191439_4a51b80e - markdown_it.rules_block.heading - DEBUG - heading.heading:13 - entering heading: StateBlock(line=233,level=0,tokens=179), 235, 311, True
2025-12-28 19:14:40 - 20251228_191439_4a51b80e - markdown_it.rules_block.fence - DEBUG - fence.fence:10 - entering fence: StateBlock(line=233,level=0,tokens=179), 236, 311, True
2025-12-28 19:14:40 - 20251228_191439_4a51b80e - markdown_it.rules_block.blockquote - DEBUG - blockquote.blockquote:13 - entering blockquote: StateBlock(line=233,level=0,tokens=179), 236, 311, True
2025-12-28 19:14:40 - 20251228_191439_4a51b80e - markdown_it.rules_block.hr - DEBUG - hr.hr:14 - entering hr: StateBlock(line=233,level=0,tokens=179), 236, 311, True
2025-12-28 19:14:40 - 20251228_191439_4a51b80e - markdown_it.rules_block.list - DEBUG - list.list_block:102 - entering list: StateBlock(line=233,level=0,tokens=179), 236, 311, True
2025-12-28 19:14:40 - 20251228_191439_4a51b80e - markdown_it.rules_block.html_block - DEBUG - html_block.html_block:35 - entering html_block: StateBlock(line=233,level=0,tokens=179), 236, 311, True
2025-12-28 19:14:40 - 20251228_191439_4a51b80e - markdown_it.rules_block.heading - DEBUG - heading.heading:13 - entering heading: StateBlock(line=233,level=0,tokens=179), 236, 311, True
2025-12-28 19:14:40 - 20251228_191439_4a51b80e - markdown_it.rules_block.fence - DEBUG - fence.fence:10 - entering fence: StateBlock(line=233,level=0,tokens=179), 237, 311, True
2025-12-28 19:14:40 - 20251228_191439_4a51b80e - markdown_it.rules_block.blockquote - DEBUG - blockquote.blockquote:13 - entering blockquote: StateBlock(line=233,level=0,tokens=179), 237, 311, True
2025-12-28 19:14:40 - 20251228_191439_4a51b80e - markdown_it.rules_block.hr - DEBUG - hr.hr:14 - entering hr: StateBlock(line=233,level=0,tokens=179), 237, 311, True
2025-12-28 19:14:40 - 20251228_191439_4a51b80e - markdown_it.rules_block.list - DEBUG - list.list_block:102 - entering list: StateBlock(line=233,level=0,tokens=179), 237, 311, True
2025-12-28 19:14:40 - 20251228_191439_4a51b80e - markdown_it.rules_block.html_block - DEBUG - html_block.html_block:35 - entering html_block: StateBlock(line=233,level=0,tokens=179), 237, 311, True
2025-12-28 19:14:40 - 20251228_191439_4a51b80e - markdown_it.rules_block.heading - DEBUG - heading.heading:13 - entering heading: StateBlock(line=233,level=0,tokens=179), 237, 311, True
2025-12-28 19:14:40 - 20251228_191439_4a51b80e - markdown_it.rules_block.paragraph - DEBUG - paragraph.paragraph:10 - entering paragraph: StateBlock(line=233,level=0,tokens=179), 233, 311, False
2025-12-28 19:14:40 - 20251228_191439_4a51b80e - markdown_it.rules_block.fence - DEBUG - fence.fence:10 - entering fence: StateBlock(line=233,level=0,tokens=179), 234, 311, True
2025-12-28 19:14:40 - 20251228_191439_4a51b80e - markdown_it.rules_block.blockquote - DEBUG - blockquote.blockquote:13 - entering blockquote: StateBlock(line=233,level=0,tokens=179), 234, 311, True
2025-12-28 19:14:40 - 20251228_191439_4a51b80e - markdown_it.rules_block.hr - DEBUG - hr.hr:14 - entering hr: StateBlock(line=233,level=0,tokens=179), 234, 311, True
2025-12-28 19:14:40 - 20251228_191439_4a51b80e - markdown_it.rules_block.list - DEBUG - list.list_block:102 - entering list: StateBlock(line=233,level=0,tokens=179), 234, 311, True
2025-12-28 19:14:40 - 20251228_191439_4a51b80e - markdown_it.rules_block.html_block - DEBUG - html_block.html_block:35 - entering html_block: StateBlock(line=233,level=0,tokens=179), 234, 311, True
2025-12-28 19:14:40 - 20251228_191439_4a51b80e - markdown_it.rules_block.heading - DEBUG - heading.heading:13 - entering heading: StateBlock(line=233,level=0,tokens=179), 234, 311, True
2025-12-28 19:14:40 - 20251228_191439_4a51b80e - markdown_it.rules_block.fence - DEBUG - fence.fence:10 - entering fence: StateBlock(line=233,level=0,tokens=179), 235, 311, True
2025-12-28 19:14:40 - 20251228_191439_4a51b80e - markdown_it.rules_block.blockquote - DEBUG - blockquote.blockquote:13 - entering blockquote: StateBlock(line=233,level=0,tokens=179), 235, 311, True
2025-12-28 19:14:40 - 20251228_191439_4a51b80e - markdown_it.rules_block.hr - DEBUG - hr.hr:14 - entering hr: StateBlock(line=233,level=0,tokens=179), 235, 311, True
2025-12-28 19:14:40 - 20251228_191439_4a51b80e - markdown_it.rules_block.list - DEBUG - list.list_block:102 - entering list: StateBlock(line=233,level=0,tokens=179), 235, 311, True
2025-12-28 19:14:40 - 20251228_191439_4a51b80e - markdown_it.rules_block.html_block - DEBUG - html_block.html_block:35 - entering html_block: StateBlock(line=233,level=0,tokens=179), 235, 311, True
2025-12-28 19:14:40 - 20251228_191439_4a51b80e - markdown_it.rules_block.heading - DEBUG - heading.heading:13 - entering heading: StateBlock(line=233,level=0,tokens=179), 235, 311, True
2025-12-28 19:14:40 - 20251228_191439_4a51b80e - markdown_it.rules_block.fence - DEBUG - fence.fence:10 - entering fence: StateBlock(line=233,level=0,tokens=179), 236, 311, True
2025-12-28 19:14:40 - 20251228_191439_4a51b80e - markdown_it.rules_block.blockquote - DEBUG - blockquote.blockquote:13 - entering blockquote: StateBlock(line=233,level=0,tokens=179), 236, 311, True
2025-12-28 19:14:40 - 20251228_191439_4a51b80e - markdown_it.rules_block.hr - DEBUG - hr.hr:14 - entering hr: StateBlock(line=233,level=0,tokens=179), 236, 311, True
2025-12-28 19:14:40 - 20251228_191439_4a51b80e - markdown_it.rules_block.list - DEBUG - list.list_block:102 - entering list: StateBlock(line=233,level=0,tokens=179), 236, 311, True
2025-12-28 19:14:40 - 20251228_191439_4a51b80e - markdown_it.rules_block.html_block - DEBUG - html_block.html_block:35 - entering html_block: StateBlock(line=233,level=0,tokens=179), 236, 311, True
2025-12-28 19:14:40 - 20251228_191439_4a51b80e - markdown_it.rules_block.heading - DEBUG - heading.heading:13 - entering heading: StateBlock(line=233,level=0,tokens=179), 236, 311, True
2025-12-28 19:14:40 - 20251228_191439_4a51b80e - markdown_it.rules_block.fence - DEBUG - fence.fence:10 - entering fence: StateBlock(line=233,level=0,tokens=179), 237, 311, True
2025-12-28 19:14:40 - 20251228_191439_4a51b80e - markdown_it.rules_block.blockquote - DEBUG - blockquote.blockquote:13 - entering blockquote: StateBlock(line=233,level=0,tokens=179), 237, 311, True
2025-12-28 19:14:40 - 20251228_191439_4a51b80e - markdown_it.rules_block.hr - DEBUG - hr.hr:14 - entering hr: StateBlock(line=233,level=0,tokens=179), 237, 311, True
2025-12-28 19:14:40 - 20251228_191439_4a51b80e - markdown_it.rules_block.list - DEBUG - list.list_block:102 - entering list: StateBlock(line=233,level=0,tokens=179), 237, 311, True
2025-12-28 19:14:40 - 20251228_191439_4a51b80e - markdown_it.rules_block.html_block - DEBUG - html_block.html_block:35 - entering html_block: StateBlock(line=233,level=0,tokens=179), 237, 311, True
2025-12-28 19:14:40 - 20251228_191439_4a51b80e - markdown_it.rules_block.heading - DEBUG - heading.heading:13 - entering heading: StateBlock(line=233,level=0,tokens=179), 237, 311, True
2025-12-28 19:14:40 - 20251228_191439_4a51b80e - markdown_it.rules_block.code - DEBUG - code.code:10 - entering code: StateBlock(line=239,level=0,tokens=182), 239, 311, False
2025-12-28 19:14:40 - 20251228_191439_4a51b80e - markdown_it.rules_block.fence - DEBUG - fence.fence:10 - entering fence: StateBlock(line=239,level=0,tokens=182), 239, 311, False
2025-12-28 19:14:40 - 20251228_191439_4a51b80e - markdown_it.rules_block.blockquote - DEBUG - blockquote.blockquote:13 - entering blockquote: StateBlock(line=239,level=0,tokens=182), 239, 311, False
2025-12-28 19:14:40 - 20251228_191439_4a51b80e - markdown_it.rules_block.hr - DEBUG - hr.hr:14 - entering hr: StateBlock(line=239,level=0,tokens=182), 239, 311, False
2025-12-28 19:14:40 - 20251228_191439_4a51b80e - markdown_it.rules_block.code - DEBUG - code.code:10 - entering code: StateBlock(line=241,level=0,tokens=183), 241, 311, False
2025-12-28 19:14:40 - 20251228_191439_4a51b80e - markdown_it.rules_block.fence - DEBUG - fence.fence:10 - entering fence: StateBlock(line=241,level=0,tokens=183), 241, 311, False
2025-12-28 19:14:40 - 20251228_191439_4a51b80e - markdown_it.rules_block.blockquote - DEBUG - blockquote.blockquote:13 - entering blockquote: StateBlock(line=241,level=0,tokens=183), 241, 311, False
2025-12-28 19:14:40 - 20251228_191439_4a51b80e - markdown_it.rules_block.hr - DEBUG - hr.hr:14 - entering hr: StateBlock(line=241,level=0,tokens=183), 241, 311, False
2025-12-28 19:14:40 - 20251228_191439_4a51b80e - markdown_it.rules_block.list - DEBUG - list.list_block:102 - entering list: StateBlock(line=241,level=0,tokens=183), 241, 311, False
2025-12-28 19:14:40 - 20251228_191439_4a51b80e - markdown_it.rules_block.reference - DEBUG - reference.reference:10 - entering reference: StateBlock(line=241,level=0,tokens=183), 241, 311, False
2025-12-28 19:14:40 - 20251228_191439_4a51b80e - markdown_it.rules_block.html_block - DEBUG - html_block.html_block:35 - entering html_block: StateBlock(line=241,level=0,tokens=183), 241, 311, False
2025-12-28 19:14:40 - 20251228_191439_4a51b80e - markdown_it.rules_block.heading - DEBUG - heading.heading:13 - entering heading: StateBlock(line=241,level=0,tokens=183), 241, 311, False
2025-12-28 19:14:40 - 20251228_191439_4a51b80e - markdown_it.rules_block.code - DEBUG - code.code:10 - entering code: StateBlock(line=243,level=0,tokens=186), 243, 311, False
2025-12-28 19:14:40 - 20251228_191439_4a51b80e - markdown_it.rules_block.fence - DEBUG - fence.fence:10 - entering fence: StateBlock(line=243,level=0,tokens=186), 243, 311, False
2025-12-28 19:14:40 - 20251228_191439_4a51b80e - markdown_it.rules_block.blockquote - DEBUG - blockquote.blockquote:13 - entering blockquote: StateBlock(line=243,level=0,tokens=186), 243, 311, False
2025-12-28 19:14:40 - 20251228_191439_4a51b80e - markdown_it.rules_block.hr - DEBUG - hr.hr:14 - entering hr: StateBlock(line=243,level=0,tokens=186), 243, 311, False
2025-12-28 19:14:40 - 20251228_191439_4a51b80e - markdown_it.rules_block.list - DEBUG - list.list_block:102 - entering list: StateBlock(line=243,level=0,tokens=186), 243, 311, False
2025-12-28 19:14:40 - 20251228_191439_4a51b80e - markdown_it.rules_block.code - DEBUG - code.code:10 - entering code: StateBlock(line=243,level=2,tokens=188), 243, 311, False
2025-12-28 19:14:40 - 20251228_191439_4a51b80e - markdown_it.rules_block.fence - DEBUG - fence.fence:10 - entering fence: StateBlock(line=243,level=2,tokens=188), 243, 311, False
2025-12-28 19:14:40 - 20251228_191439_4a51b80e - markdown_it.rules_block.blockquote - DEBUG - blockquote.blockquote:13 - entering blockquote: StateBlock(line=243,level=2,tokens=188), 243, 311, False
2025-12-28 19:14:40 - 20251228_191439_4a51b80e - markdown_it.rules_block.hr - DEBUG - hr.hr:14 - entering hr: StateBlock(line=243,level=2,tokens=188), 243, 311, False
2025-12-28 19:14:40 - 20251228_191439_4a51b80e - markdown_it.rules_block.list - DEBUG - list.list_block:102 - entering list: StateBlock(line=243,level=2,tokens=188), 243, 311, False
2025-12-28 19:14:40 - 20251228_191439_4a51b80e - markdown_it.rules_block.reference - DEBUG - reference.reference:10 - entering reference: StateBlock(line=243,level=2,tokens=188), 243, 311, False
2025-12-28 19:14:40 - 20251228_191439_4a51b80e - markdown_it.rules_block.html_block - DEBUG - html_block.html_block:35 - entering html_block: StateBlock(line=243,level=2,tokens=188), 243, 311, False
2025-12-28 19:14:40 - 20251228_191439_4a51b80e - markdown_it.rules_block.heading - DEBUG - heading.heading:13 - entering heading: StateBlock(line=243,level=2,tokens=188), 243, 311, False
2025-12-28 19:14:40 - 20251228_191439_4a51b80e - markdown_it.rules_block.lheading - DEBUG - lheading.lheading:10 - entering lheading: StateBlock(line=243,level=2,tokens=188), 243, 311, False
2025-12-28 19:14:40 - 20251228_191439_4a51b80e - markdown_it.rules_block.fence - DEBUG - fence.fence:10 - entering fence: StateBlock(line=243,level=2,tokens=188), 244, 311, True
2025-12-28 19:14:40 - 20251228_191439_4a51b80e - markdown_it.rules_block.blockquote - DEBUG - blockquote.blockquote:13 - entering blockquote: StateBlock(line=243,level=2,tokens=188), 244, 311, True
2025-12-28 19:14:40 - 20251228_191439_4a51b80e - markdown_it.rules_block.hr - DEBUG - hr.hr:14 - entering hr: StateBlock(line=243,level=2,tokens=188), 244, 311, True
2025-12-28 19:14:40 - 20251228_191439_4a51b80e - markdown_it.rules_block.list - DEBUG - list.list_block:102 - entering list: StateBlock(line=243,level=2,tokens=188), 244, 311, True
2025-12-28 19:14:40 - 20251228_191439_4a51b80e - markdown_it.rules_block.paragraph - DEBUG - paragraph.paragraph:10 - entering paragraph: StateBlock(line=243,level=2,tokens=188), 243, 311, False
2025-12-28 19:14:40 - 20251228_191439_4a51b80e - markdown_it.rules_block.fence - DEBUG - fence.fence:10 - entering fence: StateBlock(line=243,level=2,tokens=188), 244, 311, True
2025-12-28 19:14:40 - 20251228_191439_4a51b80e - markdown_it.rules_block.blockquote - DEBUG - blockquote.blockquote:13 - entering blockquote: StateBlock(line=243,level=2,tokens=188), 244, 311, True
2025-12-28 19:14:40 - 20251228_191439_4a51b80e - markdown_it.rules_block.hr - DEBUG - hr.hr:14 - entering hr: StateBlock(line=243,level=2,tokens=188), 244, 311, True
2025-12-28 19:14:40 - 20251228_191439_4a51b80e - markdown_it.rules_block.list - DEBUG - list.list_block:102 - entering list: StateBlock(line=243,level=2,tokens=188), 244, 311, True
2025-12-28 19:14:40 - 20251228_191439_4a51b80e - markdown_it.rules_block.fence - DEBUG - fence.fence:10 - entering fence: StateBlock(line=244,level=1,tokens=192), 244, 311, True
2025-12-28 19:14:40 - 20251228_191439_4a51b80e - markdown_it.rules_block.blockquote - DEBUG - blockquote.blockquote:13 - entering blockquote: StateBlock(line=244,level=1,tokens=192), 244, 311, True
2025-12-28 19:14:40 - 20251228_191439_4a51b80e - markdown_it.rules_block.hr - DEBUG - hr.hr:14 - entering hr: StateBlock(line=244,level=1,tokens=192), 244, 311, True
2025-12-28 19:14:40 - 20251228_191439_4a51b80e - markdown_it.rules_block.code - DEBUG - code.code:10 - entering code: StateBlock(line=244,level=2,tokens=193), 244, 311, False
2025-12-28 19:14:40 - 20251228_191439_4a51b80e - markdown_it.rules_block.fence - DEBUG - fence.fence:10 - entering fence: StateBlock(line=244,level=2,tokens=193), 244, 311, False
2025-12-28 19:14:40 - 20251228_191439_4a51b80e - markdown_it.rules_block.blockquote - DEBUG - blockquote.blockquote:13 - entering blockquote: StateBlock(line=244,level=2,tokens=193), 244, 311, False
2025-12-28 19:14:40 - 20251228_191439_4a51b80e - markdown_it.rules_block.hr - DEBUG - hr.hr:14 - entering hr: StateBlock(line=244,level=2,tokens=193), 244, 311, False
2025-12-28 19:14:40 - 20251228_191439_4a51b80e - markdown_it.rules_block.list - DEBUG - list.list_block:102 - entering list: StateBlock(line=244,level=2,tokens=193), 244, 311, False
2025-12-28 19:14:40 - 20251228_191439_4a51b80e - markdown_it.rules_block.reference - DEBUG - reference.reference:10 - entering reference: StateBlock(line=244,level=2,tokens=193), 244, 311, False
2025-12-28 19:14:40 - 20251228_191439_4a51b80e - markdown_it.rules_block.html_block - DEBUG - html_block.html_block:35 - entering html_block: StateBlock(line=244,level=2,tokens=193), 244, 311, False
2025-12-28 19:14:40 - 20251228_191439_4a51b80e - markdown_it.rules_block.heading - DEBUG - heading.heading:13 - entering heading: StateBlock(line=244,level=2,tokens=193), 244, 311, False
2025-12-28 19:14:40 - 20251228_191439_4a51b80e - markdown_it.rules_block.lheading - DEBUG - lheading.lheading:10 - entering lheading: StateBlock(line=244,level=2,tokens=193), 244, 311, False
2025-12-28 19:14:40 - 20251228_191439_4a51b80e - markdown_it.rules_block.fence - DEBUG - fence.fence:10 - entering fence: StateBlock(line=244,level=2,tokens=193), 245, 311, True
2025-12-28 19:14:40 - 20251228_191439_4a51b80e - markdown_it.rules_block.blockquote - DEBUG - blockquote.blockquote:13 - entering blockquote: StateBlock(line=244,level=2,tokens=193), 245, 311, True
2025-12-28 19:14:40 - 20251228_191439_4a51b80e - markdown_it.rules_block.hr - DEBUG - hr.hr:14 - entering hr: StateBlock(line=244,level=2,tokens=193), 245, 311, True
2025-12-28 19:14:40 - 20251228_191439_4a51b80e - markdown_it.rules_block.list - DEBUG - list.list_block:102 - entering list: StateBlock(line=244,level=2,tokens=193), 245, 311, True
2025-12-28 19:14:40 - 20251228_191439_4a51b80e - markdown_it.rules_block.paragraph - DEBUG - paragraph.paragraph:10 - entering paragraph: StateBlock(line=244,level=2,tokens=193), 244, 311, False
2025-12-28 19:14:40 - 20251228_191439_4a51b80e - markdown_it.rules_block.fence - DEBUG - fence.fence:10 - entering fence: StateBlock(line=244,level=2,tokens=193), 245, 311, True
2025-12-28 19:14:40 - 20251228_191439_4a51b80e - markdown_it.rules_block.blockquote - DEBUG - blockquote.blockquote:13 - entering blockquote: StateBlock(line=244,level=2,tokens=193), 245, 311, True
2025-12-28 19:14:40 - 20251228_191439_4a51b80e - markdown_it.rules_block.hr - DEBUG - hr.hr:14 - entering hr: StateBlock(line=244,level=2,tokens=193), 245, 311, True
2025-12-28 19:14:40 - 20251228_191439_4a51b80e - markdown_it.rules_block.list - DEBUG - list.list_block:102 - entering list: StateBlock(line=244,level=2,tokens=193), 245, 311, True
2025-12-28 19:14:40 - 20251228_191439_4a51b80e - markdown_it.rules_block.fence - DEBUG - fence.fence:10 - entering fence: StateBlock(line=245,level=1,tokens=197), 245, 311, True
2025-12-28 19:14:40 - 20251228_191439_4a51b80e - markdown_it.rules_block.blockquote - DEBUG - blockquote.blockquote:13 - entering blockquote: StateBlock(line=245,level=1,tokens=197), 245, 311, True
2025-12-28 19:14:40 - 20251228_191439_4a51b80e - markdown_it.rules_block.hr - DEBUG - hr.hr:14 - entering hr: StateBlock(line=245,level=1,tokens=197), 245, 311, True
2025-12-28 19:14:40 - 20251228_191439_4a51b80e - markdown_it.rules_block.code - DEBUG - code.code:10 - entering code: StateBlock(line=245,level=2,tokens=198), 245, 311, False
2025-12-28 19:14:40 - 20251228_191439_4a51b80e - markdown_it.rules_block.fence - DEBUG - fence.fence:10 - entering fence: StateBlock(line=245,level=2,tokens=198), 245, 311, False
2025-12-28 19:14:40 - 20251228_191439_4a51b80e - markdown_it.rules_block.blockquote - DEBUG - blockquote.blockquote:13 - entering blockquote: StateBlock(line=245,level=2,tokens=198), 245, 311, False
2025-12-28 19:14:40 - 20251228_191439_4a51b80e - markdown_it.rules_block.hr - DEBUG - hr.hr:14 - entering hr: StateBlock(line=245,level=2,tokens=198), 245, 311, False
2025-12-28 19:14:40 - 20251228_191439_4a51b80e - markdown_it.rules_block.list - DEBUG - list.list_block:102 - entering list: StateBlock(line=245,level=2,tokens=198), 245, 311, False
2025-12-28 19:14:40 - 20251228_191439_4a51b80e - markdown_it.rules_block.reference - DEBUG - reference.reference:10 - entering reference: StateBlock(line=245,level=2,tokens=198), 245, 311, False
2025-12-28 19:14:40 - 20251228_191439_4a51b80e - markdown_it.rules_block.html_block - DEBUG - html_block.html_block:35 - entering html_block: StateBlock(line=245,level=2,tokens=198), 245, 311, False
2025-12-28 19:14:40 - 20251228_191439_4a51b80e - markdown_it.rules_block.heading - DEBUG - heading.heading:13 - entering heading: StateBlock(line=245,level=2,tokens=198), 245, 311, False
2025-12-28 19:14:40 - 20251228_191439_4a51b80e - markdown_it.rules_block.lheading - DEBUG - lheading.lheading:10 - entering lheading: StateBlock(line=245,level=2,tokens=198), 245, 311, False
2025-12-28 19:14:40 - 20251228_191439_4a51b80e - markdown_it.rules_block.fence - DEBUG - fence.fence:10 - entering fence: StateBlock(line=245,level=2,tokens=198), 246, 311, True
2025-12-28 19:14:40 - 20251228_191439_4a51b80e - markdown_it.rules_block.blockquote - DEBUG - blockquote.blockquote:13 - entering blockquote: StateBlock(line=245,level=2,tokens=198), 246, 311, True
2025-12-28 19:14:40 - 20251228_191439_4a51b80e - markdown_it.rules_block.hr - DEBUG - hr.hr:14 - entering hr: StateBlock(line=245,level=2,tokens=198), 246, 311, True
2025-12-28 19:14:40 - 20251228_191439_4a51b80e - markdown_it.rules_block.list - DEBUG - list.list_block:102 - entering list: StateBlock(line=245,level=2,tokens=198), 246, 311, True
2025-12-28 19:14:40 - 20251228_191439_4a51b80e - markdown_it.rules_block.paragraph - DEBUG - paragraph.paragraph:10 - entering paragraph: StateBlock(line=245,level=2,tokens=198), 245, 311, False
2025-12-28 19:14:40 - 20251228_191439_4a51b80e - markdown_it.rules_block.fence - DEBUG - fence.fence:10 - entering fence: StateBlock(line=245,level=2,tokens=198), 246, 311, True
2025-12-28 19:14:40 - 20251228_191439_4a51b80e - markdown_it.rules_block.blockquote - DEBUG - blockquote.blockquote:13 - entering blockquote: StateBlock(line=245,level=2,tokens=198), 246, 311, True
2025-12-28 19:14:40 - 20251228_191439_4a51b80e - markdown_it.rules_block.hr - DEBUG - hr.hr:14 - entering hr: StateBlock(line=245,level=2,tokens=198), 246, 311, True
2025-12-28 19:14:40 - 20251228_191439_4a51b80e - markdown_it.rules_block.list - DEBUG - list.list_block:102 - entering list: StateBlock(line=245,level=2,tokens=198), 246, 311, True
2025-12-28 19:14:40 - 20251228_191439_4a51b80e - markdown_it.rules_block.fence - DEBUG - fence.fence:10 - entering fence: StateBlock(line=246,level=1,tokens=202), 246, 311, True
2025-12-28 19:14:40 - 20251228_191439_4a51b80e - markdown_it.rules_block.blockquote - DEBUG - blockquote.blockquote:13 - entering blockquote: StateBlock(line=246,level=1,tokens=202), 246, 311, True
2025-12-28 19:14:40 - 20251228_191439_4a51b80e - markdown_it.rules_block.hr - DEBUG - hr.hr:14 - entering hr: StateBlock(line=246,level=1,tokens=202), 246, 311, True
2025-12-28 19:14:40 - 20251228_191439_4a51b80e - markdown_it.rules_block.code - DEBUG - code.code:10 - entering code: StateBlock(line=246,level=2,tokens=203), 246, 311, False
2025-12-28 19:14:40 - 20251228_191439_4a51b80e - markdown_it.rules_block.fence - DEBUG - fence.fence:10 - entering fence: StateBlock(line=246,level=2,tokens=203), 246, 311, False
2025-12-28 19:14:40 - 20251228_191439_4a51b80e - markdown_it.rules_block.blockquote - DEBUG - blockquote.blockquote:13 - entering blockquote: StateBlock(line=246,level=2,tokens=203), 246, 311, False
2025-12-28 19:14:40 - 20251228_191439_4a51b80e - markdown_it.rules_block.hr - DEBUG - hr.hr:14 - entering hr: StateBlock(line=246,level=2,tokens=203), 246, 311, False
2025-12-28 19:14:40 - 20251228_191439_4a51b80e - markdown_it.rules_block.list - DEBUG - list.list_block:102 - entering list: StateBlock(line=246,level=2,tokens=203), 246, 311, False
2025-12-28 19:14:40 - 20251228_191439_4a51b80e - markdown_it.rules_block.reference - DEBUG - reference.reference:10 - entering reference: StateBlock(line=246,level=2,tokens=203), 246, 311, False
2025-12-28 19:14:40 - 20251228_191439_4a51b80e - markdown_it.rules_block.html_block - DEBUG - html_block.html_block:35 - entering html_block: StateBlock(line=246,level=2,tokens=203), 246, 311, False
2025-12-28 19:14:40 - 20251228_191439_4a51b80e - markdown_it.rules_block.heading - DEBUG - heading.heading:13 - entering heading: StateBlock(line=246,level=2,tokens=203), 246, 311, False
2025-12-28 19:14:40 - 20251228_191439_4a51b80e - markdown_it.rules_block.lheading - DEBUG - lheading.lheading:10 - entering lheading: StateBlock(line=246,level=2,tokens=203), 246, 311, False
2025-12-28 19:14:40 - 20251228_191439_4a51b80e - markdown_it.rules_block.fence - DEBUG - fence.fence:10 - entering fence: StateBlock(line=246,level=2,tokens=203), 247, 311, True
2025-12-28 19:14:40 - 20251228_191439_4a51b80e - markdown_it.rules_block.blockquote - DEBUG - blockquote.blockquote:13 - entering blockquote: StateBlock(line=246,level=2,tokens=203), 247, 311, True
2025-12-28 19:14:40 - 20251228_191439_4a51b80e - markdown_it.rules_block.hr - DEBUG - hr.hr:14 - entering hr: StateBlock(line=246,level=2,tokens=203), 247, 311, True
2025-12-28 19:14:40 - 20251228_191439_4a51b80e - markdown_it.rules_block.list - DEBUG - list.list_block:102 - entering list: StateBlock(line=246,level=2,tokens=203), 247, 311, True
2025-12-28 19:14:40 - 20251228_191439_4a51b80e - markdown_it.rules_block.paragraph - DEBUG - paragraph.paragraph:10 - entering paragraph: StateBlock(line=246,level=2,tokens=203), 246, 311, False
2025-12-28 19:14:40 - 20251228_191439_4a51b80e - markdown_it.rules_block.fence - DEBUG - fence.fence:10 - entering fence: StateBlock(line=246,level=2,tokens=203), 247, 311, True
2025-12-28 19:14:40 - 20251228_191439_4a51b80e - markdown_it.rules_block.blockquote - DEBUG - blockquote.blockquote:13 - entering blockquote: StateBlock(line=246,level=2,tokens=203), 247, 311, True
2025-12-28 19:14:40 - 20251228_191439_4a51b80e - markdown_it.rules_block.hr - DEBUG - hr.hr:14 - entering hr: StateBlock(line=246,level=2,tokens=203), 247, 311, True
2025-12-28 19:14:40 - 20251228_191439_4a51b80e - markdown_it.rules_block.list - DEBUG - list.list_block:102 - entering list: StateBlock(line=246,level=2,tokens=203), 247, 311, True
2025-12-28 19:14:40 - 20251228_191439_4a51b80e - markdown_it.rules_block.fence - DEBUG - fence.fence:10 - entering fence: StateBlock(line=247,level=1,tokens=207), 247, 311, True
2025-12-28 19:14:40 - 20251228_191439_4a51b80e - markdown_it.rules_block.blockquote - DEBUG - blockquote.blockquote:13 - entering blockquote: StateBlock(line=247,level=1,tokens=207), 247, 311, True
2025-12-28 19:14:40 - 20251228_191439_4a51b80e - markdown_it.rules_block.hr - DEBUG - hr.hr:14 - entering hr: StateBlock(line=247,level=1,tokens=207), 247, 311, True
2025-12-28 19:14:40 - 20251228_191439_4a51b80e - markdown_it.rules_block.code - DEBUG - code.code:10 - entering code: StateBlock(line=247,level=2,tokens=208), 247, 311, False
2025-12-28 19:14:40 - 20251228_191439_4a51b80e - markdown_it.rules_block.fence - DEBUG - fence.fence:10 - entering fence: StateBlock(line=247,level=2,tokens=208), 247, 311, False
2025-12-28 19:14:40 - 20251228_191439_4a51b80e - markdown_it.rules_block.blockquote - DEBUG - blockquote.blockquote:13 - entering blockquote: StateBlock(line=247,level=2,tokens=208), 247, 311, False
2025-12-28 19:14:40 - 20251228_191439_4a51b80e - markdown_it.rules_block.hr - DEBUG - hr.hr:14 - entering hr: StateBlock(line=247,level=2,tokens=208), 247, 311, False
2025-12-28 19:14:40 - 20251228_191439_4a51b80e - markdown_it.rules_block.list - DEBUG - list.list_block:102 - entering list: StateBlock(line=247,level=2,tokens=208), 247, 311, False
2025-12-28 19:14:40 - 20251228_191439_4a51b80e - markdown_it.rules_block.reference - DEBUG - reference.reference:10 - entering reference: StateBlock(line=247,level=2,tokens=208), 247, 311, False
2025-12-28 19:14:40 - 20251228_191439_4a51b80e - markdown_it.rules_block.html_block - DEBUG - html_block.html_block:35 - entering html_block: StateBlock(line=247,level=2,tokens=208), 247, 311, False
2025-12-28 19:14:40 - 20251228_191439_4a51b80e - markdown_it.rules_block.heading - DEBUG - heading.heading:13 - entering heading: StateBlock(line=247,level=2,tokens=208), 247, 311, False
2025-12-28 19:14:40 - 20251228_191439_4a51b80e - markdown_it.rules_block.lheading - DEBUG - lheading.lheading:10 - entering lheading: StateBlock(line=247,level=2,tokens=208), 247, 311, False
2025-12-28 19:14:40 - 20251228_191439_4a51b80e - markdown_it.rules_block.fence - DEBUG - fence.fence:10 - entering fence: StateBlock(line=247,level=2,tokens=208), 248, 311, True
2025-12-28 19:14:40 - 20251228_191439_4a51b80e - markdown_it.rules_block.blockquote - DEBUG - blockquote.blockquote:13 - entering blockquote: StateBlock(line=247,level=2,tokens=208), 248, 311, True
2025-12-28 19:14:40 - 20251228_191439_4a51b80e - markdown_it.rules_block.hr - DEBUG - hr.hr:14 - entering hr: StateBlock(line=247,level=2,tokens=208), 248, 311, True
2025-12-28 19:14:40 - 20251228_191439_4a51b80e - markdown_it.rules_block.list - DEBUG - list.list_block:102 - entering list: StateBlock(line=247,level=2,tokens=208), 248, 311, True
2025-12-28 19:14:40 - 20251228_191439_4a51b80e - markdown_it.rules_block.paragraph - DEBUG - paragraph.paragraph:10 - entering paragraph: StateBlock(line=247,level=2,tokens=208), 247, 311, False
2025-12-28 19:14:40 - 20251228_191439_4a51b80e - markdown_it.rules_block.fence - DEBUG - fence.fence:10 - entering fence: StateBlock(line=247,level=2,tokens=208), 248, 311, True
2025-12-28 19:14:40 - 20251228_191439_4a51b80e - markdown_it.rules_block.blockquote - DEBUG - blockquote.blockquote:13 - entering blockquote: StateBlock(line=247,level=2,tokens=208), 248, 311, True
2025-12-28 19:14:40 - 20251228_191439_4a51b80e - markdown_it.rules_block.hr - DEBUG - hr.hr:14 - entering hr: StateBlock(line=247,level=2,tokens=208), 248, 311, True
2025-12-28 19:14:40 - 20251228_191439_4a51b80e - markdown_it.rules_block.list - DEBUG - list.list_block:102 - entering list: StateBlock(line=247,level=2,tokens=208), 248, 311, True
2025-12-28 19:14:40 - 20251228_191439_4a51b80e - markdown_it.rules_block.fence - DEBUG - fence.fence:10 - entering fence: StateBlock(line=248,level=1,tokens=212), 248, 311, True
2025-12-28 19:14:40 - 20251228_191439_4a51b80e - markdown_it.rules_block.blockquote - DEBUG - blockquote.blockquote:13 - entering blockquote: StateBlock(line=248,level=1,tokens=212), 248, 311, True
2025-12-28 19:14:40 - 20251228_191439_4a51b80e - markdown_it.rules_block.hr - DEBUG - hr.hr:14 - entering hr: StateBlock(line=248,level=1,tokens=212), 248, 311, True
2025-12-28 19:14:40 - 20251228_191439_4a51b80e - markdown_it.rules_block.code - DEBUG - code.code:10 - entering code: StateBlock(line=248,level=2,tokens=213), 248, 311, False
2025-12-28 19:14:40 - 20251228_191439_4a51b80e - markdown_it.rules_block.fence - DEBUG - fence.fence:10 - entering fence: StateBlock(line=248,level=2,tokens=213), 248, 311, False
2025-12-28 19:14:40 - 20251228_191439_4a51b80e - markdown_it.rules_block.blockquote - DEBUG - blockquote.blockquote:13 - entering blockquote: StateBlock(line=248,level=2,tokens=213), 248, 311, False
2025-12-28 19:14:40 - 20251228_191439_4a51b80e - markdown_it.rules_block.hr - DEBUG - hr.hr:14 - entering hr: StateBlock(line=248,level=2,tokens=213), 248, 311, False
2025-12-28 19:14:40 - 20251228_191439_4a51b80e - markdown_it.rules_block.list - DEBUG - list.list_block:102 - entering list: StateBlock(line=248,level=2,tokens=213), 248, 311, False
2025-12-28 19:14:40 - 20251228_191439_4a51b80e - markdown_it.rules_block.reference - DEBUG - reference.reference:10 - entering reference: StateBlock(line=248,level=2,tokens=213), 248, 311, False
2025-12-28 19:14:40 - 20251228_191439_4a51b80e - markdown_it.rules_block.html_block - DEBUG - html_block.html_block:35 - entering html_block: StateBlock(line=248,level=2,tokens=213), 248, 311, False
2025-12-28 19:14:40 - 20251228_191439_4a51b80e - markdown_it.rules_block.heading - DEBUG - heading.heading:13 - entering heading: StateBlock(line=248,level=2,tokens=213), 248, 311, False
2025-12-28 19:14:40 - 20251228_191439_4a51b80e - markdown_it.rules_block.lheading - DEBUG - lheading.lheading:10 - entering lheading: StateBlock(line=248,level=2,tokens=213), 248, 311, False
2025-12-28 19:14:40 - 20251228_191439_4a51b80e - markdown_it.rules_block.fence - DEBUG - fence.fence:10 - entering fence: StateBlock(line=248,level=2,tokens=213), 249, 311, True
2025-12-28 19:14:40 - 20251228_191439_4a51b80e - markdown_it.rules_block.blockquote - DEBUG - blockquote.blockquote:13 - entering blockquote: StateBlock(line=248,level=2,tokens=213), 249, 311, True
2025-12-28 19:14:40 - 20251228_191439_4a51b80e - markdown_it.rules_block.hr - DEBUG - hr.hr:14 - entering hr: StateBlock(line=248,level=2,tokens=213), 249, 311, True
2025-12-28 19:14:40 - 20251228_191439_4a51b80e - markdown_it.rules_block.list - DEBUG - list.list_block:102 - entering list: StateBlock(line=248,level=2,tokens=213), 249, 311, True
2025-12-28 19:14:40 - 20251228_191439_4a51b80e - markdown_it.rules_block.paragraph - DEBUG - paragraph.paragraph:10 - entering paragraph: StateBlock(line=248,level=2,tokens=213), 248, 311, False
2025-12-28 19:14:40 - 20251228_191439_4a51b80e - markdown_it.rules_block.fence - DEBUG - fence.fence:10 - entering fence: StateBlock(line=248,level=2,tokens=213), 249, 311, True
2025-12-28 19:14:40 - 20251228_191439_4a51b80e - markdown_it.rules_block.blockquote - DEBUG - blockquote.blockquote:13 - entering blockquote: StateBlock(line=248,level=2,tokens=213), 249, 311, True
2025-12-28 19:14:40 - 20251228_191439_4a51b80e - markdown_it.rules_block.hr - DEBUG - hr.hr:14 - entering hr: StateBlock(line=248,level=2,tokens=213), 249, 311, True
2025-12-28 19:14:40 - 20251228_191439_4a51b80e - markdown_it.rules_block.list - DEBUG - list.list_block:102 - entering list: StateBlock(line=248,level=2,tokens=213), 249, 311, True
2025-12-28 19:14:40 - 20251228_191439_4a51b80e - markdown_it.rules_block.fence - DEBUG - fence.fence:10 - entering fence: StateBlock(line=249,level=1,tokens=217), 249, 311, True
2025-12-28 19:14:40 - 20251228_191439_4a51b80e - markdown_it.rules_block.blockquote - DEBUG - blockquote.blockquote:13 - entering blockquote: StateBlock(line=249,level=1,tokens=217), 249, 311, True
2025-12-28 19:14:40 - 20251228_191439_4a51b80e - markdown_it.rules_block.hr - DEBUG - hr.hr:14 - entering hr: StateBlock(line=249,level=1,tokens=217), 249, 311, True
2025-12-28 19:14:40 - 20251228_191439_4a51b80e - markdown_it.rules_block.code - DEBUG - code.code:10 - entering code: StateBlock(line=249,level=2,tokens=218), 249, 311, False
2025-12-28 19:14:40 - 20251228_191439_4a51b80e - markdown_it.rules_block.fence - DEBUG - fence.fence:10 - entering fence: StateBlock(line=249,level=2,tokens=218), 249, 311, False
2025-12-28 19:14:40 - 20251228_191439_4a51b80e - markdown_it.rules_block.blockquote - DEBUG - blockquote.blockquote:13 - entering blockquote: StateBlock(line=249,level=2,tokens=218), 249, 311, False
2025-12-28 19:14:40 - 20251228_191439_4a51b80e - markdown_it.rules_block.hr - DEBUG - hr.hr:14 - entering hr: StateBlock(line=249,level=2,tokens=218), 249, 311, False
2025-12-28 19:14:40 - 20251228_191439_4a51b80e - markdown_it.rules_block.list - DEBUG - list.list_block:102 - entering list: StateBlock(line=249,level=2,tokens=218), 249, 311, False
2025-12-28 19:14:40 - 20251228_191439_4a51b80e - markdown_it.rules_block.reference - DEBUG - reference.reference:10 - entering reference: StateBlock(line=249,level=2,tokens=218), 249, 311, False
2025-12-28 19:14:40 - 20251228_191439_4a51b80e - markdown_it.rules_block.html_block - DEBUG - html_block.html_block:35 - entering html_block: StateBlock(line=249,level=2,tokens=218), 249, 311, False
2025-12-28 19:14:40 - 20251228_191439_4a51b80e - markdown_it.rules_block.heading - DEBUG - heading.heading:13 - entering heading: StateBlock(line=249,level=2,tokens=218), 249, 311, False
2025-12-28 19:14:40 - 20251228_191439_4a51b80e - markdown_it.rules_block.lheading - DEBUG - lheading.lheading:10 - entering lheading: StateBlock(line=249,level=2,tokens=218), 249, 311, False
2025-12-28 19:14:40 - 20251228_191439_4a51b80e - markdown_it.rules_block.fence - DEBUG - fence.fence:10 - entering fence: StateBlock(line=249,level=2,tokens=218), 250, 311, True
2025-12-28 19:14:40 - 20251228_191439_4a51b80e - markdown_it.rules_block.blockquote - DEBUG - blockquote.blockquote:13 - entering blockquote: StateBlock(line=249,level=2,tokens=218), 250, 311, True
2025-12-28 19:14:40 - 20251228_191439_4a51b80e - markdown_it.rules_block.hr - DEBUG - hr.hr:14 - entering hr: StateBlock(line=249,level=2,tokens=218), 250, 311, True
2025-12-28 19:14:40 - 20251228_191439_4a51b80e - markdown_it.rules_block.list - DEBUG - list.list_block:102 - entering list: StateBlock(line=249,level=2,tokens=218), 250, 311, True
2025-12-28 19:14:40 - 20251228_191439_4a51b80e - markdown_it.rules_block.paragraph - DEBUG - paragraph.paragraph:10 - entering paragraph: StateBlock(line=249,level=2,tokens=218), 249, 311, False
2025-12-28 19:14:40 - 20251228_191439_4a51b80e - markdown_it.rules_block.fence - DEBUG - fence.fence:10 - entering fence: StateBlock(line=249,level=2,tokens=218), 250, 311, True
2025-12-28 19:14:40 - 20251228_191439_4a51b80e - markdown_it.rules_block.blockquote - DEBUG - blockquote.blockquote:13 - entering blockquote: StateBlock(line=249,level=2,tokens=218), 250, 311, True
2025-12-28 19:14:40 - 20251228_191439_4a51b80e - markdown_it.rules_block.hr - DEBUG - hr.hr:14 - entering hr: StateBlock(line=249,level=2,tokens=218), 250, 311, True
2025-12-28 19:14:40 - 20251228_191439_4a51b80e - markdown_it.rules_block.list - DEBUG - list.list_block:102 - entering list: StateBlock(line=249,level=2,tokens=218), 250, 311, True
2025-12-28 19:14:40 - 20251228_191439_4a51b80e - markdown_it.rules_block.fence - DEBUG - fence.fence:10 - entering fence: StateBlock(line=250,level=1,tokens=222), 250, 311, True
2025-12-28 19:14:40 - 20251228_191439_4a51b80e - markdown_it.rules_block.blockquote - DEBUG - blockquote.blockquote:13 - entering blockquote: StateBlock(line=250,level=1,tokens=222), 250, 311, True
2025-12-28 19:14:40 - 20251228_191439_4a51b80e - markdown_it.rules_block.hr - DEBUG - hr.hr:14 - entering hr: StateBlock(line=250,level=1,tokens=222), 250, 311, True
2025-12-28 19:14:40 - 20251228_191439_4a51b80e - markdown_it.rules_block.code - DEBUG - code.code:10 - entering code: StateBlock(line=250,level=2,tokens=223), 250, 311, False
2025-12-28 19:14:40 - 20251228_191439_4a51b80e - markdown_it.rules_block.fence - DEBUG - fence.fence:10 - entering fence: StateBlock(line=250,level=2,tokens=223), 250, 311, False
2025-12-28 19:14:40 - 20251228_191439_4a51b80e - markdown_it.rules_block.blockquote - DEBUG - blockquote.blockquote:13 - entering blockquote: StateBlock(line=250,level=2,tokens=223), 250, 311, False
2025-12-28 19:14:40 - 20251228_191439_4a51b80e - markdown_it.rules_block.hr - DEBUG - hr.hr:14 - entering hr: StateBlock(line=250,level=2,tokens=223), 250, 311, False
2025-12-28 19:14:40 - 20251228_191439_4a51b80e - markdown_it.rules_block.list - DEBUG - list.list_block:102 - entering list: StateBlock(line=250,level=2,tokens=223), 250, 311, False
2025-12-28 19:14:40 - 20251228_191439_4a51b80e - markdown_it.rules_block.reference - DEBUG - reference.reference:10 - entering reference: StateBlock(line=250,level=2,tokens=223), 250, 311, False
2025-12-28 19:14:40 - 20251228_191439_4a51b80e - markdown_it.rules_block.html_block - DEBUG - html_block.html_block:35 - entering html_block: StateBlock(line=250,level=2,tokens=223), 250, 311, False
2025-12-28 19:14:40 - 20251228_191439_4a51b80e - markdown_it.rules_block.heading - DEBUG - heading.heading:13 - entering heading: StateBlock(line=250,level=2,tokens=223), 250, 311, False
2025-12-28 19:14:40 - 20251228_191439_4a51b80e - markdown_it.rules_block.lheading - DEBUG - lheading.lheading:10 - entering lheading: StateBlock(line=250,level=2,tokens=223), 250, 311, False
2025-12-28 19:14:40 - 20251228_191439_4a51b80e - markdown_it.rules_block.fence - DEBUG - fence.fence:10 - entering fence: StateBlock(line=250,level=2,tokens=223), 251, 311, True
2025-12-28 19:14:40 - 20251228_191439_4a51b80e - markdown_it.rules_block.blockquote - DEBUG - blockquote.blockquote:13 - entering blockquote: StateBlock(line=250,level=2,tokens=223), 251, 311, True
2025-12-28 19:14:40 - 20251228_191439_4a51b80e - markdown_it.rules_block.hr - DEBUG - hr.hr:14 - entering hr: StateBlock(line=250,level=2,tokens=223), 251, 311, True
2025-12-28 19:14:40 - 20251228_191439_4a51b80e - markdown_it.rules_block.list - DEBUG - list.list_block:102 - entering list: StateBlock(line=250,level=2,tokens=223), 251, 311, True
2025-12-28 19:14:40 - 20251228_191439_4a51b80e - markdown_it.rules_block.paragraph - DEBUG - paragraph.paragraph:10 - entering paragraph: StateBlock(line=250,level=2,tokens=223), 250, 311, False
2025-12-28 19:14:40 - 20251228_191439_4a51b80e - markdown_it.rules_block.fence - DEBUG - fence.fence:10 - entering fence: StateBlock(line=250,level=2,tokens=223), 251, 311, True
2025-12-28 19:14:40 - 20251228_191439_4a51b80e - markdown_it.rules_block.blockquote - DEBUG - blockquote.blockquote:13 - entering blockquote: StateBlock(line=250,level=2,tokens=223), 251, 311, True
2025-12-28 19:14:40 - 20251228_191439_4a51b80e - markdown_it.rules_block.hr - DEBUG - hr.hr:14 - entering hr: StateBlock(line=250,level=2,tokens=223), 251, 311, True
2025-12-28 19:14:40 - 20251228_191439_4a51b80e - markdown_it.rules_block.list - DEBUG - list.list_block:102 - entering list: StateBlock(line=250,level=2,tokens=223), 251, 311, True
2025-12-28 19:14:40 - 20251228_191439_4a51b80e - markdown_it.rules_block.fence - DEBUG - fence.fence:10 - entering fence: StateBlock(line=251,level=1,tokens=227), 251, 311, True
2025-12-28 19:14:40 - 20251228_191439_4a51b80e - markdown_it.rules_block.blockquote - DEBUG - blockquote.blockquote:13 - entering blockquote: StateBlock(line=251,level=1,tokens=227), 251, 311, True
2025-12-28 19:14:40 - 20251228_191439_4a51b80e - markdown_it.rules_block.hr - DEBUG - hr.hr:14 - entering hr: StateBlock(line=251,level=1,tokens=227), 251, 311, True
2025-12-28 19:14:40 - 20251228_191439_4a51b80e - markdown_it.rules_block.code - DEBUG - code.code:10 - entering code: StateBlock(line=251,level=2,tokens=228), 251, 311, False
2025-12-28 19:14:40 - 20251228_191439_4a51b80e - markdown_it.rules_block.fence - DEBUG - fence.fence:10 - entering fence: StateBlock(line=251,level=2,tokens=228), 251, 311, False
2025-12-28 19:14:40 - 20251228_191439_4a51b80e - markdown_it.rules_block.blockquote - DEBUG - blockquote.blockquote:13 - entering blockquote: StateBlock(line=251,level=2,tokens=228), 251, 311, False
2025-12-28 19:14:40 - 20251228_191439_4a51b80e - markdown_it.rules_block.hr - DEBUG - hr.hr:14 - entering hr: StateBlock(line=251,level=2,tokens=228), 251, 311, False
2025-12-28 19:14:40 - 20251228_191439_4a51b80e - markdown_it.rules_block.list - DEBUG - list.list_block:102 - entering list: StateBlock(line=251,level=2,tokens=228), 251, 311, False
2025-12-28 19:14:40 - 20251228_191439_4a51b80e - markdown_it.rules_block.reference - DEBUG - reference.reference:10 - entering reference: StateBlock(line=251,level=2,tokens=228), 251, 311, False
2025-12-28 19:14:40 - 20251228_191439_4a51b80e - markdown_it.rules_block.html_block - DEBUG - html_block.html_block:35 - entering html_block: StateBlock(line=251,level=2,tokens=228), 251, 311, False
2025-12-28 19:14:40 - 20251228_191439_4a51b80e - markdown_it.rules_block.heading - DEBUG - heading.heading:13 - entering heading: StateBlock(line=251,level=2,tokens=228), 251, 311, False
2025-12-28 19:14:40 - 20251228_191439_4a51b80e - markdown_it.rules_block.lheading - DEBUG - lheading.lheading:10 - entering lheading: StateBlock(line=251,level=2,tokens=228), 251, 311, False
2025-12-28 19:14:40 - 20251228_191439_4a51b80e - markdown_it.rules_block.fence - DEBUG - fence.fence:10 - entering fence: StateBlock(line=251,level=2,tokens=228), 252, 311, True
2025-12-28 19:14:40 - 20251228_191439_4a51b80e - markdown_it.rules_block.blockquote - DEBUG - blockquote.blockquote:13 - entering blockquote: StateBlock(line=251,level=2,tokens=228), 252, 311, True
2025-12-28 19:14:40 - 20251228_191439_4a51b80e - markdown_it.rules_block.hr - DEBUG - hr.hr:14 - entering hr: StateBlock(line=251,level=2,tokens=228), 252, 311, True
2025-12-28 19:14:40 - 20251228_191439_4a51b80e - markdown_it.rules_block.list - DEBUG - list.list_block:102 - entering list: StateBlock(line=251,level=2,tokens=228), 252, 311, True
2025-12-28 19:14:40 - 20251228_191439_4a51b80e - markdown_it.rules_block.paragraph - DEBUG - paragraph.paragraph:10 - entering paragraph: StateBlock(line=251,level=2,tokens=228), 251, 311, False
2025-12-28 19:14:40 - 20251228_191439_4a51b80e - markdown_it.rules_block.fence - DEBUG - fence.fence:10 - entering fence: StateBlock(line=251,level=2,tokens=228), 252, 311, True
2025-12-28 19:14:40 - 20251228_191439_4a51b80e - markdown_it.rules_block.blockquote - DEBUG - blockquote.blockquote:13 - entering blockquote: StateBlock(line=251,level=2,tokens=228), 252, 311, True
2025-12-28 19:14:40 - 20251228_191439_4a51b80e - markdown_it.rules_block.hr - DEBUG - hr.hr:14 - entering hr: StateBlock(line=251,level=2,tokens=228), 252, 311, True
2025-12-28 19:14:40 - 20251228_191439_4a51b80e - markdown_it.rules_block.list - DEBUG - list.list_block:102 - entering list: StateBlock(line=251,level=2,tokens=228), 252, 311, True
2025-12-28 19:14:40 - 20251228_191439_4a51b80e - markdown_it.rules_block.fence - DEBUG - fence.fence:10 - entering fence: StateBlock(line=252,level=1,tokens=232), 252, 311, True
2025-12-28 19:14:40 - 20251228_191439_4a51b80e - markdown_it.rules_block.blockquote - DEBUG - blockquote.blockquote:13 - entering blockquote: StateBlock(line=252,level=1,tokens=232), 252, 311, True
2025-12-28 19:14:40 - 20251228_191439_4a51b80e - markdown_it.rules_block.hr - DEBUG - hr.hr:14 - entering hr: StateBlock(line=252,level=1,tokens=232), 252, 311, True
2025-12-28 19:14:40 - 20251228_191439_4a51b80e - markdown_it.rules_block.code - DEBUG - code.code:10 - entering code: StateBlock(line=252,level=2,tokens=233), 252, 311, False
2025-12-28 19:14:40 - 20251228_191439_4a51b80e - markdown_it.rules_block.fence - DEBUG - fence.fence:10 - entering fence: StateBlock(line=252,level=2,tokens=233), 252, 311, False
2025-12-28 19:14:40 - 20251228_191439_4a51b80e - markdown_it.rules_block.blockquote - DEBUG - blockquote.blockquote:13 - entering blockquote: StateBlock(line=252,level=2,tokens=233), 252, 311, False
2025-12-28 19:14:40 - 20251228_191439_4a51b80e - markdown_it.rules_block.hr - DEBUG - hr.hr:14 - entering hr: StateBlock(line=252,level=2,tokens=233), 252, 311, False
2025-12-28 19:14:40 - 20251228_191439_4a51b80e - markdown_it.rules_block.list - DEBUG - list.list_block:102 - entering list: StateBlock(line=252,level=2,tokens=233), 252, 311, False
2025-12-28 19:14:40 - 20251228_191439_4a51b80e - markdown_it.rules_block.reference - DEBUG - reference.reference:10 - entering reference: StateBlock(line=252,level=2,tokens=233), 252, 311, False
2025-12-28 19:14:40 - 20251228_191439_4a51b80e - markdown_it.rules_block.html_block - DEBUG - html_block.html_block:35 - entering html_block: StateBlock(line=252,level=2,tokens=233), 252, 311, False
2025-12-28 19:14:40 - 20251228_191439_4a51b80e - markdown_it.rules_block.heading - DEBUG - heading.heading:13 - entering heading: StateBlock(line=252,level=2,tokens=233), 252, 311, False
2025-12-28 19:14:40 - 20251228_191439_4a51b80e - markdown_it.rules_block.lheading - DEBUG - lheading.lheading:10 - entering lheading: StateBlock(line=252,level=2,tokens=233), 252, 311, False
2025-12-28 19:14:40 - 20251228_191439_4a51b80e - markdown_it.rules_block.fence - DEBUG - fence.fence:10 - entering fence: StateBlock(line=252,level=2,tokens=233), 253, 311, True
2025-12-28 19:14:40 - 20251228_191439_4a51b80e - markdown_it.rules_block.blockquote - DEBUG - blockquote.blockquote:13 - entering blockquote: StateBlock(line=252,level=2,tokens=233), 253, 311, True
2025-12-28 19:14:40 - 20251228_191439_4a51b80e - markdown_it.rules_block.hr - DEBUG - hr.hr:14 - entering hr: StateBlock(line=252,level=2,tokens=233), 253, 311, True
2025-12-28 19:14:40 - 20251228_191439_4a51b80e - markdown_it.rules_block.list - DEBUG - list.list_block:102 - entering list: StateBlock(line=252,level=2,tokens=233), 253, 311, True
2025-12-28 19:14:40 - 20251228_191439_4a51b80e - markdown_it.rules_block.paragraph - DEBUG - paragraph.paragraph:10 - entering paragraph: StateBlock(line=252,level=2,tokens=233), 252, 311, False
2025-12-28 19:14:40 - 20251228_191439_4a51b80e - markdown_it.rules_block.fence - DEBUG - fence.fence:10 - entering fence: StateBlock(line=252,level=2,tokens=233), 253, 311, True
2025-12-28 19:14:40 - 20251228_191439_4a51b80e - markdown_it.rules_block.blockquote - DEBUG - blockquote.blockquote:13 - entering blockquote: StateBlock(line=252,level=2,tokens=233), 253, 311, True
2025-12-28 19:14:40 - 20251228_191439_4a51b80e - markdown_it.rules_block.hr - DEBUG - hr.hr:14 - entering hr: StateBlock(line=252,level=2,tokens=233), 253, 311, True
2025-12-28 19:14:40 - 20251228_191439_4a51b80e - markdown_it.rules_block.list - DEBUG - list.list_block:102 - entering list: StateBlock(line=252,level=2,tokens=233), 253, 311, True
2025-12-28 19:14:40 - 20251228_191439_4a51b80e - markdown_it.rules_block.fence - DEBUG - fence.fence:10 - entering fence: StateBlock(line=253,level=1,tokens=237), 253, 311, True
2025-12-28 19:14:40 - 20251228_191439_4a51b80e - markdown_it.rules_block.blockquote - DEBUG - blockquote.blockquote:13 - entering blockquote: StateBlock(line=253,level=1,tokens=237), 253, 311, True
2025-12-28 19:14:40 - 20251228_191439_4a51b80e - markdown_it.rules_block.hr - DEBUG - hr.hr:14 - entering hr: StateBlock(line=253,level=1,tokens=237), 253, 311, True
2025-12-28 19:14:40 - 20251228_191439_4a51b80e - markdown_it.rules_block.code - DEBUG - code.code:10 - entering code: StateBlock(line=253,level=2,tokens=238), 253, 311, False
2025-12-28 19:14:40 - 20251228_191439_4a51b80e - markdown_it.rules_block.fence - DEBUG - fence.fence:10 - entering fence: StateBlock(line=253,level=2,tokens=238), 253, 311, False
2025-12-28 19:14:40 - 20251228_191439_4a51b80e - markdown_it.rules_block.blockquote - DEBUG - blockquote.blockquote:13 - entering blockquote: StateBlock(line=253,level=2,tokens=238), 253, 311, False
2025-12-28 19:14:40 - 20251228_191439_4a51b80e - markdown_it.rules_block.hr - DEBUG - hr.hr:14 - entering hr: StateBlock(line=253,level=2,tokens=238), 253, 311, False
2025-12-28 19:14:40 - 20251228_191439_4a51b80e - markdown_it.rules_block.list - DEBUG - list.list_block:102 - entering list: StateBlock(line=253,level=2,tokens=238), 253, 311, False
2025-12-28 19:14:40 - 20251228_191439_4a51b80e - markdown_it.rules_block.reference - DEBUG - reference.reference:10 - entering reference: StateBlock(line=253,level=2,tokens=238), 253, 311, False
2025-12-28 19:14:40 - 20251228_191439_4a51b80e - markdown_it.rules_block.html_block - DEBUG - html_block.html_block:35 - entering html_block: StateBlock(line=253,level=2,tokens=238), 253, 311, False
2025-12-28 19:14:40 - 20251228_191439_4a51b80e - markdown_it.rules_block.heading - DEBUG - heading.heading:13 - entering heading: StateBlock(line=253,level=2,tokens=238), 253, 311, False
2025-12-28 19:14:40 - 20251228_191439_4a51b80e - markdown_it.rules_block.lheading - DEBUG - lheading.lheading:10 - entering lheading: StateBlock(line=253,level=2,tokens=238), 253, 311, False
2025-12-28 19:14:40 - 20251228_191439_4a51b80e - markdown_it.rules_block.fence - DEBUG - fence.fence:10 - entering fence: StateBlock(line=253,level=2,tokens=238), 254, 311, True
2025-12-28 19:14:40 - 20251228_191439_4a51b80e - markdown_it.rules_block.blockquote - DEBUG - blockquote.blockquote:13 - entering blockquote: StateBlock(line=253,level=2,tokens=238), 254, 311, True
2025-12-28 19:14:40 - 20251228_191439_4a51b80e - markdown_it.rules_block.hr - DEBUG - hr.hr:14 - entering hr: StateBlock(line=253,level=2,tokens=238), 254, 311, True
2025-12-28 19:14:40 - 20251228_191439_4a51b80e - markdown_it.rules_block.list - DEBUG - list.list_block:102 - entering list: StateBlock(line=253,level=2,tokens=238), 254, 311, True
2025-12-28 19:14:40 - 20251228_191439_4a51b80e - markdown_it.rules_block.html_block - DEBUG - html_block.html_block:35 - entering html_block: StateBlock(line=253,level=2,tokens=238), 254, 311, True
2025-12-28 19:14:40 - 20251228_191439_4a51b80e - markdown_it.rules_block.heading - DEBUG - heading.heading:13 - entering heading: StateBlock(line=253,level=2,tokens=238), 254, 311, True
2025-12-28 19:14:40 - 20251228_191439_4a51b80e - markdown_it.rules_block.paragraph - DEBUG - paragraph.paragraph:10 - entering paragraph: StateBlock(line=253,level=2,tokens=238), 253, 311, False
2025-12-28 19:14:40 - 20251228_191439_4a51b80e - markdown_it.rules_block.fence - DEBUG - fence.fence:10 - entering fence: StateBlock(line=253,level=2,tokens=238), 254, 311, True
2025-12-28 19:14:40 - 20251228_191439_4a51b80e - markdown_it.rules_block.blockquote - DEBUG - blockquote.blockquote:13 - entering blockquote: StateBlock(line=253,level=2,tokens=238), 254, 311, True
2025-12-28 19:14:40 - 20251228_191439_4a51b80e - markdown_it.rules_block.hr - DEBUG - hr.hr:14 - entering hr: StateBlock(line=253,level=2,tokens=238), 254, 311, True
2025-12-28 19:14:40 - 20251228_191439_4a51b80e - markdown_it.rules_block.list - DEBUG - list.list_block:102 - entering list: StateBlock(line=253,level=2,tokens=238), 254, 311, True
2025-12-28 19:14:40 - 20251228_191439_4a51b80e - markdown_it.rules_block.html_block - DEBUG - html_block.html_block:35 - entering html_block: StateBlock(line=253,level=2,tokens=238), 254, 311, True
2025-12-28 19:14:40 - 20251228_191439_4a51b80e - markdown_it.rules_block.heading - DEBUG - heading.heading:13 - entering heading: StateBlock(line=253,level=2,tokens=238), 254, 311, True
2025-12-28 19:14:40 - 20251228_191439_4a51b80e - markdown_it.rules_block.fence - DEBUG - fence.fence:10 - entering fence: StateBlock(line=256,level=1,tokens=242), 256, 311, True
2025-12-28 19:14:40 - 20251228_191439_4a51b80e - markdown_it.rules_block.blockquote - DEBUG - blockquote.blockquote:13 - entering blockquote: StateBlock(line=256,level=1,tokens=242), 256, 311, True
2025-12-28 19:14:40 - 20251228_191439_4a51b80e - markdown_it.rules_block.hr - DEBUG - hr.hr:14 - entering hr: StateBlock(line=256,level=1,tokens=242), 256, 311, True
2025-12-28 19:14:40 - 20251228_191439_4a51b80e - markdown_it.rules_block.code - DEBUG - code.code:10 - entering code: StateBlock(line=256,level=0,tokens=243), 256, 311, False
2025-12-28 19:14:40 - 20251228_191439_4a51b80e - markdown_it.rules_block.fence - DEBUG - fence.fence:10 - entering fence: StateBlock(line=256,level=0,tokens=243), 256, 311, False
2025-12-28 19:14:40 - 20251228_191439_4a51b80e - markdown_it.rules_block.blockquote - DEBUG - blockquote.blockquote:13 - entering blockquote: StateBlock(line=256,level=0,tokens=243), 256, 311, False
2025-12-28 19:14:40 - 20251228_191439_4a51b80e - markdown_it.rules_block.hr - DEBUG - hr.hr:14 - entering hr: StateBlock(line=256,level=0,tokens=243), 256, 311, False
2025-12-28 19:14:40 - 20251228_191439_4a51b80e - markdown_it.rules_block.code - DEBUG - code.code:10 - entering code: StateBlock(line=258,level=0,tokens=244), 258, 311, False
2025-12-28 19:14:40 - 20251228_191439_4a51b80e - markdown_it.rules_block.fence - DEBUG - fence.fence:10 - entering fence: StateBlock(line=258,level=0,tokens=244), 258, 311, False
2025-12-28 19:14:40 - 20251228_191439_4a51b80e - markdown_it.rules_block.blockquote - DEBUG - blockquote.blockquote:13 - entering blockquote: StateBlock(line=258,level=0,tokens=244), 258, 311, False
2025-12-28 19:14:40 - 20251228_191439_4a51b80e - markdown_it.rules_block.hr - DEBUG - hr.hr:14 - entering hr: StateBlock(line=258,level=0,tokens=244), 258, 311, False
2025-12-28 19:14:40 - 20251228_191439_4a51b80e - markdown_it.rules_block.list - DEBUG - list.list_block:102 - entering list: StateBlock(line=258,level=0,tokens=244), 258, 311, False
2025-12-28 19:14:40 - 20251228_191439_4a51b80e - markdown_it.rules_block.reference - DEBUG - reference.reference:10 - entering reference: StateBlock(line=258,level=0,tokens=244), 258, 311, False
2025-12-28 19:14:40 - 20251228_191439_4a51b80e - markdown_it.rules_block.html_block - DEBUG - html_block.html_block:35 - entering html_block: StateBlock(line=258,level=0,tokens=244), 258, 311, False
2025-12-28 19:14:40 - 20251228_191439_4a51b80e - markdown_it.rules_block.heading - DEBUG - heading.heading:13 - entering heading: StateBlock(line=258,level=0,tokens=244), 258, 311, False
2025-12-28 19:14:40 - 20251228_191439_4a51b80e - markdown_it.rules_block.code - DEBUG - code.code:10 - entering code: StateBlock(line=260,level=0,tokens=247), 260, 311, False
2025-12-28 19:14:40 - 20251228_191439_4a51b80e - markdown_it.rules_block.fence - DEBUG - fence.fence:10 - entering fence: StateBlock(line=260,level=0,tokens=247), 260, 311, False
2025-12-28 19:14:40 - 20251228_191439_4a51b80e - markdown_it.rules_block.blockquote - DEBUG - blockquote.blockquote:13 - entering blockquote: StateBlock(line=260,level=0,tokens=247), 260, 311, False
2025-12-28 19:14:40 - 20251228_191439_4a51b80e - markdown_it.rules_block.hr - DEBUG - hr.hr:14 - entering hr: StateBlock(line=260,level=0,tokens=247), 260, 311, False
2025-12-28 19:14:40 - 20251228_191439_4a51b80e - markdown_it.rules_block.list - DEBUG - list.list_block:102 - entering list: StateBlock(line=260,level=0,tokens=247), 260, 311, False
2025-12-28 19:14:40 - 20251228_191439_4a51b80e - markdown_it.rules_block.reference - DEBUG - reference.reference:10 - entering reference: StateBlock(line=260,level=0,tokens=247), 260, 311, False
2025-12-28 19:14:40 - 20251228_191439_4a51b80e - markdown_it.rules_block.html_block - DEBUG - html_block.html_block:35 - entering html_block: StateBlock(line=260,level=0,tokens=247), 260, 311, False
2025-12-28 19:14:40 - 20251228_191439_4a51b80e - markdown_it.rules_block.heading - DEBUG - heading.heading:13 - entering heading: StateBlock(line=260,level=0,tokens=247), 260, 311, False
2025-12-28 19:14:40 - 20251228_191439_4a51b80e - markdown_it.rules_block.lheading - DEBUG - lheading.lheading:10 - entering lheading: StateBlock(line=260,level=0,tokens=247), 260, 311, False
2025-12-28 19:14:40 - 20251228_191439_4a51b80e - markdown_it.rules_block.fence - DEBUG - fence.fence:10 - entering fence: StateBlock(line=260,level=0,tokens=247), 261, 311, True
2025-12-28 19:14:40 - 20251228_191439_4a51b80e - markdown_it.rules_block.blockquote - DEBUG - blockquote.blockquote:13 - entering blockquote: StateBlock(line=260,level=0,tokens=247), 261, 311, True
2025-12-28 19:14:40 - 20251228_191439_4a51b80e - markdown_it.rules_block.hr - DEBUG - hr.hr:14 - entering hr: StateBlock(line=260,level=0,tokens=247), 261, 311, True
2025-12-28 19:14:40 - 20251228_191439_4a51b80e - markdown_it.rules_block.list - DEBUG - list.list_block:102 - entering list: StateBlock(line=260,level=0,tokens=247), 261, 311, True
2025-12-28 19:14:40 - 20251228_191439_4a51b80e - markdown_it.rules_block.html_block - DEBUG - html_block.html_block:35 - entering html_block: StateBlock(line=260,level=0,tokens=247), 261, 311, True
2025-12-28 19:14:40 - 20251228_191439_4a51b80e - markdown_it.rules_block.heading - DEBUG - heading.heading:13 - entering heading: StateBlock(line=260,level=0,tokens=247), 261, 311, True
2025-12-28 19:14:40 - 20251228_191439_4a51b80e - markdown_it.rules_block.fence - DEBUG - fence.fence:10 - entering fence: StateBlock(line=260,level=0,tokens=247), 262, 311, True
2025-12-28 19:14:40 - 20251228_191439_4a51b80e - markdown_it.rules_block.blockquote - DEBUG - blockquote.blockquote:13 - entering blockquote: StateBlock(line=260,level=0,tokens=247), 262, 311, True
2025-12-28 19:14:40 - 20251228_191439_4a51b80e - markdown_it.rules_block.hr - DEBUG - hr.hr:14 - entering hr: StateBlock(line=260,level=0,tokens=247), 262, 311, True
2025-12-28 19:14:40 - 20251228_191439_4a51b80e - markdown_it.rules_block.list - DEBUG - list.list_block:102 - entering list: StateBlock(line=260,level=0,tokens=247), 262, 311, True
2025-12-28 19:14:40 - 20251228_191439_4a51b80e - markdown_it.rules_block.html_block - DEBUG - html_block.html_block:35 - entering html_block: StateBlock(line=260,level=0,tokens=247), 262, 311, True
2025-12-28 19:14:40 - 20251228_191439_4a51b80e - markdown_it.rules_block.heading - DEBUG - heading.heading:13 - entering heading: StateBlock(line=260,level=0,tokens=247), 262, 311, True
2025-12-28 19:14:40 - 20251228_191439_4a51b80e - markdown_it.rules_block.paragraph - DEBUG - paragraph.paragraph:10 - entering paragraph: StateBlock(line=260,level=0,tokens=247), 260, 311, False
2025-12-28 19:14:40 - 20251228_191439_4a51b80e - markdown_it.rules_block.fence - DEBUG - fence.fence:10 - entering fence: StateBlock(line=260,level=0,tokens=247), 261, 311, True
2025-12-28 19:14:40 - 20251228_191439_4a51b80e - markdown_it.rules_block.blockquote - DEBUG - blockquote.blockquote:13 - entering blockquote: StateBlock(line=260,level=0,tokens=247), 261, 311, True
2025-12-28 19:14:40 - 20251228_191439_4a51b80e - markdown_it.rules_block.hr - DEBUG - hr.hr:14 - entering hr: StateBlock(line=260,level=0,tokens=247), 261, 311, True
2025-12-28 19:14:40 - 20251228_191439_4a51b80e - markdown_it.rules_block.list - DEBUG - list.list_block:102 - entering list: StateBlock(line=260,level=0,tokens=247), 261, 311, True
2025-12-28 19:14:40 - 20251228_191439_4a51b80e - markdown_it.rules_block.html_block - DEBUG - html_block.html_block:35 - entering html_block: StateBlock(line=260,level=0,tokens=247), 261, 311, True
2025-12-28 19:14:40 - 20251228_191439_4a51b80e - markdown_it.rules_block.heading - DEBUG - heading.heading:13 - entering heading: StateBlock(line=260,level=0,tokens=247), 261, 311, True
2025-12-28 19:14:40 - 20251228_191439_4a51b80e - markdown_it.rules_block.fence - DEBUG - fence.fence:10 - entering fence: StateBlock(line=260,level=0,tokens=247), 262, 311, True
2025-12-28 19:14:40 - 20251228_191439_4a51b80e - markdown_it.rules_block.blockquote - DEBUG - blockquote.blockquote:13 - entering blockquote: StateBlock(line=260,level=0,tokens=247), 262, 311, True
2025-12-28 19:14:40 - 20251228_191439_4a51b80e - markdown_it.rules_block.hr - DEBUG - hr.hr:14 - entering hr: StateBlock(line=260,level=0,tokens=247), 262, 311, True
2025-12-28 19:14:40 - 20251228_191439_4a51b80e - markdown_it.rules_block.list - DEBUG - list.list_block:102 - entering list: StateBlock(line=260,level=0,tokens=247), 262, 311, True
2025-12-28 19:14:40 - 20251228_191439_4a51b80e - markdown_it.rules_block.html_block - DEBUG - html_block.html_block:35 - entering html_block: StateBlock(line=260,level=0,tokens=247), 262, 311, True
2025-12-28 19:14:40 - 20251228_191439_4a51b80e - markdown_it.rules_block.heading - DEBUG - heading.heading:13 - entering heading: StateBlock(line=260,level=0,tokens=247), 262, 311, True
2025-12-28 19:14:40 - 20251228_191439_4a51b80e - markdown_it.rules_block.code - DEBUG - code.code:10 - entering code: StateBlock(line=264,level=0,tokens=250), 264, 311, False
2025-12-28 19:14:40 - 20251228_191439_4a51b80e - markdown_it.rules_block.fence - DEBUG - fence.fence:10 - entering fence: StateBlock(line=264,level=0,tokens=250), 264, 311, False
2025-12-28 19:14:40 - 20251228_191439_4a51b80e - markdown_it.rules_block.blockquote - DEBUG - blockquote.blockquote:13 - entering blockquote: StateBlock(line=264,level=0,tokens=250), 264, 311, False
2025-12-28 19:14:40 - 20251228_191439_4a51b80e - markdown_it.rules_block.hr - DEBUG - hr.hr:14 - entering hr: StateBlock(line=264,level=0,tokens=250), 264, 311, False
2025-12-28 19:14:40 - 20251228_191439_4a51b80e - markdown_it.rules_block.list - DEBUG - list.list_block:102 - entering list: StateBlock(line=264,level=0,tokens=250), 264, 311, False
2025-12-28 19:14:40 - 20251228_191439_4a51b80e - markdown_it.rules_block.reference - DEBUG - reference.reference:10 - entering reference: StateBlock(line=264,level=0,tokens=250), 264, 311, False
2025-12-28 19:14:40 - 20251228_191439_4a51b80e - markdown_it.rules_block.html_block - DEBUG - html_block.html_block:35 - entering html_block: StateBlock(line=264,level=0,tokens=250), 264, 311, False
2025-12-28 19:14:40 - 20251228_191439_4a51b80e - markdown_it.rules_block.heading - DEBUG - heading.heading:13 - entering heading: StateBlock(line=264,level=0,tokens=250), 264, 311, False
2025-12-28 19:14:40 - 20251228_191439_4a51b80e - markdown_it.rules_block.lheading - DEBUG - lheading.lheading:10 - entering lheading: StateBlock(line=264,level=0,tokens=250), 264, 311, False
2025-12-28 19:14:40 - 20251228_191439_4a51b80e - markdown_it.rules_block.paragraph - DEBUG - paragraph.paragraph:10 - entering paragraph: StateBlock(line=264,level=0,tokens=250), 264, 311, False
2025-12-28 19:14:40 - 20251228_191439_4a51b80e - markdown_it.rules_block.code - DEBUG - code.code:10 - entering code: StateBlock(line=266,level=0,tokens=253), 266, 311, False
2025-12-28 19:14:40 - 20251228_191439_4a51b80e - markdown_it.rules_block.fence - DEBUG - fence.fence:10 - entering fence: StateBlock(line=266,level=0,tokens=253), 266, 311, False
2025-12-28 19:14:40 - 20251228_191439_4a51b80e - markdown_it.rules_block.blockquote - DEBUG - blockquote.blockquote:13 - entering blockquote: StateBlock(line=266,level=0,tokens=253), 266, 311, False
2025-12-28 19:14:40 - 20251228_191439_4a51b80e - markdown_it.rules_block.hr - DEBUG - hr.hr:14 - entering hr: StateBlock(line=266,level=0,tokens=253), 266, 311, False
2025-12-28 19:14:40 - 20251228_191439_4a51b80e - markdown_it.rules_block.list - DEBUG - list.list_block:102 - entering list: StateBlock(line=266,level=0,tokens=253), 266, 311, False
2025-12-28 19:14:40 - 20251228_191439_4a51b80e - markdown_it.rules_block.reference - DEBUG - reference.reference:10 - entering reference: StateBlock(line=266,level=0,tokens=253), 266, 311, False
2025-12-28 19:14:40 - 20251228_191439_4a51b80e - markdown_it.rules_block.html_block - DEBUG - html_block.html_block:35 - entering html_block: StateBlock(line=266,level=0,tokens=253), 266, 311, False
2025-12-28 19:14:40 - 20251228_191439_4a51b80e - markdown_it.rules_block.heading - DEBUG - heading.heading:13 - entering heading: StateBlock(line=266,level=0,tokens=253), 266, 311, False
2025-12-28 19:14:40 - 20251228_191439_4a51b80e - markdown_it.rules_block.lheading - DEBUG - lheading.lheading:10 - entering lheading: StateBlock(line=266,level=0,tokens=253), 266, 311, False
2025-12-28 19:14:40 - 20251228_191439_4a51b80e - markdown_it.rules_block.paragraph - DEBUG - paragraph.paragraph:10 - entering paragraph: StateBlock(line=266,level=0,tokens=253), 266, 311, False
2025-12-28 19:14:40 - 20251228_191439_4a51b80e - markdown_it.rules_block.code - DEBUG - code.code:10 - entering code: StateBlock(line=268,level=0,tokens=256), 268, 311, False
2025-12-28 19:14:40 - 20251228_191439_4a51b80e - markdown_it.rules_block.fence - DEBUG - fence.fence:10 - entering fence: StateBlock(line=268,level=0,tokens=256), 268, 311, False
2025-12-28 19:14:40 - 20251228_191439_4a51b80e - markdown_it.rules_block.blockquote - DEBUG - blockquote.blockquote:13 - entering blockquote: StateBlock(line=268,level=0,tokens=256), 268, 311, False
2025-12-28 19:14:40 - 20251228_191439_4a51b80e - markdown_it.rules_block.hr - DEBUG - hr.hr:14 - entering hr: StateBlock(line=268,level=0,tokens=256), 268, 311, False
2025-12-28 19:14:40 - 20251228_191439_4a51b80e - markdown_it.rules_block.list - DEBUG - list.list_block:102 - entering list: StateBlock(line=268,level=0,tokens=256), 268, 311, False
2025-12-28 19:14:40 - 20251228_191439_4a51b80e - markdown_it.rules_block.reference - DEBUG - reference.reference:10 - entering reference: StateBlock(line=268,level=0,tokens=256), 268, 311, False
2025-12-28 19:14:40 - 20251228_191439_4a51b80e - markdown_it.rules_block.html_block - DEBUG - html_block.html_block:35 - entering html_block: StateBlock(line=268,level=0,tokens=256), 268, 311, False
2025-12-28 19:14:40 - 20251228_191439_4a51b80e - markdown_it.rules_block.heading - DEBUG - heading.heading:13 - entering heading: StateBlock(line=268,level=0,tokens=256), 268, 311, False
2025-12-28 19:14:40 - 20251228_191439_4a51b80e - markdown_it.rules_block.lheading - DEBUG - lheading.lheading:10 - entering lheading: StateBlock(line=268,level=0,tokens=256), 268, 311, False
2025-12-28 19:14:40 - 20251228_191439_4a51b80e - markdown_it.rules_block.paragraph - DEBUG - paragraph.paragraph:10 - entering paragraph: StateBlock(line=268,level=0,tokens=256), 268, 311, False
2025-12-28 19:14:40 - 20251228_191439_4a51b80e - markdown_it.rules_block.code - DEBUG - code.code:10 - entering code: StateBlock(line=270,level=0,tokens=259), 270, 311, False
2025-12-28 19:14:40 - 20251228_191439_4a51b80e - markdown_it.rules_block.fence - DEBUG - fence.fence:10 - entering fence: StateBlock(line=270,level=0,tokens=259), 270, 311, False
2025-12-28 19:14:40 - 20251228_191439_4a51b80e - markdown_it.rules_block.blockquote - DEBUG - blockquote.blockquote:13 - entering blockquote: StateBlock(line=270,level=0,tokens=259), 270, 311, False
2025-12-28 19:14:40 - 20251228_191439_4a51b80e - markdown_it.rules_block.hr - DEBUG - hr.hr:14 - entering hr: StateBlock(line=270,level=0,tokens=259), 270, 311, False
2025-12-28 19:14:40 - 20251228_191439_4a51b80e - markdown_it.rules_block.list - DEBUG - list.list_block:102 - entering list: StateBlock(line=270,level=0,tokens=259), 270, 311, False
2025-12-28 19:14:40 - 20251228_191439_4a51b80e - markdown_it.rules_block.reference - DEBUG - reference.reference:10 - entering reference: StateBlock(line=270,level=0,tokens=259), 270, 311, False
2025-12-28 19:14:40 - 20251228_191439_4a51b80e - markdown_it.rules_block.html_block - DEBUG - html_block.html_block:35 - entering html_block: StateBlock(line=270,level=0,tokens=259), 270, 311, False
2025-12-28 19:14:40 - 20251228_191439_4a51b80e - markdown_it.rules_block.heading - DEBUG - heading.heading:13 - entering heading: StateBlock(line=270,level=0,tokens=259), 270, 311, False
2025-12-28 19:14:40 - 20251228_191439_4a51b80e - markdown_it.rules_block.lheading - DEBUG - lheading.lheading:10 - entering lheading: StateBlock(line=270,level=0,tokens=259), 270, 311, False
2025-12-28 19:14:40 - 20251228_191439_4a51b80e - markdown_it.rules_block.fence - DEBUG - fence.fence:10 - entering fence: StateBlock(line=270,level=0,tokens=259), 271, 311, True
2025-12-28 19:14:40 - 20251228_191439_4a51b80e - markdown_it.rules_block.blockquote - DEBUG - blockquote.blockquote:13 - entering blockquote: StateBlock(line=270,level=0,tokens=259), 271, 311, True
2025-12-28 19:14:40 - 20251228_191439_4a51b80e - markdown_it.rules_block.hr - DEBUG - hr.hr:14 - entering hr: StateBlock(line=270,level=0,tokens=259), 271, 311, True
2025-12-28 19:14:40 - 20251228_191439_4a51b80e - markdown_it.rules_block.list - DEBUG - list.list_block:102 - entering list: StateBlock(line=270,level=0,tokens=259), 271, 311, True
2025-12-28 19:14:40 - 20251228_191439_4a51b80e - markdown_it.rules_block.html_block - DEBUG - html_block.html_block:35 - entering html_block: StateBlock(line=270,level=0,tokens=259), 271, 311, True
2025-12-28 19:14:40 - 20251228_191439_4a51b80e - markdown_it.rules_block.heading - DEBUG - heading.heading:13 - entering heading: StateBlock(line=270,level=0,tokens=259), 271, 311, True
2025-12-28 19:14:40 - 20251228_191439_4a51b80e - markdown_it.rules_block.paragraph - DEBUG - paragraph.paragraph:10 - entering paragraph: StateBlock(line=270,level=0,tokens=259), 270, 311, False
2025-12-28 19:14:40 - 20251228_191439_4a51b80e - markdown_it.rules_block.fence - DEBUG - fence.fence:10 - entering fence: StateBlock(line=270,level=0,tokens=259), 271, 311, True
2025-12-28 19:14:40 - 20251228_191439_4a51b80e - markdown_it.rules_block.blockquote - DEBUG - blockquote.blockquote:13 - entering blockquote: StateBlock(line=270,level=0,tokens=259), 271, 311, True
2025-12-28 19:14:40 - 20251228_191439_4a51b80e - markdown_it.rules_block.hr - DEBUG - hr.hr:14 - entering hr: StateBlock(line=270,level=0,tokens=259), 271, 311, True
2025-12-28 19:14:40 - 20251228_191439_4a51b80e - markdown_it.rules_block.list - DEBUG - list.list_block:102 - entering list: StateBlock(line=270,level=0,tokens=259), 271, 311, True
2025-12-28 19:14:40 - 20251228_191439_4a51b80e - markdown_it.rules_block.html_block - DEBUG - html_block.html_block:35 - entering html_block: StateBlock(line=270,level=0,tokens=259), 271, 311, True
2025-12-28 19:14:40 - 20251228_191439_4a51b80e - markdown_it.rules_block.heading - DEBUG - heading.heading:13 - entering heading: StateBlock(line=270,level=0,tokens=259), 271, 311, True
2025-12-28 19:14:40 - 20251228_191439_4a51b80e - markdown_it.rules_block.code - DEBUG - code.code:10 - entering code: StateBlock(line=273,level=0,tokens=262), 273, 311, False
2025-12-28 19:14:40 - 20251228_191439_4a51b80e - markdown_it.rules_block.fence - DEBUG - fence.fence:10 - entering fence: StateBlock(line=273,level=0,tokens=262), 273, 311, False
2025-12-28 19:14:40 - 20251228_191439_4a51b80e - markdown_it.rules_block.blockquote - DEBUG - blockquote.blockquote:13 - entering blockquote: StateBlock(line=273,level=0,tokens=262), 273, 311, False
2025-12-28 19:14:40 - 20251228_191439_4a51b80e - markdown_it.rules_block.hr - DEBUG - hr.hr:14 - entering hr: StateBlock(line=273,level=0,tokens=262), 273, 311, False
2025-12-28 19:14:40 - 20251228_191439_4a51b80e - markdown_it.rules_block.list - DEBUG - list.list_block:102 - entering list: StateBlock(line=273,level=0,tokens=262), 273, 311, False
2025-12-28 19:14:40 - 20251228_191439_4a51b80e - markdown_it.rules_block.reference - DEBUG - reference.reference:10 - entering reference: StateBlock(line=273,level=0,tokens=262), 273, 311, False
2025-12-28 19:14:40 - 20251228_191439_4a51b80e - markdown_it.rules_block.html_block - DEBUG - html_block.html_block:35 - entering html_block: StateBlock(line=273,level=0,tokens=262), 273, 311, False
2025-12-28 19:14:40 - 20251228_191439_4a51b80e - markdown_it.rules_block.heading - DEBUG - heading.heading:13 - entering heading: StateBlock(line=273,level=0,tokens=262), 273, 311, False
2025-12-28 19:14:40 - 20251228_191439_4a51b80e - markdown_it.rules_block.lheading - DEBUG - lheading.lheading:10 - entering lheading: StateBlock(line=273,level=0,tokens=262), 273, 311, False
2025-12-28 19:14:40 - 20251228_191439_4a51b80e - markdown_it.rules_block.paragraph - DEBUG - paragraph.paragraph:10 - entering paragraph: StateBlock(line=273,level=0,tokens=262), 273, 311, False
2025-12-28 19:14:40 - 20251228_191439_4a51b80e - markdown_it.rules_block.code - DEBUG - code.code:10 - entering code: StateBlock(line=275,level=0,tokens=265), 275, 311, False
2025-12-28 19:14:40 - 20251228_191439_4a51b80e - markdown_it.rules_block.fence - DEBUG - fence.fence:10 - entering fence: StateBlock(line=275,level=0,tokens=265), 275, 311, False
2025-12-28 19:14:40 - 20251228_191439_4a51b80e - markdown_it.rules_block.blockquote - DEBUG - blockquote.blockquote:13 - entering blockquote: StateBlock(line=275,level=0,tokens=265), 275, 311, False
2025-12-28 19:14:40 - 20251228_191439_4a51b80e - markdown_it.rules_block.hr - DEBUG - hr.hr:14 - entering hr: StateBlock(line=275,level=0,tokens=265), 275, 311, False
2025-12-28 19:14:40 - 20251228_191439_4a51b80e - markdown_it.rules_block.list - DEBUG - list.list_block:102 - entering list: StateBlock(line=275,level=0,tokens=265), 275, 311, False
2025-12-28 19:14:40 - 20251228_191439_4a51b80e - markdown_it.rules_block.code - DEBUG - code.code:10 - entering code: StateBlock(line=275,level=2,tokens=267), 275, 311, False
2025-12-28 19:14:40 - 20251228_191439_4a51b80e - markdown_it.rules_block.fence - DEBUG - fence.fence:10 - entering fence: StateBlock(line=275,level=2,tokens=267), 275, 311, False
2025-12-28 19:14:40 - 20251228_191439_4a51b80e - markdown_it.rules_block.blockquote - DEBUG - blockquote.blockquote:13 - entering blockquote: StateBlock(line=275,level=2,tokens=267), 275, 311, False
2025-12-28 19:14:40 - 20251228_191439_4a51b80e - markdown_it.rules_block.hr - DEBUG - hr.hr:14 - entering hr: StateBlock(line=275,level=2,tokens=267), 275, 311, False
2025-12-28 19:14:40 - 20251228_191439_4a51b80e - markdown_it.rules_block.list - DEBUG - list.list_block:102 - entering list: StateBlock(line=275,level=2,tokens=267), 275, 311, False
2025-12-28 19:14:40 - 20251228_191439_4a51b80e - markdown_it.rules_block.reference - DEBUG - reference.reference:10 - entering reference: StateBlock(line=275,level=2,tokens=267), 275, 311, False
2025-12-28 19:14:40 - 20251228_191439_4a51b80e - markdown_it.rules_block.html_block - DEBUG - html_block.html_block:35 - entering html_block: StateBlock(line=275,level=2,tokens=267), 275, 311, False
2025-12-28 19:14:40 - 20251228_191439_4a51b80e - markdown_it.rules_block.heading - DEBUG - heading.heading:13 - entering heading: StateBlock(line=275,level=2,tokens=267), 275, 311, False
2025-12-28 19:14:40 - 20251228_191439_4a51b80e - markdown_it.rules_block.lheading - DEBUG - lheading.lheading:10 - entering lheading: StateBlock(line=275,level=2,tokens=267), 275, 311, False
2025-12-28 19:14:40 - 20251228_191439_4a51b80e - markdown_it.rules_block.fence - DEBUG - fence.fence:10 - entering fence: StateBlock(line=275,level=2,tokens=267), 276, 311, True
2025-12-28 19:14:40 - 20251228_191439_4a51b80e - markdown_it.rules_block.blockquote - DEBUG - blockquote.blockquote:13 - entering blockquote: StateBlock(line=275,level=2,tokens=267), 276, 311, True
2025-12-28 19:14:40 - 20251228_191439_4a51b80e - markdown_it.rules_block.hr - DEBUG - hr.hr:14 - entering hr: StateBlock(line=275,level=2,tokens=267), 276, 311, True
2025-12-28 19:14:40 - 20251228_191439_4a51b80e - markdown_it.rules_block.list - DEBUG - list.list_block:102 - entering list: StateBlock(line=275,level=2,tokens=267), 276, 311, True
2025-12-28 19:14:40 - 20251228_191439_4a51b80e - markdown_it.rules_block.html_block - DEBUG - html_block.html_block:35 - entering html_block: StateBlock(line=275,level=2,tokens=267), 276, 311, True
2025-12-28 19:14:40 - 20251228_191439_4a51b80e - markdown_it.rules_block.heading - DEBUG - heading.heading:13 - entering heading: StateBlock(line=275,level=2,tokens=267), 276, 311, True
2025-12-28 19:14:40 - 20251228_191439_4a51b80e - markdown_it.rules_block.fence - DEBUG - fence.fence:10 - entering fence: StateBlock(line=275,level=2,tokens=267), 277, 311, True
2025-12-28 19:14:40 - 20251228_191439_4a51b80e - markdown_it.rules_block.blockquote - DEBUG - blockquote.blockquote:13 - entering blockquote: StateBlock(line=275,level=2,tokens=267), 277, 311, True
2025-12-28 19:14:40 - 20251228_191439_4a51b80e - markdown_it.rules_block.hr - DEBUG - hr.hr:14 - entering hr: StateBlock(line=275,level=2,tokens=267), 277, 311, True
2025-12-28 19:14:40 - 20251228_191439_4a51b80e - markdown_it.rules_block.list - DEBUG - list.list_block:102 - entering list: StateBlock(line=275,level=2,tokens=267), 277, 311, True
2025-12-28 19:14:40 - 20251228_191439_4a51b80e - markdown_it.rules_block.paragraph - DEBUG - paragraph.paragraph:10 - entering paragraph: StateBlock(line=275,level=2,tokens=267), 275, 311, False
2025-12-28 19:14:40 - 20251228_191439_4a51b80e - markdown_it.rules_block.fence - DEBUG - fence.fence:10 - entering fence: StateBlock(line=275,level=2,tokens=267), 276, 311, True
2025-12-28 19:14:40 - 20251228_191439_4a51b80e - markdown_it.rules_block.blockquote - DEBUG - blockquote.blockquote:13 - entering blockquote: StateBlock(line=275,level=2,tokens=267), 276, 311, True
2025-12-28 19:14:40 - 20251228_191439_4a51b80e - markdown_it.rules_block.hr - DEBUG - hr.hr:14 - entering hr: StateBlock(line=275,level=2,tokens=267), 276, 311, True
2025-12-28 19:14:40 - 20251228_191439_4a51b80e - markdown_it.rules_block.list - DEBUG - list.list_block:102 - entering list: StateBlock(line=275,level=2,tokens=267), 276, 311, True
2025-12-28 19:14:40 - 20251228_191439_4a51b80e - markdown_it.rules_block.html_block - DEBUG - html_block.html_block:35 - entering html_block: StateBlock(line=275,level=2,tokens=267), 276, 311, True
2025-12-28 19:14:40 - 20251228_191439_4a51b80e - markdown_it.rules_block.heading - DEBUG - heading.heading:13 - entering heading: StateBlock(line=275,level=2,tokens=267), 276, 311, True
2025-12-28 19:14:40 - 20251228_191439_4a51b80e - markdown_it.rules_block.fence - DEBUG - fence.fence:10 - entering fence: StateBlock(line=275,level=2,tokens=267), 277, 311, True
2025-12-28 19:14:40 - 20251228_191439_4a51b80e - markdown_it.rules_block.blockquote - DEBUG - blockquote.blockquote:13 - entering blockquote: StateBlock(line=275,level=2,tokens=267), 277, 311, True
2025-12-28 19:14:40 - 20251228_191439_4a51b80e - markdown_it.rules_block.hr - DEBUG - hr.hr:14 - entering hr: StateBlock(line=275,level=2,tokens=267), 277, 311, True
2025-12-28 19:14:40 - 20251228_191439_4a51b80e - markdown_it.rules_block.list - DEBUG - list.list_block:102 - entering list: StateBlock(line=275,level=2,tokens=267), 277, 311, True
2025-12-28 19:14:40 - 20251228_191439_4a51b80e - markdown_it.rules_block.fence - DEBUG - fence.fence:10 - entering fence: StateBlock(line=277,level=1,tokens=271), 277, 311, True
2025-12-28 19:14:40 - 20251228_191439_4a51b80e - markdown_it.rules_block.blockquote - DEBUG - blockquote.blockquote:13 - entering blockquote: StateBlock(line=277,level=1,tokens=271), 277, 311, True
2025-12-28 19:14:40 - 20251228_191439_4a51b80e - markdown_it.rules_block.hr - DEBUG - hr.hr:14 - entering hr: StateBlock(line=277,level=1,tokens=271), 277, 311, True
2025-12-28 19:14:40 - 20251228_191439_4a51b80e - markdown_it.rules_block.code - DEBUG - code.code:10 - entering code: StateBlock(line=277,level=2,tokens=272), 277, 311, False
2025-12-28 19:14:40 - 20251228_191439_4a51b80e - markdown_it.rules_block.fence - DEBUG - fence.fence:10 - entering fence: StateBlock(line=277,level=2,tokens=272), 277, 311, False
2025-12-28 19:14:40 - 20251228_191439_4a51b80e - markdown_it.rules_block.blockquote - DEBUG - blockquote.blockquote:13 - entering blockquote: StateBlock(line=277,level=2,tokens=272), 277, 311, False
2025-12-28 19:14:40 - 20251228_191439_4a51b80e - markdown_it.rules_block.hr - DEBUG - hr.hr:14 - entering hr: StateBlock(line=277,level=2,tokens=272), 277, 311, False
2025-12-28 19:14:40 - 20251228_191439_4a51b80e - markdown_it.rules_block.list - DEBUG - list.list_block:102 - entering list: StateBlock(line=277,level=2,tokens=272), 277, 311, False
2025-12-28 19:14:40 - 20251228_191439_4a51b80e - markdown_it.rules_block.reference - DEBUG - reference.reference:10 - entering reference: StateBlock(line=277,level=2,tokens=272), 277, 311, False
2025-12-28 19:14:40 - 20251228_191439_4a51b80e - markdown_it.rules_block.html_block - DEBUG - html_block.html_block:35 - entering html_block: StateBlock(line=277,level=2,tokens=272), 277, 311, False
2025-12-28 19:14:40 - 20251228_191439_4a51b80e - markdown_it.rules_block.heading - DEBUG - heading.heading:13 - entering heading: StateBlock(line=277,level=2,tokens=272), 277, 311, False
2025-12-28 19:14:40 - 20251228_191439_4a51b80e - markdown_it.rules_block.lheading - DEBUG - lheading.lheading:10 - entering lheading: StateBlock(line=277,level=2,tokens=272), 277, 311, False
2025-12-28 19:14:40 - 20251228_191439_4a51b80e - markdown_it.rules_block.fence - DEBUG - fence.fence:10 - entering fence: StateBlock(line=277,level=2,tokens=272), 278, 311, True
2025-12-28 19:14:40 - 20251228_191439_4a51b80e - markdown_it.rules_block.blockquote - DEBUG - blockquote.blockquote:13 - entering blockquote: StateBlock(line=277,level=2,tokens=272), 278, 311, True
2025-12-28 19:14:40 - 20251228_191439_4a51b80e - markdown_it.rules_block.hr - DEBUG - hr.hr:14 - entering hr: StateBlock(line=277,level=2,tokens=272), 278, 311, True
2025-12-28 19:14:40 - 20251228_191439_4a51b80e - markdown_it.rules_block.list - DEBUG - list.list_block:102 - entering list: StateBlock(line=277,level=2,tokens=272), 278, 311, True
2025-12-28 19:14:40 - 20251228_191439_4a51b80e - markdown_it.rules_block.paragraph - DEBUG - paragraph.paragraph:10 - entering paragraph: StateBlock(line=277,level=2,tokens=272), 277, 311, False
2025-12-28 19:14:40 - 20251228_191439_4a51b80e - markdown_it.rules_block.fence - DEBUG - fence.fence:10 - entering fence: StateBlock(line=277,level=2,tokens=272), 278, 311, True
2025-12-28 19:14:40 - 20251228_191439_4a51b80e - markdown_it.rules_block.blockquote - DEBUG - blockquote.blockquote:13 - entering blockquote: StateBlock(line=277,level=2,tokens=272), 278, 311, True
2025-12-28 19:14:40 - 20251228_191439_4a51b80e - markdown_it.rules_block.hr - DEBUG - hr.hr:14 - entering hr: StateBlock(line=277,level=2,tokens=272), 278, 311, True
2025-12-28 19:14:40 - 20251228_191439_4a51b80e - markdown_it.rules_block.list - DEBUG - list.list_block:102 - entering list: StateBlock(line=277,level=2,tokens=272), 278, 311, True
2025-12-28 19:14:40 - 20251228_191439_4a51b80e - markdown_it.rules_block.fence - DEBUG - fence.fence:10 - entering fence: StateBlock(line=278,level=1,tokens=276), 278, 311, True
2025-12-28 19:14:40 - 20251228_191439_4a51b80e - markdown_it.rules_block.blockquote - DEBUG - blockquote.blockquote:13 - entering blockquote: StateBlock(line=278,level=1,tokens=276), 278, 311, True
2025-12-28 19:14:40 - 20251228_191439_4a51b80e - markdown_it.rules_block.hr - DEBUG - hr.hr:14 - entering hr: StateBlock(line=278,level=1,tokens=276), 278, 311, True
2025-12-28 19:14:40 - 20251228_191439_4a51b80e - markdown_it.rules_block.code - DEBUG - code.code:10 - entering code: StateBlock(line=278,level=2,tokens=277), 278, 311, False
2025-12-28 19:14:40 - 20251228_191439_4a51b80e - markdown_it.rules_block.fence - DEBUG - fence.fence:10 - entering fence: StateBlock(line=278,level=2,tokens=277), 278, 311, False
2025-12-28 19:14:40 - 20251228_191439_4a51b80e - markdown_it.rules_block.blockquote - DEBUG - blockquote.blockquote:13 - entering blockquote: StateBlock(line=278,level=2,tokens=277), 278, 311, False
2025-12-28 19:14:40 - 20251228_191439_4a51b80e - markdown_it.rules_block.hr - DEBUG - hr.hr:14 - entering hr: StateBlock(line=278,level=2,tokens=277), 278, 311, False
2025-12-28 19:14:40 - 20251228_191439_4a51b80e - markdown_it.rules_block.list - DEBUG - list.list_block:102 - entering list: StateBlock(line=278,level=2,tokens=277), 278, 311, False
2025-12-28 19:14:40 - 20251228_191439_4a51b80e - markdown_it.rules_block.reference - DEBUG - reference.reference:10 - entering reference: StateBlock(line=278,level=2,tokens=277), 278, 311, False
2025-12-28 19:14:40 - 20251228_191439_4a51b80e - markdown_it.rules_block.html_block - DEBUG - html_block.html_block:35 - entering html_block: StateBlock(line=278,level=2,tokens=277), 278, 311, False
2025-12-28 19:14:40 - 20251228_191439_4a51b80e - markdown_it.rules_block.heading - DEBUG - heading.heading:13 - entering heading: StateBlock(line=278,level=2,tokens=277), 278, 311, False
2025-12-28 19:14:40 - 20251228_191439_4a51b80e - markdown_it.rules_block.lheading - DEBUG - lheading.lheading:10 - entering lheading: StateBlock(line=278,level=2,tokens=277), 278, 311, False
2025-12-28 19:14:40 - 20251228_191439_4a51b80e - markdown_it.rules_block.fence - DEBUG - fence.fence:10 - entering fence: StateBlock(line=278,level=2,tokens=277), 279, 311, True
2025-12-28 19:14:40 - 20251228_191439_4a51b80e - markdown_it.rules_block.blockquote - DEBUG - blockquote.blockquote:13 - entering blockquote: StateBlock(line=278,level=2,tokens=277), 279, 311, True
2025-12-28 19:14:40 - 20251228_191439_4a51b80e - markdown_it.rules_block.hr - DEBUG - hr.hr:14 - entering hr: StateBlock(line=278,level=2,tokens=277), 279, 311, True
2025-12-28 19:14:40 - 20251228_191439_4a51b80e - markdown_it.rules_block.list - DEBUG - list.list_block:102 - entering list: StateBlock(line=278,level=2,tokens=277), 279, 311, True
2025-12-28 19:14:40 - 20251228_191439_4a51b80e - markdown_it.rules_block.paragraph - DEBUG - paragraph.paragraph:10 - entering paragraph: StateBlock(line=278,level=2,tokens=277), 278, 311, False
2025-12-28 19:14:40 - 20251228_191439_4a51b80e - markdown_it.rules_block.fence - DEBUG - fence.fence:10 - entering fence: StateBlock(line=278,level=2,tokens=277), 279, 311, True
2025-12-28 19:14:40 - 20251228_191439_4a51b80e - markdown_it.rules_block.blockquote - DEBUG - blockquote.blockquote:13 - entering blockquote: StateBlock(line=278,level=2,tokens=277), 279, 311, True
2025-12-28 19:14:40 - 20251228_191439_4a51b80e - markdown_it.rules_block.hr - DEBUG - hr.hr:14 - entering hr: StateBlock(line=278,level=2,tokens=277), 279, 311, True
2025-12-28 19:14:40 - 20251228_191439_4a51b80e - markdown_it.rules_block.list - DEBUG - list.list_block:102 - entering list: StateBlock(line=278,level=2,tokens=277), 279, 311, True
2025-12-28 19:14:40 - 20251228_191439_4a51b80e - markdown_it.rules_block.fence - DEBUG - fence.fence:10 - entering fence: StateBlock(line=279,level=1,tokens=281), 279, 311, True
2025-12-28 19:14:40 - 20251228_191439_4a51b80e - markdown_it.rules_block.blockquote - DEBUG - blockquote.blockquote:13 - entering blockquote: StateBlock(line=279,level=1,tokens=281), 279, 311, True
2025-12-28 19:14:40 - 20251228_191439_4a51b80e - markdown_it.rules_block.hr - DEBUG - hr.hr:14 - entering hr: StateBlock(line=279,level=1,tokens=281), 279, 311, True
2025-12-28 19:14:40 - 20251228_191439_4a51b80e - markdown_it.rules_block.code - DEBUG - code.code:10 - entering code: StateBlock(line=279,level=2,tokens=282), 279, 311, False
2025-12-28 19:14:40 - 20251228_191439_4a51b80e - markdown_it.rules_block.fence - DEBUG - fence.fence:10 - entering fence: StateBlock(line=279,level=2,tokens=282), 279, 311, False
2025-12-28 19:14:40 - 20251228_191439_4a51b80e - markdown_it.rules_block.blockquote - DEBUG - blockquote.blockquote:13 - entering blockquote: StateBlock(line=279,level=2,tokens=282), 279, 311, False
2025-12-28 19:14:40 - 20251228_191439_4a51b80e - markdown_it.rules_block.hr - DEBUG - hr.hr:14 - entering hr: StateBlock(line=279,level=2,tokens=282), 279, 311, False
2025-12-28 19:14:40 - 20251228_191439_4a51b80e - markdown_it.rules_block.list - DEBUG - list.list_block:102 - entering list: StateBlock(line=279,level=2,tokens=282), 279, 311, False
2025-12-28 19:14:40 - 20251228_191439_4a51b80e - markdown_it.rules_block.reference - DEBUG - reference.reference:10 - entering reference: StateBlock(line=279,level=2,tokens=282), 279, 311, False
2025-12-28 19:14:40 - 20251228_191439_4a51b80e - markdown_it.rules_block.html_block - DEBUG - html_block.html_block:35 - entering html_block: StateBlock(line=279,level=2,tokens=282), 279, 311, False
2025-12-28 19:14:40 - 20251228_191439_4a51b80e - markdown_it.rules_block.heading - DEBUG - heading.heading:13 - entering heading: StateBlock(line=279,level=2,tokens=282), 279, 311, False
2025-12-28 19:14:40 - 20251228_191439_4a51b80e - markdown_it.rules_block.lheading - DEBUG - lheading.lheading:10 - entering lheading: StateBlock(line=279,level=2,tokens=282), 279, 311, False
2025-12-28 19:14:40 - 20251228_191439_4a51b80e - markdown_it.rules_block.fence - DEBUG - fence.fence:10 - entering fence: StateBlock(line=279,level=2,tokens=282), 280, 311, True
2025-12-28 19:14:40 - 20251228_191439_4a51b80e - markdown_it.rules_block.blockquote - DEBUG - blockquote.blockquote:13 - entering blockquote: StateBlock(line=279,level=2,tokens=282), 280, 311, True
2025-12-28 19:14:40 - 20251228_191439_4a51b80e - markdown_it.rules_block.hr - DEBUG - hr.hr:14 - entering hr: StateBlock(line=279,level=2,tokens=282), 280, 311, True
2025-12-28 19:14:40 - 20251228_191439_4a51b80e - markdown_it.rules_block.list - DEBUG - list.list_block:102 - entering list: StateBlock(line=279,level=2,tokens=282), 280, 311, True
2025-12-28 19:14:40 - 20251228_191439_4a51b80e - markdown_it.rules_block.paragraph - DEBUG - paragraph.paragraph:10 - entering paragraph: StateBlock(line=279,level=2,tokens=282), 279, 311, False
2025-12-28 19:14:40 - 20251228_191439_4a51b80e - markdown_it.rules_block.fence - DEBUG - fence.fence:10 - entering fence: StateBlock(line=279,level=2,tokens=282), 280, 311, True
2025-12-28 19:14:40 - 20251228_191439_4a51b80e - markdown_it.rules_block.blockquote - DEBUG - blockquote.blockquote:13 - entering blockquote: StateBlock(line=279,level=2,tokens=282), 280, 311, True
2025-12-28 19:14:40 - 20251228_191439_4a51b80e - markdown_it.rules_block.hr - DEBUG - hr.hr:14 - entering hr: StateBlock(line=279,level=2,tokens=282), 280, 311, True
2025-12-28 19:14:40 - 20251228_191439_4a51b80e - markdown_it.rules_block.list - DEBUG - list.list_block:102 - entering list: StateBlock(line=279,level=2,tokens=282), 280, 311, True
2025-12-28 19:14:40 - 20251228_191439_4a51b80e - markdown_it.rules_block.fence - DEBUG - fence.fence:10 - entering fence: StateBlock(line=280,level=1,tokens=286), 280, 311, True
2025-12-28 19:14:40 - 20251228_191439_4a51b80e - markdown_it.rules_block.blockquote - DEBUG - blockquote.blockquote:13 - entering blockquote: StateBlock(line=280,level=1,tokens=286), 280, 311, True
2025-12-28 19:14:40 - 20251228_191439_4a51b80e - markdown_it.rules_block.hr - DEBUG - hr.hr:14 - entering hr: StateBlock(line=280,level=1,tokens=286), 280, 311, True
2025-12-28 19:14:40 - 20251228_191439_4a51b80e - markdown_it.rules_block.code - DEBUG - code.code:10 - entering code: StateBlock(line=280,level=2,tokens=287), 280, 311, False
2025-12-28 19:14:40 - 20251228_191439_4a51b80e - markdown_it.rules_block.fence - DEBUG - fence.fence:10 - entering fence: StateBlock(line=280,level=2,tokens=287), 280, 311, False
2025-12-28 19:14:40 - 20251228_191439_4a51b80e - markdown_it.rules_block.blockquote - DEBUG - blockquote.blockquote:13 - entering blockquote: StateBlock(line=280,level=2,tokens=287), 280, 311, False
2025-12-28 19:14:40 - 20251228_191439_4a51b80e - markdown_it.rules_block.hr - DEBUG - hr.hr:14 - entering hr: StateBlock(line=280,level=2,tokens=287), 280, 311, False
2025-12-28 19:14:40 - 20251228_191439_4a51b80e - markdown_it.rules_block.list - DEBUG - list.list_block:102 - entering list: StateBlock(line=280,level=2,tokens=287), 280, 311, False
2025-12-28 19:14:40 - 20251228_191439_4a51b80e - markdown_it.rules_block.reference - DEBUG - reference.reference:10 - entering reference: StateBlock(line=280,level=2,tokens=287), 280, 311, False
2025-12-28 19:14:40 - 20251228_191439_4a51b80e - markdown_it.rules_block.html_block - DEBUG - html_block.html_block:35 - entering html_block: StateBlock(line=280,level=2,tokens=287), 280, 311, False
2025-12-28 19:14:40 - 20251228_191439_4a51b80e - markdown_it.rules_block.heading - DEBUG - heading.heading:13 - entering heading: StateBlock(line=280,level=2,tokens=287), 280, 311, False
2025-12-28 19:14:40 - 20251228_191439_4a51b80e - markdown_it.rules_block.lheading - DEBUG - lheading.lheading:10 - entering lheading: StateBlock(line=280,level=2,tokens=287), 280, 311, False
2025-12-28 19:14:40 - 20251228_191439_4a51b80e - markdown_it.rules_block.fence - DEBUG - fence.fence:10 - entering fence: StateBlock(line=280,level=2,tokens=287), 281, 311, True
2025-12-28 19:14:40 - 20251228_191439_4a51b80e - markdown_it.rules_block.blockquote - DEBUG - blockquote.blockquote:13 - entering blockquote: StateBlock(line=280,level=2,tokens=287), 281, 311, True
2025-12-28 19:14:40 - 20251228_191439_4a51b80e - markdown_it.rules_block.hr - DEBUG - hr.hr:14 - entering hr: StateBlock(line=280,level=2,tokens=287), 281, 311, True
2025-12-28 19:14:40 - 20251228_191439_4a51b80e - markdown_it.rules_block.list - DEBUG - list.list_block:102 - entering list: StateBlock(line=280,level=2,tokens=287), 281, 311, True
2025-12-28 19:14:40 - 20251228_191439_4a51b80e - markdown_it.rules_block.html_block - DEBUG - html_block.html_block:35 - entering html_block: StateBlock(line=280,level=2,tokens=287), 281, 311, True
2025-12-28 19:14:40 - 20251228_191439_4a51b80e - markdown_it.rules_block.heading - DEBUG - heading.heading:13 - entering heading: StateBlock(line=280,level=2,tokens=287), 281, 311, True
2025-12-28 19:14:40 - 20251228_191439_4a51b80e - markdown_it.rules_block.paragraph - DEBUG - paragraph.paragraph:10 - entering paragraph: StateBlock(line=280,level=2,tokens=287), 280, 311, False
2025-12-28 19:14:40 - 20251228_191439_4a51b80e - markdown_it.rules_block.fence - DEBUG - fence.fence:10 - entering fence: StateBlock(line=280,level=2,tokens=287), 281, 311, True
2025-12-28 19:14:40 - 20251228_191439_4a51b80e - markdown_it.rules_block.blockquote - DEBUG - blockquote.blockquote:13 - entering blockquote: StateBlock(line=280,level=2,tokens=287), 281, 311, True
2025-12-28 19:14:40 - 20251228_191439_4a51b80e - markdown_it.rules_block.hr - DEBUG - hr.hr:14 - entering hr: StateBlock(line=280,level=2,tokens=287), 281, 311, True
2025-12-28 19:14:40 - 20251228_191439_4a51b80e - markdown_it.rules_block.list - DEBUG - list.list_block:102 - entering list: StateBlock(line=280,level=2,tokens=287), 281, 311, True
2025-12-28 19:14:40 - 20251228_191439_4a51b80e - markdown_it.rules_block.html_block - DEBUG - html_block.html_block:35 - entering html_block: StateBlock(line=280,level=2,tokens=287), 281, 311, True
2025-12-28 19:14:40 - 20251228_191439_4a51b80e - markdown_it.rules_block.heading - DEBUG - heading.heading:13 - entering heading: StateBlock(line=280,level=2,tokens=287), 281, 311, True
2025-12-28 19:14:40 - 20251228_191439_4a51b80e - markdown_it.rules_block.fence - DEBUG - fence.fence:10 - entering fence: StateBlock(line=283,level=1,tokens=291), 283, 311, True
2025-12-28 19:14:40 - 20251228_191439_4a51b80e - markdown_it.rules_block.blockquote - DEBUG - blockquote.blockquote:13 - entering blockquote: StateBlock(line=283,level=1,tokens=291), 283, 311, True
2025-12-28 19:14:40 - 20251228_191439_4a51b80e - markdown_it.rules_block.hr - DEBUG - hr.hr:14 - entering hr: StateBlock(line=283,level=1,tokens=291), 283, 311, True
2025-12-28 19:14:40 - 20251228_191439_4a51b80e - markdown_it.rules_block.code - DEBUG - code.code:10 - entering code: StateBlock(line=283,level=0,tokens=292), 283, 311, False
2025-12-28 19:14:40 - 20251228_191439_4a51b80e - markdown_it.rules_block.fence - DEBUG - fence.fence:10 - entering fence: StateBlock(line=283,level=0,tokens=292), 283, 311, False
2025-12-28 19:14:40 - 20251228_191439_4a51b80e - markdown_it.rules_block.blockquote - DEBUG - blockquote.blockquote:13 - entering blockquote: StateBlock(line=283,level=0,tokens=292), 283, 311, False
2025-12-28 19:14:40 - 20251228_191439_4a51b80e - markdown_it.rules_block.hr - DEBUG - hr.hr:14 - entering hr: StateBlock(line=283,level=0,tokens=292), 283, 311, False
2025-12-28 19:14:40 - 20251228_191439_4a51b80e - markdown_it.rules_block.code - DEBUG - code.code:10 - entering code: StateBlock(line=285,level=0,tokens=293), 285, 311, False
2025-12-28 19:14:40 - 20251228_191439_4a51b80e - markdown_it.rules_block.fence - DEBUG - fence.fence:10 - entering fence: StateBlock(line=285,level=0,tokens=293), 285, 311, False
2025-12-28 19:14:40 - 20251228_191439_4a51b80e - markdown_it.rules_block.blockquote - DEBUG - blockquote.blockquote:13 - entering blockquote: StateBlock(line=285,level=0,tokens=293), 285, 311, False
2025-12-28 19:14:40 - 20251228_191439_4a51b80e - markdown_it.rules_block.hr - DEBUG - hr.hr:14 - entering hr: StateBlock(line=285,level=0,tokens=293), 285, 311, False
2025-12-28 19:14:40 - 20251228_191439_4a51b80e - markdown_it.rules_block.list - DEBUG - list.list_block:102 - entering list: StateBlock(line=285,level=0,tokens=293), 285, 311, False
2025-12-28 19:14:40 - 20251228_191439_4a51b80e - markdown_it.rules_block.reference - DEBUG - reference.reference:10 - entering reference: StateBlock(line=285,level=0,tokens=293), 285, 311, False
2025-12-28 19:14:40 - 20251228_191439_4a51b80e - markdown_it.rules_block.html_block - DEBUG - html_block.html_block:35 - entering html_block: StateBlock(line=285,level=0,tokens=293), 285, 311, False
2025-12-28 19:14:40 - 20251228_191439_4a51b80e - markdown_it.rules_block.heading - DEBUG - heading.heading:13 - entering heading: StateBlock(line=285,level=0,tokens=293), 285, 311, False
2025-12-28 19:14:40 - 20251228_191439_4a51b80e - markdown_it.rules_block.code - DEBUG - code.code:10 - entering code: StateBlock(line=287,level=0,tokens=296), 287, 311, False
2025-12-28 19:14:40 - 20251228_191439_4a51b80e - markdown_it.rules_block.fence - DEBUG - fence.fence:10 - entering fence: StateBlock(line=287,level=0,tokens=296), 287, 311, False
2025-12-28 19:14:40 - 20251228_191439_4a51b80e - markdown_it.rules_block.blockquote - DEBUG - blockquote.blockquote:13 - entering blockquote: StateBlock(line=287,level=0,tokens=296), 287, 311, False
2025-12-28 19:14:40 - 20251228_191439_4a51b80e - markdown_it.rules_block.hr - DEBUG - hr.hr:14 - entering hr: StateBlock(line=287,level=0,tokens=296), 287, 311, False
2025-12-28 19:14:40 - 20251228_191439_4a51b80e - markdown_it.rules_block.list - DEBUG - list.list_block:102 - entering list: StateBlock(line=287,level=0,tokens=296), 287, 311, False
2025-12-28 19:14:40 - 20251228_191439_4a51b80e - markdown_it.rules_block.reference - DEBUG - reference.reference:10 - entering reference: StateBlock(line=287,level=0,tokens=296), 287, 311, False
2025-12-28 19:14:40 - 20251228_191439_4a51b80e - markdown_it.rules_block.html_block - DEBUG - html_block.html_block:35 - entering html_block: StateBlock(line=287,level=0,tokens=296), 287, 311, False
2025-12-28 19:14:40 - 20251228_191439_4a51b80e - markdown_it.rules_block.heading - DEBUG - heading.heading:13 - entering heading: StateBlock(line=287,level=0,tokens=296), 287, 311, False
2025-12-28 19:14:40 - 20251228_191439_4a51b80e - markdown_it.rules_block.lheading - DEBUG - lheading.lheading:10 - entering lheading: StateBlock(line=287,level=0,tokens=296), 287, 311, False
2025-12-28 19:14:40 - 20251228_191439_4a51b80e - markdown_it.rules_block.fence - DEBUG - fence.fence:10 - entering fence: StateBlock(line=287,level=0,tokens=296), 288, 311, True
2025-12-28 19:14:40 - 20251228_191439_4a51b80e - markdown_it.rules_block.blockquote - DEBUG - blockquote.blockquote:13 - entering blockquote: StateBlock(line=287,level=0,tokens=296), 288, 311, True
2025-12-28 19:14:40 - 20251228_191439_4a51b80e - markdown_it.rules_block.hr - DEBUG - hr.hr:14 - entering hr: StateBlock(line=287,level=0,tokens=296), 288, 311, True
2025-12-28 19:14:40 - 20251228_191439_4a51b80e - markdown_it.rules_block.list - DEBUG - list.list_block:102 - entering list: StateBlock(line=287,level=0,tokens=296), 288, 311, True
2025-12-28 19:14:40 - 20251228_191439_4a51b80e - markdown_it.rules_block.html_block - DEBUG - html_block.html_block:35 - entering html_block: StateBlock(line=287,level=0,tokens=296), 288, 311, True
2025-12-28 19:14:40 - 20251228_191439_4a51b80e - markdown_it.rules_block.heading - DEBUG - heading.heading:13 - entering heading: StateBlock(line=287,level=0,tokens=296), 288, 311, True
2025-12-28 19:14:40 - 20251228_191439_4a51b80e - markdown_it.rules_block.paragraph - DEBUG - paragraph.paragraph:10 - entering paragraph: StateBlock(line=287,level=0,tokens=296), 287, 311, False
2025-12-28 19:14:40 - 20251228_191439_4a51b80e - markdown_it.rules_block.fence - DEBUG - fence.fence:10 - entering fence: StateBlock(line=287,level=0,tokens=296), 288, 311, True
2025-12-28 19:14:40 - 20251228_191439_4a51b80e - markdown_it.rules_block.blockquote - DEBUG - blockquote.blockquote:13 - entering blockquote: StateBlock(line=287,level=0,tokens=296), 288, 311, True
2025-12-28 19:14:40 - 20251228_191439_4a51b80e - markdown_it.rules_block.hr - DEBUG - hr.hr:14 - entering hr: StateBlock(line=287,level=0,tokens=296), 288, 311, True
2025-12-28 19:14:40 - 20251228_191439_4a51b80e - markdown_it.rules_block.list - DEBUG - list.list_block:102 - entering list: StateBlock(line=287,level=0,tokens=296), 288, 311, True
2025-12-28 19:14:40 - 20251228_191439_4a51b80e - markdown_it.rules_block.html_block - DEBUG - html_block.html_block:35 - entering html_block: StateBlock(line=287,level=0,tokens=296), 288, 311, True
2025-12-28 19:14:40 - 20251228_191439_4a51b80e - markdown_it.rules_block.heading - DEBUG - heading.heading:13 - entering heading: StateBlock(line=287,level=0,tokens=296), 288, 311, True
2025-12-28 19:14:40 - 20251228_191439_4a51b80e - markdown_it.rules_block.code - DEBUG - code.code:10 - entering code: StateBlock(line=290,level=0,tokens=299), 290, 311, False
2025-12-28 19:14:40 - 20251228_191439_4a51b80e - markdown_it.rules_block.fence - DEBUG - fence.fence:10 - entering fence: StateBlock(line=290,level=0,tokens=299), 290, 311, False
2025-12-28 19:14:40 - 20251228_191439_4a51b80e - markdown_it.rules_block.blockquote - DEBUG - blockquote.blockquote:13 - entering blockquote: StateBlock(line=290,level=0,tokens=299), 290, 311, False
2025-12-28 19:14:40 - 20251228_191439_4a51b80e - markdown_it.rules_block.hr - DEBUG - hr.hr:14 - entering hr: StateBlock(line=290,level=0,tokens=299), 290, 311, False
2025-12-28 19:14:40 - 20251228_191439_4a51b80e - markdown_it.rules_block.list - DEBUG - list.list_block:102 - entering list: StateBlock(line=290,level=0,tokens=299), 290, 311, False
2025-12-28 19:14:40 - 20251228_191439_4a51b80e - markdown_it.rules_block.reference - DEBUG - reference.reference:10 - entering reference: StateBlock(line=290,level=0,tokens=299), 290, 311, False
2025-12-28 19:14:40 - 20251228_191439_4a51b80e - markdown_it.rules_block.html_block - DEBUG - html_block.html_block:35 - entering html_block: StateBlock(line=290,level=0,tokens=299), 290, 311, False
2025-12-28 19:14:40 - 20251228_191439_4a51b80e - markdown_it.rules_block.heading - DEBUG - heading.heading:13 - entering heading: StateBlock(line=290,level=0,tokens=299), 290, 311, False
2025-12-28 19:14:40 - 20251228_191439_4a51b80e - markdown_it.rules_block.lheading - DEBUG - lheading.lheading:10 - entering lheading: StateBlock(line=290,level=0,tokens=299), 290, 311, False
2025-12-28 19:14:40 - 20251228_191439_4a51b80e - markdown_it.rules_block.fence - DEBUG - fence.fence:10 - entering fence: StateBlock(line=290,level=0,tokens=299), 291, 311, True
2025-12-28 19:14:40 - 20251228_191439_4a51b80e - markdown_it.rules_block.blockquote - DEBUG - blockquote.blockquote:13 - entering blockquote: StateBlock(line=290,level=0,tokens=299), 291, 311, True
2025-12-28 19:14:40 - 20251228_191439_4a51b80e - markdown_it.rules_block.hr - DEBUG - hr.hr:14 - entering hr: StateBlock(line=290,level=0,tokens=299), 291, 311, True
2025-12-28 19:14:40 - 20251228_191439_4a51b80e - markdown_it.rules_block.list - DEBUG - list.list_block:102 - entering list: StateBlock(line=290,level=0,tokens=299), 291, 311, True
2025-12-28 19:14:40 - 20251228_191439_4a51b80e - markdown_it.rules_block.html_block - DEBUG - html_block.html_block:35 - entering html_block: StateBlock(line=290,level=0,tokens=299), 291, 311, True
2025-12-28 19:14:40 - 20251228_191439_4a51b80e - markdown_it.rules_block.heading - DEBUG - heading.heading:13 - entering heading: StateBlock(line=290,level=0,tokens=299), 291, 311, True
2025-12-28 19:14:40 - 20251228_191439_4a51b80e - markdown_it.rules_block.paragraph - DEBUG - paragraph.paragraph:10 - entering paragraph: StateBlock(line=290,level=0,tokens=299), 290, 311, False
2025-12-28 19:14:40 - 20251228_191439_4a51b80e - markdown_it.rules_block.fence - DEBUG - fence.fence:10 - entering fence: StateBlock(line=290,level=0,tokens=299), 291, 311, True
2025-12-28 19:14:40 - 20251228_191439_4a51b80e - markdown_it.rules_block.blockquote - DEBUG - blockquote.blockquote:13 - entering blockquote: StateBlock(line=290,level=0,tokens=299), 291, 311, True
2025-12-28 19:14:40 - 20251228_191439_4a51b80e - markdown_it.rules_block.hr - DEBUG - hr.hr:14 - entering hr: StateBlock(line=290,level=0,tokens=299), 291, 311, True
2025-12-28 19:14:40 - 20251228_191439_4a51b80e - markdown_it.rules_block.list - DEBUG - list.list_block:102 - entering list: StateBlock(line=290,level=0,tokens=299), 291, 311, True
2025-12-28 19:14:40 - 20251228_191439_4a51b80e - markdown_it.rules_block.html_block - DEBUG - html_block.html_block:35 - entering html_block: StateBlock(line=290,level=0,tokens=299), 291, 311, True
2025-12-28 19:14:40 - 20251228_191439_4a51b80e - markdown_it.rules_block.heading - DEBUG - heading.heading:13 - entering heading: StateBlock(line=290,level=0,tokens=299), 291, 311, True
2025-12-28 19:14:40 - 20251228_191439_4a51b80e - markdown_it.rules_block.code - DEBUG - code.code:10 - entering code: StateBlock(line=293,level=0,tokens=302), 293, 311, False
2025-12-28 19:14:40 - 20251228_191439_4a51b80e - markdown_it.rules_block.fence - DEBUG - fence.fence:10 - entering fence: StateBlock(line=293,level=0,tokens=302), 293, 311, False
2025-12-28 19:14:40 - 20251228_191439_4a51b80e - markdown_it.rules_block.blockquote - DEBUG - blockquote.blockquote:13 - entering blockquote: StateBlock(line=293,level=0,tokens=302), 293, 311, False
2025-12-28 19:14:40 - 20251228_191439_4a51b80e - markdown_it.rules_block.hr - DEBUG - hr.hr:14 - entering hr: StateBlock(line=293,level=0,tokens=302), 293, 311, False
2025-12-28 19:14:40 - 20251228_191439_4a51b80e - markdown_it.rules_block.list - DEBUG - list.list_block:102 - entering list: StateBlock(line=293,level=0,tokens=302), 293, 311, False
2025-12-28 19:14:40 - 20251228_191439_4a51b80e - markdown_it.rules_block.reference - DEBUG - reference.reference:10 - entering reference: StateBlock(line=293,level=0,tokens=302), 293, 311, False
2025-12-28 19:14:40 - 20251228_191439_4a51b80e - markdown_it.rules_block.html_block - DEBUG - html_block.html_block:35 - entering html_block: StateBlock(line=293,level=0,tokens=302), 293, 311, False
2025-12-28 19:14:40 - 20251228_191439_4a51b80e - markdown_it.rules_block.heading - DEBUG - heading.heading:13 - entering heading: StateBlock(line=293,level=0,tokens=302), 293, 311, False
2025-12-28 19:14:40 - 20251228_191439_4a51b80e - markdown_it.rules_block.lheading - DEBUG - lheading.lheading:10 - entering lheading: StateBlock(line=293,level=0,tokens=302), 293, 311, False
2025-12-28 19:14:40 - 20251228_191439_4a51b80e - markdown_it.rules_block.fence - DEBUG - fence.fence:10 - entering fence: StateBlock(line=293,level=0,tokens=302), 294, 311, True
2025-12-28 19:14:40 - 20251228_191439_4a51b80e - markdown_it.rules_block.blockquote - DEBUG - blockquote.blockquote:13 - entering blockquote: StateBlock(line=293,level=0,tokens=302), 294, 311, True
2025-12-28 19:14:40 - 20251228_191439_4a51b80e - markdown_it.rules_block.hr - DEBUG - hr.hr:14 - entering hr: StateBlock(line=293,level=0,tokens=302), 294, 311, True
2025-12-28 19:14:40 - 20251228_191439_4a51b80e - markdown_it.rules_block.list - DEBUG - list.list_block:102 - entering list: StateBlock(line=293,level=0,tokens=302), 294, 311, True
2025-12-28 19:14:40 - 20251228_191439_4a51b80e - markdown_it.rules_block.html_block - DEBUG - html_block.html_block:35 - entering html_block: StateBlock(line=293,level=0,tokens=302), 294, 311, True
2025-12-28 19:14:40 - 20251228_191439_4a51b80e - markdown_it.rules_block.heading - DEBUG - heading.heading:13 - entering heading: StateBlock(line=293,level=0,tokens=302), 294, 311, True
2025-12-28 19:14:40 - 20251228_191439_4a51b80e - markdown_it.rules_block.fence - DEBUG - fence.fence:10 - entering fence: StateBlock(line=293,level=0,tokens=302), 295, 311, True
2025-12-28 19:14:40 - 20251228_191439_4a51b80e - markdown_it.rules_block.blockquote - DEBUG - blockquote.blockquote:13 - entering blockquote: StateBlock(line=293,level=0,tokens=302), 295, 311, True
2025-12-28 19:14:40 - 20251228_191439_4a51b80e - markdown_it.rules_block.hr - DEBUG - hr.hr:14 - entering hr: StateBlock(line=293,level=0,tokens=302), 295, 311, True
2025-12-28 19:14:40 - 20251228_191439_4a51b80e - markdown_it.rules_block.list - DEBUG - list.list_block:102 - entering list: StateBlock(line=293,level=0,tokens=302), 295, 311, True
2025-12-28 19:14:40 - 20251228_191439_4a51b80e - markdown_it.rules_block.html_block - DEBUG - html_block.html_block:35 - entering html_block: StateBlock(line=293,level=0,tokens=302), 295, 311, True
2025-12-28 19:14:40 - 20251228_191439_4a51b80e - markdown_it.rules_block.heading - DEBUG - heading.heading:13 - entering heading: StateBlock(line=293,level=0,tokens=302), 295, 311, True
2025-12-28 19:14:40 - 20251228_191439_4a51b80e - markdown_it.rules_block.paragraph - DEBUG - paragraph.paragraph:10 - entering paragraph: StateBlock(line=293,level=0,tokens=302), 293, 311, False
2025-12-28 19:14:40 - 20251228_191439_4a51b80e - markdown_it.rules_block.fence - DEBUG - fence.fence:10 - entering fence: StateBlock(line=293,level=0,tokens=302), 294, 311, True
2025-12-28 19:14:40 - 20251228_191439_4a51b80e - markdown_it.rules_block.blockquote - DEBUG - blockquote.blockquote:13 - entering blockquote: StateBlock(line=293,level=0,tokens=302), 294, 311, True
2025-12-28 19:14:40 - 20251228_191439_4a51b80e - markdown_it.rules_block.hr - DEBUG - hr.hr:14 - entering hr: StateBlock(line=293,level=0,tokens=302), 294, 311, True
2025-12-28 19:14:40 - 20251228_191439_4a51b80e - markdown_it.rules_block.list - DEBUG - list.list_block:102 - entering list: StateBlock(line=293,level=0,tokens=302), 294, 311, True
2025-12-28 19:14:40 - 20251228_191439_4a51b80e - markdown_it.rules_block.html_block - DEBUG - html_block.html_block:35 - entering html_block: StateBlock(line=293,level=0,tokens=302), 294, 311, True
2025-12-28 19:14:40 - 20251228_191439_4a51b80e - markdown_it.rules_block.heading - DEBUG - heading.heading:13 - entering heading: StateBlock(line=293,level=0,tokens=302), 294, 311, True
2025-12-28 19:14:40 - 20251228_191439_4a51b80e - markdown_it.rules_block.fence - DEBUG - fence.fence:10 - entering fence: StateBlock(line=293,level=0,tokens=302), 295, 311, True
2025-12-28 19:14:40 - 20251228_191439_4a51b80e - markdown_it.rules_block.blockquote - DEBUG - blockquote.blockquote:13 - entering blockquote: StateBlock(line=293,level=0,tokens=302), 295, 311, True
2025-12-28 19:14:40 - 20251228_191439_4a51b80e - markdown_it.rules_block.hr - DEBUG - hr.hr:14 - entering hr: StateBlock(line=293,level=0,tokens=302), 295, 311, True
2025-12-28 19:14:40 - 20251228_191439_4a51b80e - markdown_it.rules_block.list - DEBUG - list.list_block:102 - entering list: StateBlock(line=293,level=0,tokens=302), 295, 311, True
2025-12-28 19:14:40 - 20251228_191439_4a51b80e - markdown_it.rules_block.html_block - DEBUG - html_block.html_block:35 - entering html_block: StateBlock(line=293,level=0,tokens=302), 295, 311, True
2025-12-28 19:14:40 - 20251228_191439_4a51b80e - markdown_it.rules_block.heading - DEBUG - heading.heading:13 - entering heading: StateBlock(line=293,level=0,tokens=302), 295, 311, True
2025-12-28 19:14:40 - 20251228_191439_4a51b80e - markdown_it.rules_block.code - DEBUG - code.code:10 - entering code: StateBlock(line=297,level=0,tokens=305), 297, 311, False
2025-12-28 19:14:40 - 20251228_191439_4a51b80e - markdown_it.rules_block.fence - DEBUG - fence.fence:10 - entering fence: StateBlock(line=297,level=0,tokens=305), 297, 311, False
2025-12-28 19:14:40 - 20251228_191439_4a51b80e - markdown_it.rules_block.blockquote - DEBUG - blockquote.blockquote:13 - entering blockquote: StateBlock(line=297,level=0,tokens=305), 297, 311, False
2025-12-28 19:14:40 - 20251228_191439_4a51b80e - markdown_it.rules_block.hr - DEBUG - hr.hr:14 - entering hr: StateBlock(line=297,level=0,tokens=305), 297, 311, False
2025-12-28 19:14:40 - 20251228_191439_4a51b80e - markdown_it.rules_block.list - DEBUG - list.list_block:102 - entering list: StateBlock(line=297,level=0,tokens=305), 297, 311, False
2025-12-28 19:14:40 - 20251228_191439_4a51b80e - markdown_it.rules_block.reference - DEBUG - reference.reference:10 - entering reference: StateBlock(line=297,level=0,tokens=305), 297, 311, False
2025-12-28 19:14:40 - 20251228_191439_4a51b80e - markdown_it.rules_block.html_block - DEBUG - html_block.html_block:35 - entering html_block: StateBlock(line=297,level=0,tokens=305), 297, 311, False
2025-12-28 19:14:40 - 20251228_191439_4a51b80e - markdown_it.rules_block.heading - DEBUG - heading.heading:13 - entering heading: StateBlock(line=297,level=0,tokens=305), 297, 311, False
2025-12-28 19:14:40 - 20251228_191439_4a51b80e - markdown_it.rules_block.lheading - DEBUG - lheading.lheading:10 - entering lheading: StateBlock(line=297,level=0,tokens=305), 297, 311, False
2025-12-28 19:14:40 - 20251228_191439_4a51b80e - markdown_it.rules_block.paragraph - DEBUG - paragraph.paragraph:10 - entering paragraph: StateBlock(line=297,level=0,tokens=305), 297, 311, False
2025-12-28 19:14:40 - 20251228_191439_4a51b80e - markdown_it.rules_block.code - DEBUG - code.code:10 - entering code: StateBlock(line=299,level=0,tokens=308), 299, 311, False
2025-12-28 19:14:40 - 20251228_191439_4a51b80e - markdown_it.rules_block.fence - DEBUG - fence.fence:10 - entering fence: StateBlock(line=299,level=0,tokens=308), 299, 311, False
2025-12-28 19:14:40 - 20251228_191439_4a51b80e - markdown_it.rules_block.blockquote - DEBUG - blockquote.blockquote:13 - entering blockquote: StateBlock(line=299,level=0,tokens=308), 299, 311, False
2025-12-28 19:14:40 - 20251228_191439_4a51b80e - markdown_it.rules_block.hr - DEBUG - hr.hr:14 - entering hr: StateBlock(line=299,level=0,tokens=308), 299, 311, False
2025-12-28 19:14:40 - 20251228_191439_4a51b80e - markdown_it.rules_block.code - DEBUG - code.code:10 - entering code: StateBlock(line=301,level=0,tokens=309), 301, 311, False
2025-12-28 19:14:40 - 20251228_191439_4a51b80e - markdown_it.rules_block.fence - DEBUG - fence.fence:10 - entering fence: StateBlock(line=301,level=0,tokens=309), 301, 311, False
2025-12-28 19:14:40 - 20251228_191439_4a51b80e - markdown_it.rules_block.blockquote - DEBUG - blockquote.blockquote:13 - entering blockquote: StateBlock(line=301,level=0,tokens=309), 301, 311, False
2025-12-28 19:14:40 - 20251228_191439_4a51b80e - markdown_it.rules_block.hr - DEBUG - hr.hr:14 - entering hr: StateBlock(line=301,level=0,tokens=309), 301, 311, False
2025-12-28 19:14:40 - 20251228_191439_4a51b80e - markdown_it.rules_block.list - DEBUG - list.list_block:102 - entering list: StateBlock(line=301,level=0,tokens=309), 301, 311, False
2025-12-28 19:14:40 - 20251228_191439_4a51b80e - markdown_it.rules_block.reference - DEBUG - reference.reference:10 - entering reference: StateBlock(line=301,level=0,tokens=309), 301, 311, False
2025-12-28 19:14:40 - 20251228_191439_4a51b80e - markdown_it.rules_block.html_block - DEBUG - html_block.html_block:35 - entering html_block: StateBlock(line=301,level=0,tokens=309), 301, 311, False
2025-12-28 19:14:40 - 20251228_191439_4a51b80e - markdown_it.rules_block.heading - DEBUG - heading.heading:13 - entering heading: StateBlock(line=301,level=0,tokens=309), 301, 311, False
2025-12-28 19:14:40 - 20251228_191439_4a51b80e - markdown_it.rules_block.lheading - DEBUG - lheading.lheading:10 - entering lheading: StateBlock(line=301,level=0,tokens=309), 301, 311, False
2025-12-28 19:14:40 - 20251228_191439_4a51b80e - markdown_it.rules_block.paragraph - DEBUG - paragraph.paragraph:10 - entering paragraph: StateBlock(line=301,level=0,tokens=309), 301, 311, False
2025-12-28 19:14:40 - 20251228_191439_4a51b80e - markdown_it.rules_block.code - DEBUG - code.code:10 - entering code: StateBlock(line=303,level=0,tokens=312), 303, 311, False
2025-12-28 19:14:40 - 20251228_191439_4a51b80e - markdown_it.rules_block.fence - DEBUG - fence.fence:10 - entering fence: StateBlock(line=303,level=0,tokens=312), 303, 311, False
2025-12-28 19:14:40 - 20251228_191439_4a51b80e - markdown_it.rules_block.blockquote - DEBUG - blockquote.blockquote:13 - entering blockquote: StateBlock(line=303,level=0,tokens=312), 303, 311, False
2025-12-28 19:14:40 - 20251228_191439_4a51b80e - markdown_it.rules_block.hr - DEBUG - hr.hr:14 - entering hr: StateBlock(line=303,level=0,tokens=312), 303, 311, False
2025-12-28 19:14:40 - 20251228_191439_4a51b80e - markdown_it.rules_block.code - DEBUG - code.code:10 - entering code: StateBlock(line=305,level=0,tokens=313), 305, 311, False
2025-12-28 19:14:40 - 20251228_191439_4a51b80e - markdown_it.rules_block.fence - DEBUG - fence.fence:10 - entering fence: StateBlock(line=305,level=0,tokens=313), 305, 311, False
2025-12-28 19:14:40 - 20251228_191439_4a51b80e - markdown_it.rules_block.blockquote - DEBUG - blockquote.blockquote:13 - entering blockquote: StateBlock(line=305,level=0,tokens=313), 305, 311, False
2025-12-28 19:14:40 - 20251228_191439_4a51b80e - markdown_it.rules_block.hr - DEBUG - hr.hr:14 - entering hr: StateBlock(line=305,level=0,tokens=313), 305, 311, False
2025-12-28 19:14:40 - 20251228_191439_4a51b80e - markdown_it.rules_block.list - DEBUG - list.list_block:102 - entering list: StateBlock(line=305,level=0,tokens=313), 305, 311, False
2025-12-28 19:14:40 - 20251228_191439_4a51b80e - markdown_it.rules_block.reference - DEBUG - reference.reference:10 - entering reference: StateBlock(line=305,level=0,tokens=313), 305, 311, False
2025-12-28 19:14:40 - 20251228_191439_4a51b80e - markdown_it.rules_block.html_block - DEBUG - html_block.html_block:35 - entering html_block: StateBlock(line=305,level=0,tokens=313), 305, 311, False
2025-12-28 19:14:40 - 20251228_191439_4a51b80e - markdown_it.rules_block.heading - DEBUG - heading.heading:13 - entering heading: StateBlock(line=305,level=0,tokens=313), 305, 311, False
2025-12-28 19:14:40 - 20251228_191439_4a51b80e - markdown_it.rules_block.lheading - DEBUG - lheading.lheading:10 - entering lheading: StateBlock(line=305,level=0,tokens=313), 305, 311, False
2025-12-28 19:14:40 - 20251228_191439_4a51b80e - markdown_it.rules_block.fence - DEBUG - fence.fence:10 - entering fence: StateBlock(line=305,level=0,tokens=313), 306, 311, True
2025-12-28 19:14:40 - 20251228_191439_4a51b80e - markdown_it.rules_block.blockquote - DEBUG - blockquote.blockquote:13 - entering blockquote: StateBlock(line=305,level=0,tokens=313), 306, 311, True
2025-12-28 19:14:40 - 20251228_191439_4a51b80e - markdown_it.rules_block.hr - DEBUG - hr.hr:14 - entering hr: StateBlock(line=305,level=0,tokens=313), 306, 311, True
2025-12-28 19:14:40 - 20251228_191439_4a51b80e - markdown_it.rules_block.list - DEBUG - list.list_block:102 - entering list: StateBlock(line=305,level=0,tokens=313), 306, 311, True
2025-12-28 19:14:40 - 20251228_191439_4a51b80e - markdown_it.rules_block.html_block - DEBUG - html_block.html_block:35 - entering html_block: StateBlock(line=305,level=0,tokens=313), 306, 311, True
2025-12-28 19:14:40 - 20251228_191439_4a51b80e - markdown_it.rules_block.heading - DEBUG - heading.heading:13 - entering heading: StateBlock(line=305,level=0,tokens=313), 306, 311, True
2025-12-28 19:14:40 - 20251228_191439_4a51b80e - markdown_it.rules_block.paragraph - DEBUG - paragraph.paragraph:10 - entering paragraph: StateBlock(line=305,level=0,tokens=313), 305, 311, False
2025-12-28 19:14:40 - 20251228_191439_4a51b80e - markdown_it.rules_block.fence - DEBUG - fence.fence:10 - entering fence: StateBlock(line=305,level=0,tokens=313), 306, 311, True
2025-12-28 19:14:40 - 20251228_191439_4a51b80e - markdown_it.rules_block.blockquote - DEBUG - blockquote.blockquote:13 - entering blockquote: StateBlock(line=305,level=0,tokens=313), 306, 311, True
2025-12-28 19:14:40 - 20251228_191439_4a51b80e - markdown_it.rules_block.hr - DEBUG - hr.hr:14 - entering hr: StateBlock(line=305,level=0,tokens=313), 306, 311, True
2025-12-28 19:14:40 - 20251228_191439_4a51b80e - markdown_it.rules_block.list - DEBUG - list.list_block:102 - entering list: StateBlock(line=305,level=0,tokens=313), 306, 311, True
2025-12-28 19:14:40 - 20251228_191439_4a51b80e - markdown_it.rules_block.html_block - DEBUG - html_block.html_block:35 - entering html_block: StateBlock(line=305,level=0,tokens=313), 306, 311, True
2025-12-28 19:14:40 - 20251228_191439_4a51b80e - markdown_it.rules_block.heading - DEBUG - heading.heading:13 - entering heading: StateBlock(line=305,level=0,tokens=313), 306, 311, True
2025-12-28 19:14:40 - 20251228_191439_4a51b80e - markdown_it.rules_block.code - DEBUG - code.code:10 - entering code: StateBlock(line=308,level=0,tokens=316), 308, 311, False
2025-12-28 19:14:40 - 20251228_191439_4a51b80e - markdown_it.rules_block.fence - DEBUG - fence.fence:10 - entering fence: StateBlock(line=308,level=0,tokens=316), 308, 311, False
2025-12-28 19:14:40 - 20251228_191439_4a51b80e - markdown_it.rules_block.blockquote - DEBUG - blockquote.blockquote:13 - entering blockquote: StateBlock(line=308,level=0,tokens=316), 308, 311, False
2025-12-28 19:14:40 - 20251228_191439_4a51b80e - markdown_it.rules_block.hr - DEBUG - hr.hr:14 - entering hr: StateBlock(line=308,level=0,tokens=316), 308, 311, False
2025-12-28 19:14:40 - 20251228_191439_4a51b80e - markdown_it.rules_block.list - DEBUG - list.list_block:102 - entering list: StateBlock(line=308,level=0,tokens=316), 308, 311, False
2025-12-28 19:14:40 - 20251228_191439_4a51b80e - markdown_it.rules_block.reference - DEBUG - reference.reference:10 - entering reference: StateBlock(line=308,level=0,tokens=316), 308, 311, False
2025-12-28 19:14:40 - 20251228_191439_4a51b80e - markdown_it.rules_block.html_block - DEBUG - html_block.html_block:35 - entering html_block: StateBlock(line=308,level=0,tokens=316), 308, 311, False
2025-12-28 19:14:40 - 20251228_191439_4a51b80e - markdown_it.rules_block.heading - DEBUG - heading.heading:13 - entering heading: StateBlock(line=308,level=0,tokens=316), 308, 311, False
2025-12-28 19:14:40 - 20251228_191439_4a51b80e - markdown_it.rules_block.lheading - DEBUG - lheading.lheading:10 - entering lheading: StateBlock(line=308,level=0,tokens=316), 308, 311, False
2025-12-28 19:14:40 - 20251228_191439_4a51b80e - markdown_it.rules_block.paragraph - DEBUG - paragraph.paragraph:10 - entering paragraph: StateBlock(line=308,level=0,tokens=316), 308, 311, False
2025-12-28 19:14:40 - 20251228_191439_4a51b80e - markdown_it.rules_block.code - DEBUG - code.code:10 - entering code: StateBlock(line=310,level=0,tokens=319), 310, 311, False
2025-12-28 19:14:40 - 20251228_191439_4a51b80e - markdown_it.rules_block.fence - DEBUG - fence.fence:10 - entering fence: StateBlock(line=310,level=0,tokens=319), 310, 311, False
2025-12-28 19:14:40 - 20251228_191439_4a51b80e - markdown_it.rules_block.blockquote - DEBUG - blockquote.blockquote:13 - entering blockquote: StateBlock(line=310,level=0,tokens=319), 310, 311, False
2025-12-28 19:14:40 - 20251228_191439_4a51b80e - markdown_it.rules_block.hr - DEBUG - hr.hr:14 - entering hr: StateBlock(line=310,level=0,tokens=319), 310, 311, False
2025-12-28 19:14:40 - 20251228_191439_4a51b80e - markdown_it.rules_block.list - DEBUG - list.list_block:102 - entering list: StateBlock(line=310,level=0,tokens=319), 310, 311, False
2025-12-28 19:14:40 - 20251228_191439_4a51b80e - markdown_it.rules_block.reference - DEBUG - reference.reference:10 - entering reference: StateBlock(line=310,level=0,tokens=319), 310, 311, False
2025-12-28 19:14:40 - 20251228_191439_4a51b80e - markdown_it.rules_block.html_block - DEBUG - html_block.html_block:35 - entering html_block: StateBlock(line=310,level=0,tokens=319), 310, 311, False
2025-12-28 19:14:40 - 20251228_191439_4a51b80e - markdown_it.rules_block.heading - DEBUG - heading.heading:13 - entering heading: StateBlock(line=310,level=0,tokens=319), 310, 311, False
2025-12-28 19:14:40 - 20251228_191439_4a51b80e - markdown_it.rules_block.lheading - DEBUG - lheading.lheading:10 - entering lheading: StateBlock(line=310,level=0,tokens=319), 310, 311, False
2025-12-28 19:14:40 - 20251228_191439_4a51b80e - markdown_it.rules_block.paragraph - DEBUG - paragraph.paragraph:10 - entering paragraph: StateBlock(line=310,level=0,tokens=319), 310, 311, False
2025-12-28 19:14:40 - 20251228_191439_4a51b80e - aichemist_codex.converters.md2pdf - DEBUG - to_pdf.convert_md_to_pdf:258 - Saving PDF to: D:\Steve\Documents\HumanRights\Personal_Impact_Statement.pdf
2025-12-28 19:14:40 - 20251228_191439_4a51b80e - aichemist_codex.converters.md2pdf - DEBUG - to_pdf.convert_md_to_pdf:262 - Successfully saved PDF to: D:\Steve\Documents\HumanRights\Personal_Impact_Statement.pdf
2025-12-28 19:14:40 - 20251228_191439_4a51b80e - aichemist_codex.converters.md2pdf - ERROR - to_pdf.convert_md_to_pdf:295 - [CONVERSION_MD2PDF_003] Error converting Markdown to PDF: record_conversion_attempt() missing 1 required positional argument: 'conversion_type'
Traceback (most recent call last):
  File "D:\Coding\SafeAppeals2.0\python\transmutation_codex\plugins\markdown\to_pdf.py", line 275, in convert_md_to_pdf
    record_conversion_attempt(
    ~~~~~~~~~~~~~~~~~~~~~~~~~^
        converter_name="md2pdf",
        ^^^^^^^^^^^^^^^^^^^^^^^^
    ...<2 lines>...
        success=True,
        ^^^^^^^^^^^^^
    )
    ^
TypeError: record_conversion_attempt() missing 1 required positional argument: 'conversion_type'
2025-12-28 19:14:40 - 20251228_191439_4a51b80e - aichemist_codex.electron_bridge - WARNING - conversion_handler.handle_single_conversion:121 - Initial conversion attempt failed: Markdown to PDF conversion failed: record_conversion_attempt() missing 1 required positional argument: 'conversion_type' (source_format=md, target_format=pdf, source_file=D:\Steve\Documents\HumanRights\Submission\Personal_Impact_Statement.md, error_code=CONVERSION_MD2PDF_003)
Traceback (most recent call last):
  File "D:\Coding\SafeAppeals2.0\python\transmutation_codex\plugins\markdown\to_pdf.py", line 275, in convert_md_to_pdf
    record_conversion_attempt(
    ~~~~~~~~~~~~~~~~~~~~~~~~~^
        converter_name="md2pdf",
        ^^^^^^^^^^^^^^^^^^^^^^^^
    ...<2 lines>...
        success=True,
        ^^^^^^^^^^^^^
    )
    ^
TypeError: record_conversion_attempt() missing 1 required positional argument: 'conversion_type'

During handling of the above exception, another exception occurred:

Traceback (most recent call last):
  File "D:\Coding\SafeAppeals2.0\python\transmutation_codex\adapters\bridges\conversion_handler.py", line 116, in handle_single_conversion
    result_path = converter_callable(
        str(input_path), str(output_path), **args.options
    )
  File "D:\Coding\SafeAppeals2.0\python\transmutation_codex\core\decorators.py", line 113, in wrapper
    return func(input_path, output_path, **kwargs)
  File "D:\Coding\SafeAppeals2.0\python\transmutation_codex\plugins\markdown\to_pdf.py", line 297, in convert_md_to_pdf
    raise_conversion_error(
    ~~~~~~~~~~~~~~~~~~~~~~^
        f"Markdown to PDF conversion failed: {e}",
        ^^^^^^^^^^^^^^^^^^^^^^^^^^^^^^^^^^^^^^^^^^
    ...<3 lines>...
        error_code=error_code,
        ^^^^^^^^^^^^^^^^^^^^^^
    )
    ^
  File "D:\Coding\SafeAppeals2.0\python\transmutation_codex\core\exceptions.py", line 563, in raise_conversion_error
    raise ConversionError(message, source_format, target_format, source_file, error_code)
transmutation_codex.core.exceptions.ConversionError: Markdown to PDF conversion failed: record_conversion_attempt() missing 1 required positional argument: 'conversion_type' (source_format=md, target_format=pdf, source_file=D:\Steve\Documents\HumanRights\Submission\Personal_Impact_Statement.md, error_code=CONVERSION_MD2PDF_003)
2025-12-28 19:14:40 - 20251228_191439_4a51b80e - aichemist_codex.electron_bridge - ERROR - conversion_handler.handle_single_conversion:176 - [BRIDGE_004] Conversion failed: Markdown to PDF conversion failed: record_conversion_attempt() missing 1 required positional argument: 'conversion_type' (source_format=md, target_format=pdf, source_file=D:\Steve\Documents\HumanRights\Submission\Personal_Impact_Statement.md, error_code=CONVERSION_MD2PDF_003)
Traceback (most recent call last):
  File "D:\Coding\SafeAppeals2.0\python\transmutation_codex\plugins\markdown\to_pdf.py", line 275, in convert_md_to_pdf
    record_conversion_attempt(
    ~~~~~~~~~~~~~~~~~~~~~~~~~^
        converter_name="md2pdf",
        ^^^^^^^^^^^^^^^^^^^^^^^^
    ...<2 lines>...
        success=True,
        ^^^^^^^^^^^^^
    )
    ^
TypeError: record_conversion_attempt() missing 1 required positional argument: 'conversion_type'

During handling of the above exception, another exception occurred:

Traceback (most recent call last):
  File "D:\Coding\SafeAppeals2.0\python\transmutation_codex\adapters\bridges\conversion_handler.py", line 116, in handle_single_conversion
    result_path = converter_callable(
        str(input_path), str(output_path), **args.options
    )
  File "D:\Coding\SafeAppeals2.0\python\transmutation_codex\core\decorators.py", line 113, in wrapper
    return func(input_path, output_path, **kwargs)
  File "D:\Coding\SafeAppeals2.0\python\transmutation_codex\plugins\markdown\to_pdf.py", line 297, in convert_md_to_pdf
    raise_conversion_error(
    ~~~~~~~~~~~~~~~~~~~~~~^
        f"Markdown to PDF conversion failed: {e}",
        ^^^^^^^^^^^^^^^^^^^^^^^^^^^^^^^^^^^^^^^^^^
    ...<3 lines>...
        error_code=error_code,
        ^^^^^^^^^^^^^^^^^^^^^^
    )
    ^
  File "D:\Coding\SafeAppeals2.0\python\transmutation_codex\core\exceptions.py", line 563, in raise_conversion_error
    raise ConversionError(message, source_format, target_format, source_file, error_code)
transmutation_codex.core.exceptions.ConversionError: Markdown to PDF conversion failed: record_conversion_attempt() missing 1 required positional argument: 'conversion_type' (source_format=md, target_format=pdf, source_file=D:\Steve\Documents\HumanRights\Submission\Personal_Impact_Statement.md, error_code=CONVERSION_MD2PDF_003)
2025-12-28 19:14:40 - 20251228_191439_4a51b80e - aichemist_codex.electron_bridge - ERROR - progress_reporter.report_error:97 - Reporting error (conversion): Markdown to PDF conversion failed: record_conversion_attempt() missing 1 required positional argument: 'conversion_type' (source_format=md, target_format=pdf, source_file=D:\Steve\Documents\HumanRights\Submission\Personal_Impact_Statement.md, error_code=CONVERSION_MD2PDF_003)
2025-12-28 19:14:40 - 20251228_191439_4a51b80e - aichemist_codex.electron_bridge - DEBUG - base.send_json_message:49 - Sending PROGRESS message: {"current": 30, "total": 100, "message": "Error: Markdown to PDF conversion failed: record_conversion_attempt() missing 1 required positional argument: 'conversion_type' (source_format=md, target_form...
2025-12-28 19:14:40 - 20251228_191439_4a51b80e - aichemist_codex.electron_bridge - DEBUG - base.send_json_message:49 - Sending ERROR message: {"error": "Markdown to PDF conversion failed: record_conversion_attempt() missing 1 required positional argument: 'conversion_type' (source_format=md, target_format=pdf, source_file=D:\\Steve\\Documen...
2025-12-28 19:14:40 - 20251228_191439_4a51b80e - aichemist_codex.electron_bridge - DEBUG - base.send_json_message:49 - Sending RESULT message: {"success": false, "message": "Conversion failed: Markdown to PDF conversion failed: record_conversion_attempt() missing 1 required positional argument: 'conversion_type' (source_format=md, target_for...
2025-12-28 19:14:40 - 20251228_191439_4a51b80e - aichemist_codex.electron_bridge - ERROR - conversion_handler.handle_conversion:411 - [BRIDGE_004] Conversion error: Conversion failed: Markdown to PDF conversion failed: record_conversion_attempt() missing 1 required positional argument: 'conversion_type' (source_format=md, target_format=pdf, source_file=D:\Steve\Documents\HumanRights\Submission\Personal_Impact_Statement.md, error_code=CONVERSION_MD2PDF_003)
Traceback (most recent call last):
  File "D:\Coding\SafeAppeals2.0\python\transmutation_codex\plugins\markdown\to_pdf.py", line 275, in convert_md_to_pdf
    record_conversion_attempt(
    ~~~~~~~~~~~~~~~~~~~~~~~~~^
        converter_name="md2pdf",
        ^^^^^^^^^^^^^^^^^^^^^^^^
    ...<2 lines>...
        success=True,
        ^^^^^^^^^^^^^
    )
    ^
TypeError: record_conversion_attempt() missing 1 required positional argument: 'conversion_type'

During handling of the above exception, another exception occurred:

Traceback (most recent call last):
  File "D:\Coding\SafeAppeals2.0\python\transmutation_codex\adapters\bridges\conversion_handler.py", line 116, in handle_single_conversion
    result_path = converter_callable(
        str(input_path), str(output_path), **args.options
    )
  File "D:\Coding\SafeAppeals2.0\python\transmutation_codex\core\decorators.py", line 113, in wrapper
    return func(input_path, output_path, **kwargs)
  File "D:\Coding\SafeAppeals2.0\python\transmutation_codex\plugins\markdown\to_pdf.py", line 297, in convert_md_to_pdf
    raise_conversion_error(
    ~~~~~~~~~~~~~~~~~~~~~~^
        f"Markdown to PDF conversion failed: {e}",
        ^^^^^^^^^^^^^^^^^^^^^^^^^^^^^^^^^^^^^^^^^^
    ...<3 lines>...
        error_code=error_code,
        ^^^^^^^^^^^^^^^^^^^^^^
    )
    ^
  File "D:\Coding\SafeAppeals2.0\python\transmutation_codex\core\exceptions.py", line 563, in raise_conversion_error
    raise ConversionError(message, source_format, target_format, source_file, error_code)
transmutation_codex.core.exceptions.ConversionError: Markdown to PDF conversion failed: record_conversion_attempt() missing 1 required positional argument: 'conversion_type' (source_format=md, target_format=pdf, source_file=D:\Steve\Documents\HumanRights\Submission\Personal_Impact_Statement.md, error_code=CONVERSION_MD2PDF_003)

The above exception was the direct cause of the following exception:

Traceback (most recent call last):
  File "D:\Coding\SafeAppeals2.0\python\transmutation_codex\adapters\bridges\conversion_handler.py", line 391, in handle_conversion
    handle_single_conversion(args, reporter)
    ~~~~~~~~~~~~~~~~~~~~~~~~^^^^^^^^^^^^^^^^
  File "D:\Coding\SafeAppeals2.0\python\transmutation_codex\adapters\bridges\conversion_handler.py", line 189, in handle_single_conversion
    raise BridgeConversionError(f"Conversion failed: {e}") from e
transmutation_codex.adapters.bridges.base.BridgeConversionError: Conversion failed: Markdown to PDF conversion failed: record_conversion_attempt() missing 1 required positional argument: 'conversion_type' (source_format=md, target_format=pdf, source_file=D:\Steve\Documents\HumanRights\Submission\Personal_Impact_Statement.md, error_code=CONVERSION_MD2PDF_003)
2025-12-28 19:14:40 - 20251228_191439_4a51b80e - aichemist_codex.electron_bridge - INFO - electron_bridge.main:50 - Electron bridge exiting with code 1
