2025-12-27 14:06:16 - 20251227_140616_ac1a7dad - root - INFO - logger._configure_programmatic_logging:343 - Logging configured programmatically. Session ID: 20251227_140616_ac1a7dad. File log: D:\Coding\SafeAppeals2.0\python\logs\python\app_session_20251227_140616_ac1a7dad.log
2025-12-27 14:06:16 - 20251227_140616_ac1a7dad - aichemist_codex.electron_bridge - INFO - electron_bridge.main:40 - Electron bridge starting
2025-12-27 14:06:16 - 20251227_140616_ac1a7dad - aichemist_codex.electron_bridge - DEBUG - argument_parser.validate:62 - Validating arguments for mode: convert
2025-12-27 14:06:16 - 20251227_140616_ac1a7dad - aichemist_codex.electron_bridge - DEBUG - argument_parser._validate_convert:84 - Validating convert mode arguments
2025-12-27 14:06:16 - 20251227_140616_ac1a7dad - aichemist_codex.electron_bridge - DEBUG - base.validate_file_exists:150 - Validating file exists: d:\Steve\Documents\HumanRights\Submission\Key_Evidence_Quotes.md
2025-12-27 14:06:16 - 20251227_140616_ac1a7dad - aichemist_codex.electron_bridge - DEBUG - base.validate_file_exists:160 - File validation passed: d:\Steve\Documents\HumanRights\Submission\Key_Evidence_Quotes.md
2025-12-27 14:06:16 - 20251227_140616_ac1a7dad - aichemist_codex.electron_bridge - DEBUG - base.validate_output_directory:178 - Validating output directory: d:\Steve\Documents\HumanRights
2025-12-27 14:06:16 - 20251227_140616_ac1a7dad - aichemist_codex.electron_bridge - DEBUG - base.validate_output_directory:188 - Output directory is writable: d:\Steve\Documents\HumanRights
2025-12-27 14:06:16 - 20251227_140616_ac1a7dad - aichemist_codex.electron_bridge - DEBUG - argument_parser.validate:74 - Argument validation passed
2025-12-27 14:06:16 - 20251227_140616_ac1a7dad - aichemist_codex.electron_bridge - INFO - electron_bridge.main:45 - Bridge mode: convert, type: md2pdf
2025-12-27 14:06:16 - 20251227_140616_ac1a7dad - aichemist_codex.electron_bridge - DEBUG - progress_reporter.report:55 - Reporting progress: 0/100 - Initializing conversion...
2025-12-27 14:06:16 - 20251227_140616_ac1a7dad - aichemist_codex.electron_bridge - DEBUG - base.send_json_message:49 - Sending PROGRESS message: {"current": 0, "total": 100, "message": "Initializing conversion...", "type": "single_progress", "filename": ""}...
2025-12-27 14:06:16 - 20251227_140616_ac1a7dad - aichemist_codex.electron_bridge - DEBUG - progress_reporter.report:55 - Reporting progress: 10/100 - Loading converter...
2025-12-27 14:06:16 - 20251227_140616_ac1a7dad - aichemist_codex.electron_bridge - DEBUG - base.send_json_message:49 - Sending PROGRESS message: {"current": 10, "total": 100, "message": "Loading converter...", "type": "single_progress", "filename": ""}...
2025-12-27 14:06:16 - 20251227_140616_ac1a7dad - aichemist_codex.electron_bridge - DEBUG - conversion_handler.handle_single_conversion:41 - Importing plugins to trigger auto-registration
2025-12-27 14:06:16 - 20251227_140616_ac1a7dad - aichemist_codex.converters.md2html - DEBUG - to_html.<module>:38 - Markdown library available
2025-12-27 14:06:17 - 20251227_140616_ac1a7dad - aichemist_codex.plugins - DEBUG - __init__.<module>:20 - Markdown to HTML converter loaded
2025-12-27 14:06:17 - 20251227_140616_ac1a7dad - aichemist_codex.plugins - DEBUG - __init__.<module>:29 - Markdown to PDF converter loaded
2025-12-27 14:06:17 - 20251227_140616_ac1a7dad - aichemist_codex.plugins - DEBUG - __init__.<module>:38 - Markdown to DOCX converter loaded
2025-12-27 14:06:17 - 20251227_140616_ac1a7dad - aichemist_codex.plugins - WARNING - __init__.<module>:55 - PDF to Markdown converters not available: No module named 'ocrmypdf'
2025-12-27 14:06:17 - 20251227_140616_ac1a7dad - aichemist_codex.plugins - WARNING - __init__.<module>:64 - PDF to HTML converter not available: No module named 'ocrmypdf'
2025-12-27 14:06:17 - 20251227_140616_ac1a7dad - aichemist_codex.plugins - WARNING - __init__.<module>:73 - PDF to Editable converter not available: No module named 'ocrmypdf'
2025-12-27 14:06:17 - 20251227_140616_ac1a7dad - aichemist_codex.plugins - DEBUG - __init__.<module>:81 - DOCX to Markdown converter loaded
2025-12-27 14:06:17 - 20251227_140616_ac1a7dad - aichemist_codex.plugins - DEBUG - __init__.<module>:90 - DOCX to PDF converter loaded
2025-12-27 14:06:17 - 20251227_140616_ac1a7dad - aichemist_codex.plugins - DEBUG - __init__.<module>:100 - HTML to PDF converter loaded
2025-12-27 14:06:17 - 20251227_140616_ac1a7dad - aichemist_codex.plugins - WARNING - __init__.<module>:112 - TXT to PDF converter not available: No module named 'reportlab'
2025-12-27 14:06:17 - 20251227_140616_ac1a7dad - aichemist_codex.plugins - DEBUG - __init__.<module>:125 - Excel converters loaded
2025-12-27 14:06:17 - 20251227_140616_ac1a7dad - aichemist_codex.plugins - DEBUG - __init__.<module>:136 - CSV converters loaded
2025-12-27 14:06:17 - 20251227_140616_ac1a7dad - aichemist_codex.plugins - DEBUG - __init__.<module>:150 - PowerPoint converters loaded
2025-12-27 14:06:17 - 20251227_140616_ac1a7dad - aichemist_codex.plugins - DEBUG - __init__.<module>:162 - Image converters loaded
2025-12-27 14:06:17 - 20251227_140616_ac1a7dad - aichemist_codex.plugins - WARNING - __init__.<module>:174 - PDF to Excel converter not available: No module named 'ocrmypdf'
2025-12-27 14:06:17 - 20251227_140616_ac1a7dad - aichemist_codex.plugins - WARNING - __init__.<module>:184 - PDF to Images converter not available: No module named 'ocrmypdf'
2025-12-27 14:06:17 - 20251227_140616_ac1a7dad - aichemist_codex.plugins - WARNING - __init__.<module>:199 - Advanced PDF operations not available: No module named 'ocrmypdf'
2025-12-27 14:06:17 - 20251227_140616_ac1a7dad - aichemist_codex.plugins - DEBUG - __init__.<module>:211 - EPUB converters loaded
2025-12-27 14:06:17 - 20251227_140616_ac1a7dad - aichemist_codex.plugins - ERROR - __init__.<module>:227 - EPUB creation converters failed: name 'Document' is not defined
Traceback (most recent call last):
  File "D:\Coding\SafeAppeals2.0\python\transmutation_codex\plugins\__init__.py", line 219, in <module>
    from .docx.to_epub import convert_docx_to_epub
  File "D:\Coding\SafeAppeals2.0\python\transmutation_codex\plugins\docx\to_epub.py", line 248, in <module>
    def _docx_to_html(doc: Document) -> str:
                           ^^^^^^^^
NameError: name 'Document' is not defined
2025-12-27 14:06:17 - 20251227_140616_ac1a7dad - aichemist_codex.plugins - INFO - __init__.<module>:229 - Plugin package initialized - all converters registered
2025-12-27 14:06:17 - 20251227_140616_ac1a7dad - aichemist_codex.electron_bridge - DEBUG - conversion_handler.handle_single_conversion:44 - Successfully imported plugins
2025-12-27 14:06:17 - 20251227_140616_ac1a7dad - aichemist_codex.electron_bridge - DEBUG - conversion_handler.handle_single_conversion:54 - Parsing conversion type: md2pdf
2025-12-27 14:06:17 - 20251227_140616_ac1a7dad - aichemist_codex.electron_bridge - DEBUG - conversion_handler.handle_single_conversion:64 - Parsed conversion: md -> pdf
2025-12-27 14:06:17 - 20251227_140616_ac1a7dad - aichemist_codex.electron_bridge - DEBUG - progress_reporter.report:55 - Reporting progress: 20/100 - Finding converter for md2pdf...
2025-12-27 14:06:17 - 20251227_140616_ac1a7dad - aichemist_codex.electron_bridge - DEBUG - base.send_json_message:49 - Sending PROGRESS message: {"current": 20, "total": 100, "message": "Finding converter for md2pdf...", "type": "single_progress", "filename": ""}...
2025-12-27 14:06:17 - 20251227_140616_ac1a7dad - aichemist_codex.electron_bridge - DEBUG - conversion_handler.handle_single_conversion:68 - Looking up converter in registry: md -> pdf
2025-12-27 14:06:17 - 20251227_140616_ac1a7dad - aichemist_codex.electron_bridge - INFO - conversion_handler.handle_single_conversion:88 - Using converter: md_to_pdf_convert_md_to_pdf (priority: 10, version: 1.0.0)
2025-12-27 14:06:17 - 20251227_140616_ac1a7dad - aichemist_codex.electron_bridge - DEBUG - progress_reporter.report:55 - Reporting progress: 30/100 - Converting Key_Evidence_Quotes.md...
2025-12-27 14:06:17 - 20251227_140616_ac1a7dad - aichemist_codex.electron_bridge - DEBUG - base.send_json_message:49 - Sending PROGRESS message: {"current": 30, "total": 100, "message": "Converting Key_Evidence_Quotes.md...", "type": "single_progress", "filename": "Key_Evidence_Quotes.md"}...
2025-12-27 14:06:17 - 20251227_140616_ac1a7dad - aichemist_codex.electron_bridge - INFO - conversion_handler.handle_single_conversion:107 - Executing conversion: Key_Evidence_Quotes.md -> Key_Evidence_Quotes.pdf
2025-12-27 14:06:17 - 20251227_140616_ac1a7dad - aichemist_codex.electron_bridge - DEBUG - conversion_handler.handle_single_conversion:108 - Converter options: {'force_ocr': False, 'include_charts': False, 'preserve_formatting': False, 'include_notes': False, 'include_images': False, 'use_lossless_compression': False, 'reduce_image_resolution': False, 'export_bookmarks': False, 'export_notes': False, 'pdfa': False, 'deskew': False, 'clean': False, 'redo_ocr': False}
2025-12-27 14:06:17 - 20251227_140616_ac1a7dad - aichemist_codex.electron_bridge - DEBUG - conversion_handler.handle_single_conversion:115 - Calling converter function
2025-12-27 14:06:17 - 20251227_140616_ac1a7dad - aichemist_codex.transmutation_codex.utils.validators - DEBUG - validators.validate_file_path:51 - Validating file path: d:\Steve\Documents\HumanRights\Submission\Key_Evidence_Quotes.md
2025-12-27 14:06:17 - 20251227_140616_ac1a7dad - aichemist_codex.transmutation_codex.utils.validators - DEBUG - validators.validate_file_path:89 - File path validation passed: d:\Steve\Documents\HumanRights\Submission\Key_Evidence_Quotes.md
2025-12-27 14:06:17 - 20251227_140616_ac1a7dad - aichemist_codex.transmutation_codex.utils.validators - DEBUG - validators.validate_file_size:193 - Validating file size: d:\Steve\Documents\HumanRights\Submission\Key_Evidence_Quotes.md (max: 50MB)
2025-12-27 14:06:17 - 20251227_140616_ac1a7dad - aichemist_codex.transmutation_codex.utils.validators - DEBUG - validators.validate_file_size:214 - File size: 0.01MB
2025-12-27 14:06:17 - 20251227_140616_ac1a7dad - aichemist_codex.transmutation_codex.utils.validators - DEBUG - validators.validate_file_size:221 - File size validation passed: 0.01MB
2025-12-27 14:06:17 - 20251227_140616_ac1a7dad - aichemist_codex.converters.md2pdf - INFO - to_pdf.convert_md_to_pdf:127 - Starting Markdown to PDF conversion: d:\Steve\Documents\HumanRights\Submission\Key_Evidence_Quotes.md
2025-12-27 14:06:17 - 20251227_140616_ac1a7dad - aichemist_codex.converters.md2pdf - DEBUG - to_pdf.convert_md_to_pdf:132 - Feature access check passed for md2pdf
2025-12-27 14:06:17 - 20251227_140616_ac1a7dad - aichemist_codex.converters.md2pdf - DEBUG - to_pdf.convert_md_to_pdf:139 - Resolved input path: D:\Steve\Documents\HumanRights\Submission\Key_Evidence_Quotes.md
2025-12-27 14:06:17 - 20251227_140616_ac1a7dad - aichemist_codex.converters.md2pdf - DEBUG - to_pdf.convert_md_to_pdf:144 - File size check passed
2025-12-27 14:06:17 - 20251227_140616_ac1a7dad - aichemist_codex.converters.md2pdf - INFO - to_pdf.convert_md_to_pdf:182 - Converting D:\Steve\Documents\HumanRights\Submission\Key_Evidence_Quotes.md to PDF using marker: '<!-- pagebreak -->'
2025-12-27 14:06:17 - 20251227_140616_ac1a7dad - aichemist_codex.converters.md2pdf - DEBUG - to_pdf.convert_md_to_pdf:188 - Reading markdown file content
2025-12-27 14:06:17 - 20251227_140616_ac1a7dad - aichemist_codex.converters.md2pdf - DEBUG - to_pdf.convert_md_to_pdf:193 - Successfully read 14897 characters from markdown file
2025-12-27 14:06:17 - 20251227_140616_ac1a7dad - aichemist_codex.converters.md2pdf - DEBUG - to_pdf.convert_md_to_pdf:208 - Using title: Key Evidence Quotes from November 28, 2024 Phone Call
2025-12-27 14:06:17 - 20251227_140616_ac1a7dad - aichemist_codex.converters.md2pdf - DEBUG - to_pdf.convert_md_to_pdf:228 - Injected default table styles.
2025-12-27 14:06:17 - 20251227_140616_ac1a7dad - aichemist_codex.converters.md2pdf - INFO - to_pdf.convert_md_to_pdf:252 - No page breaks found.
2025-12-27 14:06:17 - 20251227_140616_ac1a7dad - markdown_it.rules_block.code - DEBUG - code.code:10 - entering code: StateBlock(line=1,level=0,tokens=0), 1, 445, False
2025-12-27 14:06:17 - 20251227_140616_ac1a7dad - markdown_it.rules_block.fence - DEBUG - fence.fence:10 - entering fence: StateBlock(line=1,level=0,tokens=0), 1, 445, False
2025-12-27 14:06:17 - 20251227_140616_ac1a7dad - markdown_it.rules_block.blockquote - DEBUG - blockquote.blockquote:13 - entering blockquote: StateBlock(line=1,level=0,tokens=0), 1, 445, False
2025-12-27 14:06:17 - 20251227_140616_ac1a7dad - markdown_it.rules_block.hr - DEBUG - hr.hr:14 - entering hr: StateBlock(line=1,level=0,tokens=0), 1, 445, False
2025-12-27 14:06:17 - 20251227_140616_ac1a7dad - markdown_it.rules_block.list - DEBUG - list.list_block:102 - entering list: StateBlock(line=1,level=0,tokens=0), 1, 445, False
2025-12-27 14:06:17 - 20251227_140616_ac1a7dad - markdown_it.rules_block.reference - DEBUG - reference.reference:10 - entering reference: StateBlock(line=1,level=0,tokens=0), 1, 445, False
2025-12-27 14:06:17 - 20251227_140616_ac1a7dad - markdown_it.rules_block.html_block - DEBUG - html_block.html_block:35 - entering html_block: StateBlock(line=1,level=0,tokens=0), 1, 445, False
2025-12-27 14:06:17 - 20251227_140616_ac1a7dad - markdown_it.rules_block.code - DEBUG - code.code:10 - entering code: StateBlock(line=23,level=0,tokens=1), 23, 445, False
2025-12-27 14:06:17 - 20251227_140616_ac1a7dad - markdown_it.rules_block.fence - DEBUG - fence.fence:10 - entering fence: StateBlock(line=23,level=0,tokens=1), 23, 445, False
2025-12-27 14:06:17 - 20251227_140616_ac1a7dad - markdown_it.rules_block.blockquote - DEBUG - blockquote.blockquote:13 - entering blockquote: StateBlock(line=23,level=0,tokens=1), 23, 445, False
2025-12-27 14:06:17 - 20251227_140616_ac1a7dad - markdown_it.rules_block.hr - DEBUG - hr.hr:14 - entering hr: StateBlock(line=23,level=0,tokens=1), 23, 445, False
2025-12-27 14:06:17 - 20251227_140616_ac1a7dad - markdown_it.rules_block.list - DEBUG - list.list_block:102 - entering list: StateBlock(line=23,level=0,tokens=1), 23, 445, False
2025-12-27 14:06:17 - 20251227_140616_ac1a7dad - markdown_it.rules_block.reference - DEBUG - reference.reference:10 - entering reference: StateBlock(line=23,level=0,tokens=1), 23, 445, False
2025-12-27 14:06:17 - 20251227_140616_ac1a7dad - markdown_it.rules_block.html_block - DEBUG - html_block.html_block:35 - entering html_block: StateBlock(line=23,level=0,tokens=1), 23, 445, False
2025-12-27 14:06:17 - 20251227_140616_ac1a7dad - markdown_it.rules_block.heading - DEBUG - heading.heading:13 - entering heading: StateBlock(line=23,level=0,tokens=1), 23, 445, False
2025-12-27 14:06:17 - 20251227_140616_ac1a7dad - markdown_it.rules_block.code - DEBUG - code.code:10 - entering code: StateBlock(line=25,level=0,tokens=4), 25, 445, False
2025-12-27 14:06:17 - 20251227_140616_ac1a7dad - markdown_it.rules_block.fence - DEBUG - fence.fence:10 - entering fence: StateBlock(line=25,level=0,tokens=4), 25, 445, False
2025-12-27 14:06:17 - 20251227_140616_ac1a7dad - markdown_it.rules_block.blockquote - DEBUG - blockquote.blockquote:13 - entering blockquote: StateBlock(line=25,level=0,tokens=4), 25, 445, False
2025-12-27 14:06:17 - 20251227_140616_ac1a7dad - markdown_it.rules_block.hr - DEBUG - hr.hr:14 - entering hr: StateBlock(line=25,level=0,tokens=4), 25, 445, False
2025-12-27 14:06:17 - 20251227_140616_ac1a7dad - markdown_it.rules_block.list - DEBUG - list.list_block:102 - entering list: StateBlock(line=25,level=0,tokens=4), 25, 445, False
2025-12-27 14:06:17 - 20251227_140616_ac1a7dad - markdown_it.rules_block.reference - DEBUG - reference.reference:10 - entering reference: StateBlock(line=25,level=0,tokens=4), 25, 445, False
2025-12-27 14:06:17 - 20251227_140616_ac1a7dad - markdown_it.rules_block.html_block - DEBUG - html_block.html_block:35 - entering html_block: StateBlock(line=25,level=0,tokens=4), 25, 445, False
2025-12-27 14:06:17 - 20251227_140616_ac1a7dad - markdown_it.rules_block.heading - DEBUG - heading.heading:13 - entering heading: StateBlock(line=25,level=0,tokens=4), 25, 445, False
2025-12-27 14:06:17 - 20251227_140616_ac1a7dad - markdown_it.rules_block.lheading - DEBUG - lheading.lheading:10 - entering lheading: StateBlock(line=25,level=0,tokens=4), 25, 445, False
2025-12-27 14:06:17 - 20251227_140616_ac1a7dad - markdown_it.rules_block.fence - DEBUG - fence.fence:10 - entering fence: StateBlock(line=25,level=0,tokens=4), 26, 445, True
2025-12-27 14:06:17 - 20251227_140616_ac1a7dad - markdown_it.rules_block.blockquote - DEBUG - blockquote.blockquote:13 - entering blockquote: StateBlock(line=25,level=0,tokens=4), 26, 445, True
2025-12-27 14:06:17 - 20251227_140616_ac1a7dad - markdown_it.rules_block.hr - DEBUG - hr.hr:14 - entering hr: StateBlock(line=25,level=0,tokens=4), 26, 445, True
2025-12-27 14:06:17 - 20251227_140616_ac1a7dad - markdown_it.rules_block.list - DEBUG - list.list_block:102 - entering list: StateBlock(line=25,level=0,tokens=4), 26, 445, True
2025-12-27 14:06:17 - 20251227_140616_ac1a7dad - markdown_it.rules_block.html_block - DEBUG - html_block.html_block:35 - entering html_block: StateBlock(line=25,level=0,tokens=4), 26, 445, True
2025-12-27 14:06:17 - 20251227_140616_ac1a7dad - markdown_it.rules_block.heading - DEBUG - heading.heading:13 - entering heading: StateBlock(line=25,level=0,tokens=4), 26, 445, True
2025-12-27 14:06:17 - 20251227_140616_ac1a7dad - markdown_it.rules_block.fence - DEBUG - fence.fence:10 - entering fence: StateBlock(line=25,level=0,tokens=4), 27, 445, True
2025-12-27 14:06:17 - 20251227_140616_ac1a7dad - markdown_it.rules_block.blockquote - DEBUG - blockquote.blockquote:13 - entering blockquote: StateBlock(line=25,level=0,tokens=4), 27, 445, True
2025-12-27 14:06:17 - 20251227_140616_ac1a7dad - markdown_it.rules_block.hr - DEBUG - hr.hr:14 - entering hr: StateBlock(line=25,level=0,tokens=4), 27, 445, True
2025-12-27 14:06:17 - 20251227_140616_ac1a7dad - markdown_it.rules_block.list - DEBUG - list.list_block:102 - entering list: StateBlock(line=25,level=0,tokens=4), 27, 445, True
2025-12-27 14:06:17 - 20251227_140616_ac1a7dad - markdown_it.rules_block.html_block - DEBUG - html_block.html_block:35 - entering html_block: StateBlock(line=25,level=0,tokens=4), 27, 445, True
2025-12-27 14:06:17 - 20251227_140616_ac1a7dad - markdown_it.rules_block.heading - DEBUG - heading.heading:13 - entering heading: StateBlock(line=25,level=0,tokens=4), 27, 445, True
2025-12-27 14:06:17 - 20251227_140616_ac1a7dad - markdown_it.rules_block.paragraph - DEBUG - paragraph.paragraph:10 - entering paragraph: StateBlock(line=25,level=0,tokens=4), 25, 445, False
2025-12-27 14:06:17 - 20251227_140616_ac1a7dad - markdown_it.rules_block.fence - DEBUG - fence.fence:10 - entering fence: StateBlock(line=25,level=0,tokens=4), 26, 445, True
2025-12-27 14:06:17 - 20251227_140616_ac1a7dad - markdown_it.rules_block.blockquote - DEBUG - blockquote.blockquote:13 - entering blockquote: StateBlock(line=25,level=0,tokens=4), 26, 445, True
2025-12-27 14:06:17 - 20251227_140616_ac1a7dad - markdown_it.rules_block.hr - DEBUG - hr.hr:14 - entering hr: StateBlock(line=25,level=0,tokens=4), 26, 445, True
2025-12-27 14:06:17 - 20251227_140616_ac1a7dad - markdown_it.rules_block.list - DEBUG - list.list_block:102 - entering list: StateBlock(line=25,level=0,tokens=4), 26, 445, True
2025-12-27 14:06:17 - 20251227_140616_ac1a7dad - markdown_it.rules_block.html_block - DEBUG - html_block.html_block:35 - entering html_block: StateBlock(line=25,level=0,tokens=4), 26, 445, True
2025-12-27 14:06:17 - 20251227_140616_ac1a7dad - markdown_it.rules_block.heading - DEBUG - heading.heading:13 - entering heading: StateBlock(line=25,level=0,tokens=4), 26, 445, True
2025-12-27 14:06:17 - 20251227_140616_ac1a7dad - markdown_it.rules_block.fence - DEBUG - fence.fence:10 - entering fence: StateBlock(line=25,level=0,tokens=4), 27, 445, True
2025-12-27 14:06:17 - 20251227_140616_ac1a7dad - markdown_it.rules_block.blockquote - DEBUG - blockquote.blockquote:13 - entering blockquote: StateBlock(line=25,level=0,tokens=4), 27, 445, True
2025-12-27 14:06:17 - 20251227_140616_ac1a7dad - markdown_it.rules_block.hr - DEBUG - hr.hr:14 - entering hr: StateBlock(line=25,level=0,tokens=4), 27, 445, True
2025-12-27 14:06:17 - 20251227_140616_ac1a7dad - markdown_it.rules_block.list - DEBUG - list.list_block:102 - entering list: StateBlock(line=25,level=0,tokens=4), 27, 445, True
2025-12-27 14:06:17 - 20251227_140616_ac1a7dad - markdown_it.rules_block.html_block - DEBUG - html_block.html_block:35 - entering html_block: StateBlock(line=25,level=0,tokens=4), 27, 445, True
2025-12-27 14:06:17 - 20251227_140616_ac1a7dad - markdown_it.rules_block.heading - DEBUG - heading.heading:13 - entering heading: StateBlock(line=25,level=0,tokens=4), 27, 445, True
2025-12-27 14:06:17 - 20251227_140616_ac1a7dad - markdown_it.rules_block.code - DEBUG - code.code:10 - entering code: StateBlock(line=29,level=0,tokens=7), 29, 445, False
2025-12-27 14:06:17 - 20251227_140616_ac1a7dad - markdown_it.rules_block.fence - DEBUG - fence.fence:10 - entering fence: StateBlock(line=29,level=0,tokens=7), 29, 445, False
2025-12-27 14:06:17 - 20251227_140616_ac1a7dad - markdown_it.rules_block.blockquote - DEBUG - blockquote.blockquote:13 - entering blockquote: StateBlock(line=29,level=0,tokens=7), 29, 445, False
2025-12-27 14:06:17 - 20251227_140616_ac1a7dad - markdown_it.rules_block.hr - DEBUG - hr.hr:14 - entering hr: StateBlock(line=29,level=0,tokens=7), 29, 445, False
2025-12-27 14:06:17 - 20251227_140616_ac1a7dad - markdown_it.rules_block.code - DEBUG - code.code:10 - entering code: StateBlock(line=31,level=0,tokens=8), 31, 445, False
2025-12-27 14:06:17 - 20251227_140616_ac1a7dad - markdown_it.rules_block.fence - DEBUG - fence.fence:10 - entering fence: StateBlock(line=31,level=0,tokens=8), 31, 445, False
2025-12-27 14:06:17 - 20251227_140616_ac1a7dad - markdown_it.rules_block.blockquote - DEBUG - blockquote.blockquote:13 - entering blockquote: StateBlock(line=31,level=0,tokens=8), 31, 445, False
2025-12-27 14:06:17 - 20251227_140616_ac1a7dad - markdown_it.rules_block.hr - DEBUG - hr.hr:14 - entering hr: StateBlock(line=31,level=0,tokens=8), 31, 445, False
2025-12-27 14:06:17 - 20251227_140616_ac1a7dad - markdown_it.rules_block.list - DEBUG - list.list_block:102 - entering list: StateBlock(line=31,level=0,tokens=8), 31, 445, False
2025-12-27 14:06:17 - 20251227_140616_ac1a7dad - markdown_it.rules_block.reference - DEBUG - reference.reference:10 - entering reference: StateBlock(line=31,level=0,tokens=8), 31, 445, False
2025-12-27 14:06:17 - 20251227_140616_ac1a7dad - markdown_it.rules_block.html_block - DEBUG - html_block.html_block:35 - entering html_block: StateBlock(line=31,level=0,tokens=8), 31, 445, False
2025-12-27 14:06:17 - 20251227_140616_ac1a7dad - markdown_it.rules_block.heading - DEBUG - heading.heading:13 - entering heading: StateBlock(line=31,level=0,tokens=8), 31, 445, False
2025-12-27 14:06:17 - 20251227_140616_ac1a7dad - markdown_it.rules_block.code - DEBUG - code.code:10 - entering code: StateBlock(line=33,level=0,tokens=11), 33, 445, False
2025-12-27 14:06:17 - 20251227_140616_ac1a7dad - markdown_it.rules_block.fence - DEBUG - fence.fence:10 - entering fence: StateBlock(line=33,level=0,tokens=11), 33, 445, False
2025-12-27 14:06:17 - 20251227_140616_ac1a7dad - markdown_it.rules_block.blockquote - DEBUG - blockquote.blockquote:13 - entering blockquote: StateBlock(line=33,level=0,tokens=11), 33, 445, False
2025-12-27 14:06:17 - 20251227_140616_ac1a7dad - markdown_it.rules_block.hr - DEBUG - hr.hr:14 - entering hr: StateBlock(line=33,level=0,tokens=11), 33, 445, False
2025-12-27 14:06:17 - 20251227_140616_ac1a7dad - markdown_it.rules_block.list - DEBUG - list.list_block:102 - entering list: StateBlock(line=33,level=0,tokens=11), 33, 445, False
2025-12-27 14:06:17 - 20251227_140616_ac1a7dad - markdown_it.rules_block.reference - DEBUG - reference.reference:10 - entering reference: StateBlock(line=33,level=0,tokens=11), 33, 445, False
2025-12-27 14:06:17 - 20251227_140616_ac1a7dad - markdown_it.rules_block.html_block - DEBUG - html_block.html_block:35 - entering html_block: StateBlock(line=33,level=0,tokens=11), 33, 445, False
2025-12-27 14:06:17 - 20251227_140616_ac1a7dad - markdown_it.rules_block.heading - DEBUG - heading.heading:13 - entering heading: StateBlock(line=33,level=0,tokens=11), 33, 445, False
2025-12-27 14:06:17 - 20251227_140616_ac1a7dad - markdown_it.rules_block.lheading - DEBUG - lheading.lheading:10 - entering lheading: StateBlock(line=33,level=0,tokens=11), 33, 445, False
2025-12-27 14:06:17 - 20251227_140616_ac1a7dad - markdown_it.rules_block.fence - DEBUG - fence.fence:10 - entering fence: StateBlock(line=33,level=0,tokens=11), 34, 445, True
2025-12-27 14:06:17 - 20251227_140616_ac1a7dad - markdown_it.rules_block.blockquote - DEBUG - blockquote.blockquote:13 - entering blockquote: StateBlock(line=33,level=0,tokens=11), 34, 445, True
2025-12-27 14:06:17 - 20251227_140616_ac1a7dad - markdown_it.rules_block.hr - DEBUG - hr.hr:14 - entering hr: StateBlock(line=33,level=0,tokens=11), 34, 445, True
2025-12-27 14:06:17 - 20251227_140616_ac1a7dad - markdown_it.rules_block.list - DEBUG - list.list_block:102 - entering list: StateBlock(line=33,level=0,tokens=11), 34, 445, True
2025-12-27 14:06:17 - 20251227_140616_ac1a7dad - markdown_it.rules_block.html_block - DEBUG - html_block.html_block:35 - entering html_block: StateBlock(line=33,level=0,tokens=11), 34, 445, True
2025-12-27 14:06:17 - 20251227_140616_ac1a7dad - markdown_it.rules_block.heading - DEBUG - heading.heading:13 - entering heading: StateBlock(line=33,level=0,tokens=11), 34, 445, True
2025-12-27 14:06:17 - 20251227_140616_ac1a7dad - markdown_it.rules_block.fence - DEBUG - fence.fence:10 - entering fence: StateBlock(line=33,level=0,tokens=11), 35, 445, True
2025-12-27 14:06:17 - 20251227_140616_ac1a7dad - markdown_it.rules_block.blockquote - DEBUG - blockquote.blockquote:13 - entering blockquote: StateBlock(line=33,level=0,tokens=11), 35, 445, True
2025-12-27 14:06:17 - 20251227_140616_ac1a7dad - markdown_it.rules_block.hr - DEBUG - hr.hr:14 - entering hr: StateBlock(line=33,level=0,tokens=11), 35, 445, True
2025-12-27 14:06:17 - 20251227_140616_ac1a7dad - markdown_it.rules_block.list - DEBUG - list.list_block:102 - entering list: StateBlock(line=33,level=0,tokens=11), 35, 445, True
2025-12-27 14:06:17 - 20251227_140616_ac1a7dad - markdown_it.rules_block.html_block - DEBUG - html_block.html_block:35 - entering html_block: StateBlock(line=33,level=0,tokens=11), 35, 445, True
2025-12-27 14:06:17 - 20251227_140616_ac1a7dad - markdown_it.rules_block.heading - DEBUG - heading.heading:13 - entering heading: StateBlock(line=33,level=0,tokens=11), 35, 445, True
2025-12-27 14:06:17 - 20251227_140616_ac1a7dad - markdown_it.rules_block.fence - DEBUG - fence.fence:10 - entering fence: StateBlock(line=33,level=0,tokens=11), 36, 445, True
2025-12-27 14:06:17 - 20251227_140616_ac1a7dad - markdown_it.rules_block.blockquote - DEBUG - blockquote.blockquote:13 - entering blockquote: StateBlock(line=33,level=0,tokens=11), 36, 445, True
2025-12-27 14:06:17 - 20251227_140616_ac1a7dad - markdown_it.rules_block.hr - DEBUG - hr.hr:14 - entering hr: StateBlock(line=33,level=0,tokens=11), 36, 445, True
2025-12-27 14:06:17 - 20251227_140616_ac1a7dad - markdown_it.rules_block.list - DEBUG - list.list_block:102 - entering list: StateBlock(line=33,level=0,tokens=11), 36, 445, True
2025-12-27 14:06:17 - 20251227_140616_ac1a7dad - markdown_it.rules_block.html_block - DEBUG - html_block.html_block:35 - entering html_block: StateBlock(line=33,level=0,tokens=11), 36, 445, True
2025-12-27 14:06:17 - 20251227_140616_ac1a7dad - markdown_it.rules_block.heading - DEBUG - heading.heading:13 - entering heading: StateBlock(line=33,level=0,tokens=11), 36, 445, True
2025-12-27 14:06:17 - 20251227_140616_ac1a7dad - markdown_it.rules_block.fence - DEBUG - fence.fence:10 - entering fence: StateBlock(line=33,level=0,tokens=11), 37, 445, True
2025-12-27 14:06:17 - 20251227_140616_ac1a7dad - markdown_it.rules_block.blockquote - DEBUG - blockquote.blockquote:13 - entering blockquote: StateBlock(line=33,level=0,tokens=11), 37, 445, True
2025-12-27 14:06:17 - 20251227_140616_ac1a7dad - markdown_it.rules_block.hr - DEBUG - hr.hr:14 - entering hr: StateBlock(line=33,level=0,tokens=11), 37, 445, True
2025-12-27 14:06:17 - 20251227_140616_ac1a7dad - markdown_it.rules_block.list - DEBUG - list.list_block:102 - entering list: StateBlock(line=33,level=0,tokens=11), 37, 445, True
2025-12-27 14:06:17 - 20251227_140616_ac1a7dad - markdown_it.rules_block.html_block - DEBUG - html_block.html_block:35 - entering html_block: StateBlock(line=33,level=0,tokens=11), 37, 445, True
2025-12-27 14:06:17 - 20251227_140616_ac1a7dad - markdown_it.rules_block.heading - DEBUG - heading.heading:13 - entering heading: StateBlock(line=33,level=0,tokens=11), 37, 445, True
2025-12-27 14:06:17 - 20251227_140616_ac1a7dad - markdown_it.rules_block.paragraph - DEBUG - paragraph.paragraph:10 - entering paragraph: StateBlock(line=33,level=0,tokens=11), 33, 445, False
2025-12-27 14:06:17 - 20251227_140616_ac1a7dad - markdown_it.rules_block.fence - DEBUG - fence.fence:10 - entering fence: StateBlock(line=33,level=0,tokens=11), 34, 445, True
2025-12-27 14:06:17 - 20251227_140616_ac1a7dad - markdown_it.rules_block.blockquote - DEBUG - blockquote.blockquote:13 - entering blockquote: StateBlock(line=33,level=0,tokens=11), 34, 445, True
2025-12-27 14:06:17 - 20251227_140616_ac1a7dad - markdown_it.rules_block.hr - DEBUG - hr.hr:14 - entering hr: StateBlock(line=33,level=0,tokens=11), 34, 445, True
2025-12-27 14:06:17 - 20251227_140616_ac1a7dad - markdown_it.rules_block.list - DEBUG - list.list_block:102 - entering list: StateBlock(line=33,level=0,tokens=11), 34, 445, True
2025-12-27 14:06:17 - 20251227_140616_ac1a7dad - markdown_it.rules_block.html_block - DEBUG - html_block.html_block:35 - entering html_block: StateBlock(line=33,level=0,tokens=11), 34, 445, True
2025-12-27 14:06:17 - 20251227_140616_ac1a7dad - markdown_it.rules_block.heading - DEBUG - heading.heading:13 - entering heading: StateBlock(line=33,level=0,tokens=11), 34, 445, True
2025-12-27 14:06:17 - 20251227_140616_ac1a7dad - markdown_it.rules_block.fence - DEBUG - fence.fence:10 - entering fence: StateBlock(line=33,level=0,tokens=11), 35, 445, True
2025-12-27 14:06:17 - 20251227_140616_ac1a7dad - markdown_it.rules_block.blockquote - DEBUG - blockquote.blockquote:13 - entering blockquote: StateBlock(line=33,level=0,tokens=11), 35, 445, True
2025-12-27 14:06:17 - 20251227_140616_ac1a7dad - markdown_it.rules_block.hr - DEBUG - hr.hr:14 - entering hr: StateBlock(line=33,level=0,tokens=11), 35, 445, True
2025-12-27 14:06:17 - 20251227_140616_ac1a7dad - markdown_it.rules_block.list - DEBUG - list.list_block:102 - entering list: StateBlock(line=33,level=0,tokens=11), 35, 445, True
2025-12-27 14:06:17 - 20251227_140616_ac1a7dad - markdown_it.rules_block.html_block - DEBUG - html_block.html_block:35 - entering html_block: StateBlock(line=33,level=0,tokens=11), 35, 445, True
2025-12-27 14:06:17 - 20251227_140616_ac1a7dad - markdown_it.rules_block.heading - DEBUG - heading.heading:13 - entering heading: StateBlock(line=33,level=0,tokens=11), 35, 445, True
2025-12-27 14:06:17 - 20251227_140616_ac1a7dad - markdown_it.rules_block.fence - DEBUG - fence.fence:10 - entering fence: StateBlock(line=33,level=0,tokens=11), 36, 445, True
2025-12-27 14:06:17 - 20251227_140616_ac1a7dad - markdown_it.rules_block.blockquote - DEBUG - blockquote.blockquote:13 - entering blockquote: StateBlock(line=33,level=0,tokens=11), 36, 445, True
2025-12-27 14:06:17 - 20251227_140616_ac1a7dad - markdown_it.rules_block.hr - DEBUG - hr.hr:14 - entering hr: StateBlock(line=33,level=0,tokens=11), 36, 445, True
2025-12-27 14:06:17 - 20251227_140616_ac1a7dad - markdown_it.rules_block.list - DEBUG - list.list_block:102 - entering list: StateBlock(line=33,level=0,tokens=11), 36, 445, True
2025-12-27 14:06:17 - 20251227_140616_ac1a7dad - markdown_it.rules_block.html_block - DEBUG - html_block.html_block:35 - entering html_block: StateBlock(line=33,level=0,tokens=11), 36, 445, True
2025-12-27 14:06:17 - 20251227_140616_ac1a7dad - markdown_it.rules_block.heading - DEBUG - heading.heading:13 - entering heading: StateBlock(line=33,level=0,tokens=11), 36, 445, True
2025-12-27 14:06:17 - 20251227_140616_ac1a7dad - markdown_it.rules_block.fence - DEBUG - fence.fence:10 - entering fence: StateBlock(line=33,level=0,tokens=11), 37, 445, True
2025-12-27 14:06:17 - 20251227_140616_ac1a7dad - markdown_it.rules_block.blockquote - DEBUG - blockquote.blockquote:13 - entering blockquote: StateBlock(line=33,level=0,tokens=11), 37, 445, True
2025-12-27 14:06:17 - 20251227_140616_ac1a7dad - markdown_it.rules_block.hr - DEBUG - hr.hr:14 - entering hr: StateBlock(line=33,level=0,tokens=11), 37, 445, True
2025-12-27 14:06:17 - 20251227_140616_ac1a7dad - markdown_it.rules_block.list - DEBUG - list.list_block:102 - entering list: StateBlock(line=33,level=0,tokens=11), 37, 445, True
2025-12-27 14:06:17 - 20251227_140616_ac1a7dad - markdown_it.rules_block.html_block - DEBUG - html_block.html_block:35 - entering html_block: StateBlock(line=33,level=0,tokens=11), 37, 445, True
2025-12-27 14:06:17 - 20251227_140616_ac1a7dad - markdown_it.rules_block.heading - DEBUG - heading.heading:13 - entering heading: StateBlock(line=33,level=0,tokens=11), 37, 445, True
2025-12-27 14:06:17 - 20251227_140616_ac1a7dad - markdown_it.rules_block.code - DEBUG - code.code:10 - entering code: StateBlock(line=39,level=0,tokens=14), 39, 445, False
2025-12-27 14:06:17 - 20251227_140616_ac1a7dad - markdown_it.rules_block.fence - DEBUG - fence.fence:10 - entering fence: StateBlock(line=39,level=0,tokens=14), 39, 445, False
2025-12-27 14:06:17 - 20251227_140616_ac1a7dad - markdown_it.rules_block.blockquote - DEBUG - blockquote.blockquote:13 - entering blockquote: StateBlock(line=39,level=0,tokens=14), 39, 445, False
2025-12-27 14:06:17 - 20251227_140616_ac1a7dad - markdown_it.rules_block.hr - DEBUG - hr.hr:14 - entering hr: StateBlock(line=39,level=0,tokens=14), 39, 445, False
2025-12-27 14:06:17 - 20251227_140616_ac1a7dad - markdown_it.rules_block.code - DEBUG - code.code:10 - entering code: StateBlock(line=41,level=0,tokens=15), 41, 445, False
2025-12-27 14:06:17 - 20251227_140616_ac1a7dad - markdown_it.rules_block.fence - DEBUG - fence.fence:10 - entering fence: StateBlock(line=41,level=0,tokens=15), 41, 445, False
2025-12-27 14:06:17 - 20251227_140616_ac1a7dad - markdown_it.rules_block.blockquote - DEBUG - blockquote.blockquote:13 - entering blockquote: StateBlock(line=41,level=0,tokens=15), 41, 445, False
2025-12-27 14:06:17 - 20251227_140616_ac1a7dad - markdown_it.rules_block.hr - DEBUG - hr.hr:14 - entering hr: StateBlock(line=41,level=0,tokens=15), 41, 445, False
2025-12-27 14:06:17 - 20251227_140616_ac1a7dad - markdown_it.rules_block.list - DEBUG - list.list_block:102 - entering list: StateBlock(line=41,level=0,tokens=15), 41, 445, False
2025-12-27 14:06:17 - 20251227_140616_ac1a7dad - markdown_it.rules_block.reference - DEBUG - reference.reference:10 - entering reference: StateBlock(line=41,level=0,tokens=15), 41, 445, False
2025-12-27 14:06:17 - 20251227_140616_ac1a7dad - markdown_it.rules_block.html_block - DEBUG - html_block.html_block:35 - entering html_block: StateBlock(line=41,level=0,tokens=15), 41, 445, False
2025-12-27 14:06:17 - 20251227_140616_ac1a7dad - markdown_it.rules_block.heading - DEBUG - heading.heading:13 - entering heading: StateBlock(line=41,level=0,tokens=15), 41, 445, False
2025-12-27 14:06:17 - 20251227_140616_ac1a7dad - markdown_it.rules_block.code - DEBUG - code.code:10 - entering code: StateBlock(line=43,level=0,tokens=18), 43, 445, False
2025-12-27 14:06:17 - 20251227_140616_ac1a7dad - markdown_it.rules_block.fence - DEBUG - fence.fence:10 - entering fence: StateBlock(line=43,level=0,tokens=18), 43, 445, False
2025-12-27 14:06:17 - 20251227_140616_ac1a7dad - markdown_it.rules_block.blockquote - DEBUG - blockquote.blockquote:13 - entering blockquote: StateBlock(line=43,level=0,tokens=18), 43, 445, False
2025-12-27 14:06:17 - 20251227_140616_ac1a7dad - markdown_it.rules_block.hr - DEBUG - hr.hr:14 - entering hr: StateBlock(line=43,level=0,tokens=18), 43, 445, False
2025-12-27 14:06:17 - 20251227_140616_ac1a7dad - markdown_it.rules_block.list - DEBUG - list.list_block:102 - entering list: StateBlock(line=43,level=0,tokens=18), 43, 445, False
2025-12-27 14:06:17 - 20251227_140616_ac1a7dad - markdown_it.rules_block.reference - DEBUG - reference.reference:10 - entering reference: StateBlock(line=43,level=0,tokens=18), 43, 445, False
2025-12-27 14:06:17 - 20251227_140616_ac1a7dad - markdown_it.rules_block.html_block - DEBUG - html_block.html_block:35 - entering html_block: StateBlock(line=43,level=0,tokens=18), 43, 445, False
2025-12-27 14:06:17 - 20251227_140616_ac1a7dad - markdown_it.rules_block.heading - DEBUG - heading.heading:13 - entering heading: StateBlock(line=43,level=0,tokens=18), 43, 445, False
2025-12-27 14:06:17 - 20251227_140616_ac1a7dad - markdown_it.rules_block.lheading - DEBUG - lheading.lheading:10 - entering lheading: StateBlock(line=43,level=0,tokens=18), 43, 445, False
2025-12-27 14:06:17 - 20251227_140616_ac1a7dad - markdown_it.rules_block.paragraph - DEBUG - paragraph.paragraph:10 - entering paragraph: StateBlock(line=43,level=0,tokens=18), 43, 445, False
2025-12-27 14:06:17 - 20251227_140616_ac1a7dad - markdown_it.rules_block.code - DEBUG - code.code:10 - entering code: StateBlock(line=45,level=0,tokens=21), 45, 445, False
2025-12-27 14:06:17 - 20251227_140616_ac1a7dad - markdown_it.rules_block.fence - DEBUG - fence.fence:10 - entering fence: StateBlock(line=45,level=0,tokens=21), 45, 445, False
2025-12-27 14:06:17 - 20251227_140616_ac1a7dad - markdown_it.rules_block.blockquote - DEBUG - blockquote.blockquote:13 - entering blockquote: StateBlock(line=45,level=0,tokens=21), 45, 445, False
2025-12-27 14:06:17 - 20251227_140616_ac1a7dad - markdown_it.rules_block.code - DEBUG - code.code:10 - entering code: StateBlock(line=45,level=1,tokens=22), 45, 48, False
2025-12-27 14:06:17 - 20251227_140616_ac1a7dad - markdown_it.rules_block.fence - DEBUG - fence.fence:10 - entering fence: StateBlock(line=45,level=1,tokens=22), 45, 48, False
2025-12-27 14:06:17 - 20251227_140616_ac1a7dad - markdown_it.rules_block.blockquote - DEBUG - blockquote.blockquote:13 - entering blockquote: StateBlock(line=45,level=1,tokens=22), 45, 48, False
2025-12-27 14:06:17 - 20251227_140616_ac1a7dad - markdown_it.rules_block.hr - DEBUG - hr.hr:14 - entering hr: StateBlock(line=45,level=1,tokens=22), 45, 48, False
2025-12-27 14:06:17 - 20251227_140616_ac1a7dad - markdown_it.rules_block.list - DEBUG - list.list_block:102 - entering list: StateBlock(line=45,level=1,tokens=22), 45, 48, False
2025-12-27 14:06:17 - 20251227_140616_ac1a7dad - markdown_it.rules_block.reference - DEBUG - reference.reference:10 - entering reference: StateBlock(line=45,level=1,tokens=22), 45, 48, False
2025-12-27 14:06:17 - 20251227_140616_ac1a7dad - markdown_it.rules_block.html_block - DEBUG - html_block.html_block:35 - entering html_block: StateBlock(line=45,level=1,tokens=22), 45, 48, False
2025-12-27 14:06:17 - 20251227_140616_ac1a7dad - markdown_it.rules_block.heading - DEBUG - heading.heading:13 - entering heading: StateBlock(line=45,level=1,tokens=22), 45, 48, False
2025-12-27 14:06:17 - 20251227_140616_ac1a7dad - markdown_it.rules_block.lheading - DEBUG - lheading.lheading:10 - entering lheading: StateBlock(line=45,level=1,tokens=22), 45, 48, False
2025-12-27 14:06:17 - 20251227_140616_ac1a7dad - markdown_it.rules_block.fence - DEBUG - fence.fence:10 - entering fence: StateBlock(line=45,level=1,tokens=22), 46, 48, True
2025-12-27 14:06:17 - 20251227_140616_ac1a7dad - markdown_it.rules_block.blockquote - DEBUG - blockquote.blockquote:13 - entering blockquote: StateBlock(line=45,level=1,tokens=22), 46, 48, True
2025-12-27 14:06:17 - 20251227_140616_ac1a7dad - markdown_it.rules_block.hr - DEBUG - hr.hr:14 - entering hr: StateBlock(line=45,level=1,tokens=22), 46, 48, True
2025-12-27 14:06:17 - 20251227_140616_ac1a7dad - markdown_it.rules_block.list - DEBUG - list.list_block:102 - entering list: StateBlock(line=45,level=1,tokens=22), 46, 48, True
2025-12-27 14:06:17 - 20251227_140616_ac1a7dad - markdown_it.rules_block.html_block - DEBUG - html_block.html_block:35 - entering html_block: StateBlock(line=45,level=1,tokens=22), 46, 48, True
2025-12-27 14:06:17 - 20251227_140616_ac1a7dad - markdown_it.rules_block.heading - DEBUG - heading.heading:13 - entering heading: StateBlock(line=45,level=1,tokens=22), 46, 48, True
2025-12-27 14:06:17 - 20251227_140616_ac1a7dad - markdown_it.rules_block.fence - DEBUG - fence.fence:10 - entering fence: StateBlock(line=45,level=1,tokens=22), 47, 48, True
2025-12-27 14:06:17 - 20251227_140616_ac1a7dad - markdown_it.rules_block.blockquote - DEBUG - blockquote.blockquote:13 - entering blockquote: StateBlock(line=45,level=1,tokens=22), 47, 48, True
2025-12-27 14:06:17 - 20251227_140616_ac1a7dad - markdown_it.rules_block.hr - DEBUG - hr.hr:14 - entering hr: StateBlock(line=45,level=1,tokens=22), 47, 48, True
2025-12-27 14:06:17 - 20251227_140616_ac1a7dad - markdown_it.rules_block.list - DEBUG - list.list_block:102 - entering list: StateBlock(line=45,level=1,tokens=22), 47, 48, True
2025-12-27 14:06:17 - 20251227_140616_ac1a7dad - markdown_it.rules_block.html_block - DEBUG - html_block.html_block:35 - entering html_block: StateBlock(line=45,level=1,tokens=22), 47, 48, True
2025-12-27 14:06:17 - 20251227_140616_ac1a7dad - markdown_it.rules_block.heading - DEBUG - heading.heading:13 - entering heading: StateBlock(line=45,level=1,tokens=22), 47, 48, True
2025-12-27 14:06:17 - 20251227_140616_ac1a7dad - markdown_it.rules_block.paragraph - DEBUG - paragraph.paragraph:10 - entering paragraph: StateBlock(line=45,level=1,tokens=22), 45, 48, False
2025-12-27 14:06:17 - 20251227_140616_ac1a7dad - markdown_it.rules_block.fence - DEBUG - fence.fence:10 - entering fence: StateBlock(line=45,level=1,tokens=22), 46, 445, True
2025-12-27 14:06:17 - 20251227_140616_ac1a7dad - markdown_it.rules_block.blockquote - DEBUG - blockquote.blockquote:13 - entering blockquote: StateBlock(line=45,level=1,tokens=22), 46, 445, True
2025-12-27 14:06:17 - 20251227_140616_ac1a7dad - markdown_it.rules_block.hr - DEBUG - hr.hr:14 - entering hr: StateBlock(line=45,level=1,tokens=22), 46, 445, True
2025-12-27 14:06:17 - 20251227_140616_ac1a7dad - markdown_it.rules_block.list - DEBUG - list.list_block:102 - entering list: StateBlock(line=45,level=1,tokens=22), 46, 445, True
2025-12-27 14:06:17 - 20251227_140616_ac1a7dad - markdown_it.rules_block.html_block - DEBUG - html_block.html_block:35 - entering html_block: StateBlock(line=45,level=1,tokens=22), 46, 445, True
2025-12-27 14:06:17 - 20251227_140616_ac1a7dad - markdown_it.rules_block.heading - DEBUG - heading.heading:13 - entering heading: StateBlock(line=45,level=1,tokens=22), 46, 445, True
2025-12-27 14:06:17 - 20251227_140616_ac1a7dad - markdown_it.rules_block.fence - DEBUG - fence.fence:10 - entering fence: StateBlock(line=45,level=1,tokens=22), 47, 445, True
2025-12-27 14:06:17 - 20251227_140616_ac1a7dad - markdown_it.rules_block.blockquote - DEBUG - blockquote.blockquote:13 - entering blockquote: StateBlock(line=45,level=1,tokens=22), 47, 445, True
2025-12-27 14:06:17 - 20251227_140616_ac1a7dad - markdown_it.rules_block.hr - DEBUG - hr.hr:14 - entering hr: StateBlock(line=45,level=1,tokens=22), 47, 445, True
2025-12-27 14:06:17 - 20251227_140616_ac1a7dad - markdown_it.rules_block.list - DEBUG - list.list_block:102 - entering list: StateBlock(line=45,level=1,tokens=22), 47, 445, True
2025-12-27 14:06:17 - 20251227_140616_ac1a7dad - markdown_it.rules_block.html_block - DEBUG - html_block.html_block:35 - entering html_block: StateBlock(line=45,level=1,tokens=22), 47, 445, True
2025-12-27 14:06:17 - 20251227_140616_ac1a7dad - markdown_it.rules_block.heading - DEBUG - heading.heading:13 - entering heading: StateBlock(line=45,level=1,tokens=22), 47, 445, True
2025-12-27 14:06:17 - 20251227_140616_ac1a7dad - markdown_it.rules_block.code - DEBUG - code.code:10 - entering code: StateBlock(line=49,level=0,tokens=26), 49, 445, False
2025-12-27 14:06:17 - 20251227_140616_ac1a7dad - markdown_it.rules_block.fence - DEBUG - fence.fence:10 - entering fence: StateBlock(line=49,level=0,tokens=26), 49, 445, False
2025-12-27 14:06:17 - 20251227_140616_ac1a7dad - markdown_it.rules_block.blockquote - DEBUG - blockquote.blockquote:13 - entering blockquote: StateBlock(line=49,level=0,tokens=26), 49, 445, False
2025-12-27 14:06:17 - 20251227_140616_ac1a7dad - markdown_it.rules_block.hr - DEBUG - hr.hr:14 - entering hr: StateBlock(line=49,level=0,tokens=26), 49, 445, False
2025-12-27 14:06:17 - 20251227_140616_ac1a7dad - markdown_it.rules_block.list - DEBUG - list.list_block:102 - entering list: StateBlock(line=49,level=0,tokens=26), 49, 445, False
2025-12-27 14:06:17 - 20251227_140616_ac1a7dad - markdown_it.rules_block.reference - DEBUG - reference.reference:10 - entering reference: StateBlock(line=49,level=0,tokens=26), 49, 445, False
2025-12-27 14:06:17 - 20251227_140616_ac1a7dad - markdown_it.rules_block.html_block - DEBUG - html_block.html_block:35 - entering html_block: StateBlock(line=49,level=0,tokens=26), 49, 445, False
2025-12-27 14:06:17 - 20251227_140616_ac1a7dad - markdown_it.rules_block.heading - DEBUG - heading.heading:13 - entering heading: StateBlock(line=49,level=0,tokens=26), 49, 445, False
2025-12-27 14:06:17 - 20251227_140616_ac1a7dad - markdown_it.rules_block.code - DEBUG - code.code:10 - entering code: StateBlock(line=51,level=0,tokens=29), 51, 445, False
2025-12-27 14:06:17 - 20251227_140616_ac1a7dad - markdown_it.rules_block.fence - DEBUG - fence.fence:10 - entering fence: StateBlock(line=51,level=0,tokens=29), 51, 445, False
2025-12-27 14:06:17 - 20251227_140616_ac1a7dad - markdown_it.rules_block.blockquote - DEBUG - blockquote.blockquote:13 - entering blockquote: StateBlock(line=51,level=0,tokens=29), 51, 445, False
2025-12-27 14:06:17 - 20251227_140616_ac1a7dad - markdown_it.rules_block.hr - DEBUG - hr.hr:14 - entering hr: StateBlock(line=51,level=0,tokens=29), 51, 445, False
2025-12-27 14:06:17 - 20251227_140616_ac1a7dad - markdown_it.rules_block.list - DEBUG - list.list_block:102 - entering list: StateBlock(line=51,level=0,tokens=29), 51, 445, False
2025-12-27 14:06:17 - 20251227_140616_ac1a7dad - markdown_it.rules_block.code - DEBUG - code.code:10 - entering code: StateBlock(line=51,level=2,tokens=31), 51, 445, False
2025-12-27 14:06:17 - 20251227_140616_ac1a7dad - markdown_it.rules_block.fence - DEBUG - fence.fence:10 - entering fence: StateBlock(line=51,level=2,tokens=31), 51, 445, False
2025-12-27 14:06:17 - 20251227_140616_ac1a7dad - markdown_it.rules_block.blockquote - DEBUG - blockquote.blockquote:13 - entering blockquote: StateBlock(line=51,level=2,tokens=31), 51, 445, False
2025-12-27 14:06:17 - 20251227_140616_ac1a7dad - markdown_it.rules_block.hr - DEBUG - hr.hr:14 - entering hr: StateBlock(line=51,level=2,tokens=31), 51, 445, False
2025-12-27 14:06:17 - 20251227_140616_ac1a7dad - markdown_it.rules_block.list - DEBUG - list.list_block:102 - entering list: StateBlock(line=51,level=2,tokens=31), 51, 445, False
2025-12-27 14:06:17 - 20251227_140616_ac1a7dad - markdown_it.rules_block.reference - DEBUG - reference.reference:10 - entering reference: StateBlock(line=51,level=2,tokens=31), 51, 445, False
2025-12-27 14:06:17 - 20251227_140616_ac1a7dad - markdown_it.rules_block.html_block - DEBUG - html_block.html_block:35 - entering html_block: StateBlock(line=51,level=2,tokens=31), 51, 445, False
2025-12-27 14:06:17 - 20251227_140616_ac1a7dad - markdown_it.rules_block.heading - DEBUG - heading.heading:13 - entering heading: StateBlock(line=51,level=2,tokens=31), 51, 445, False
2025-12-27 14:06:17 - 20251227_140616_ac1a7dad - markdown_it.rules_block.lheading - DEBUG - lheading.lheading:10 - entering lheading: StateBlock(line=51,level=2,tokens=31), 51, 445, False
2025-12-27 14:06:17 - 20251227_140616_ac1a7dad - markdown_it.rules_block.fence - DEBUG - fence.fence:10 - entering fence: StateBlock(line=51,level=2,tokens=31), 52, 445, True
2025-12-27 14:06:17 - 20251227_140616_ac1a7dad - markdown_it.rules_block.blockquote - DEBUG - blockquote.blockquote:13 - entering blockquote: StateBlock(line=51,level=2,tokens=31), 52, 445, True
2025-12-27 14:06:17 - 20251227_140616_ac1a7dad - markdown_it.rules_block.hr - DEBUG - hr.hr:14 - entering hr: StateBlock(line=51,level=2,tokens=31), 52, 445, True
2025-12-27 14:06:17 - 20251227_140616_ac1a7dad - markdown_it.rules_block.list - DEBUG - list.list_block:102 - entering list: StateBlock(line=51,level=2,tokens=31), 52, 445, True
2025-12-27 14:06:17 - 20251227_140616_ac1a7dad - markdown_it.rules_block.html_block - DEBUG - html_block.html_block:35 - entering html_block: StateBlock(line=51,level=2,tokens=31), 52, 445, True
2025-12-27 14:06:17 - 20251227_140616_ac1a7dad - markdown_it.rules_block.heading - DEBUG - heading.heading:13 - entering heading: StateBlock(line=51,level=2,tokens=31), 52, 445, True
2025-12-27 14:06:17 - 20251227_140616_ac1a7dad - markdown_it.rules_block.fence - DEBUG - fence.fence:10 - entering fence: StateBlock(line=51,level=2,tokens=31), 53, 445, True
2025-12-27 14:06:17 - 20251227_140616_ac1a7dad - markdown_it.rules_block.blockquote - DEBUG - blockquote.blockquote:13 - entering blockquote: StateBlock(line=51,level=2,tokens=31), 53, 445, True
2025-12-27 14:06:17 - 20251227_140616_ac1a7dad - markdown_it.rules_block.hr - DEBUG - hr.hr:14 - entering hr: StateBlock(line=51,level=2,tokens=31), 53, 445, True
2025-12-27 14:06:17 - 20251227_140616_ac1a7dad - markdown_it.rules_block.list - DEBUG - list.list_block:102 - entering list: StateBlock(line=51,level=2,tokens=31), 53, 445, True
2025-12-27 14:06:17 - 20251227_140616_ac1a7dad - markdown_it.rules_block.paragraph - DEBUG - paragraph.paragraph:10 - entering paragraph: StateBlock(line=51,level=2,tokens=31), 51, 445, False
2025-12-27 14:06:17 - 20251227_140616_ac1a7dad - markdown_it.rules_block.fence - DEBUG - fence.fence:10 - entering fence: StateBlock(line=51,level=2,tokens=31), 52, 445, True
2025-12-27 14:06:17 - 20251227_140616_ac1a7dad - markdown_it.rules_block.blockquote - DEBUG - blockquote.blockquote:13 - entering blockquote: StateBlock(line=51,level=2,tokens=31), 52, 445, True
2025-12-27 14:06:17 - 20251227_140616_ac1a7dad - markdown_it.rules_block.hr - DEBUG - hr.hr:14 - entering hr: StateBlock(line=51,level=2,tokens=31), 52, 445, True
2025-12-27 14:06:17 - 20251227_140616_ac1a7dad - markdown_it.rules_block.list - DEBUG - list.list_block:102 - entering list: StateBlock(line=51,level=2,tokens=31), 52, 445, True
2025-12-27 14:06:17 - 20251227_140616_ac1a7dad - markdown_it.rules_block.html_block - DEBUG - html_block.html_block:35 - entering html_block: StateBlock(line=51,level=2,tokens=31), 52, 445, True
2025-12-27 14:06:17 - 20251227_140616_ac1a7dad - markdown_it.rules_block.heading - DEBUG - heading.heading:13 - entering heading: StateBlock(line=51,level=2,tokens=31), 52, 445, True
2025-12-27 14:06:17 - 20251227_140616_ac1a7dad - markdown_it.rules_block.fence - DEBUG - fence.fence:10 - entering fence: StateBlock(line=51,level=2,tokens=31), 53, 445, True
2025-12-27 14:06:17 - 20251227_140616_ac1a7dad - markdown_it.rules_block.blockquote - DEBUG - blockquote.blockquote:13 - entering blockquote: StateBlock(line=51,level=2,tokens=31), 53, 445, True
2025-12-27 14:06:17 - 20251227_140616_ac1a7dad - markdown_it.rules_block.hr - DEBUG - hr.hr:14 - entering hr: StateBlock(line=51,level=2,tokens=31), 53, 445, True
2025-12-27 14:06:17 - 20251227_140616_ac1a7dad - markdown_it.rules_block.list - DEBUG - list.list_block:102 - entering list: StateBlock(line=51,level=2,tokens=31), 53, 445, True
2025-12-27 14:06:17 - 20251227_140616_ac1a7dad - markdown_it.rules_block.fence - DEBUG - fence.fence:10 - entering fence: StateBlock(line=53,level=1,tokens=35), 53, 445, True
2025-12-27 14:06:17 - 20251227_140616_ac1a7dad - markdown_it.rules_block.blockquote - DEBUG - blockquote.blockquote:13 - entering blockquote: StateBlock(line=53,level=1,tokens=35), 53, 445, True
2025-12-27 14:06:17 - 20251227_140616_ac1a7dad - markdown_it.rules_block.hr - DEBUG - hr.hr:14 - entering hr: StateBlock(line=53,level=1,tokens=35), 53, 445, True
2025-12-27 14:06:17 - 20251227_140616_ac1a7dad - markdown_it.rules_block.code - DEBUG - code.code:10 - entering code: StateBlock(line=53,level=2,tokens=36), 53, 445, False
2025-12-27 14:06:17 - 20251227_140616_ac1a7dad - markdown_it.rules_block.fence - DEBUG - fence.fence:10 - entering fence: StateBlock(line=53,level=2,tokens=36), 53, 445, False
2025-12-27 14:06:17 - 20251227_140616_ac1a7dad - markdown_it.rules_block.blockquote - DEBUG - blockquote.blockquote:13 - entering blockquote: StateBlock(line=53,level=2,tokens=36), 53, 445, False
2025-12-27 14:06:17 - 20251227_140616_ac1a7dad - markdown_it.rules_block.hr - DEBUG - hr.hr:14 - entering hr: StateBlock(line=53,level=2,tokens=36), 53, 445, False
2025-12-27 14:06:17 - 20251227_140616_ac1a7dad - markdown_it.rules_block.list - DEBUG - list.list_block:102 - entering list: StateBlock(line=53,level=2,tokens=36), 53, 445, False
2025-12-27 14:06:17 - 20251227_140616_ac1a7dad - markdown_it.rules_block.reference - DEBUG - reference.reference:10 - entering reference: StateBlock(line=53,level=2,tokens=36), 53, 445, False
2025-12-27 14:06:17 - 20251227_140616_ac1a7dad - markdown_it.rules_block.html_block - DEBUG - html_block.html_block:35 - entering html_block: StateBlock(line=53,level=2,tokens=36), 53, 445, False
2025-12-27 14:06:17 - 20251227_140616_ac1a7dad - markdown_it.rules_block.heading - DEBUG - heading.heading:13 - entering heading: StateBlock(line=53,level=2,tokens=36), 53, 445, False
2025-12-27 14:06:17 - 20251227_140616_ac1a7dad - markdown_it.rules_block.lheading - DEBUG - lheading.lheading:10 - entering lheading: StateBlock(line=53,level=2,tokens=36), 53, 445, False
2025-12-27 14:06:17 - 20251227_140616_ac1a7dad - markdown_it.rules_block.fence - DEBUG - fence.fence:10 - entering fence: StateBlock(line=53,level=2,tokens=36), 54, 445, True
2025-12-27 14:06:17 - 20251227_140616_ac1a7dad - markdown_it.rules_block.blockquote - DEBUG - blockquote.blockquote:13 - entering blockquote: StateBlock(line=53,level=2,tokens=36), 54, 445, True
2025-12-27 14:06:17 - 20251227_140616_ac1a7dad - markdown_it.rules_block.hr - DEBUG - hr.hr:14 - entering hr: StateBlock(line=53,level=2,tokens=36), 54, 445, True
2025-12-27 14:06:17 - 20251227_140616_ac1a7dad - markdown_it.rules_block.list - DEBUG - list.list_block:102 - entering list: StateBlock(line=53,level=2,tokens=36), 54, 445, True
2025-12-27 14:06:17 - 20251227_140616_ac1a7dad - markdown_it.rules_block.html_block - DEBUG - html_block.html_block:35 - entering html_block: StateBlock(line=53,level=2,tokens=36), 54, 445, True
2025-12-27 14:06:17 - 20251227_140616_ac1a7dad - markdown_it.rules_block.heading - DEBUG - heading.heading:13 - entering heading: StateBlock(line=53,level=2,tokens=36), 54, 445, True
2025-12-27 14:06:17 - 20251227_140616_ac1a7dad - markdown_it.rules_block.fence - DEBUG - fence.fence:10 - entering fence: StateBlock(line=53,level=2,tokens=36), 55, 445, True
2025-12-27 14:06:17 - 20251227_140616_ac1a7dad - markdown_it.rules_block.blockquote - DEBUG - blockquote.blockquote:13 - entering blockquote: StateBlock(line=53,level=2,tokens=36), 55, 445, True
2025-12-27 14:06:17 - 20251227_140616_ac1a7dad - markdown_it.rules_block.hr - DEBUG - hr.hr:14 - entering hr: StateBlock(line=53,level=2,tokens=36), 55, 445, True
2025-12-27 14:06:17 - 20251227_140616_ac1a7dad - markdown_it.rules_block.list - DEBUG - list.list_block:102 - entering list: StateBlock(line=53,level=2,tokens=36), 55, 445, True
2025-12-27 14:06:17 - 20251227_140616_ac1a7dad - markdown_it.rules_block.paragraph - DEBUG - paragraph.paragraph:10 - entering paragraph: StateBlock(line=53,level=2,tokens=36), 53, 445, False
2025-12-27 14:06:17 - 20251227_140616_ac1a7dad - markdown_it.rules_block.fence - DEBUG - fence.fence:10 - entering fence: StateBlock(line=53,level=2,tokens=36), 54, 445, True
2025-12-27 14:06:17 - 20251227_140616_ac1a7dad - markdown_it.rules_block.blockquote - DEBUG - blockquote.blockquote:13 - entering blockquote: StateBlock(line=53,level=2,tokens=36), 54, 445, True
2025-12-27 14:06:17 - 20251227_140616_ac1a7dad - markdown_it.rules_block.hr - DEBUG - hr.hr:14 - entering hr: StateBlock(line=53,level=2,tokens=36), 54, 445, True
2025-12-27 14:06:17 - 20251227_140616_ac1a7dad - markdown_it.rules_block.list - DEBUG - list.list_block:102 - entering list: StateBlock(line=53,level=2,tokens=36), 54, 445, True
2025-12-27 14:06:17 - 20251227_140616_ac1a7dad - markdown_it.rules_block.html_block - DEBUG - html_block.html_block:35 - entering html_block: StateBlock(line=53,level=2,tokens=36), 54, 445, True
2025-12-27 14:06:17 - 20251227_140616_ac1a7dad - markdown_it.rules_block.heading - DEBUG - heading.heading:13 - entering heading: StateBlock(line=53,level=2,tokens=36), 54, 445, True
2025-12-27 14:06:17 - 20251227_140616_ac1a7dad - markdown_it.rules_block.fence - DEBUG - fence.fence:10 - entering fence: StateBlock(line=53,level=2,tokens=36), 55, 445, True
2025-12-27 14:06:17 - 20251227_140616_ac1a7dad - markdown_it.rules_block.blockquote - DEBUG - blockquote.blockquote:13 - entering blockquote: StateBlock(line=53,level=2,tokens=36), 55, 445, True
2025-12-27 14:06:17 - 20251227_140616_ac1a7dad - markdown_it.rules_block.hr - DEBUG - hr.hr:14 - entering hr: StateBlock(line=53,level=2,tokens=36), 55, 445, True
2025-12-27 14:06:17 - 20251227_140616_ac1a7dad - markdown_it.rules_block.list - DEBUG - list.list_block:102 - entering list: StateBlock(line=53,level=2,tokens=36), 55, 445, True
2025-12-27 14:06:17 - 20251227_140616_ac1a7dad - markdown_it.rules_block.fence - DEBUG - fence.fence:10 - entering fence: StateBlock(line=55,level=1,tokens=40), 55, 445, True
2025-12-27 14:06:17 - 20251227_140616_ac1a7dad - markdown_it.rules_block.blockquote - DEBUG - blockquote.blockquote:13 - entering blockquote: StateBlock(line=55,level=1,tokens=40), 55, 445, True
2025-12-27 14:06:17 - 20251227_140616_ac1a7dad - markdown_it.rules_block.hr - DEBUG - hr.hr:14 - entering hr: StateBlock(line=55,level=1,tokens=40), 55, 445, True
2025-12-27 14:06:17 - 20251227_140616_ac1a7dad - markdown_it.rules_block.code - DEBUG - code.code:10 - entering code: StateBlock(line=55,level=2,tokens=41), 55, 445, False
2025-12-27 14:06:17 - 20251227_140616_ac1a7dad - markdown_it.rules_block.fence - DEBUG - fence.fence:10 - entering fence: StateBlock(line=55,level=2,tokens=41), 55, 445, False
2025-12-27 14:06:17 - 20251227_140616_ac1a7dad - markdown_it.rules_block.blockquote - DEBUG - blockquote.blockquote:13 - entering blockquote: StateBlock(line=55,level=2,tokens=41), 55, 445, False
2025-12-27 14:06:17 - 20251227_140616_ac1a7dad - markdown_it.rules_block.hr - DEBUG - hr.hr:14 - entering hr: StateBlock(line=55,level=2,tokens=41), 55, 445, False
2025-12-27 14:06:17 - 20251227_140616_ac1a7dad - markdown_it.rules_block.list - DEBUG - list.list_block:102 - entering list: StateBlock(line=55,level=2,tokens=41), 55, 445, False
2025-12-27 14:06:17 - 20251227_140616_ac1a7dad - markdown_it.rules_block.reference - DEBUG - reference.reference:10 - entering reference: StateBlock(line=55,level=2,tokens=41), 55, 445, False
2025-12-27 14:06:17 - 20251227_140616_ac1a7dad - markdown_it.rules_block.html_block - DEBUG - html_block.html_block:35 - entering html_block: StateBlock(line=55,level=2,tokens=41), 55, 445, False
2025-12-27 14:06:17 - 20251227_140616_ac1a7dad - markdown_it.rules_block.heading - DEBUG - heading.heading:13 - entering heading: StateBlock(line=55,level=2,tokens=41), 55, 445, False
2025-12-27 14:06:17 - 20251227_140616_ac1a7dad - markdown_it.rules_block.lheading - DEBUG - lheading.lheading:10 - entering lheading: StateBlock(line=55,level=2,tokens=41), 55, 445, False
2025-12-27 14:06:17 - 20251227_140616_ac1a7dad - markdown_it.rules_block.fence - DEBUG - fence.fence:10 - entering fence: StateBlock(line=55,level=2,tokens=41), 56, 445, True
2025-12-27 14:06:17 - 20251227_140616_ac1a7dad - markdown_it.rules_block.blockquote - DEBUG - blockquote.blockquote:13 - entering blockquote: StateBlock(line=55,level=2,tokens=41), 56, 445, True
2025-12-27 14:06:17 - 20251227_140616_ac1a7dad - markdown_it.rules_block.hr - DEBUG - hr.hr:14 - entering hr: StateBlock(line=55,level=2,tokens=41), 56, 445, True
2025-12-27 14:06:17 - 20251227_140616_ac1a7dad - markdown_it.rules_block.list - DEBUG - list.list_block:102 - entering list: StateBlock(line=55,level=2,tokens=41), 56, 445, True
2025-12-27 14:06:17 - 20251227_140616_ac1a7dad - markdown_it.rules_block.paragraph - DEBUG - paragraph.paragraph:10 - entering paragraph: StateBlock(line=55,level=2,tokens=41), 55, 445, False
2025-12-27 14:06:17 - 20251227_140616_ac1a7dad - markdown_it.rules_block.fence - DEBUG - fence.fence:10 - entering fence: StateBlock(line=55,level=2,tokens=41), 56, 445, True
2025-12-27 14:06:17 - 20251227_140616_ac1a7dad - markdown_it.rules_block.blockquote - DEBUG - blockquote.blockquote:13 - entering blockquote: StateBlock(line=55,level=2,tokens=41), 56, 445, True
2025-12-27 14:06:17 - 20251227_140616_ac1a7dad - markdown_it.rules_block.hr - DEBUG - hr.hr:14 - entering hr: StateBlock(line=55,level=2,tokens=41), 56, 445, True
2025-12-27 14:06:17 - 20251227_140616_ac1a7dad - markdown_it.rules_block.list - DEBUG - list.list_block:102 - entering list: StateBlock(line=55,level=2,tokens=41), 56, 445, True
2025-12-27 14:06:17 - 20251227_140616_ac1a7dad - markdown_it.rules_block.fence - DEBUG - fence.fence:10 - entering fence: StateBlock(line=56,level=1,tokens=45), 56, 445, True
2025-12-27 14:06:17 - 20251227_140616_ac1a7dad - markdown_it.rules_block.blockquote - DEBUG - blockquote.blockquote:13 - entering blockquote: StateBlock(line=56,level=1,tokens=45), 56, 445, True
2025-12-27 14:06:17 - 20251227_140616_ac1a7dad - markdown_it.rules_block.hr - DEBUG - hr.hr:14 - entering hr: StateBlock(line=56,level=1,tokens=45), 56, 445, True
2025-12-27 14:06:17 - 20251227_140616_ac1a7dad - markdown_it.rules_block.code - DEBUG - code.code:10 - entering code: StateBlock(line=56,level=2,tokens=46), 56, 445, False
2025-12-27 14:06:17 - 20251227_140616_ac1a7dad - markdown_it.rules_block.fence - DEBUG - fence.fence:10 - entering fence: StateBlock(line=56,level=2,tokens=46), 56, 445, False
2025-12-27 14:06:17 - 20251227_140616_ac1a7dad - markdown_it.rules_block.blockquote - DEBUG - blockquote.blockquote:13 - entering blockquote: StateBlock(line=56,level=2,tokens=46), 56, 445, False
2025-12-27 14:06:17 - 20251227_140616_ac1a7dad - markdown_it.rules_block.hr - DEBUG - hr.hr:14 - entering hr: StateBlock(line=56,level=2,tokens=46), 56, 445, False
2025-12-27 14:06:17 - 20251227_140616_ac1a7dad - markdown_it.rules_block.list - DEBUG - list.list_block:102 - entering list: StateBlock(line=56,level=2,tokens=46), 56, 445, False
2025-12-27 14:06:17 - 20251227_140616_ac1a7dad - markdown_it.rules_block.reference - DEBUG - reference.reference:10 - entering reference: StateBlock(line=56,level=2,tokens=46), 56, 445, False
2025-12-27 14:06:17 - 20251227_140616_ac1a7dad - markdown_it.rules_block.html_block - DEBUG - html_block.html_block:35 - entering html_block: StateBlock(line=56,level=2,tokens=46), 56, 445, False
2025-12-27 14:06:17 - 20251227_140616_ac1a7dad - markdown_it.rules_block.heading - DEBUG - heading.heading:13 - entering heading: StateBlock(line=56,level=2,tokens=46), 56, 445, False
2025-12-27 14:06:17 - 20251227_140616_ac1a7dad - markdown_it.rules_block.lheading - DEBUG - lheading.lheading:10 - entering lheading: StateBlock(line=56,level=2,tokens=46), 56, 445, False
2025-12-27 14:06:17 - 20251227_140616_ac1a7dad - markdown_it.rules_block.fence - DEBUG - fence.fence:10 - entering fence: StateBlock(line=56,level=2,tokens=46), 57, 445, True
2025-12-27 14:06:17 - 20251227_140616_ac1a7dad - markdown_it.rules_block.blockquote - DEBUG - blockquote.blockquote:13 - entering blockquote: StateBlock(line=56,level=2,tokens=46), 57, 445, True
2025-12-27 14:06:17 - 20251227_140616_ac1a7dad - markdown_it.rules_block.hr - DEBUG - hr.hr:14 - entering hr: StateBlock(line=56,level=2,tokens=46), 57, 445, True
2025-12-27 14:06:17 - 20251227_140616_ac1a7dad - markdown_it.rules_block.list - DEBUG - list.list_block:102 - entering list: StateBlock(line=56,level=2,tokens=46), 57, 445, True
2025-12-27 14:06:17 - 20251227_140616_ac1a7dad - markdown_it.rules_block.html_block - DEBUG - html_block.html_block:35 - entering html_block: StateBlock(line=56,level=2,tokens=46), 57, 445, True
2025-12-27 14:06:17 - 20251227_140616_ac1a7dad - markdown_it.rules_block.heading - DEBUG - heading.heading:13 - entering heading: StateBlock(line=56,level=2,tokens=46), 57, 445, True
2025-12-27 14:06:17 - 20251227_140616_ac1a7dad - markdown_it.rules_block.paragraph - DEBUG - paragraph.paragraph:10 - entering paragraph: StateBlock(line=56,level=2,tokens=46), 56, 445, False
2025-12-27 14:06:17 - 20251227_140616_ac1a7dad - markdown_it.rules_block.fence - DEBUG - fence.fence:10 - entering fence: StateBlock(line=56,level=2,tokens=46), 57, 445, True
2025-12-27 14:06:17 - 20251227_140616_ac1a7dad - markdown_it.rules_block.blockquote - DEBUG - blockquote.blockquote:13 - entering blockquote: StateBlock(line=56,level=2,tokens=46), 57, 445, True
2025-12-27 14:06:17 - 20251227_140616_ac1a7dad - markdown_it.rules_block.hr - DEBUG - hr.hr:14 - entering hr: StateBlock(line=56,level=2,tokens=46), 57, 445, True
2025-12-27 14:06:17 - 20251227_140616_ac1a7dad - markdown_it.rules_block.list - DEBUG - list.list_block:102 - entering list: StateBlock(line=56,level=2,tokens=46), 57, 445, True
2025-12-27 14:06:17 - 20251227_140616_ac1a7dad - markdown_it.rules_block.html_block - DEBUG - html_block.html_block:35 - entering html_block: StateBlock(line=56,level=2,tokens=46), 57, 445, True
2025-12-27 14:06:17 - 20251227_140616_ac1a7dad - markdown_it.rules_block.heading - DEBUG - heading.heading:13 - entering heading: StateBlock(line=56,level=2,tokens=46), 57, 445, True
2025-12-27 14:06:17 - 20251227_140616_ac1a7dad - markdown_it.rules_block.fence - DEBUG - fence.fence:10 - entering fence: StateBlock(line=59,level=1,tokens=50), 59, 445, True
2025-12-27 14:06:17 - 20251227_140616_ac1a7dad - markdown_it.rules_block.blockquote - DEBUG - blockquote.blockquote:13 - entering blockquote: StateBlock(line=59,level=1,tokens=50), 59, 445, True
2025-12-27 14:06:17 - 20251227_140616_ac1a7dad - markdown_it.rules_block.hr - DEBUG - hr.hr:14 - entering hr: StateBlock(line=59,level=1,tokens=50), 59, 445, True
2025-12-27 14:06:17 - 20251227_140616_ac1a7dad - markdown_it.rules_block.code - DEBUG - code.code:10 - entering code: StateBlock(line=59,level=0,tokens=51), 59, 445, False
2025-12-27 14:06:17 - 20251227_140616_ac1a7dad - markdown_it.rules_block.fence - DEBUG - fence.fence:10 - entering fence: StateBlock(line=59,level=0,tokens=51), 59, 445, False
2025-12-27 14:06:17 - 20251227_140616_ac1a7dad - markdown_it.rules_block.blockquote - DEBUG - blockquote.blockquote:13 - entering blockquote: StateBlock(line=59,level=0,tokens=51), 59, 445, False
2025-12-27 14:06:17 - 20251227_140616_ac1a7dad - markdown_it.rules_block.hr - DEBUG - hr.hr:14 - entering hr: StateBlock(line=59,level=0,tokens=51), 59, 445, False
2025-12-27 14:06:17 - 20251227_140616_ac1a7dad - markdown_it.rules_block.code - DEBUG - code.code:10 - entering code: StateBlock(line=61,level=0,tokens=52), 61, 445, False
2025-12-27 14:06:17 - 20251227_140616_ac1a7dad - markdown_it.rules_block.fence - DEBUG - fence.fence:10 - entering fence: StateBlock(line=61,level=0,tokens=52), 61, 445, False
2025-12-27 14:06:17 - 20251227_140616_ac1a7dad - markdown_it.rules_block.blockquote - DEBUG - blockquote.blockquote:13 - entering blockquote: StateBlock(line=61,level=0,tokens=52), 61, 445, False
2025-12-27 14:06:17 - 20251227_140616_ac1a7dad - markdown_it.rules_block.hr - DEBUG - hr.hr:14 - entering hr: StateBlock(line=61,level=0,tokens=52), 61, 445, False
2025-12-27 14:06:17 - 20251227_140616_ac1a7dad - markdown_it.rules_block.list - DEBUG - list.list_block:102 - entering list: StateBlock(line=61,level=0,tokens=52), 61, 445, False
2025-12-27 14:06:17 - 20251227_140616_ac1a7dad - markdown_it.rules_block.reference - DEBUG - reference.reference:10 - entering reference: StateBlock(line=61,level=0,tokens=52), 61, 445, False
2025-12-27 14:06:17 - 20251227_140616_ac1a7dad - markdown_it.rules_block.html_block - DEBUG - html_block.html_block:35 - entering html_block: StateBlock(line=61,level=0,tokens=52), 61, 445, False
2025-12-27 14:06:17 - 20251227_140616_ac1a7dad - markdown_it.rules_block.heading - DEBUG - heading.heading:13 - entering heading: StateBlock(line=61,level=0,tokens=52), 61, 445, False
2025-12-27 14:06:17 - 20251227_140616_ac1a7dad - markdown_it.rules_block.code - DEBUG - code.code:10 - entering code: StateBlock(line=63,level=0,tokens=55), 63, 445, False
2025-12-27 14:06:17 - 20251227_140616_ac1a7dad - markdown_it.rules_block.fence - DEBUG - fence.fence:10 - entering fence: StateBlock(line=63,level=0,tokens=55), 63, 445, False
2025-12-27 14:06:17 - 20251227_140616_ac1a7dad - markdown_it.rules_block.blockquote - DEBUG - blockquote.blockquote:13 - entering blockquote: StateBlock(line=63,level=0,tokens=55), 63, 445, False
2025-12-27 14:06:17 - 20251227_140616_ac1a7dad - markdown_it.rules_block.hr - DEBUG - hr.hr:14 - entering hr: StateBlock(line=63,level=0,tokens=55), 63, 445, False
2025-12-27 14:06:17 - 20251227_140616_ac1a7dad - markdown_it.rules_block.list - DEBUG - list.list_block:102 - entering list: StateBlock(line=63,level=0,tokens=55), 63, 445, False
2025-12-27 14:06:17 - 20251227_140616_ac1a7dad - markdown_it.rules_block.reference - DEBUG - reference.reference:10 - entering reference: StateBlock(line=63,level=0,tokens=55), 63, 445, False
2025-12-27 14:06:17 - 20251227_140616_ac1a7dad - markdown_it.rules_block.html_block - DEBUG - html_block.html_block:35 - entering html_block: StateBlock(line=63,level=0,tokens=55), 63, 445, False
2025-12-27 14:06:17 - 20251227_140616_ac1a7dad - markdown_it.rules_block.heading - DEBUG - heading.heading:13 - entering heading: StateBlock(line=63,level=0,tokens=55), 63, 445, False
2025-12-27 14:06:17 - 20251227_140616_ac1a7dad - markdown_it.rules_block.lheading - DEBUG - lheading.lheading:10 - entering lheading: StateBlock(line=63,level=0,tokens=55), 63, 445, False
2025-12-27 14:06:17 - 20251227_140616_ac1a7dad - markdown_it.rules_block.paragraph - DEBUG - paragraph.paragraph:10 - entering paragraph: StateBlock(line=63,level=0,tokens=55), 63, 445, False
2025-12-27 14:06:17 - 20251227_140616_ac1a7dad - markdown_it.rules_block.code - DEBUG - code.code:10 - entering code: StateBlock(line=65,level=0,tokens=58), 65, 445, False
2025-12-27 14:06:17 - 20251227_140616_ac1a7dad - markdown_it.rules_block.fence - DEBUG - fence.fence:10 - entering fence: StateBlock(line=65,level=0,tokens=58), 65, 445, False
2025-12-27 14:06:17 - 20251227_140616_ac1a7dad - markdown_it.rules_block.blockquote - DEBUG - blockquote.blockquote:13 - entering blockquote: StateBlock(line=65,level=0,tokens=58), 65, 445, False
2025-12-27 14:06:17 - 20251227_140616_ac1a7dad - markdown_it.rules_block.code - DEBUG - code.code:10 - entering code: StateBlock(line=65,level=1,tokens=59), 65, 66, False
2025-12-27 14:06:17 - 20251227_140616_ac1a7dad - markdown_it.rules_block.fence - DEBUG - fence.fence:10 - entering fence: StateBlock(line=65,level=1,tokens=59), 65, 66, False
2025-12-27 14:06:17 - 20251227_140616_ac1a7dad - markdown_it.rules_block.blockquote - DEBUG - blockquote.blockquote:13 - entering blockquote: StateBlock(line=65,level=1,tokens=59), 65, 66, False
2025-12-27 14:06:17 - 20251227_140616_ac1a7dad - markdown_it.rules_block.hr - DEBUG - hr.hr:14 - entering hr: StateBlock(line=65,level=1,tokens=59), 65, 66, False
2025-12-27 14:06:17 - 20251227_140616_ac1a7dad - markdown_it.rules_block.list - DEBUG - list.list_block:102 - entering list: StateBlock(line=65,level=1,tokens=59), 65, 66, False
2025-12-27 14:06:17 - 20251227_140616_ac1a7dad - markdown_it.rules_block.reference - DEBUG - reference.reference:10 - entering reference: StateBlock(line=65,level=1,tokens=59), 65, 66, False
2025-12-27 14:06:17 - 20251227_140616_ac1a7dad - markdown_it.rules_block.html_block - DEBUG - html_block.html_block:35 - entering html_block: StateBlock(line=65,level=1,tokens=59), 65, 66, False
2025-12-27 14:06:17 - 20251227_140616_ac1a7dad - markdown_it.rules_block.heading - DEBUG - heading.heading:13 - entering heading: StateBlock(line=65,level=1,tokens=59), 65, 66, False
2025-12-27 14:06:17 - 20251227_140616_ac1a7dad - markdown_it.rules_block.lheading - DEBUG - lheading.lheading:10 - entering lheading: StateBlock(line=65,level=1,tokens=59), 65, 66, False
2025-12-27 14:06:17 - 20251227_140616_ac1a7dad - markdown_it.rules_block.paragraph - DEBUG - paragraph.paragraph:10 - entering paragraph: StateBlock(line=65,level=1,tokens=59), 65, 66, False
2025-12-27 14:06:17 - 20251227_140616_ac1a7dad - markdown_it.rules_block.code - DEBUG - code.code:10 - entering code: StateBlock(line=67,level=0,tokens=63), 67, 445, False
2025-12-27 14:06:17 - 20251227_140616_ac1a7dad - markdown_it.rules_block.fence - DEBUG - fence.fence:10 - entering fence: StateBlock(line=67,level=0,tokens=63), 67, 445, False
2025-12-27 14:06:17 - 20251227_140616_ac1a7dad - markdown_it.rules_block.blockquote - DEBUG - blockquote.blockquote:13 - entering blockquote: StateBlock(line=67,level=0,tokens=63), 67, 445, False
2025-12-27 14:06:17 - 20251227_140616_ac1a7dad - markdown_it.rules_block.hr - DEBUG - hr.hr:14 - entering hr: StateBlock(line=67,level=0,tokens=63), 67, 445, False
2025-12-27 14:06:17 - 20251227_140616_ac1a7dad - markdown_it.rules_block.list - DEBUG - list.list_block:102 - entering list: StateBlock(line=67,level=0,tokens=63), 67, 445, False
2025-12-27 14:06:17 - 20251227_140616_ac1a7dad - markdown_it.rules_block.reference - DEBUG - reference.reference:10 - entering reference: StateBlock(line=67,level=0,tokens=63), 67, 445, False
2025-12-27 14:06:17 - 20251227_140616_ac1a7dad - markdown_it.rules_block.html_block - DEBUG - html_block.html_block:35 - entering html_block: StateBlock(line=67,level=0,tokens=63), 67, 445, False
2025-12-27 14:06:17 - 20251227_140616_ac1a7dad - markdown_it.rules_block.heading - DEBUG - heading.heading:13 - entering heading: StateBlock(line=67,level=0,tokens=63), 67, 445, False
2025-12-27 14:06:17 - 20251227_140616_ac1a7dad - markdown_it.rules_block.code - DEBUG - code.code:10 - entering code: StateBlock(line=69,level=0,tokens=66), 69, 445, False
2025-12-27 14:06:17 - 20251227_140616_ac1a7dad - markdown_it.rules_block.fence - DEBUG - fence.fence:10 - entering fence: StateBlock(line=69,level=0,tokens=66), 69, 445, False
2025-12-27 14:06:17 - 20251227_140616_ac1a7dad - markdown_it.rules_block.blockquote - DEBUG - blockquote.blockquote:13 - entering blockquote: StateBlock(line=69,level=0,tokens=66), 69, 445, False
2025-12-27 14:06:17 - 20251227_140616_ac1a7dad - markdown_it.rules_block.hr - DEBUG - hr.hr:14 - entering hr: StateBlock(line=69,level=0,tokens=66), 69, 445, False
2025-12-27 14:06:17 - 20251227_140616_ac1a7dad - markdown_it.rules_block.list - DEBUG - list.list_block:102 - entering list: StateBlock(line=69,level=0,tokens=66), 69, 445, False
2025-12-27 14:06:17 - 20251227_140616_ac1a7dad - markdown_it.rules_block.code - DEBUG - code.code:10 - entering code: StateBlock(line=69,level=2,tokens=68), 69, 445, False
2025-12-27 14:06:17 - 20251227_140616_ac1a7dad - markdown_it.rules_block.fence - DEBUG - fence.fence:10 - entering fence: StateBlock(line=69,level=2,tokens=68), 69, 445, False
2025-12-27 14:06:17 - 20251227_140616_ac1a7dad - markdown_it.rules_block.blockquote - DEBUG - blockquote.blockquote:13 - entering blockquote: StateBlock(line=69,level=2,tokens=68), 69, 445, False
2025-12-27 14:06:17 - 20251227_140616_ac1a7dad - markdown_it.rules_block.hr - DEBUG - hr.hr:14 - entering hr: StateBlock(line=69,level=2,tokens=68), 69, 445, False
2025-12-27 14:06:17 - 20251227_140616_ac1a7dad - markdown_it.rules_block.list - DEBUG - list.list_block:102 - entering list: StateBlock(line=69,level=2,tokens=68), 69, 445, False
2025-12-27 14:06:17 - 20251227_140616_ac1a7dad - markdown_it.rules_block.reference - DEBUG - reference.reference:10 - entering reference: StateBlock(line=69,level=2,tokens=68), 69, 445, False
2025-12-27 14:06:17 - 20251227_140616_ac1a7dad - markdown_it.rules_block.html_block - DEBUG - html_block.html_block:35 - entering html_block: StateBlock(line=69,level=2,tokens=68), 69, 445, False
2025-12-27 14:06:17 - 20251227_140616_ac1a7dad - markdown_it.rules_block.heading - DEBUG - heading.heading:13 - entering heading: StateBlock(line=69,level=2,tokens=68), 69, 445, False
2025-12-27 14:06:17 - 20251227_140616_ac1a7dad - markdown_it.rules_block.lheading - DEBUG - lheading.lheading:10 - entering lheading: StateBlock(line=69,level=2,tokens=68), 69, 445, False
2025-12-27 14:06:17 - 20251227_140616_ac1a7dad - markdown_it.rules_block.fence - DEBUG - fence.fence:10 - entering fence: StateBlock(line=69,level=2,tokens=68), 70, 445, True
2025-12-27 14:06:17 - 20251227_140616_ac1a7dad - markdown_it.rules_block.blockquote - DEBUG - blockquote.blockquote:13 - entering blockquote: StateBlock(line=69,level=2,tokens=68), 70, 445, True
2025-12-27 14:06:17 - 20251227_140616_ac1a7dad - markdown_it.rules_block.hr - DEBUG - hr.hr:14 - entering hr: StateBlock(line=69,level=2,tokens=68), 70, 445, True
2025-12-27 14:06:17 - 20251227_140616_ac1a7dad - markdown_it.rules_block.list - DEBUG - list.list_block:102 - entering list: StateBlock(line=69,level=2,tokens=68), 70, 445, True
2025-12-27 14:06:17 - 20251227_140616_ac1a7dad - markdown_it.rules_block.html_block - DEBUG - html_block.html_block:35 - entering html_block: StateBlock(line=69,level=2,tokens=68), 70, 445, True
2025-12-27 14:06:17 - 20251227_140616_ac1a7dad - markdown_it.rules_block.heading - DEBUG - heading.heading:13 - entering heading: StateBlock(line=69,level=2,tokens=68), 70, 445, True
2025-12-27 14:06:17 - 20251227_140616_ac1a7dad - markdown_it.rules_block.fence - DEBUG - fence.fence:10 - entering fence: StateBlock(line=69,level=2,tokens=68), 71, 445, True
2025-12-27 14:06:17 - 20251227_140616_ac1a7dad - markdown_it.rules_block.blockquote - DEBUG - blockquote.blockquote:13 - entering blockquote: StateBlock(line=69,level=2,tokens=68), 71, 445, True
2025-12-27 14:06:17 - 20251227_140616_ac1a7dad - markdown_it.rules_block.hr - DEBUG - hr.hr:14 - entering hr: StateBlock(line=69,level=2,tokens=68), 71, 445, True
2025-12-27 14:06:17 - 20251227_140616_ac1a7dad - markdown_it.rules_block.list - DEBUG - list.list_block:102 - entering list: StateBlock(line=69,level=2,tokens=68), 71, 445, True
2025-12-27 14:06:17 - 20251227_140616_ac1a7dad - markdown_it.rules_block.paragraph - DEBUG - paragraph.paragraph:10 - entering paragraph: StateBlock(line=69,level=2,tokens=68), 69, 445, False
2025-12-27 14:06:17 - 20251227_140616_ac1a7dad - markdown_it.rules_block.fence - DEBUG - fence.fence:10 - entering fence: StateBlock(line=69,level=2,tokens=68), 70, 445, True
2025-12-27 14:06:17 - 20251227_140616_ac1a7dad - markdown_it.rules_block.blockquote - DEBUG - blockquote.blockquote:13 - entering blockquote: StateBlock(line=69,level=2,tokens=68), 70, 445, True
2025-12-27 14:06:17 - 20251227_140616_ac1a7dad - markdown_it.rules_block.hr - DEBUG - hr.hr:14 - entering hr: StateBlock(line=69,level=2,tokens=68), 70, 445, True
2025-12-27 14:06:17 - 20251227_140616_ac1a7dad - markdown_it.rules_block.list - DEBUG - list.list_block:102 - entering list: StateBlock(line=69,level=2,tokens=68), 70, 445, True
2025-12-27 14:06:17 - 20251227_140616_ac1a7dad - markdown_it.rules_block.html_block - DEBUG - html_block.html_block:35 - entering html_block: StateBlock(line=69,level=2,tokens=68), 70, 445, True
2025-12-27 14:06:17 - 20251227_140616_ac1a7dad - markdown_it.rules_block.heading - DEBUG - heading.heading:13 - entering heading: StateBlock(line=69,level=2,tokens=68), 70, 445, True
2025-12-27 14:06:17 - 20251227_140616_ac1a7dad - markdown_it.rules_block.fence - DEBUG - fence.fence:10 - entering fence: StateBlock(line=69,level=2,tokens=68), 71, 445, True
2025-12-27 14:06:17 - 20251227_140616_ac1a7dad - markdown_it.rules_block.blockquote - DEBUG - blockquote.blockquote:13 - entering blockquote: StateBlock(line=69,level=2,tokens=68), 71, 445, True
2025-12-27 14:06:17 - 20251227_140616_ac1a7dad - markdown_it.rules_block.hr - DEBUG - hr.hr:14 - entering hr: StateBlock(line=69,level=2,tokens=68), 71, 445, True
2025-12-27 14:06:17 - 20251227_140616_ac1a7dad - markdown_it.rules_block.list - DEBUG - list.list_block:102 - entering list: StateBlock(line=69,level=2,tokens=68), 71, 445, True
2025-12-27 14:06:17 - 20251227_140616_ac1a7dad - markdown_it.rules_block.fence - DEBUG - fence.fence:10 - entering fence: StateBlock(line=71,level=1,tokens=72), 71, 445, True
2025-12-27 14:06:17 - 20251227_140616_ac1a7dad - markdown_it.rules_block.blockquote - DEBUG - blockquote.blockquote:13 - entering blockquote: StateBlock(line=71,level=1,tokens=72), 71, 445, True
2025-12-27 14:06:17 - 20251227_140616_ac1a7dad - markdown_it.rules_block.hr - DEBUG - hr.hr:14 - entering hr: StateBlock(line=71,level=1,tokens=72), 71, 445, True
2025-12-27 14:06:17 - 20251227_140616_ac1a7dad - markdown_it.rules_block.code - DEBUG - code.code:10 - entering code: StateBlock(line=71,level=2,tokens=73), 71, 445, False
2025-12-27 14:06:17 - 20251227_140616_ac1a7dad - markdown_it.rules_block.fence - DEBUG - fence.fence:10 - entering fence: StateBlock(line=71,level=2,tokens=73), 71, 445, False
2025-12-27 14:06:17 - 20251227_140616_ac1a7dad - markdown_it.rules_block.blockquote - DEBUG - blockquote.blockquote:13 - entering blockquote: StateBlock(line=71,level=2,tokens=73), 71, 445, False
2025-12-27 14:06:17 - 20251227_140616_ac1a7dad - markdown_it.rules_block.hr - DEBUG - hr.hr:14 - entering hr: StateBlock(line=71,level=2,tokens=73), 71, 445, False
2025-12-27 14:06:17 - 20251227_140616_ac1a7dad - markdown_it.rules_block.list - DEBUG - list.list_block:102 - entering list: StateBlock(line=71,level=2,tokens=73), 71, 445, False
2025-12-27 14:06:17 - 20251227_140616_ac1a7dad - markdown_it.rules_block.reference - DEBUG - reference.reference:10 - entering reference: StateBlock(line=71,level=2,tokens=73), 71, 445, False
2025-12-27 14:06:17 - 20251227_140616_ac1a7dad - markdown_it.rules_block.html_block - DEBUG - html_block.html_block:35 - entering html_block: StateBlock(line=71,level=2,tokens=73), 71, 445, False
2025-12-27 14:06:17 - 20251227_140616_ac1a7dad - markdown_it.rules_block.heading - DEBUG - heading.heading:13 - entering heading: StateBlock(line=71,level=2,tokens=73), 71, 445, False
2025-12-27 14:06:17 - 20251227_140616_ac1a7dad - markdown_it.rules_block.lheading - DEBUG - lheading.lheading:10 - entering lheading: StateBlock(line=71,level=2,tokens=73), 71, 445, False
2025-12-27 14:06:17 - 20251227_140616_ac1a7dad - markdown_it.rules_block.fence - DEBUG - fence.fence:10 - entering fence: StateBlock(line=71,level=2,tokens=73), 72, 445, True
2025-12-27 14:06:17 - 20251227_140616_ac1a7dad - markdown_it.rules_block.blockquote - DEBUG - blockquote.blockquote:13 - entering blockquote: StateBlock(line=71,level=2,tokens=73), 72, 445, True
2025-12-27 14:06:17 - 20251227_140616_ac1a7dad - markdown_it.rules_block.hr - DEBUG - hr.hr:14 - entering hr: StateBlock(line=71,level=2,tokens=73), 72, 445, True
2025-12-27 14:06:17 - 20251227_140616_ac1a7dad - markdown_it.rules_block.list - DEBUG - list.list_block:102 - entering list: StateBlock(line=71,level=2,tokens=73), 72, 445, True
2025-12-27 14:06:17 - 20251227_140616_ac1a7dad - markdown_it.rules_block.paragraph - DEBUG - paragraph.paragraph:10 - entering paragraph: StateBlock(line=71,level=2,tokens=73), 71, 445, False
2025-12-27 14:06:17 - 20251227_140616_ac1a7dad - markdown_it.rules_block.fence - DEBUG - fence.fence:10 - entering fence: StateBlock(line=71,level=2,tokens=73), 72, 445, True
2025-12-27 14:06:17 - 20251227_140616_ac1a7dad - markdown_it.rules_block.blockquote - DEBUG - blockquote.blockquote:13 - entering blockquote: StateBlock(line=71,level=2,tokens=73), 72, 445, True
2025-12-27 14:06:17 - 20251227_140616_ac1a7dad - markdown_it.rules_block.hr - DEBUG - hr.hr:14 - entering hr: StateBlock(line=71,level=2,tokens=73), 72, 445, True
2025-12-27 14:06:17 - 20251227_140616_ac1a7dad - markdown_it.rules_block.list - DEBUG - list.list_block:102 - entering list: StateBlock(line=71,level=2,tokens=73), 72, 445, True
2025-12-27 14:06:17 - 20251227_140616_ac1a7dad - markdown_it.rules_block.fence - DEBUG - fence.fence:10 - entering fence: StateBlock(line=72,level=1,tokens=77), 72, 445, True
2025-12-27 14:06:17 - 20251227_140616_ac1a7dad - markdown_it.rules_block.blockquote - DEBUG - blockquote.blockquote:13 - entering blockquote: StateBlock(line=72,level=1,tokens=77), 72, 445, True
2025-12-27 14:06:17 - 20251227_140616_ac1a7dad - markdown_it.rules_block.hr - DEBUG - hr.hr:14 - entering hr: StateBlock(line=72,level=1,tokens=77), 72, 445, True
2025-12-27 14:06:17 - 20251227_140616_ac1a7dad - markdown_it.rules_block.code - DEBUG - code.code:10 - entering code: StateBlock(line=72,level=2,tokens=78), 72, 445, False
2025-12-27 14:06:17 - 20251227_140616_ac1a7dad - markdown_it.rules_block.fence - DEBUG - fence.fence:10 - entering fence: StateBlock(line=72,level=2,tokens=78), 72, 445, False
2025-12-27 14:06:17 - 20251227_140616_ac1a7dad - markdown_it.rules_block.blockquote - DEBUG - blockquote.blockquote:13 - entering blockquote: StateBlock(line=72,level=2,tokens=78), 72, 445, False
2025-12-27 14:06:17 - 20251227_140616_ac1a7dad - markdown_it.rules_block.hr - DEBUG - hr.hr:14 - entering hr: StateBlock(line=72,level=2,tokens=78), 72, 445, False
2025-12-27 14:06:17 - 20251227_140616_ac1a7dad - markdown_it.rules_block.list - DEBUG - list.list_block:102 - entering list: StateBlock(line=72,level=2,tokens=78), 72, 445, False
2025-12-27 14:06:17 - 20251227_140616_ac1a7dad - markdown_it.rules_block.reference - DEBUG - reference.reference:10 - entering reference: StateBlock(line=72,level=2,tokens=78), 72, 445, False
2025-12-27 14:06:17 - 20251227_140616_ac1a7dad - markdown_it.rules_block.html_block - DEBUG - html_block.html_block:35 - entering html_block: StateBlock(line=72,level=2,tokens=78), 72, 445, False
2025-12-27 14:06:17 - 20251227_140616_ac1a7dad - markdown_it.rules_block.heading - DEBUG - heading.heading:13 - entering heading: StateBlock(line=72,level=2,tokens=78), 72, 445, False
2025-12-27 14:06:17 - 20251227_140616_ac1a7dad - markdown_it.rules_block.lheading - DEBUG - lheading.lheading:10 - entering lheading: StateBlock(line=72,level=2,tokens=78), 72, 445, False
2025-12-27 14:06:17 - 20251227_140616_ac1a7dad - markdown_it.rules_block.fence - DEBUG - fence.fence:10 - entering fence: StateBlock(line=72,level=2,tokens=78), 73, 445, True
2025-12-27 14:06:17 - 20251227_140616_ac1a7dad - markdown_it.rules_block.blockquote - DEBUG - blockquote.blockquote:13 - entering blockquote: StateBlock(line=72,level=2,tokens=78), 73, 445, True
2025-12-27 14:06:17 - 20251227_140616_ac1a7dad - markdown_it.rules_block.hr - DEBUG - hr.hr:14 - entering hr: StateBlock(line=72,level=2,tokens=78), 73, 445, True
2025-12-27 14:06:17 - 20251227_140616_ac1a7dad - markdown_it.rules_block.list - DEBUG - list.list_block:102 - entering list: StateBlock(line=72,level=2,tokens=78), 73, 445, True
2025-12-27 14:06:17 - 20251227_140616_ac1a7dad - markdown_it.rules_block.paragraph - DEBUG - paragraph.paragraph:10 - entering paragraph: StateBlock(line=72,level=2,tokens=78), 72, 445, False
2025-12-27 14:06:17 - 20251227_140616_ac1a7dad - markdown_it.rules_block.fence - DEBUG - fence.fence:10 - entering fence: StateBlock(line=72,level=2,tokens=78), 73, 445, True
2025-12-27 14:06:17 - 20251227_140616_ac1a7dad - markdown_it.rules_block.blockquote - DEBUG - blockquote.blockquote:13 - entering blockquote: StateBlock(line=72,level=2,tokens=78), 73, 445, True
2025-12-27 14:06:17 - 20251227_140616_ac1a7dad - markdown_it.rules_block.hr - DEBUG - hr.hr:14 - entering hr: StateBlock(line=72,level=2,tokens=78), 73, 445, True
2025-12-27 14:06:17 - 20251227_140616_ac1a7dad - markdown_it.rules_block.list - DEBUG - list.list_block:102 - entering list: StateBlock(line=72,level=2,tokens=78), 73, 445, True
2025-12-27 14:06:17 - 20251227_140616_ac1a7dad - markdown_it.rules_block.fence - DEBUG - fence.fence:10 - entering fence: StateBlock(line=73,level=1,tokens=82), 73, 445, True
2025-12-27 14:06:17 - 20251227_140616_ac1a7dad - markdown_it.rules_block.blockquote - DEBUG - blockquote.blockquote:13 - entering blockquote: StateBlock(line=73,level=1,tokens=82), 73, 445, True
2025-12-27 14:06:17 - 20251227_140616_ac1a7dad - markdown_it.rules_block.hr - DEBUG - hr.hr:14 - entering hr: StateBlock(line=73,level=1,tokens=82), 73, 445, True
2025-12-27 14:06:17 - 20251227_140616_ac1a7dad - markdown_it.rules_block.code - DEBUG - code.code:10 - entering code: StateBlock(line=73,level=2,tokens=83), 73, 445, False
2025-12-27 14:06:17 - 20251227_140616_ac1a7dad - markdown_it.rules_block.fence - DEBUG - fence.fence:10 - entering fence: StateBlock(line=73,level=2,tokens=83), 73, 445, False
2025-12-27 14:06:17 - 20251227_140616_ac1a7dad - markdown_it.rules_block.blockquote - DEBUG - blockquote.blockquote:13 - entering blockquote: StateBlock(line=73,level=2,tokens=83), 73, 445, False
2025-12-27 14:06:17 - 20251227_140616_ac1a7dad - markdown_it.rules_block.hr - DEBUG - hr.hr:14 - entering hr: StateBlock(line=73,level=2,tokens=83), 73, 445, False
2025-12-27 14:06:17 - 20251227_140616_ac1a7dad - markdown_it.rules_block.list - DEBUG - list.list_block:102 - entering list: StateBlock(line=73,level=2,tokens=83), 73, 445, False
2025-12-27 14:06:17 - 20251227_140616_ac1a7dad - markdown_it.rules_block.reference - DEBUG - reference.reference:10 - entering reference: StateBlock(line=73,level=2,tokens=83), 73, 445, False
2025-12-27 14:06:17 - 20251227_140616_ac1a7dad - markdown_it.rules_block.html_block - DEBUG - html_block.html_block:35 - entering html_block: StateBlock(line=73,level=2,tokens=83), 73, 445, False
2025-12-27 14:06:17 - 20251227_140616_ac1a7dad - markdown_it.rules_block.heading - DEBUG - heading.heading:13 - entering heading: StateBlock(line=73,level=2,tokens=83), 73, 445, False
2025-12-27 14:06:17 - 20251227_140616_ac1a7dad - markdown_it.rules_block.lheading - DEBUG - lheading.lheading:10 - entering lheading: StateBlock(line=73,level=2,tokens=83), 73, 445, False
2025-12-27 14:06:17 - 20251227_140616_ac1a7dad - markdown_it.rules_block.paragraph - DEBUG - paragraph.paragraph:10 - entering paragraph: StateBlock(line=73,level=2,tokens=83), 73, 445, False
2025-12-27 14:06:17 - 20251227_140616_ac1a7dad - markdown_it.rules_block.fence - DEBUG - fence.fence:10 - entering fence: StateBlock(line=75,level=1,tokens=87), 75, 445, True
2025-12-27 14:06:17 - 20251227_140616_ac1a7dad - markdown_it.rules_block.blockquote - DEBUG - blockquote.blockquote:13 - entering blockquote: StateBlock(line=75,level=1,tokens=87), 75, 445, True
2025-12-27 14:06:17 - 20251227_140616_ac1a7dad - markdown_it.rules_block.hr - DEBUG - hr.hr:14 - entering hr: StateBlock(line=75,level=1,tokens=87), 75, 445, True
2025-12-27 14:06:17 - 20251227_140616_ac1a7dad - markdown_it.rules_block.code - DEBUG - code.code:10 - entering code: StateBlock(line=75,level=0,tokens=88), 75, 445, False
2025-12-27 14:06:17 - 20251227_140616_ac1a7dad - markdown_it.rules_block.fence - DEBUG - fence.fence:10 - entering fence: StateBlock(line=75,level=0,tokens=88), 75, 445, False
2025-12-27 14:06:17 - 20251227_140616_ac1a7dad - markdown_it.rules_block.blockquote - DEBUG - blockquote.blockquote:13 - entering blockquote: StateBlock(line=75,level=0,tokens=88), 75, 445, False
2025-12-27 14:06:17 - 20251227_140616_ac1a7dad - markdown_it.rules_block.hr - DEBUG - hr.hr:14 - entering hr: StateBlock(line=75,level=0,tokens=88), 75, 445, False
2025-12-27 14:06:17 - 20251227_140616_ac1a7dad - markdown_it.rules_block.code - DEBUG - code.code:10 - entering code: StateBlock(line=77,level=0,tokens=89), 77, 445, False
2025-12-27 14:06:17 - 20251227_140616_ac1a7dad - markdown_it.rules_block.fence - DEBUG - fence.fence:10 - entering fence: StateBlock(line=77,level=0,tokens=89), 77, 445, False
2025-12-27 14:06:17 - 20251227_140616_ac1a7dad - markdown_it.rules_block.blockquote - DEBUG - blockquote.blockquote:13 - entering blockquote: StateBlock(line=77,level=0,tokens=89), 77, 445, False
2025-12-27 14:06:17 - 20251227_140616_ac1a7dad - markdown_it.rules_block.hr - DEBUG - hr.hr:14 - entering hr: StateBlock(line=77,level=0,tokens=89), 77, 445, False
2025-12-27 14:06:17 - 20251227_140616_ac1a7dad - markdown_it.rules_block.list - DEBUG - list.list_block:102 - entering list: StateBlock(line=77,level=0,tokens=89), 77, 445, False
2025-12-27 14:06:17 - 20251227_140616_ac1a7dad - markdown_it.rules_block.reference - DEBUG - reference.reference:10 - entering reference: StateBlock(line=77,level=0,tokens=89), 77, 445, False
2025-12-27 14:06:17 - 20251227_140616_ac1a7dad - markdown_it.rules_block.html_block - DEBUG - html_block.html_block:35 - entering html_block: StateBlock(line=77,level=0,tokens=89), 77, 445, False
2025-12-27 14:06:17 - 20251227_140616_ac1a7dad - markdown_it.rules_block.heading - DEBUG - heading.heading:13 - entering heading: StateBlock(line=77,level=0,tokens=89), 77, 445, False
2025-12-27 14:06:17 - 20251227_140616_ac1a7dad - markdown_it.rules_block.code - DEBUG - code.code:10 - entering code: StateBlock(line=79,level=0,tokens=92), 79, 445, False
2025-12-27 14:06:17 - 20251227_140616_ac1a7dad - markdown_it.rules_block.fence - DEBUG - fence.fence:10 - entering fence: StateBlock(line=79,level=0,tokens=92), 79, 445, False
2025-12-27 14:06:17 - 20251227_140616_ac1a7dad - markdown_it.rules_block.blockquote - DEBUG - blockquote.blockquote:13 - entering blockquote: StateBlock(line=79,level=0,tokens=92), 79, 445, False
2025-12-27 14:06:17 - 20251227_140616_ac1a7dad - markdown_it.rules_block.hr - DEBUG - hr.hr:14 - entering hr: StateBlock(line=79,level=0,tokens=92), 79, 445, False
2025-12-27 14:06:17 - 20251227_140616_ac1a7dad - markdown_it.rules_block.list - DEBUG - list.list_block:102 - entering list: StateBlock(line=79,level=0,tokens=92), 79, 445, False
2025-12-27 14:06:17 - 20251227_140616_ac1a7dad - markdown_it.rules_block.reference - DEBUG - reference.reference:10 - entering reference: StateBlock(line=79,level=0,tokens=92), 79, 445, False
2025-12-27 14:06:17 - 20251227_140616_ac1a7dad - markdown_it.rules_block.html_block - DEBUG - html_block.html_block:35 - entering html_block: StateBlock(line=79,level=0,tokens=92), 79, 445, False
2025-12-27 14:06:17 - 20251227_140616_ac1a7dad - markdown_it.rules_block.heading - DEBUG - heading.heading:13 - entering heading: StateBlock(line=79,level=0,tokens=92), 79, 445, False
2025-12-27 14:06:17 - 20251227_140616_ac1a7dad - markdown_it.rules_block.lheading - DEBUG - lheading.lheading:10 - entering lheading: StateBlock(line=79,level=0,tokens=92), 79, 445, False
2025-12-27 14:06:17 - 20251227_140616_ac1a7dad - markdown_it.rules_block.paragraph - DEBUG - paragraph.paragraph:10 - entering paragraph: StateBlock(line=79,level=0,tokens=92), 79, 445, False
2025-12-27 14:06:17 - 20251227_140616_ac1a7dad - markdown_it.rules_block.code - DEBUG - code.code:10 - entering code: StateBlock(line=81,level=0,tokens=95), 81, 445, False
2025-12-27 14:06:17 - 20251227_140616_ac1a7dad - markdown_it.rules_block.fence - DEBUG - fence.fence:10 - entering fence: StateBlock(line=81,level=0,tokens=95), 81, 445, False
2025-12-27 14:06:17 - 20251227_140616_ac1a7dad - markdown_it.rules_block.blockquote - DEBUG - blockquote.blockquote:13 - entering blockquote: StateBlock(line=81,level=0,tokens=95), 81, 445, False
2025-12-27 14:06:17 - 20251227_140616_ac1a7dad - markdown_it.rules_block.code - DEBUG - code.code:10 - entering code: StateBlock(line=81,level=1,tokens=96), 81, 88, False
2025-12-27 14:06:17 - 20251227_140616_ac1a7dad - markdown_it.rules_block.fence - DEBUG - fence.fence:10 - entering fence: StateBlock(line=81,level=1,tokens=96), 81, 88, False
2025-12-27 14:06:17 - 20251227_140616_ac1a7dad - markdown_it.rules_block.blockquote - DEBUG - blockquote.blockquote:13 - entering blockquote: StateBlock(line=81,level=1,tokens=96), 81, 88, False
2025-12-27 14:06:17 - 20251227_140616_ac1a7dad - markdown_it.rules_block.hr - DEBUG - hr.hr:14 - entering hr: StateBlock(line=81,level=1,tokens=96), 81, 88, False
2025-12-27 14:06:17 - 20251227_140616_ac1a7dad - markdown_it.rules_block.list - DEBUG - list.list_block:102 - entering list: StateBlock(line=81,level=1,tokens=96), 81, 88, False
2025-12-27 14:06:17 - 20251227_140616_ac1a7dad - markdown_it.rules_block.reference - DEBUG - reference.reference:10 - entering reference: StateBlock(line=81,level=1,tokens=96), 81, 88, False
2025-12-27 14:06:17 - 20251227_140616_ac1a7dad - markdown_it.rules_block.html_block - DEBUG - html_block.html_block:35 - entering html_block: StateBlock(line=81,level=1,tokens=96), 81, 88, False
2025-12-27 14:06:17 - 20251227_140616_ac1a7dad - markdown_it.rules_block.heading - DEBUG - heading.heading:13 - entering heading: StateBlock(line=81,level=1,tokens=96), 81, 88, False
2025-12-27 14:06:17 - 20251227_140616_ac1a7dad - markdown_it.rules_block.lheading - DEBUG - lheading.lheading:10 - entering lheading: StateBlock(line=81,level=1,tokens=96), 81, 88, False
2025-12-27 14:06:17 - 20251227_140616_ac1a7dad - markdown_it.rules_block.paragraph - DEBUG - paragraph.paragraph:10 - entering paragraph: StateBlock(line=81,level=1,tokens=96), 81, 88, False
2025-12-27 14:06:17 - 20251227_140616_ac1a7dad - markdown_it.rules_block.code - DEBUG - code.code:10 - entering code: StateBlock(line=83,level=1,tokens=99), 83, 88, False
2025-12-27 14:06:17 - 20251227_140616_ac1a7dad - markdown_it.rules_block.fence - DEBUG - fence.fence:10 - entering fence: StateBlock(line=83,level=1,tokens=99), 83, 88, False
2025-12-27 14:06:17 - 20251227_140616_ac1a7dad - markdown_it.rules_block.blockquote - DEBUG - blockquote.blockquote:13 - entering blockquote: StateBlock(line=83,level=1,tokens=99), 83, 88, False
2025-12-27 14:06:17 - 20251227_140616_ac1a7dad - markdown_it.rules_block.hr - DEBUG - hr.hr:14 - entering hr: StateBlock(line=83,level=1,tokens=99), 83, 88, False
2025-12-27 14:06:17 - 20251227_140616_ac1a7dad - markdown_it.rules_block.list - DEBUG - list.list_block:102 - entering list: StateBlock(line=83,level=1,tokens=99), 83, 88, False
2025-12-27 14:06:17 - 20251227_140616_ac1a7dad - markdown_it.rules_block.reference - DEBUG - reference.reference:10 - entering reference: StateBlock(line=83,level=1,tokens=99), 83, 88, False
2025-12-27 14:06:17 - 20251227_140616_ac1a7dad - markdown_it.rules_block.html_block - DEBUG - html_block.html_block:35 - entering html_block: StateBlock(line=83,level=1,tokens=99), 83, 88, False
2025-12-27 14:06:17 - 20251227_140616_ac1a7dad - markdown_it.rules_block.heading - DEBUG - heading.heading:13 - entering heading: StateBlock(line=83,level=1,tokens=99), 83, 88, False
2025-12-27 14:06:17 - 20251227_140616_ac1a7dad - markdown_it.rules_block.lheading - DEBUG - lheading.lheading:10 - entering lheading: StateBlock(line=83,level=1,tokens=99), 83, 88, False
2025-12-27 14:06:17 - 20251227_140616_ac1a7dad - markdown_it.rules_block.paragraph - DEBUG - paragraph.paragraph:10 - entering paragraph: StateBlock(line=83,level=1,tokens=99), 83, 88, False
2025-12-27 14:06:17 - 20251227_140616_ac1a7dad - markdown_it.rules_block.code - DEBUG - code.code:10 - entering code: StateBlock(line=85,level=1,tokens=102), 85, 88, False
2025-12-27 14:06:17 - 20251227_140616_ac1a7dad - markdown_it.rules_block.fence - DEBUG - fence.fence:10 - entering fence: StateBlock(line=85,level=1,tokens=102), 85, 88, False
2025-12-27 14:06:17 - 20251227_140616_ac1a7dad - markdown_it.rules_block.blockquote - DEBUG - blockquote.blockquote:13 - entering blockquote: StateBlock(line=85,level=1,tokens=102), 85, 88, False
2025-12-27 14:06:17 - 20251227_140616_ac1a7dad - markdown_it.rules_block.hr - DEBUG - hr.hr:14 - entering hr: StateBlock(line=85,level=1,tokens=102), 85, 88, False
2025-12-27 14:06:17 - 20251227_140616_ac1a7dad - markdown_it.rules_block.list - DEBUG - list.list_block:102 - entering list: StateBlock(line=85,level=1,tokens=102), 85, 88, False
2025-12-27 14:06:17 - 20251227_140616_ac1a7dad - markdown_it.rules_block.reference - DEBUG - reference.reference:10 - entering reference: StateBlock(line=85,level=1,tokens=102), 85, 88, False
2025-12-27 14:06:17 - 20251227_140616_ac1a7dad - markdown_it.rules_block.html_block - DEBUG - html_block.html_block:35 - entering html_block: StateBlock(line=85,level=1,tokens=102), 85, 88, False
2025-12-27 14:06:17 - 20251227_140616_ac1a7dad - markdown_it.rules_block.heading - DEBUG - heading.heading:13 - entering heading: StateBlock(line=85,level=1,tokens=102), 85, 88, False
2025-12-27 14:06:17 - 20251227_140616_ac1a7dad - markdown_it.rules_block.lheading - DEBUG - lheading.lheading:10 - entering lheading: StateBlock(line=85,level=1,tokens=102), 85, 88, False
2025-12-27 14:06:17 - 20251227_140616_ac1a7dad - markdown_it.rules_block.paragraph - DEBUG - paragraph.paragraph:10 - entering paragraph: StateBlock(line=85,level=1,tokens=102), 85, 88, False
2025-12-27 14:06:17 - 20251227_140616_ac1a7dad - markdown_it.rules_block.code - DEBUG - code.code:10 - entering code: StateBlock(line=87,level=1,tokens=105), 87, 88, False
2025-12-27 14:06:17 - 20251227_140616_ac1a7dad - markdown_it.rules_block.fence - DEBUG - fence.fence:10 - entering fence: StateBlock(line=87,level=1,tokens=105), 87, 88, False
2025-12-27 14:06:17 - 20251227_140616_ac1a7dad - markdown_it.rules_block.blockquote - DEBUG - blockquote.blockquote:13 - entering blockquote: StateBlock(line=87,level=1,tokens=105), 87, 88, False
2025-12-27 14:06:17 - 20251227_140616_ac1a7dad - markdown_it.rules_block.hr - DEBUG - hr.hr:14 - entering hr: StateBlock(line=87,level=1,tokens=105), 87, 88, False
2025-12-27 14:06:17 - 20251227_140616_ac1a7dad - markdown_it.rules_block.list - DEBUG - list.list_block:102 - entering list: StateBlock(line=87,level=1,tokens=105), 87, 88, False
2025-12-27 14:06:17 - 20251227_140616_ac1a7dad - markdown_it.rules_block.reference - DEBUG - reference.reference:10 - entering reference: StateBlock(line=87,level=1,tokens=105), 87, 88, False
2025-12-27 14:06:17 - 20251227_140616_ac1a7dad - markdown_it.rules_block.html_block - DEBUG - html_block.html_block:35 - entering html_block: StateBlock(line=87,level=1,tokens=105), 87, 88, False
2025-12-27 14:06:17 - 20251227_140616_ac1a7dad - markdown_it.rules_block.heading - DEBUG - heading.heading:13 - entering heading: StateBlock(line=87,level=1,tokens=105), 87, 88, False
2025-12-27 14:06:17 - 20251227_140616_ac1a7dad - markdown_it.rules_block.lheading - DEBUG - lheading.lheading:10 - entering lheading: StateBlock(line=87,level=1,tokens=105), 87, 88, False
2025-12-27 14:06:17 - 20251227_140616_ac1a7dad - markdown_it.rules_block.paragraph - DEBUG - paragraph.paragraph:10 - entering paragraph: StateBlock(line=87,level=1,tokens=105), 87, 88, False
2025-12-27 14:06:17 - 20251227_140616_ac1a7dad - markdown_it.rules_block.code - DEBUG - code.code:10 - entering code: StateBlock(line=89,level=0,tokens=109), 89, 445, False
2025-12-27 14:06:17 - 20251227_140616_ac1a7dad - markdown_it.rules_block.fence - DEBUG - fence.fence:10 - entering fence: StateBlock(line=89,level=0,tokens=109), 89, 445, False
2025-12-27 14:06:17 - 20251227_140616_ac1a7dad - markdown_it.rules_block.blockquote - DEBUG - blockquote.blockquote:13 - entering blockquote: StateBlock(line=89,level=0,tokens=109), 89, 445, False
2025-12-27 14:06:17 - 20251227_140616_ac1a7dad - markdown_it.rules_block.hr - DEBUG - hr.hr:14 - entering hr: StateBlock(line=89,level=0,tokens=109), 89, 445, False
2025-12-27 14:06:17 - 20251227_140616_ac1a7dad - markdown_it.rules_block.list - DEBUG - list.list_block:102 - entering list: StateBlock(line=89,level=0,tokens=109), 89, 445, False
2025-12-27 14:06:17 - 20251227_140616_ac1a7dad - markdown_it.rules_block.reference - DEBUG - reference.reference:10 - entering reference: StateBlock(line=89,level=0,tokens=109), 89, 445, False
2025-12-27 14:06:17 - 20251227_140616_ac1a7dad - markdown_it.rules_block.html_block - DEBUG - html_block.html_block:35 - entering html_block: StateBlock(line=89,level=0,tokens=109), 89, 445, False
2025-12-27 14:06:17 - 20251227_140616_ac1a7dad - markdown_it.rules_block.heading - DEBUG - heading.heading:13 - entering heading: StateBlock(line=89,level=0,tokens=109), 89, 445, False
2025-12-27 14:06:17 - 20251227_140616_ac1a7dad - markdown_it.rules_block.code - DEBUG - code.code:10 - entering code: StateBlock(line=91,level=0,tokens=112), 91, 445, False
2025-12-27 14:06:17 - 20251227_140616_ac1a7dad - markdown_it.rules_block.fence - DEBUG - fence.fence:10 - entering fence: StateBlock(line=91,level=0,tokens=112), 91, 445, False
2025-12-27 14:06:17 - 20251227_140616_ac1a7dad - markdown_it.rules_block.blockquote - DEBUG - blockquote.blockquote:13 - entering blockquote: StateBlock(line=91,level=0,tokens=112), 91, 445, False
2025-12-27 14:06:17 - 20251227_140616_ac1a7dad - markdown_it.rules_block.hr - DEBUG - hr.hr:14 - entering hr: StateBlock(line=91,level=0,tokens=112), 91, 445, False
2025-12-27 14:06:17 - 20251227_140616_ac1a7dad - markdown_it.rules_block.list - DEBUG - list.list_block:102 - entering list: StateBlock(line=91,level=0,tokens=112), 91, 445, False
2025-12-27 14:06:17 - 20251227_140616_ac1a7dad - markdown_it.rules_block.code - DEBUG - code.code:10 - entering code: StateBlock(line=91,level=2,tokens=114), 91, 445, False
2025-12-27 14:06:17 - 20251227_140616_ac1a7dad - markdown_it.rules_block.fence - DEBUG - fence.fence:10 - entering fence: StateBlock(line=91,level=2,tokens=114), 91, 445, False
2025-12-27 14:06:17 - 20251227_140616_ac1a7dad - markdown_it.rules_block.blockquote - DEBUG - blockquote.blockquote:13 - entering blockquote: StateBlock(line=91,level=2,tokens=114), 91, 445, False
2025-12-27 14:06:17 - 20251227_140616_ac1a7dad - markdown_it.rules_block.hr - DEBUG - hr.hr:14 - entering hr: StateBlock(line=91,level=2,tokens=114), 91, 445, False
2025-12-27 14:06:17 - 20251227_140616_ac1a7dad - markdown_it.rules_block.list - DEBUG - list.list_block:102 - entering list: StateBlock(line=91,level=2,tokens=114), 91, 445, False
2025-12-27 14:06:17 - 20251227_140616_ac1a7dad - markdown_it.rules_block.reference - DEBUG - reference.reference:10 - entering reference: StateBlock(line=91,level=2,tokens=114), 91, 445, False
2025-12-27 14:06:17 - 20251227_140616_ac1a7dad - markdown_it.rules_block.html_block - DEBUG - html_block.html_block:35 - entering html_block: StateBlock(line=91,level=2,tokens=114), 91, 445, False
2025-12-27 14:06:17 - 20251227_140616_ac1a7dad - markdown_it.rules_block.heading - DEBUG - heading.heading:13 - entering heading: StateBlock(line=91,level=2,tokens=114), 91, 445, False
2025-12-27 14:06:17 - 20251227_140616_ac1a7dad - markdown_it.rules_block.lheading - DEBUG - lheading.lheading:10 - entering lheading: StateBlock(line=91,level=2,tokens=114), 91, 445, False
2025-12-27 14:06:17 - 20251227_140616_ac1a7dad - markdown_it.rules_block.fence - DEBUG - fence.fence:10 - entering fence: StateBlock(line=91,level=2,tokens=114), 92, 445, True
2025-12-27 14:06:17 - 20251227_140616_ac1a7dad - markdown_it.rules_block.blockquote - DEBUG - blockquote.blockquote:13 - entering blockquote: StateBlock(line=91,level=2,tokens=114), 92, 445, True
2025-12-27 14:06:17 - 20251227_140616_ac1a7dad - markdown_it.rules_block.hr - DEBUG - hr.hr:14 - entering hr: StateBlock(line=91,level=2,tokens=114), 92, 445, True
2025-12-27 14:06:17 - 20251227_140616_ac1a7dad - markdown_it.rules_block.list - DEBUG - list.list_block:102 - entering list: StateBlock(line=91,level=2,tokens=114), 92, 445, True
2025-12-27 14:06:17 - 20251227_140616_ac1a7dad - markdown_it.rules_block.html_block - DEBUG - html_block.html_block:35 - entering html_block: StateBlock(line=91,level=2,tokens=114), 92, 445, True
2025-12-27 14:06:17 - 20251227_140616_ac1a7dad - markdown_it.rules_block.heading - DEBUG - heading.heading:13 - entering heading: StateBlock(line=91,level=2,tokens=114), 92, 445, True
2025-12-27 14:06:17 - 20251227_140616_ac1a7dad - markdown_it.rules_block.fence - DEBUG - fence.fence:10 - entering fence: StateBlock(line=91,level=2,tokens=114), 93, 445, True
2025-12-27 14:06:17 - 20251227_140616_ac1a7dad - markdown_it.rules_block.blockquote - DEBUG - blockquote.blockquote:13 - entering blockquote: StateBlock(line=91,level=2,tokens=114), 93, 445, True
2025-12-27 14:06:17 - 20251227_140616_ac1a7dad - markdown_it.rules_block.hr - DEBUG - hr.hr:14 - entering hr: StateBlock(line=91,level=2,tokens=114), 93, 445, True
2025-12-27 14:06:17 - 20251227_140616_ac1a7dad - markdown_it.rules_block.list - DEBUG - list.list_block:102 - entering list: StateBlock(line=91,level=2,tokens=114), 93, 445, True
2025-12-27 14:06:17 - 20251227_140616_ac1a7dad - markdown_it.rules_block.paragraph - DEBUG - paragraph.paragraph:10 - entering paragraph: StateBlock(line=91,level=2,tokens=114), 91, 445, False
2025-12-27 14:06:17 - 20251227_140616_ac1a7dad - markdown_it.rules_block.fence - DEBUG - fence.fence:10 - entering fence: StateBlock(line=91,level=2,tokens=114), 92, 445, True
2025-12-27 14:06:17 - 20251227_140616_ac1a7dad - markdown_it.rules_block.blockquote - DEBUG - blockquote.blockquote:13 - entering blockquote: StateBlock(line=91,level=2,tokens=114), 92, 445, True
2025-12-27 14:06:17 - 20251227_140616_ac1a7dad - markdown_it.rules_block.hr - DEBUG - hr.hr:14 - entering hr: StateBlock(line=91,level=2,tokens=114), 92, 445, True
2025-12-27 14:06:17 - 20251227_140616_ac1a7dad - markdown_it.rules_block.list - DEBUG - list.list_block:102 - entering list: StateBlock(line=91,level=2,tokens=114), 92, 445, True
2025-12-27 14:06:17 - 20251227_140616_ac1a7dad - markdown_it.rules_block.html_block - DEBUG - html_block.html_block:35 - entering html_block: StateBlock(line=91,level=2,tokens=114), 92, 445, True
2025-12-27 14:06:17 - 20251227_140616_ac1a7dad - markdown_it.rules_block.heading - DEBUG - heading.heading:13 - entering heading: StateBlock(line=91,level=2,tokens=114), 92, 445, True
2025-12-27 14:06:17 - 20251227_140616_ac1a7dad - markdown_it.rules_block.fence - DEBUG - fence.fence:10 - entering fence: StateBlock(line=91,level=2,tokens=114), 93, 445, True
2025-12-27 14:06:17 - 20251227_140616_ac1a7dad - markdown_it.rules_block.blockquote - DEBUG - blockquote.blockquote:13 - entering blockquote: StateBlock(line=91,level=2,tokens=114), 93, 445, True
2025-12-27 14:06:17 - 20251227_140616_ac1a7dad - markdown_it.rules_block.hr - DEBUG - hr.hr:14 - entering hr: StateBlock(line=91,level=2,tokens=114), 93, 445, True
2025-12-27 14:06:17 - 20251227_140616_ac1a7dad - markdown_it.rules_block.list - DEBUG - list.list_block:102 - entering list: StateBlock(line=91,level=2,tokens=114), 93, 445, True
2025-12-27 14:06:17 - 20251227_140616_ac1a7dad - markdown_it.rules_block.fence - DEBUG - fence.fence:10 - entering fence: StateBlock(line=93,level=1,tokens=118), 93, 445, True
2025-12-27 14:06:17 - 20251227_140616_ac1a7dad - markdown_it.rules_block.blockquote - DEBUG - blockquote.blockquote:13 - entering blockquote: StateBlock(line=93,level=1,tokens=118), 93, 445, True
2025-12-27 14:06:17 - 20251227_140616_ac1a7dad - markdown_it.rules_block.hr - DEBUG - hr.hr:14 - entering hr: StateBlock(line=93,level=1,tokens=118), 93, 445, True
2025-12-27 14:06:17 - 20251227_140616_ac1a7dad - markdown_it.rules_block.code - DEBUG - code.code:10 - entering code: StateBlock(line=93,level=2,tokens=119), 93, 445, False
2025-12-27 14:06:17 - 20251227_140616_ac1a7dad - markdown_it.rules_block.fence - DEBUG - fence.fence:10 - entering fence: StateBlock(line=93,level=2,tokens=119), 93, 445, False
2025-12-27 14:06:17 - 20251227_140616_ac1a7dad - markdown_it.rules_block.blockquote - DEBUG - blockquote.blockquote:13 - entering blockquote: StateBlock(line=93,level=2,tokens=119), 93, 445, False
2025-12-27 14:06:17 - 20251227_140616_ac1a7dad - markdown_it.rules_block.hr - DEBUG - hr.hr:14 - entering hr: StateBlock(line=93,level=2,tokens=119), 93, 445, False
2025-12-27 14:06:17 - 20251227_140616_ac1a7dad - markdown_it.rules_block.list - DEBUG - list.list_block:102 - entering list: StateBlock(line=93,level=2,tokens=119), 93, 445, False
2025-12-27 14:06:17 - 20251227_140616_ac1a7dad - markdown_it.rules_block.reference - DEBUG - reference.reference:10 - entering reference: StateBlock(line=93,level=2,tokens=119), 93, 445, False
2025-12-27 14:06:17 - 20251227_140616_ac1a7dad - markdown_it.rules_block.html_block - DEBUG - html_block.html_block:35 - entering html_block: StateBlock(line=93,level=2,tokens=119), 93, 445, False
2025-12-27 14:06:17 - 20251227_140616_ac1a7dad - markdown_it.rules_block.heading - DEBUG - heading.heading:13 - entering heading: StateBlock(line=93,level=2,tokens=119), 93, 445, False
2025-12-27 14:06:17 - 20251227_140616_ac1a7dad - markdown_it.rules_block.lheading - DEBUG - lheading.lheading:10 - entering lheading: StateBlock(line=93,level=2,tokens=119), 93, 445, False
2025-12-27 14:06:17 - 20251227_140616_ac1a7dad - markdown_it.rules_block.fence - DEBUG - fence.fence:10 - entering fence: StateBlock(line=93,level=2,tokens=119), 94, 445, True
2025-12-27 14:06:17 - 20251227_140616_ac1a7dad - markdown_it.rules_block.blockquote - DEBUG - blockquote.blockquote:13 - entering blockquote: StateBlock(line=93,level=2,tokens=119), 94, 445, True
2025-12-27 14:06:17 - 20251227_140616_ac1a7dad - markdown_it.rules_block.hr - DEBUG - hr.hr:14 - entering hr: StateBlock(line=93,level=2,tokens=119), 94, 445, True
2025-12-27 14:06:17 - 20251227_140616_ac1a7dad - markdown_it.rules_block.list - DEBUG - list.list_block:102 - entering list: StateBlock(line=93,level=2,tokens=119), 94, 445, True
2025-12-27 14:06:17 - 20251227_140616_ac1a7dad - markdown_it.rules_block.paragraph - DEBUG - paragraph.paragraph:10 - entering paragraph: StateBlock(line=93,level=2,tokens=119), 93, 445, False
2025-12-27 14:06:17 - 20251227_140616_ac1a7dad - markdown_it.rules_block.fence - DEBUG - fence.fence:10 - entering fence: StateBlock(line=93,level=2,tokens=119), 94, 445, True
2025-12-27 14:06:17 - 20251227_140616_ac1a7dad - markdown_it.rules_block.blockquote - DEBUG - blockquote.blockquote:13 - entering blockquote: StateBlock(line=93,level=2,tokens=119), 94, 445, True
2025-12-27 14:06:17 - 20251227_140616_ac1a7dad - markdown_it.rules_block.hr - DEBUG - hr.hr:14 - entering hr: StateBlock(line=93,level=2,tokens=119), 94, 445, True
2025-12-27 14:06:17 - 20251227_140616_ac1a7dad - markdown_it.rules_block.list - DEBUG - list.list_block:102 - entering list: StateBlock(line=93,level=2,tokens=119), 94, 445, True
2025-12-27 14:06:17 - 20251227_140616_ac1a7dad - markdown_it.rules_block.fence - DEBUG - fence.fence:10 - entering fence: StateBlock(line=94,level=1,tokens=123), 94, 445, True
2025-12-27 14:06:17 - 20251227_140616_ac1a7dad - markdown_it.rules_block.blockquote - DEBUG - blockquote.blockquote:13 - entering blockquote: StateBlock(line=94,level=1,tokens=123), 94, 445, True
2025-12-27 14:06:17 - 20251227_140616_ac1a7dad - markdown_it.rules_block.hr - DEBUG - hr.hr:14 - entering hr: StateBlock(line=94,level=1,tokens=123), 94, 445, True
2025-12-27 14:06:17 - 20251227_140616_ac1a7dad - markdown_it.rules_block.code - DEBUG - code.code:10 - entering code: StateBlock(line=94,level=2,tokens=124), 94, 445, False
2025-12-27 14:06:17 - 20251227_140616_ac1a7dad - markdown_it.rules_block.fence - DEBUG - fence.fence:10 - entering fence: StateBlock(line=94,level=2,tokens=124), 94, 445, False
2025-12-27 14:06:17 - 20251227_140616_ac1a7dad - markdown_it.rules_block.blockquote - DEBUG - blockquote.blockquote:13 - entering blockquote: StateBlock(line=94,level=2,tokens=124), 94, 445, False
2025-12-27 14:06:17 - 20251227_140616_ac1a7dad - markdown_it.rules_block.hr - DEBUG - hr.hr:14 - entering hr: StateBlock(line=94,level=2,tokens=124), 94, 445, False
2025-12-27 14:06:17 - 20251227_140616_ac1a7dad - markdown_it.rules_block.list - DEBUG - list.list_block:102 - entering list: StateBlock(line=94,level=2,tokens=124), 94, 445, False
2025-12-27 14:06:17 - 20251227_140616_ac1a7dad - markdown_it.rules_block.reference - DEBUG - reference.reference:10 - entering reference: StateBlock(line=94,level=2,tokens=124), 94, 445, False
2025-12-27 14:06:17 - 20251227_140616_ac1a7dad - markdown_it.rules_block.html_block - DEBUG - html_block.html_block:35 - entering html_block: StateBlock(line=94,level=2,tokens=124), 94, 445, False
2025-12-27 14:06:17 - 20251227_140616_ac1a7dad - markdown_it.rules_block.heading - DEBUG - heading.heading:13 - entering heading: StateBlock(line=94,level=2,tokens=124), 94, 445, False
2025-12-27 14:06:17 - 20251227_140616_ac1a7dad - markdown_it.rules_block.lheading - DEBUG - lheading.lheading:10 - entering lheading: StateBlock(line=94,level=2,tokens=124), 94, 445, False
2025-12-27 14:06:17 - 20251227_140616_ac1a7dad - markdown_it.rules_block.fence - DEBUG - fence.fence:10 - entering fence: StateBlock(line=94,level=2,tokens=124), 95, 445, True
2025-12-27 14:06:17 - 20251227_140616_ac1a7dad - markdown_it.rules_block.blockquote - DEBUG - blockquote.blockquote:13 - entering blockquote: StateBlock(line=94,level=2,tokens=124), 95, 445, True
2025-12-27 14:06:17 - 20251227_140616_ac1a7dad - markdown_it.rules_block.hr - DEBUG - hr.hr:14 - entering hr: StateBlock(line=94,level=2,tokens=124), 95, 445, True
2025-12-27 14:06:17 - 20251227_140616_ac1a7dad - markdown_it.rules_block.list - DEBUG - list.list_block:102 - entering list: StateBlock(line=94,level=2,tokens=124), 95, 445, True
2025-12-27 14:06:17 - 20251227_140616_ac1a7dad - markdown_it.rules_block.paragraph - DEBUG - paragraph.paragraph:10 - entering paragraph: StateBlock(line=94,level=2,tokens=124), 94, 445, False
2025-12-27 14:06:17 - 20251227_140616_ac1a7dad - markdown_it.rules_block.fence - DEBUG - fence.fence:10 - entering fence: StateBlock(line=94,level=2,tokens=124), 95, 445, True
2025-12-27 14:06:17 - 20251227_140616_ac1a7dad - markdown_it.rules_block.blockquote - DEBUG - blockquote.blockquote:13 - entering blockquote: StateBlock(line=94,level=2,tokens=124), 95, 445, True
2025-12-27 14:06:17 - 20251227_140616_ac1a7dad - markdown_it.rules_block.hr - DEBUG - hr.hr:14 - entering hr: StateBlock(line=94,level=2,tokens=124), 95, 445, True
2025-12-27 14:06:17 - 20251227_140616_ac1a7dad - markdown_it.rules_block.list - DEBUG - list.list_block:102 - entering list: StateBlock(line=94,level=2,tokens=124), 95, 445, True
2025-12-27 14:06:17 - 20251227_140616_ac1a7dad - markdown_it.rules_block.fence - DEBUG - fence.fence:10 - entering fence: StateBlock(line=95,level=1,tokens=128), 95, 445, True
2025-12-27 14:06:17 - 20251227_140616_ac1a7dad - markdown_it.rules_block.blockquote - DEBUG - blockquote.blockquote:13 - entering blockquote: StateBlock(line=95,level=1,tokens=128), 95, 445, True
2025-12-27 14:06:17 - 20251227_140616_ac1a7dad - markdown_it.rules_block.hr - DEBUG - hr.hr:14 - entering hr: StateBlock(line=95,level=1,tokens=128), 95, 445, True
2025-12-27 14:06:17 - 20251227_140616_ac1a7dad - markdown_it.rules_block.code - DEBUG - code.code:10 - entering code: StateBlock(line=95,level=2,tokens=129), 95, 445, False
2025-12-27 14:06:17 - 20251227_140616_ac1a7dad - markdown_it.rules_block.fence - DEBUG - fence.fence:10 - entering fence: StateBlock(line=95,level=2,tokens=129), 95, 445, False
2025-12-27 14:06:17 - 20251227_140616_ac1a7dad - markdown_it.rules_block.blockquote - DEBUG - blockquote.blockquote:13 - entering blockquote: StateBlock(line=95,level=2,tokens=129), 95, 445, False
2025-12-27 14:06:17 - 20251227_140616_ac1a7dad - markdown_it.rules_block.hr - DEBUG - hr.hr:14 - entering hr: StateBlock(line=95,level=2,tokens=129), 95, 445, False
2025-12-27 14:06:17 - 20251227_140616_ac1a7dad - markdown_it.rules_block.list - DEBUG - list.list_block:102 - entering list: StateBlock(line=95,level=2,tokens=129), 95, 445, False
2025-12-27 14:06:17 - 20251227_140616_ac1a7dad - markdown_it.rules_block.reference - DEBUG - reference.reference:10 - entering reference: StateBlock(line=95,level=2,tokens=129), 95, 445, False
2025-12-27 14:06:17 - 20251227_140616_ac1a7dad - markdown_it.rules_block.html_block - DEBUG - html_block.html_block:35 - entering html_block: StateBlock(line=95,level=2,tokens=129), 95, 445, False
2025-12-27 14:06:17 - 20251227_140616_ac1a7dad - markdown_it.rules_block.heading - DEBUG - heading.heading:13 - entering heading: StateBlock(line=95,level=2,tokens=129), 95, 445, False
2025-12-27 14:06:17 - 20251227_140616_ac1a7dad - markdown_it.rules_block.lheading - DEBUG - lheading.lheading:10 - entering lheading: StateBlock(line=95,level=2,tokens=129), 95, 445, False
2025-12-27 14:06:17 - 20251227_140616_ac1a7dad - markdown_it.rules_block.fence - DEBUG - fence.fence:10 - entering fence: StateBlock(line=95,level=2,tokens=129), 96, 445, True
2025-12-27 14:06:17 - 20251227_140616_ac1a7dad - markdown_it.rules_block.blockquote - DEBUG - blockquote.blockquote:13 - entering blockquote: StateBlock(line=95,level=2,tokens=129), 96, 445, True
2025-12-27 14:06:17 - 20251227_140616_ac1a7dad - markdown_it.rules_block.hr - DEBUG - hr.hr:14 - entering hr: StateBlock(line=95,level=2,tokens=129), 96, 445, True
2025-12-27 14:06:17 - 20251227_140616_ac1a7dad - markdown_it.rules_block.list - DEBUG - list.list_block:102 - entering list: StateBlock(line=95,level=2,tokens=129), 96, 445, True
2025-12-27 14:06:17 - 20251227_140616_ac1a7dad - markdown_it.rules_block.html_block - DEBUG - html_block.html_block:35 - entering html_block: StateBlock(line=95,level=2,tokens=129), 96, 445, True
2025-12-27 14:06:17 - 20251227_140616_ac1a7dad - markdown_it.rules_block.heading - DEBUG - heading.heading:13 - entering heading: StateBlock(line=95,level=2,tokens=129), 96, 445, True
2025-12-27 14:06:17 - 20251227_140616_ac1a7dad - markdown_it.rules_block.paragraph - DEBUG - paragraph.paragraph:10 - entering paragraph: StateBlock(line=95,level=2,tokens=129), 95, 445, False
2025-12-27 14:06:17 - 20251227_140616_ac1a7dad - markdown_it.rules_block.fence - DEBUG - fence.fence:10 - entering fence: StateBlock(line=95,level=2,tokens=129), 96, 445, True
2025-12-27 14:06:17 - 20251227_140616_ac1a7dad - markdown_it.rules_block.blockquote - DEBUG - blockquote.blockquote:13 - entering blockquote: StateBlock(line=95,level=2,tokens=129), 96, 445, True
2025-12-27 14:06:17 - 20251227_140616_ac1a7dad - markdown_it.rules_block.hr - DEBUG - hr.hr:14 - entering hr: StateBlock(line=95,level=2,tokens=129), 96, 445, True
2025-12-27 14:06:17 - 20251227_140616_ac1a7dad - markdown_it.rules_block.list - DEBUG - list.list_block:102 - entering list: StateBlock(line=95,level=2,tokens=129), 96, 445, True
2025-12-27 14:06:17 - 20251227_140616_ac1a7dad - markdown_it.rules_block.html_block - DEBUG - html_block.html_block:35 - entering html_block: StateBlock(line=95,level=2,tokens=129), 96, 445, True
2025-12-27 14:06:17 - 20251227_140616_ac1a7dad - markdown_it.rules_block.heading - DEBUG - heading.heading:13 - entering heading: StateBlock(line=95,level=2,tokens=129), 96, 445, True
2025-12-27 14:06:17 - 20251227_140616_ac1a7dad - markdown_it.rules_block.fence - DEBUG - fence.fence:10 - entering fence: StateBlock(line=98,level=1,tokens=133), 98, 445, True
2025-12-27 14:06:17 - 20251227_140616_ac1a7dad - markdown_it.rules_block.blockquote - DEBUG - blockquote.blockquote:13 - entering blockquote: StateBlock(line=98,level=1,tokens=133), 98, 445, True
2025-12-27 14:06:17 - 20251227_140616_ac1a7dad - markdown_it.rules_block.hr - DEBUG - hr.hr:14 - entering hr: StateBlock(line=98,level=1,tokens=133), 98, 445, True
2025-12-27 14:06:17 - 20251227_140616_ac1a7dad - markdown_it.rules_block.code - DEBUG - code.code:10 - entering code: StateBlock(line=98,level=0,tokens=134), 98, 445, False
2025-12-27 14:06:17 - 20251227_140616_ac1a7dad - markdown_it.rules_block.fence - DEBUG - fence.fence:10 - entering fence: StateBlock(line=98,level=0,tokens=134), 98, 445, False
2025-12-27 14:06:17 - 20251227_140616_ac1a7dad - markdown_it.rules_block.blockquote - DEBUG - blockquote.blockquote:13 - entering blockquote: StateBlock(line=98,level=0,tokens=134), 98, 445, False
2025-12-27 14:06:17 - 20251227_140616_ac1a7dad - markdown_it.rules_block.hr - DEBUG - hr.hr:14 - entering hr: StateBlock(line=98,level=0,tokens=134), 98, 445, False
2025-12-27 14:06:17 - 20251227_140616_ac1a7dad - markdown_it.rules_block.code - DEBUG - code.code:10 - entering code: StateBlock(line=100,level=0,tokens=135), 100, 445, False
2025-12-27 14:06:17 - 20251227_140616_ac1a7dad - markdown_it.rules_block.fence - DEBUG - fence.fence:10 - entering fence: StateBlock(line=100,level=0,tokens=135), 100, 445, False
2025-12-27 14:06:17 - 20251227_140616_ac1a7dad - markdown_it.rules_block.blockquote - DEBUG - blockquote.blockquote:13 - entering blockquote: StateBlock(line=100,level=0,tokens=135), 100, 445, False
2025-12-27 14:06:17 - 20251227_140616_ac1a7dad - markdown_it.rules_block.hr - DEBUG - hr.hr:14 - entering hr: StateBlock(line=100,level=0,tokens=135), 100, 445, False
2025-12-27 14:06:17 - 20251227_140616_ac1a7dad - markdown_it.rules_block.list - DEBUG - list.list_block:102 - entering list: StateBlock(line=100,level=0,tokens=135), 100, 445, False
2025-12-27 14:06:17 - 20251227_140616_ac1a7dad - markdown_it.rules_block.reference - DEBUG - reference.reference:10 - entering reference: StateBlock(line=100,level=0,tokens=135), 100, 445, False
2025-12-27 14:06:17 - 20251227_140616_ac1a7dad - markdown_it.rules_block.html_block - DEBUG - html_block.html_block:35 - entering html_block: StateBlock(line=100,level=0,tokens=135), 100, 445, False
2025-12-27 14:06:17 - 20251227_140616_ac1a7dad - markdown_it.rules_block.heading - DEBUG - heading.heading:13 - entering heading: StateBlock(line=100,level=0,tokens=135), 100, 445, False
2025-12-27 14:06:17 - 20251227_140616_ac1a7dad - markdown_it.rules_block.code - DEBUG - code.code:10 - entering code: StateBlock(line=102,level=0,tokens=138), 102, 445, False
2025-12-27 14:06:17 - 20251227_140616_ac1a7dad - markdown_it.rules_block.fence - DEBUG - fence.fence:10 - entering fence: StateBlock(line=102,level=0,tokens=138), 102, 445, False
2025-12-27 14:06:17 - 20251227_140616_ac1a7dad - markdown_it.rules_block.blockquote - DEBUG - blockquote.blockquote:13 - entering blockquote: StateBlock(line=102,level=0,tokens=138), 102, 445, False
2025-12-27 14:06:17 - 20251227_140616_ac1a7dad - markdown_it.rules_block.hr - DEBUG - hr.hr:14 - entering hr: StateBlock(line=102,level=0,tokens=138), 102, 445, False
2025-12-27 14:06:17 - 20251227_140616_ac1a7dad - markdown_it.rules_block.list - DEBUG - list.list_block:102 - entering list: StateBlock(line=102,level=0,tokens=138), 102, 445, False
2025-12-27 14:06:17 - 20251227_140616_ac1a7dad - markdown_it.rules_block.reference - DEBUG - reference.reference:10 - entering reference: StateBlock(line=102,level=0,tokens=138), 102, 445, False
2025-12-27 14:06:17 - 20251227_140616_ac1a7dad - markdown_it.rules_block.html_block - DEBUG - html_block.html_block:35 - entering html_block: StateBlock(line=102,level=0,tokens=138), 102, 445, False
2025-12-27 14:06:17 - 20251227_140616_ac1a7dad - markdown_it.rules_block.heading - DEBUG - heading.heading:13 - entering heading: StateBlock(line=102,level=0,tokens=138), 102, 445, False
2025-12-27 14:06:17 - 20251227_140616_ac1a7dad - markdown_it.rules_block.lheading - DEBUG - lheading.lheading:10 - entering lheading: StateBlock(line=102,level=0,tokens=138), 102, 445, False
2025-12-27 14:06:17 - 20251227_140616_ac1a7dad - markdown_it.rules_block.paragraph - DEBUG - paragraph.paragraph:10 - entering paragraph: StateBlock(line=102,level=0,tokens=138), 102, 445, False
2025-12-27 14:06:17 - 20251227_140616_ac1a7dad - markdown_it.rules_block.code - DEBUG - code.code:10 - entering code: StateBlock(line=104,level=0,tokens=141), 104, 445, False
2025-12-27 14:06:17 - 20251227_140616_ac1a7dad - markdown_it.rules_block.fence - DEBUG - fence.fence:10 - entering fence: StateBlock(line=104,level=0,tokens=141), 104, 445, False
2025-12-27 14:06:17 - 20251227_140616_ac1a7dad - markdown_it.rules_block.blockquote - DEBUG - blockquote.blockquote:13 - entering blockquote: StateBlock(line=104,level=0,tokens=141), 104, 445, False
2025-12-27 14:06:17 - 20251227_140616_ac1a7dad - markdown_it.rules_block.code - DEBUG - code.code:10 - entering code: StateBlock(line=104,level=1,tokens=142), 104, 109, False
2025-12-27 14:06:17 - 20251227_140616_ac1a7dad - markdown_it.rules_block.fence - DEBUG - fence.fence:10 - entering fence: StateBlock(line=104,level=1,tokens=142), 104, 109, False
2025-12-27 14:06:17 - 20251227_140616_ac1a7dad - markdown_it.rules_block.blockquote - DEBUG - blockquote.blockquote:13 - entering blockquote: StateBlock(line=104,level=1,tokens=142), 104, 109, False
2025-12-27 14:06:17 - 20251227_140616_ac1a7dad - markdown_it.rules_block.hr - DEBUG - hr.hr:14 - entering hr: StateBlock(line=104,level=1,tokens=142), 104, 109, False
2025-12-27 14:06:17 - 20251227_140616_ac1a7dad - markdown_it.rules_block.list - DEBUG - list.list_block:102 - entering list: StateBlock(line=104,level=1,tokens=142), 104, 109, False
2025-12-27 14:06:17 - 20251227_140616_ac1a7dad - markdown_it.rules_block.reference - DEBUG - reference.reference:10 - entering reference: StateBlock(line=104,level=1,tokens=142), 104, 109, False
2025-12-27 14:06:17 - 20251227_140616_ac1a7dad - markdown_it.rules_block.html_block - DEBUG - html_block.html_block:35 - entering html_block: StateBlock(line=104,level=1,tokens=142), 104, 109, False
2025-12-27 14:06:17 - 20251227_140616_ac1a7dad - markdown_it.rules_block.heading - DEBUG - heading.heading:13 - entering heading: StateBlock(line=104,level=1,tokens=142), 104, 109, False
2025-12-27 14:06:17 - 20251227_140616_ac1a7dad - markdown_it.rules_block.lheading - DEBUG - lheading.lheading:10 - entering lheading: StateBlock(line=104,level=1,tokens=142), 104, 109, False
2025-12-27 14:06:17 - 20251227_140616_ac1a7dad - markdown_it.rules_block.paragraph - DEBUG - paragraph.paragraph:10 - entering paragraph: StateBlock(line=104,level=1,tokens=142), 104, 109, False
2025-12-27 14:06:17 - 20251227_140616_ac1a7dad - markdown_it.rules_block.code - DEBUG - code.code:10 - entering code: StateBlock(line=106,level=1,tokens=145), 106, 109, False
2025-12-27 14:06:17 - 20251227_140616_ac1a7dad - markdown_it.rules_block.fence - DEBUG - fence.fence:10 - entering fence: StateBlock(line=106,level=1,tokens=145), 106, 109, False
2025-12-27 14:06:17 - 20251227_140616_ac1a7dad - markdown_it.rules_block.blockquote - DEBUG - blockquote.blockquote:13 - entering blockquote: StateBlock(line=106,level=1,tokens=145), 106, 109, False
2025-12-27 14:06:17 - 20251227_140616_ac1a7dad - markdown_it.rules_block.hr - DEBUG - hr.hr:14 - entering hr: StateBlock(line=106,level=1,tokens=145), 106, 109, False
2025-12-27 14:06:17 - 20251227_140616_ac1a7dad - markdown_it.rules_block.list - DEBUG - list.list_block:102 - entering list: StateBlock(line=106,level=1,tokens=145), 106, 109, False
2025-12-27 14:06:17 - 20251227_140616_ac1a7dad - markdown_it.rules_block.reference - DEBUG - reference.reference:10 - entering reference: StateBlock(line=106,level=1,tokens=145), 106, 109, False
2025-12-27 14:06:17 - 20251227_140616_ac1a7dad - markdown_it.rules_block.html_block - DEBUG - html_block.html_block:35 - entering html_block: StateBlock(line=106,level=1,tokens=145), 106, 109, False
2025-12-27 14:06:17 - 20251227_140616_ac1a7dad - markdown_it.rules_block.heading - DEBUG - heading.heading:13 - entering heading: StateBlock(line=106,level=1,tokens=145), 106, 109, False
2025-12-27 14:06:17 - 20251227_140616_ac1a7dad - markdown_it.rules_block.lheading - DEBUG - lheading.lheading:10 - entering lheading: StateBlock(line=106,level=1,tokens=145), 106, 109, False
2025-12-27 14:06:17 - 20251227_140616_ac1a7dad - markdown_it.rules_block.paragraph - DEBUG - paragraph.paragraph:10 - entering paragraph: StateBlock(line=106,level=1,tokens=145), 106, 109, False
2025-12-27 14:06:17 - 20251227_140616_ac1a7dad - markdown_it.rules_block.code - DEBUG - code.code:10 - entering code: StateBlock(line=108,level=1,tokens=148), 108, 109, False
2025-12-27 14:06:17 - 20251227_140616_ac1a7dad - markdown_it.rules_block.fence - DEBUG - fence.fence:10 - entering fence: StateBlock(line=108,level=1,tokens=148), 108, 109, False
2025-12-27 14:06:17 - 20251227_140616_ac1a7dad - markdown_it.rules_block.blockquote - DEBUG - blockquote.blockquote:13 - entering blockquote: StateBlock(line=108,level=1,tokens=148), 108, 109, False
2025-12-27 14:06:17 - 20251227_140616_ac1a7dad - markdown_it.rules_block.hr - DEBUG - hr.hr:14 - entering hr: StateBlock(line=108,level=1,tokens=148), 108, 109, False
2025-12-27 14:06:17 - 20251227_140616_ac1a7dad - markdown_it.rules_block.list - DEBUG - list.list_block:102 - entering list: StateBlock(line=108,level=1,tokens=148), 108, 109, False
2025-12-27 14:06:17 - 20251227_140616_ac1a7dad - markdown_it.rules_block.reference - DEBUG - reference.reference:10 - entering reference: StateBlock(line=108,level=1,tokens=148), 108, 109, False
2025-12-27 14:06:17 - 20251227_140616_ac1a7dad - markdown_it.rules_block.html_block - DEBUG - html_block.html_block:35 - entering html_block: StateBlock(line=108,level=1,tokens=148), 108, 109, False
2025-12-27 14:06:17 - 20251227_140616_ac1a7dad - markdown_it.rules_block.heading - DEBUG - heading.heading:13 - entering heading: StateBlock(line=108,level=1,tokens=148), 108, 109, False
2025-12-27 14:06:17 - 20251227_140616_ac1a7dad - markdown_it.rules_block.lheading - DEBUG - lheading.lheading:10 - entering lheading: StateBlock(line=108,level=1,tokens=148), 108, 109, False
2025-12-27 14:06:17 - 20251227_140616_ac1a7dad - markdown_it.rules_block.paragraph - DEBUG - paragraph.paragraph:10 - entering paragraph: StateBlock(line=108,level=1,tokens=148), 108, 109, False
2025-12-27 14:06:17 - 20251227_140616_ac1a7dad - markdown_it.rules_block.code - DEBUG - code.code:10 - entering code: StateBlock(line=110,level=0,tokens=152), 110, 445, False
2025-12-27 14:06:17 - 20251227_140616_ac1a7dad - markdown_it.rules_block.fence - DEBUG - fence.fence:10 - entering fence: StateBlock(line=110,level=0,tokens=152), 110, 445, False
2025-12-27 14:06:17 - 20251227_140616_ac1a7dad - markdown_it.rules_block.blockquote - DEBUG - blockquote.blockquote:13 - entering blockquote: StateBlock(line=110,level=0,tokens=152), 110, 445, False
2025-12-27 14:06:17 - 20251227_140616_ac1a7dad - markdown_it.rules_block.hr - DEBUG - hr.hr:14 - entering hr: StateBlock(line=110,level=0,tokens=152), 110, 445, False
2025-12-27 14:06:17 - 20251227_140616_ac1a7dad - markdown_it.rules_block.list - DEBUG - list.list_block:102 - entering list: StateBlock(line=110,level=0,tokens=152), 110, 445, False
2025-12-27 14:06:17 - 20251227_140616_ac1a7dad - markdown_it.rules_block.reference - DEBUG - reference.reference:10 - entering reference: StateBlock(line=110,level=0,tokens=152), 110, 445, False
2025-12-27 14:06:17 - 20251227_140616_ac1a7dad - markdown_it.rules_block.html_block - DEBUG - html_block.html_block:35 - entering html_block: StateBlock(line=110,level=0,tokens=152), 110, 445, False
2025-12-27 14:06:17 - 20251227_140616_ac1a7dad - markdown_it.rules_block.heading - DEBUG - heading.heading:13 - entering heading: StateBlock(line=110,level=0,tokens=152), 110, 445, False
2025-12-27 14:06:17 - 20251227_140616_ac1a7dad - markdown_it.rules_block.code - DEBUG - code.code:10 - entering code: StateBlock(line=112,level=0,tokens=155), 112, 445, False
2025-12-27 14:06:17 - 20251227_140616_ac1a7dad - markdown_it.rules_block.fence - DEBUG - fence.fence:10 - entering fence: StateBlock(line=112,level=0,tokens=155), 112, 445, False
2025-12-27 14:06:17 - 20251227_140616_ac1a7dad - markdown_it.rules_block.blockquote - DEBUG - blockquote.blockquote:13 - entering blockquote: StateBlock(line=112,level=0,tokens=155), 112, 445, False
2025-12-27 14:06:17 - 20251227_140616_ac1a7dad - markdown_it.rules_block.hr - DEBUG - hr.hr:14 - entering hr: StateBlock(line=112,level=0,tokens=155), 112, 445, False
2025-12-27 14:06:17 - 20251227_140616_ac1a7dad - markdown_it.rules_block.list - DEBUG - list.list_block:102 - entering list: StateBlock(line=112,level=0,tokens=155), 112, 445, False
2025-12-27 14:06:17 - 20251227_140616_ac1a7dad - markdown_it.rules_block.code - DEBUG - code.code:10 - entering code: StateBlock(line=112,level=2,tokens=157), 112, 445, False
2025-12-27 14:06:17 - 20251227_140616_ac1a7dad - markdown_it.rules_block.fence - DEBUG - fence.fence:10 - entering fence: StateBlock(line=112,level=2,tokens=157), 112, 445, False
2025-12-27 14:06:17 - 20251227_140616_ac1a7dad - markdown_it.rules_block.blockquote - DEBUG - blockquote.blockquote:13 - entering blockquote: StateBlock(line=112,level=2,tokens=157), 112, 445, False
2025-12-27 14:06:17 - 20251227_140616_ac1a7dad - markdown_it.rules_block.hr - DEBUG - hr.hr:14 - entering hr: StateBlock(line=112,level=2,tokens=157), 112, 445, False
2025-12-27 14:06:17 - 20251227_140616_ac1a7dad - markdown_it.rules_block.list - DEBUG - list.list_block:102 - entering list: StateBlock(line=112,level=2,tokens=157), 112, 445, False
2025-12-27 14:06:17 - 20251227_140616_ac1a7dad - markdown_it.rules_block.reference - DEBUG - reference.reference:10 - entering reference: StateBlock(line=112,level=2,tokens=157), 112, 445, False
2025-12-27 14:06:17 - 20251227_140616_ac1a7dad - markdown_it.rules_block.html_block - DEBUG - html_block.html_block:35 - entering html_block: StateBlock(line=112,level=2,tokens=157), 112, 445, False
2025-12-27 14:06:17 - 20251227_140616_ac1a7dad - markdown_it.rules_block.heading - DEBUG - heading.heading:13 - entering heading: StateBlock(line=112,level=2,tokens=157), 112, 445, False
2025-12-27 14:06:17 - 20251227_140616_ac1a7dad - markdown_it.rules_block.lheading - DEBUG - lheading.lheading:10 - entering lheading: StateBlock(line=112,level=2,tokens=157), 112, 445, False
2025-12-27 14:06:17 - 20251227_140616_ac1a7dad - markdown_it.rules_block.fence - DEBUG - fence.fence:10 - entering fence: StateBlock(line=112,level=2,tokens=157), 113, 445, True
2025-12-27 14:06:17 - 20251227_140616_ac1a7dad - markdown_it.rules_block.blockquote - DEBUG - blockquote.blockquote:13 - entering blockquote: StateBlock(line=112,level=2,tokens=157), 113, 445, True
2025-12-27 14:06:17 - 20251227_140616_ac1a7dad - markdown_it.rules_block.hr - DEBUG - hr.hr:14 - entering hr: StateBlock(line=112,level=2,tokens=157), 113, 445, True
2025-12-27 14:06:17 - 20251227_140616_ac1a7dad - markdown_it.rules_block.list - DEBUG - list.list_block:102 - entering list: StateBlock(line=112,level=2,tokens=157), 113, 445, True
2025-12-27 14:06:17 - 20251227_140616_ac1a7dad - markdown_it.rules_block.html_block - DEBUG - html_block.html_block:35 - entering html_block: StateBlock(line=112,level=2,tokens=157), 113, 445, True
2025-12-27 14:06:17 - 20251227_140616_ac1a7dad - markdown_it.rules_block.heading - DEBUG - heading.heading:13 - entering heading: StateBlock(line=112,level=2,tokens=157), 113, 445, True
2025-12-27 14:06:17 - 20251227_140616_ac1a7dad - markdown_it.rules_block.fence - DEBUG - fence.fence:10 - entering fence: StateBlock(line=112,level=2,tokens=157), 114, 445, True
2025-12-27 14:06:17 - 20251227_140616_ac1a7dad - markdown_it.rules_block.blockquote - DEBUG - blockquote.blockquote:13 - entering blockquote: StateBlock(line=112,level=2,tokens=157), 114, 445, True
2025-12-27 14:06:17 - 20251227_140616_ac1a7dad - markdown_it.rules_block.hr - DEBUG - hr.hr:14 - entering hr: StateBlock(line=112,level=2,tokens=157), 114, 445, True
2025-12-27 14:06:17 - 20251227_140616_ac1a7dad - markdown_it.rules_block.list - DEBUG - list.list_block:102 - entering list: StateBlock(line=112,level=2,tokens=157), 114, 445, True
2025-12-27 14:06:17 - 20251227_140616_ac1a7dad - markdown_it.rules_block.paragraph - DEBUG - paragraph.paragraph:10 - entering paragraph: StateBlock(line=112,level=2,tokens=157), 112, 445, False
2025-12-27 14:06:17 - 20251227_140616_ac1a7dad - markdown_it.rules_block.fence - DEBUG - fence.fence:10 - entering fence: StateBlock(line=112,level=2,tokens=157), 113, 445, True
2025-12-27 14:06:17 - 20251227_140616_ac1a7dad - markdown_it.rules_block.blockquote - DEBUG - blockquote.blockquote:13 - entering blockquote: StateBlock(line=112,level=2,tokens=157), 113, 445, True
2025-12-27 14:06:17 - 20251227_140616_ac1a7dad - markdown_it.rules_block.hr - DEBUG - hr.hr:14 - entering hr: StateBlock(line=112,level=2,tokens=157), 113, 445, True
2025-12-27 14:06:17 - 20251227_140616_ac1a7dad - markdown_it.rules_block.list - DEBUG - list.list_block:102 - entering list: StateBlock(line=112,level=2,tokens=157), 113, 445, True
2025-12-27 14:06:17 - 20251227_140616_ac1a7dad - markdown_it.rules_block.html_block - DEBUG - html_block.html_block:35 - entering html_block: StateBlock(line=112,level=2,tokens=157), 113, 445, True
2025-12-27 14:06:17 - 20251227_140616_ac1a7dad - markdown_it.rules_block.heading - DEBUG - heading.heading:13 - entering heading: StateBlock(line=112,level=2,tokens=157), 113, 445, True
2025-12-27 14:06:17 - 20251227_140616_ac1a7dad - markdown_it.rules_block.fence - DEBUG - fence.fence:10 - entering fence: StateBlock(line=112,level=2,tokens=157), 114, 445, True
2025-12-27 14:06:17 - 20251227_140616_ac1a7dad - markdown_it.rules_block.blockquote - DEBUG - blockquote.blockquote:13 - entering blockquote: StateBlock(line=112,level=2,tokens=157), 114, 445, True
2025-12-27 14:06:17 - 20251227_140616_ac1a7dad - markdown_it.rules_block.hr - DEBUG - hr.hr:14 - entering hr: StateBlock(line=112,level=2,tokens=157), 114, 445, True
2025-12-27 14:06:17 - 20251227_140616_ac1a7dad - markdown_it.rules_block.list - DEBUG - list.list_block:102 - entering list: StateBlock(line=112,level=2,tokens=157), 114, 445, True
2025-12-27 14:06:17 - 20251227_140616_ac1a7dad - markdown_it.rules_block.fence - DEBUG - fence.fence:10 - entering fence: StateBlock(line=114,level=1,tokens=161), 114, 445, True
2025-12-27 14:06:17 - 20251227_140616_ac1a7dad - markdown_it.rules_block.blockquote - DEBUG - blockquote.blockquote:13 - entering blockquote: StateBlock(line=114,level=1,tokens=161), 114, 445, True
2025-12-27 14:06:17 - 20251227_140616_ac1a7dad - markdown_it.rules_block.hr - DEBUG - hr.hr:14 - entering hr: StateBlock(line=114,level=1,tokens=161), 114, 445, True
2025-12-27 14:06:17 - 20251227_140616_ac1a7dad - markdown_it.rules_block.code - DEBUG - code.code:10 - entering code: StateBlock(line=114,level=2,tokens=162), 114, 445, False
2025-12-27 14:06:17 - 20251227_140616_ac1a7dad - markdown_it.rules_block.fence - DEBUG - fence.fence:10 - entering fence: StateBlock(line=114,level=2,tokens=162), 114, 445, False
2025-12-27 14:06:17 - 20251227_140616_ac1a7dad - markdown_it.rules_block.blockquote - DEBUG - blockquote.blockquote:13 - entering blockquote: StateBlock(line=114,level=2,tokens=162), 114, 445, False
2025-12-27 14:06:17 - 20251227_140616_ac1a7dad - markdown_it.rules_block.hr - DEBUG - hr.hr:14 - entering hr: StateBlock(line=114,level=2,tokens=162), 114, 445, False
2025-12-27 14:06:17 - 20251227_140616_ac1a7dad - markdown_it.rules_block.list - DEBUG - list.list_block:102 - entering list: StateBlock(line=114,level=2,tokens=162), 114, 445, False
2025-12-27 14:06:17 - 20251227_140616_ac1a7dad - markdown_it.rules_block.reference - DEBUG - reference.reference:10 - entering reference: StateBlock(line=114,level=2,tokens=162), 114, 445, False
2025-12-27 14:06:17 - 20251227_140616_ac1a7dad - markdown_it.rules_block.html_block - DEBUG - html_block.html_block:35 - entering html_block: StateBlock(line=114,level=2,tokens=162), 114, 445, False
2025-12-27 14:06:17 - 20251227_140616_ac1a7dad - markdown_it.rules_block.heading - DEBUG - heading.heading:13 - entering heading: StateBlock(line=114,level=2,tokens=162), 114, 445, False
2025-12-27 14:06:17 - 20251227_140616_ac1a7dad - markdown_it.rules_block.lheading - DEBUG - lheading.lheading:10 - entering lheading: StateBlock(line=114,level=2,tokens=162), 114, 445, False
2025-12-27 14:06:17 - 20251227_140616_ac1a7dad - markdown_it.rules_block.fence - DEBUG - fence.fence:10 - entering fence: StateBlock(line=114,level=2,tokens=162), 115, 445, True
2025-12-27 14:06:17 - 20251227_140616_ac1a7dad - markdown_it.rules_block.blockquote - DEBUG - blockquote.blockquote:13 - entering blockquote: StateBlock(line=114,level=2,tokens=162), 115, 445, True
2025-12-27 14:06:17 - 20251227_140616_ac1a7dad - markdown_it.rules_block.hr - DEBUG - hr.hr:14 - entering hr: StateBlock(line=114,level=2,tokens=162), 115, 445, True
2025-12-27 14:06:17 - 20251227_140616_ac1a7dad - markdown_it.rules_block.list - DEBUG - list.list_block:102 - entering list: StateBlock(line=114,level=2,tokens=162), 115, 445, True
2025-12-27 14:06:17 - 20251227_140616_ac1a7dad - markdown_it.rules_block.paragraph - DEBUG - paragraph.paragraph:10 - entering paragraph: StateBlock(line=114,level=2,tokens=162), 114, 445, False
2025-12-27 14:06:17 - 20251227_140616_ac1a7dad - markdown_it.rules_block.fence - DEBUG - fence.fence:10 - entering fence: StateBlock(line=114,level=2,tokens=162), 115, 445, True
2025-12-27 14:06:17 - 20251227_140616_ac1a7dad - markdown_it.rules_block.blockquote - DEBUG - blockquote.blockquote:13 - entering blockquote: StateBlock(line=114,level=2,tokens=162), 115, 445, True
2025-12-27 14:06:17 - 20251227_140616_ac1a7dad - markdown_it.rules_block.hr - DEBUG - hr.hr:14 - entering hr: StateBlock(line=114,level=2,tokens=162), 115, 445, True
2025-12-27 14:06:17 - 20251227_140616_ac1a7dad - markdown_it.rules_block.list - DEBUG - list.list_block:102 - entering list: StateBlock(line=114,level=2,tokens=162), 115, 445, True
2025-12-27 14:06:17 - 20251227_140616_ac1a7dad - markdown_it.rules_block.fence - DEBUG - fence.fence:10 - entering fence: StateBlock(line=115,level=1,tokens=166), 115, 445, True
2025-12-27 14:06:17 - 20251227_140616_ac1a7dad - markdown_it.rules_block.blockquote - DEBUG - blockquote.blockquote:13 - entering blockquote: StateBlock(line=115,level=1,tokens=166), 115, 445, True
2025-12-27 14:06:17 - 20251227_140616_ac1a7dad - markdown_it.rules_block.hr - DEBUG - hr.hr:14 - entering hr: StateBlock(line=115,level=1,tokens=166), 115, 445, True
2025-12-27 14:06:17 - 20251227_140616_ac1a7dad - markdown_it.rules_block.code - DEBUG - code.code:10 - entering code: StateBlock(line=115,level=2,tokens=167), 115, 445, False
2025-12-27 14:06:17 - 20251227_140616_ac1a7dad - markdown_it.rules_block.fence - DEBUG - fence.fence:10 - entering fence: StateBlock(line=115,level=2,tokens=167), 115, 445, False
2025-12-27 14:06:17 - 20251227_140616_ac1a7dad - markdown_it.rules_block.blockquote - DEBUG - blockquote.blockquote:13 - entering blockquote: StateBlock(line=115,level=2,tokens=167), 115, 445, False
2025-12-27 14:06:17 - 20251227_140616_ac1a7dad - markdown_it.rules_block.hr - DEBUG - hr.hr:14 - entering hr: StateBlock(line=115,level=2,tokens=167), 115, 445, False
2025-12-27 14:06:17 - 20251227_140616_ac1a7dad - markdown_it.rules_block.list - DEBUG - list.list_block:102 - entering list: StateBlock(line=115,level=2,tokens=167), 115, 445, False
2025-12-27 14:06:17 - 20251227_140616_ac1a7dad - markdown_it.rules_block.reference - DEBUG - reference.reference:10 - entering reference: StateBlock(line=115,level=2,tokens=167), 115, 445, False
2025-12-27 14:06:17 - 20251227_140616_ac1a7dad - markdown_it.rules_block.html_block - DEBUG - html_block.html_block:35 - entering html_block: StateBlock(line=115,level=2,tokens=167), 115, 445, False
2025-12-27 14:06:17 - 20251227_140616_ac1a7dad - markdown_it.rules_block.heading - DEBUG - heading.heading:13 - entering heading: StateBlock(line=115,level=2,tokens=167), 115, 445, False
2025-12-27 14:06:17 - 20251227_140616_ac1a7dad - markdown_it.rules_block.lheading - DEBUG - lheading.lheading:10 - entering lheading: StateBlock(line=115,level=2,tokens=167), 115, 445, False
2025-12-27 14:06:17 - 20251227_140616_ac1a7dad - markdown_it.rules_block.fence - DEBUG - fence.fence:10 - entering fence: StateBlock(line=115,level=2,tokens=167), 116, 445, True
2025-12-27 14:06:17 - 20251227_140616_ac1a7dad - markdown_it.rules_block.blockquote - DEBUG - blockquote.blockquote:13 - entering blockquote: StateBlock(line=115,level=2,tokens=167), 116, 445, True
2025-12-27 14:06:17 - 20251227_140616_ac1a7dad - markdown_it.rules_block.hr - DEBUG - hr.hr:14 - entering hr: StateBlock(line=115,level=2,tokens=167), 116, 445, True
2025-12-27 14:06:17 - 20251227_140616_ac1a7dad - markdown_it.rules_block.list - DEBUG - list.list_block:102 - entering list: StateBlock(line=115,level=2,tokens=167), 116, 445, True
2025-12-27 14:06:17 - 20251227_140616_ac1a7dad - markdown_it.rules_block.paragraph - DEBUG - paragraph.paragraph:10 - entering paragraph: StateBlock(line=115,level=2,tokens=167), 115, 445, False
2025-12-27 14:06:17 - 20251227_140616_ac1a7dad - markdown_it.rules_block.fence - DEBUG - fence.fence:10 - entering fence: StateBlock(line=115,level=2,tokens=167), 116, 445, True
2025-12-27 14:06:17 - 20251227_140616_ac1a7dad - markdown_it.rules_block.blockquote - DEBUG - blockquote.blockquote:13 - entering blockquote: StateBlock(line=115,level=2,tokens=167), 116, 445, True
2025-12-27 14:06:17 - 20251227_140616_ac1a7dad - markdown_it.rules_block.hr - DEBUG - hr.hr:14 - entering hr: StateBlock(line=115,level=2,tokens=167), 116, 445, True
2025-12-27 14:06:17 - 20251227_140616_ac1a7dad - markdown_it.rules_block.list - DEBUG - list.list_block:102 - entering list: StateBlock(line=115,level=2,tokens=167), 116, 445, True
2025-12-27 14:06:17 - 20251227_140616_ac1a7dad - markdown_it.rules_block.fence - DEBUG - fence.fence:10 - entering fence: StateBlock(line=116,level=1,tokens=171), 116, 445, True
2025-12-27 14:06:17 - 20251227_140616_ac1a7dad - markdown_it.rules_block.blockquote - DEBUG - blockquote.blockquote:13 - entering blockquote: StateBlock(line=116,level=1,tokens=171), 116, 445, True
2025-12-27 14:06:17 - 20251227_140616_ac1a7dad - markdown_it.rules_block.hr - DEBUG - hr.hr:14 - entering hr: StateBlock(line=116,level=1,tokens=171), 116, 445, True
2025-12-27 14:06:17 - 20251227_140616_ac1a7dad - markdown_it.rules_block.code - DEBUG - code.code:10 - entering code: StateBlock(line=116,level=2,tokens=172), 116, 445, False
2025-12-27 14:06:17 - 20251227_140616_ac1a7dad - markdown_it.rules_block.fence - DEBUG - fence.fence:10 - entering fence: StateBlock(line=116,level=2,tokens=172), 116, 445, False
2025-12-27 14:06:17 - 20251227_140616_ac1a7dad - markdown_it.rules_block.blockquote - DEBUG - blockquote.blockquote:13 - entering blockquote: StateBlock(line=116,level=2,tokens=172), 116, 445, False
2025-12-27 14:06:17 - 20251227_140616_ac1a7dad - markdown_it.rules_block.hr - DEBUG - hr.hr:14 - entering hr: StateBlock(line=116,level=2,tokens=172), 116, 445, False
2025-12-27 14:06:17 - 20251227_140616_ac1a7dad - markdown_it.rules_block.list - DEBUG - list.list_block:102 - entering list: StateBlock(line=116,level=2,tokens=172), 116, 445, False
2025-12-27 14:06:17 - 20251227_140616_ac1a7dad - markdown_it.rules_block.reference - DEBUG - reference.reference:10 - entering reference: StateBlock(line=116,level=2,tokens=172), 116, 445, False
2025-12-27 14:06:17 - 20251227_140616_ac1a7dad - markdown_it.rules_block.html_block - DEBUG - html_block.html_block:35 - entering html_block: StateBlock(line=116,level=2,tokens=172), 116, 445, False
2025-12-27 14:06:17 - 20251227_140616_ac1a7dad - markdown_it.rules_block.heading - DEBUG - heading.heading:13 - entering heading: StateBlock(line=116,level=2,tokens=172), 116, 445, False
2025-12-27 14:06:17 - 20251227_140616_ac1a7dad - markdown_it.rules_block.lheading - DEBUG - lheading.lheading:10 - entering lheading: StateBlock(line=116,level=2,tokens=172), 116, 445, False
2025-12-27 14:06:17 - 20251227_140616_ac1a7dad - markdown_it.rules_block.fence - DEBUG - fence.fence:10 - entering fence: StateBlock(line=116,level=2,tokens=172), 117, 445, True
2025-12-27 14:06:17 - 20251227_140616_ac1a7dad - markdown_it.rules_block.blockquote - DEBUG - blockquote.blockquote:13 - entering blockquote: StateBlock(line=116,level=2,tokens=172), 117, 445, True
2025-12-27 14:06:17 - 20251227_140616_ac1a7dad - markdown_it.rules_block.hr - DEBUG - hr.hr:14 - entering hr: StateBlock(line=116,level=2,tokens=172), 117, 445, True
2025-12-27 14:06:17 - 20251227_140616_ac1a7dad - markdown_it.rules_block.list - DEBUG - list.list_block:102 - entering list: StateBlock(line=116,level=2,tokens=172), 117, 445, True
2025-12-27 14:06:17 - 20251227_140616_ac1a7dad - markdown_it.rules_block.html_block - DEBUG - html_block.html_block:35 - entering html_block: StateBlock(line=116,level=2,tokens=172), 117, 445, True
2025-12-27 14:06:17 - 20251227_140616_ac1a7dad - markdown_it.rules_block.heading - DEBUG - heading.heading:13 - entering heading: StateBlock(line=116,level=2,tokens=172), 117, 445, True
2025-12-27 14:06:17 - 20251227_140616_ac1a7dad - markdown_it.rules_block.paragraph - DEBUG - paragraph.paragraph:10 - entering paragraph: StateBlock(line=116,level=2,tokens=172), 116, 445, False
2025-12-27 14:06:17 - 20251227_140616_ac1a7dad - markdown_it.rules_block.fence - DEBUG - fence.fence:10 - entering fence: StateBlock(line=116,level=2,tokens=172), 117, 445, True
2025-12-27 14:06:17 - 20251227_140616_ac1a7dad - markdown_it.rules_block.blockquote - DEBUG - blockquote.blockquote:13 - entering blockquote: StateBlock(line=116,level=2,tokens=172), 117, 445, True
2025-12-27 14:06:17 - 20251227_140616_ac1a7dad - markdown_it.rules_block.hr - DEBUG - hr.hr:14 - entering hr: StateBlock(line=116,level=2,tokens=172), 117, 445, True
2025-12-27 14:06:17 - 20251227_140616_ac1a7dad - markdown_it.rules_block.list - DEBUG - list.list_block:102 - entering list: StateBlock(line=116,level=2,tokens=172), 117, 445, True
2025-12-27 14:06:17 - 20251227_140616_ac1a7dad - markdown_it.rules_block.html_block - DEBUG - html_block.html_block:35 - entering html_block: StateBlock(line=116,level=2,tokens=172), 117, 445, True
2025-12-27 14:06:17 - 20251227_140616_ac1a7dad - markdown_it.rules_block.heading - DEBUG - heading.heading:13 - entering heading: StateBlock(line=116,level=2,tokens=172), 117, 445, True
2025-12-27 14:06:17 - 20251227_140616_ac1a7dad - markdown_it.rules_block.fence - DEBUG - fence.fence:10 - entering fence: StateBlock(line=119,level=1,tokens=176), 119, 445, True
2025-12-27 14:06:17 - 20251227_140616_ac1a7dad - markdown_it.rules_block.blockquote - DEBUG - blockquote.blockquote:13 - entering blockquote: StateBlock(line=119,level=1,tokens=176), 119, 445, True
2025-12-27 14:06:17 - 20251227_140616_ac1a7dad - markdown_it.rules_block.hr - DEBUG - hr.hr:14 - entering hr: StateBlock(line=119,level=1,tokens=176), 119, 445, True
2025-12-27 14:06:17 - 20251227_140616_ac1a7dad - markdown_it.rules_block.code - DEBUG - code.code:10 - entering code: StateBlock(line=119,level=0,tokens=177), 119, 445, False
2025-12-27 14:06:17 - 20251227_140616_ac1a7dad - markdown_it.rules_block.fence - DEBUG - fence.fence:10 - entering fence: StateBlock(line=119,level=0,tokens=177), 119, 445, False
2025-12-27 14:06:17 - 20251227_140616_ac1a7dad - markdown_it.rules_block.blockquote - DEBUG - blockquote.blockquote:13 - entering blockquote: StateBlock(line=119,level=0,tokens=177), 119, 445, False
2025-12-27 14:06:17 - 20251227_140616_ac1a7dad - markdown_it.rules_block.hr - DEBUG - hr.hr:14 - entering hr: StateBlock(line=119,level=0,tokens=177), 119, 445, False
2025-12-27 14:06:17 - 20251227_140616_ac1a7dad - markdown_it.rules_block.code - DEBUG - code.code:10 - entering code: StateBlock(line=121,level=0,tokens=178), 121, 445, False
2025-12-27 14:06:17 - 20251227_140616_ac1a7dad - markdown_it.rules_block.fence - DEBUG - fence.fence:10 - entering fence: StateBlock(line=121,level=0,tokens=178), 121, 445, False
2025-12-27 14:06:17 - 20251227_140616_ac1a7dad - markdown_it.rules_block.blockquote - DEBUG - blockquote.blockquote:13 - entering blockquote: StateBlock(line=121,level=0,tokens=178), 121, 445, False
2025-12-27 14:06:17 - 20251227_140616_ac1a7dad - markdown_it.rules_block.hr - DEBUG - hr.hr:14 - entering hr: StateBlock(line=121,level=0,tokens=178), 121, 445, False
2025-12-27 14:06:17 - 20251227_140616_ac1a7dad - markdown_it.rules_block.list - DEBUG - list.list_block:102 - entering list: StateBlock(line=121,level=0,tokens=178), 121, 445, False
2025-12-27 14:06:17 - 20251227_140616_ac1a7dad - markdown_it.rules_block.reference - DEBUG - reference.reference:10 - entering reference: StateBlock(line=121,level=0,tokens=178), 121, 445, False
2025-12-27 14:06:17 - 20251227_140616_ac1a7dad - markdown_it.rules_block.html_block - DEBUG - html_block.html_block:35 - entering html_block: StateBlock(line=121,level=0,tokens=178), 121, 445, False
2025-12-27 14:06:17 - 20251227_140616_ac1a7dad - markdown_it.rules_block.heading - DEBUG - heading.heading:13 - entering heading: StateBlock(line=121,level=0,tokens=178), 121, 445, False
2025-12-27 14:06:17 - 20251227_140616_ac1a7dad - markdown_it.rules_block.code - DEBUG - code.code:10 - entering code: StateBlock(line=123,level=0,tokens=181), 123, 445, False
2025-12-27 14:06:17 - 20251227_140616_ac1a7dad - markdown_it.rules_block.fence - DEBUG - fence.fence:10 - entering fence: StateBlock(line=123,level=0,tokens=181), 123, 445, False
2025-12-27 14:06:17 - 20251227_140616_ac1a7dad - markdown_it.rules_block.blockquote - DEBUG - blockquote.blockquote:13 - entering blockquote: StateBlock(line=123,level=0,tokens=181), 123, 445, False
2025-12-27 14:06:17 - 20251227_140616_ac1a7dad - markdown_it.rules_block.hr - DEBUG - hr.hr:14 - entering hr: StateBlock(line=123,level=0,tokens=181), 123, 445, False
2025-12-27 14:06:17 - 20251227_140616_ac1a7dad - markdown_it.rules_block.list - DEBUG - list.list_block:102 - entering list: StateBlock(line=123,level=0,tokens=181), 123, 445, False
2025-12-27 14:06:17 - 20251227_140616_ac1a7dad - markdown_it.rules_block.reference - DEBUG - reference.reference:10 - entering reference: StateBlock(line=123,level=0,tokens=181), 123, 445, False
2025-12-27 14:06:17 - 20251227_140616_ac1a7dad - markdown_it.rules_block.html_block - DEBUG - html_block.html_block:35 - entering html_block: StateBlock(line=123,level=0,tokens=181), 123, 445, False
2025-12-27 14:06:17 - 20251227_140616_ac1a7dad - markdown_it.rules_block.heading - DEBUG - heading.heading:13 - entering heading: StateBlock(line=123,level=0,tokens=181), 123, 445, False
2025-12-27 14:06:17 - 20251227_140616_ac1a7dad - markdown_it.rules_block.lheading - DEBUG - lheading.lheading:10 - entering lheading: StateBlock(line=123,level=0,tokens=181), 123, 445, False
2025-12-27 14:06:17 - 20251227_140616_ac1a7dad - markdown_it.rules_block.paragraph - DEBUG - paragraph.paragraph:10 - entering paragraph: StateBlock(line=123,level=0,tokens=181), 123, 445, False
2025-12-27 14:06:17 - 20251227_140616_ac1a7dad - markdown_it.rules_block.code - DEBUG - code.code:10 - entering code: StateBlock(line=125,level=0,tokens=184), 125, 445, False
2025-12-27 14:06:17 - 20251227_140616_ac1a7dad - markdown_it.rules_block.fence - DEBUG - fence.fence:10 - entering fence: StateBlock(line=125,level=0,tokens=184), 125, 445, False
2025-12-27 14:06:17 - 20251227_140616_ac1a7dad - markdown_it.rules_block.blockquote - DEBUG - blockquote.blockquote:13 - entering blockquote: StateBlock(line=125,level=0,tokens=184), 125, 445, False
2025-12-27 14:06:17 - 20251227_140616_ac1a7dad - markdown_it.rules_block.code - DEBUG - code.code:10 - entering code: StateBlock(line=125,level=1,tokens=185), 125, 135, False
2025-12-27 14:06:17 - 20251227_140616_ac1a7dad - markdown_it.rules_block.fence - DEBUG - fence.fence:10 - entering fence: StateBlock(line=125,level=1,tokens=185), 125, 135, False
2025-12-27 14:06:17 - 20251227_140616_ac1a7dad - markdown_it.rules_block.blockquote - DEBUG - blockquote.blockquote:13 - entering blockquote: StateBlock(line=125,level=1,tokens=185), 125, 135, False
2025-12-27 14:06:17 - 20251227_140616_ac1a7dad - markdown_it.rules_block.hr - DEBUG - hr.hr:14 - entering hr: StateBlock(line=125,level=1,tokens=185), 125, 135, False
2025-12-27 14:06:17 - 20251227_140616_ac1a7dad - markdown_it.rules_block.list - DEBUG - list.list_block:102 - entering list: StateBlock(line=125,level=1,tokens=185), 125, 135, False
2025-12-27 14:06:17 - 20251227_140616_ac1a7dad - markdown_it.rules_block.reference - DEBUG - reference.reference:10 - entering reference: StateBlock(line=125,level=1,tokens=185), 125, 135, False
2025-12-27 14:06:17 - 20251227_140616_ac1a7dad - markdown_it.rules_block.html_block - DEBUG - html_block.html_block:35 - entering html_block: StateBlock(line=125,level=1,tokens=185), 125, 135, False
2025-12-27 14:06:17 - 20251227_140616_ac1a7dad - markdown_it.rules_block.heading - DEBUG - heading.heading:13 - entering heading: StateBlock(line=125,level=1,tokens=185), 125, 135, False
2025-12-27 14:06:17 - 20251227_140616_ac1a7dad - markdown_it.rules_block.lheading - DEBUG - lheading.lheading:10 - entering lheading: StateBlock(line=125,level=1,tokens=185), 125, 135, False
2025-12-27 14:06:17 - 20251227_140616_ac1a7dad - markdown_it.rules_block.fence - DEBUG - fence.fence:10 - entering fence: StateBlock(line=125,level=1,tokens=185), 126, 135, True
2025-12-27 14:06:17 - 20251227_140616_ac1a7dad - markdown_it.rules_block.blockquote - DEBUG - blockquote.blockquote:13 - entering blockquote: StateBlock(line=125,level=1,tokens=185), 126, 135, True
2025-12-27 14:06:17 - 20251227_140616_ac1a7dad - markdown_it.rules_block.hr - DEBUG - hr.hr:14 - entering hr: StateBlock(line=125,level=1,tokens=185), 126, 135, True
2025-12-27 14:06:17 - 20251227_140616_ac1a7dad - markdown_it.rules_block.list - DEBUG - list.list_block:102 - entering list: StateBlock(line=125,level=1,tokens=185), 126, 135, True
2025-12-27 14:06:17 - 20251227_140616_ac1a7dad - markdown_it.rules_block.html_block - DEBUG - html_block.html_block:35 - entering html_block: StateBlock(line=125,level=1,tokens=185), 126, 135, True
2025-12-27 14:06:17 - 20251227_140616_ac1a7dad - markdown_it.rules_block.heading - DEBUG - heading.heading:13 - entering heading: StateBlock(line=125,level=1,tokens=185), 126, 135, True
2025-12-27 14:06:17 - 20251227_140616_ac1a7dad - markdown_it.rules_block.paragraph - DEBUG - paragraph.paragraph:10 - entering paragraph: StateBlock(line=125,level=1,tokens=185), 125, 135, False
2025-12-27 14:06:17 - 20251227_140616_ac1a7dad - markdown_it.rules_block.fence - DEBUG - fence.fence:10 - entering fence: StateBlock(line=125,level=1,tokens=185), 126, 445, True
2025-12-27 14:06:17 - 20251227_140616_ac1a7dad - markdown_it.rules_block.blockquote - DEBUG - blockquote.blockquote:13 - entering blockquote: StateBlock(line=125,level=1,tokens=185), 126, 445, True
2025-12-27 14:06:17 - 20251227_140616_ac1a7dad - markdown_it.rules_block.hr - DEBUG - hr.hr:14 - entering hr: StateBlock(line=125,level=1,tokens=185), 126, 445, True
2025-12-27 14:06:17 - 20251227_140616_ac1a7dad - markdown_it.rules_block.list - DEBUG - list.list_block:102 - entering list: StateBlock(line=125,level=1,tokens=185), 126, 445, True
2025-12-27 14:06:17 - 20251227_140616_ac1a7dad - markdown_it.rules_block.html_block - DEBUG - html_block.html_block:35 - entering html_block: StateBlock(line=125,level=1,tokens=185), 126, 445, True
2025-12-27 14:06:17 - 20251227_140616_ac1a7dad - markdown_it.rules_block.heading - DEBUG - heading.heading:13 - entering heading: StateBlock(line=125,level=1,tokens=185), 126, 445, True
2025-12-27 14:06:17 - 20251227_140616_ac1a7dad - markdown_it.rules_block.code - DEBUG - code.code:10 - entering code: StateBlock(line=128,level=1,tokens=188), 128, 135, False
2025-12-27 14:06:17 - 20251227_140616_ac1a7dad - markdown_it.rules_block.fence - DEBUG - fence.fence:10 - entering fence: StateBlock(line=128,level=1,tokens=188), 128, 135, False
2025-12-27 14:06:17 - 20251227_140616_ac1a7dad - markdown_it.rules_block.blockquote - DEBUG - blockquote.blockquote:13 - entering blockquote: StateBlock(line=128,level=1,tokens=188), 128, 135, False
2025-12-27 14:06:17 - 20251227_140616_ac1a7dad - markdown_it.rules_block.hr - DEBUG - hr.hr:14 - entering hr: StateBlock(line=128,level=1,tokens=188), 128, 135, False
2025-12-27 14:06:17 - 20251227_140616_ac1a7dad - markdown_it.rules_block.list - DEBUG - list.list_block:102 - entering list: StateBlock(line=128,level=1,tokens=188), 128, 135, False
2025-12-27 14:06:17 - 20251227_140616_ac1a7dad - markdown_it.rules_block.reference - DEBUG - reference.reference:10 - entering reference: StateBlock(line=128,level=1,tokens=188), 128, 135, False
2025-12-27 14:06:17 - 20251227_140616_ac1a7dad - markdown_it.rules_block.html_block - DEBUG - html_block.html_block:35 - entering html_block: StateBlock(line=128,level=1,tokens=188), 128, 135, False
2025-12-27 14:06:17 - 20251227_140616_ac1a7dad - markdown_it.rules_block.heading - DEBUG - heading.heading:13 - entering heading: StateBlock(line=128,level=1,tokens=188), 128, 135, False
2025-12-27 14:06:17 - 20251227_140616_ac1a7dad - markdown_it.rules_block.lheading - DEBUG - lheading.lheading:10 - entering lheading: StateBlock(line=128,level=1,tokens=188), 128, 135, False
2025-12-27 14:06:17 - 20251227_140616_ac1a7dad - markdown_it.rules_block.fence - DEBUG - fence.fence:10 - entering fence: StateBlock(line=128,level=1,tokens=188), 129, 135, True
2025-12-27 14:06:17 - 20251227_140616_ac1a7dad - markdown_it.rules_block.blockquote - DEBUG - blockquote.blockquote:13 - entering blockquote: StateBlock(line=128,level=1,tokens=188), 129, 135, True
2025-12-27 14:06:17 - 20251227_140616_ac1a7dad - markdown_it.rules_block.hr - DEBUG - hr.hr:14 - entering hr: StateBlock(line=128,level=1,tokens=188), 129, 135, True
2025-12-27 14:06:17 - 20251227_140616_ac1a7dad - markdown_it.rules_block.list - DEBUG - list.list_block:102 - entering list: StateBlock(line=128,level=1,tokens=188), 129, 135, True
2025-12-27 14:06:17 - 20251227_140616_ac1a7dad - markdown_it.rules_block.html_block - DEBUG - html_block.html_block:35 - entering html_block: StateBlock(line=128,level=1,tokens=188), 129, 135, True
2025-12-27 14:06:17 - 20251227_140616_ac1a7dad - markdown_it.rules_block.heading - DEBUG - heading.heading:13 - entering heading: StateBlock(line=128,level=1,tokens=188), 129, 135, True
2025-12-27 14:06:17 - 20251227_140616_ac1a7dad - markdown_it.rules_block.paragraph - DEBUG - paragraph.paragraph:10 - entering paragraph: StateBlock(line=128,level=1,tokens=188), 128, 135, False
2025-12-27 14:06:17 - 20251227_140616_ac1a7dad - markdown_it.rules_block.fence - DEBUG - fence.fence:10 - entering fence: StateBlock(line=128,level=1,tokens=188), 129, 445, True
2025-12-27 14:06:17 - 20251227_140616_ac1a7dad - markdown_it.rules_block.blockquote - DEBUG - blockquote.blockquote:13 - entering blockquote: StateBlock(line=128,level=1,tokens=188), 129, 445, True
2025-12-27 14:06:17 - 20251227_140616_ac1a7dad - markdown_it.rules_block.hr - DEBUG - hr.hr:14 - entering hr: StateBlock(line=128,level=1,tokens=188), 129, 445, True
2025-12-27 14:06:17 - 20251227_140616_ac1a7dad - markdown_it.rules_block.list - DEBUG - list.list_block:102 - entering list: StateBlock(line=128,level=1,tokens=188), 129, 445, True
2025-12-27 14:06:17 - 20251227_140616_ac1a7dad - markdown_it.rules_block.html_block - DEBUG - html_block.html_block:35 - entering html_block: StateBlock(line=128,level=1,tokens=188), 129, 445, True
2025-12-27 14:06:17 - 20251227_140616_ac1a7dad - markdown_it.rules_block.heading - DEBUG - heading.heading:13 - entering heading: StateBlock(line=128,level=1,tokens=188), 129, 445, True
2025-12-27 14:06:17 - 20251227_140616_ac1a7dad - markdown_it.rules_block.code - DEBUG - code.code:10 - entering code: StateBlock(line=131,level=1,tokens=191), 131, 135, False
2025-12-27 14:06:17 - 20251227_140616_ac1a7dad - markdown_it.rules_block.fence - DEBUG - fence.fence:10 - entering fence: StateBlock(line=131,level=1,tokens=191), 131, 135, False
2025-12-27 14:06:17 - 20251227_140616_ac1a7dad - markdown_it.rules_block.blockquote - DEBUG - blockquote.blockquote:13 - entering blockquote: StateBlock(line=131,level=1,tokens=191), 131, 135, False
2025-12-27 14:06:17 - 20251227_140616_ac1a7dad - markdown_it.rules_block.hr - DEBUG - hr.hr:14 - entering hr: StateBlock(line=131,level=1,tokens=191), 131, 135, False
2025-12-27 14:06:17 - 20251227_140616_ac1a7dad - markdown_it.rules_block.list - DEBUG - list.list_block:102 - entering list: StateBlock(line=131,level=1,tokens=191), 131, 135, False
2025-12-27 14:06:17 - 20251227_140616_ac1a7dad - markdown_it.rules_block.reference - DEBUG - reference.reference:10 - entering reference: StateBlock(line=131,level=1,tokens=191), 131, 135, False
2025-12-27 14:06:17 - 20251227_140616_ac1a7dad - markdown_it.rules_block.html_block - DEBUG - html_block.html_block:35 - entering html_block: StateBlock(line=131,level=1,tokens=191), 131, 135, False
2025-12-27 14:06:17 - 20251227_140616_ac1a7dad - markdown_it.rules_block.heading - DEBUG - heading.heading:13 - entering heading: StateBlock(line=131,level=1,tokens=191), 131, 135, False
2025-12-27 14:06:17 - 20251227_140616_ac1a7dad - markdown_it.rules_block.lheading - DEBUG - lheading.lheading:10 - entering lheading: StateBlock(line=131,level=1,tokens=191), 131, 135, False
2025-12-27 14:06:17 - 20251227_140616_ac1a7dad - markdown_it.rules_block.paragraph - DEBUG - paragraph.paragraph:10 - entering paragraph: StateBlock(line=131,level=1,tokens=191), 131, 135, False
2025-12-27 14:06:17 - 20251227_140616_ac1a7dad - markdown_it.rules_block.code - DEBUG - code.code:10 - entering code: StateBlock(line=133,level=1,tokens=194), 133, 135, False
2025-12-27 14:06:17 - 20251227_140616_ac1a7dad - markdown_it.rules_block.fence - DEBUG - fence.fence:10 - entering fence: StateBlock(line=133,level=1,tokens=194), 133, 135, False
2025-12-27 14:06:17 - 20251227_140616_ac1a7dad - markdown_it.rules_block.blockquote - DEBUG - blockquote.blockquote:13 - entering blockquote: StateBlock(line=133,level=1,tokens=194), 133, 135, False
2025-12-27 14:06:17 - 20251227_140616_ac1a7dad - markdown_it.rules_block.hr - DEBUG - hr.hr:14 - entering hr: StateBlock(line=133,level=1,tokens=194), 133, 135, False
2025-12-27 14:06:17 - 20251227_140616_ac1a7dad - markdown_it.rules_block.list - DEBUG - list.list_block:102 - entering list: StateBlock(line=133,level=1,tokens=194), 133, 135, False
2025-12-27 14:06:17 - 20251227_140616_ac1a7dad - markdown_it.rules_block.reference - DEBUG - reference.reference:10 - entering reference: StateBlock(line=133,level=1,tokens=194), 133, 135, False
2025-12-27 14:06:17 - 20251227_140616_ac1a7dad - markdown_it.rules_block.html_block - DEBUG - html_block.html_block:35 - entering html_block: StateBlock(line=133,level=1,tokens=194), 133, 135, False
2025-12-27 14:06:17 - 20251227_140616_ac1a7dad - markdown_it.rules_block.heading - DEBUG - heading.heading:13 - entering heading: StateBlock(line=133,level=1,tokens=194), 133, 135, False
2025-12-27 14:06:17 - 20251227_140616_ac1a7dad - markdown_it.rules_block.lheading - DEBUG - lheading.lheading:10 - entering lheading: StateBlock(line=133,level=1,tokens=194), 133, 135, False
2025-12-27 14:06:17 - 20251227_140616_ac1a7dad - markdown_it.rules_block.fence - DEBUG - fence.fence:10 - entering fence: StateBlock(line=133,level=1,tokens=194), 134, 135, True
2025-12-27 14:06:17 - 20251227_140616_ac1a7dad - markdown_it.rules_block.blockquote - DEBUG - blockquote.blockquote:13 - entering blockquote: StateBlock(line=133,level=1,tokens=194), 134, 135, True
2025-12-27 14:06:17 - 20251227_140616_ac1a7dad - markdown_it.rules_block.hr - DEBUG - hr.hr:14 - entering hr: StateBlock(line=133,level=1,tokens=194), 134, 135, True
2025-12-27 14:06:17 - 20251227_140616_ac1a7dad - markdown_it.rules_block.list - DEBUG - list.list_block:102 - entering list: StateBlock(line=133,level=1,tokens=194), 134, 135, True
2025-12-27 14:06:17 - 20251227_140616_ac1a7dad - markdown_it.rules_block.html_block - DEBUG - html_block.html_block:35 - entering html_block: StateBlock(line=133,level=1,tokens=194), 134, 135, True
2025-12-27 14:06:17 - 20251227_140616_ac1a7dad - markdown_it.rules_block.heading - DEBUG - heading.heading:13 - entering heading: StateBlock(line=133,level=1,tokens=194), 134, 135, True
2025-12-27 14:06:17 - 20251227_140616_ac1a7dad - markdown_it.rules_block.paragraph - DEBUG - paragraph.paragraph:10 - entering paragraph: StateBlock(line=133,level=1,tokens=194), 133, 135, False
2025-12-27 14:06:17 - 20251227_140616_ac1a7dad - markdown_it.rules_block.fence - DEBUG - fence.fence:10 - entering fence: StateBlock(line=133,level=1,tokens=194), 134, 445, True
2025-12-27 14:06:17 - 20251227_140616_ac1a7dad - markdown_it.rules_block.blockquote - DEBUG - blockquote.blockquote:13 - entering blockquote: StateBlock(line=133,level=1,tokens=194), 134, 445, True
2025-12-27 14:06:17 - 20251227_140616_ac1a7dad - markdown_it.rules_block.hr - DEBUG - hr.hr:14 - entering hr: StateBlock(line=133,level=1,tokens=194), 134, 445, True
2025-12-27 14:06:17 - 20251227_140616_ac1a7dad - markdown_it.rules_block.list - DEBUG - list.list_block:102 - entering list: StateBlock(line=133,level=1,tokens=194), 134, 445, True
2025-12-27 14:06:17 - 20251227_140616_ac1a7dad - markdown_it.rules_block.html_block - DEBUG - html_block.html_block:35 - entering html_block: StateBlock(line=133,level=1,tokens=194), 134, 445, True
2025-12-27 14:06:17 - 20251227_140616_ac1a7dad - markdown_it.rules_block.heading - DEBUG - heading.heading:13 - entering heading: StateBlock(line=133,level=1,tokens=194), 134, 445, True
2025-12-27 14:06:17 - 20251227_140616_ac1a7dad - markdown_it.rules_block.code - DEBUG - code.code:10 - entering code: StateBlock(line=136,level=0,tokens=198), 136, 445, False
2025-12-27 14:06:17 - 20251227_140616_ac1a7dad - markdown_it.rules_block.fence - DEBUG - fence.fence:10 - entering fence: StateBlock(line=136,level=0,tokens=198), 136, 445, False
2025-12-27 14:06:17 - 20251227_140616_ac1a7dad - markdown_it.rules_block.blockquote - DEBUG - blockquote.blockquote:13 - entering blockquote: StateBlock(line=136,level=0,tokens=198), 136, 445, False
2025-12-27 14:06:17 - 20251227_140616_ac1a7dad - markdown_it.rules_block.hr - DEBUG - hr.hr:14 - entering hr: StateBlock(line=136,level=0,tokens=198), 136, 445, False
2025-12-27 14:06:17 - 20251227_140616_ac1a7dad - markdown_it.rules_block.list - DEBUG - list.list_block:102 - entering list: StateBlock(line=136,level=0,tokens=198), 136, 445, False
2025-12-27 14:06:17 - 20251227_140616_ac1a7dad - markdown_it.rules_block.reference - DEBUG - reference.reference:10 - entering reference: StateBlock(line=136,level=0,tokens=198), 136, 445, False
2025-12-27 14:06:17 - 20251227_140616_ac1a7dad - markdown_it.rules_block.html_block - DEBUG - html_block.html_block:35 - entering html_block: StateBlock(line=136,level=0,tokens=198), 136, 445, False
2025-12-27 14:06:17 - 20251227_140616_ac1a7dad - markdown_it.rules_block.heading - DEBUG - heading.heading:13 - entering heading: StateBlock(line=136,level=0,tokens=198), 136, 445, False
2025-12-27 14:06:17 - 20251227_140616_ac1a7dad - markdown_it.rules_block.code - DEBUG - code.code:10 - entering code: StateBlock(line=138,level=0,tokens=201), 138, 445, False
2025-12-27 14:06:17 - 20251227_140616_ac1a7dad - markdown_it.rules_block.fence - DEBUG - fence.fence:10 - entering fence: StateBlock(line=138,level=0,tokens=201), 138, 445, False
2025-12-27 14:06:17 - 20251227_140616_ac1a7dad - markdown_it.rules_block.blockquote - DEBUG - blockquote.blockquote:13 - entering blockquote: StateBlock(line=138,level=0,tokens=201), 138, 445, False
2025-12-27 14:06:17 - 20251227_140616_ac1a7dad - markdown_it.rules_block.hr - DEBUG - hr.hr:14 - entering hr: StateBlock(line=138,level=0,tokens=201), 138, 445, False
2025-12-27 14:06:17 - 20251227_140616_ac1a7dad - markdown_it.rules_block.list - DEBUG - list.list_block:102 - entering list: StateBlock(line=138,level=0,tokens=201), 138, 445, False
2025-12-27 14:06:17 - 20251227_140616_ac1a7dad - markdown_it.rules_block.code - DEBUG - code.code:10 - entering code: StateBlock(line=138,level=2,tokens=203), 138, 445, False
2025-12-27 14:06:17 - 20251227_140616_ac1a7dad - markdown_it.rules_block.fence - DEBUG - fence.fence:10 - entering fence: StateBlock(line=138,level=2,tokens=203), 138, 445, False
2025-12-27 14:06:17 - 20251227_140616_ac1a7dad - markdown_it.rules_block.blockquote - DEBUG - blockquote.blockquote:13 - entering blockquote: StateBlock(line=138,level=2,tokens=203), 138, 445, False
2025-12-27 14:06:17 - 20251227_140616_ac1a7dad - markdown_it.rules_block.hr - DEBUG - hr.hr:14 - entering hr: StateBlock(line=138,level=2,tokens=203), 138, 445, False
2025-12-27 14:06:17 - 20251227_140616_ac1a7dad - markdown_it.rules_block.list - DEBUG - list.list_block:102 - entering list: StateBlock(line=138,level=2,tokens=203), 138, 445, False
2025-12-27 14:06:17 - 20251227_140616_ac1a7dad - markdown_it.rules_block.reference - DEBUG - reference.reference:10 - entering reference: StateBlock(line=138,level=2,tokens=203), 138, 445, False
2025-12-27 14:06:17 - 20251227_140616_ac1a7dad - markdown_it.rules_block.html_block - DEBUG - html_block.html_block:35 - entering html_block: StateBlock(line=138,level=2,tokens=203), 138, 445, False
2025-12-27 14:06:17 - 20251227_140616_ac1a7dad - markdown_it.rules_block.heading - DEBUG - heading.heading:13 - entering heading: StateBlock(line=138,level=2,tokens=203), 138, 445, False
2025-12-27 14:06:17 - 20251227_140616_ac1a7dad - markdown_it.rules_block.lheading - DEBUG - lheading.lheading:10 - entering lheading: StateBlock(line=138,level=2,tokens=203), 138, 445, False
2025-12-27 14:06:17 - 20251227_140616_ac1a7dad - markdown_it.rules_block.fence - DEBUG - fence.fence:10 - entering fence: StateBlock(line=138,level=2,tokens=203), 139, 445, True
2025-12-27 14:06:17 - 20251227_140616_ac1a7dad - markdown_it.rules_block.blockquote - DEBUG - blockquote.blockquote:13 - entering blockquote: StateBlock(line=138,level=2,tokens=203), 139, 445, True
2025-12-27 14:06:17 - 20251227_140616_ac1a7dad - markdown_it.rules_block.hr - DEBUG - hr.hr:14 - entering hr: StateBlock(line=138,level=2,tokens=203), 139, 445, True
2025-12-27 14:06:17 - 20251227_140616_ac1a7dad - markdown_it.rules_block.list - DEBUG - list.list_block:102 - entering list: StateBlock(line=138,level=2,tokens=203), 139, 445, True
2025-12-27 14:06:17 - 20251227_140616_ac1a7dad - markdown_it.rules_block.paragraph - DEBUG - paragraph.paragraph:10 - entering paragraph: StateBlock(line=138,level=2,tokens=203), 138, 445, False
2025-12-27 14:06:17 - 20251227_140616_ac1a7dad - markdown_it.rules_block.fence - DEBUG - fence.fence:10 - entering fence: StateBlock(line=138,level=2,tokens=203), 139, 445, True
2025-12-27 14:06:17 - 20251227_140616_ac1a7dad - markdown_it.rules_block.blockquote - DEBUG - blockquote.blockquote:13 - entering blockquote: StateBlock(line=138,level=2,tokens=203), 139, 445, True
2025-12-27 14:06:17 - 20251227_140616_ac1a7dad - markdown_it.rules_block.hr - DEBUG - hr.hr:14 - entering hr: StateBlock(line=138,level=2,tokens=203), 139, 445, True
2025-12-27 14:06:17 - 20251227_140616_ac1a7dad - markdown_it.rules_block.list - DEBUG - list.list_block:102 - entering list: StateBlock(line=138,level=2,tokens=203), 139, 445, True
2025-12-27 14:06:17 - 20251227_140616_ac1a7dad - markdown_it.rules_block.fence - DEBUG - fence.fence:10 - entering fence: StateBlock(line=139,level=1,tokens=207), 139, 445, True
2025-12-27 14:06:17 - 20251227_140616_ac1a7dad - markdown_it.rules_block.blockquote - DEBUG - blockquote.blockquote:13 - entering blockquote: StateBlock(line=139,level=1,tokens=207), 139, 445, True
2025-12-27 14:06:17 - 20251227_140616_ac1a7dad - markdown_it.rules_block.hr - DEBUG - hr.hr:14 - entering hr: StateBlock(line=139,level=1,tokens=207), 139, 445, True
2025-12-27 14:06:17 - 20251227_140616_ac1a7dad - markdown_it.rules_block.code - DEBUG - code.code:10 - entering code: StateBlock(line=139,level=2,tokens=208), 139, 445, False
2025-12-27 14:06:17 - 20251227_140616_ac1a7dad - markdown_it.rules_block.fence - DEBUG - fence.fence:10 - entering fence: StateBlock(line=139,level=2,tokens=208), 139, 445, False
2025-12-27 14:06:17 - 20251227_140616_ac1a7dad - markdown_it.rules_block.blockquote - DEBUG - blockquote.blockquote:13 - entering blockquote: StateBlock(line=139,level=2,tokens=208), 139, 445, False
2025-12-27 14:06:17 - 20251227_140616_ac1a7dad - markdown_it.rules_block.hr - DEBUG - hr.hr:14 - entering hr: StateBlock(line=139,level=2,tokens=208), 139, 445, False
2025-12-27 14:06:17 - 20251227_140616_ac1a7dad - markdown_it.rules_block.list - DEBUG - list.list_block:102 - entering list: StateBlock(line=139,level=2,tokens=208), 139, 445, False
2025-12-27 14:06:17 - 20251227_140616_ac1a7dad - markdown_it.rules_block.reference - DEBUG - reference.reference:10 - entering reference: StateBlock(line=139,level=2,tokens=208), 139, 445, False
2025-12-27 14:06:17 - 20251227_140616_ac1a7dad - markdown_it.rules_block.html_block - DEBUG - html_block.html_block:35 - entering html_block: StateBlock(line=139,level=2,tokens=208), 139, 445, False
2025-12-27 14:06:17 - 20251227_140616_ac1a7dad - markdown_it.rules_block.heading - DEBUG - heading.heading:13 - entering heading: StateBlock(line=139,level=2,tokens=208), 139, 445, False
2025-12-27 14:06:17 - 20251227_140616_ac1a7dad - markdown_it.rules_block.lheading - DEBUG - lheading.lheading:10 - entering lheading: StateBlock(line=139,level=2,tokens=208), 139, 445, False
2025-12-27 14:06:17 - 20251227_140616_ac1a7dad - markdown_it.rules_block.fence - DEBUG - fence.fence:10 - entering fence: StateBlock(line=139,level=2,tokens=208), 140, 445, True
2025-12-27 14:06:17 - 20251227_140616_ac1a7dad - markdown_it.rules_block.blockquote - DEBUG - blockquote.blockquote:13 - entering blockquote: StateBlock(line=139,level=2,tokens=208), 140, 445, True
2025-12-27 14:06:17 - 20251227_140616_ac1a7dad - markdown_it.rules_block.hr - DEBUG - hr.hr:14 - entering hr: StateBlock(line=139,level=2,tokens=208), 140, 445, True
2025-12-27 14:06:17 - 20251227_140616_ac1a7dad - markdown_it.rules_block.list - DEBUG - list.list_block:102 - entering list: StateBlock(line=139,level=2,tokens=208), 140, 445, True
2025-12-27 14:06:17 - 20251227_140616_ac1a7dad - markdown_it.rules_block.paragraph - DEBUG - paragraph.paragraph:10 - entering paragraph: StateBlock(line=139,level=2,tokens=208), 139, 445, False
2025-12-27 14:06:17 - 20251227_140616_ac1a7dad - markdown_it.rules_block.fence - DEBUG - fence.fence:10 - entering fence: StateBlock(line=139,level=2,tokens=208), 140, 445, True
2025-12-27 14:06:17 - 20251227_140616_ac1a7dad - markdown_it.rules_block.blockquote - DEBUG - blockquote.blockquote:13 - entering blockquote: StateBlock(line=139,level=2,tokens=208), 140, 445, True
2025-12-27 14:06:17 - 20251227_140616_ac1a7dad - markdown_it.rules_block.hr - DEBUG - hr.hr:14 - entering hr: StateBlock(line=139,level=2,tokens=208), 140, 445, True
2025-12-27 14:06:17 - 20251227_140616_ac1a7dad - markdown_it.rules_block.list - DEBUG - list.list_block:102 - entering list: StateBlock(line=139,level=2,tokens=208), 140, 445, True
2025-12-27 14:06:17 - 20251227_140616_ac1a7dad - markdown_it.rules_block.fence - DEBUG - fence.fence:10 - entering fence: StateBlock(line=140,level=1,tokens=212), 140, 445, True
2025-12-27 14:06:17 - 20251227_140616_ac1a7dad - markdown_it.rules_block.blockquote - DEBUG - blockquote.blockquote:13 - entering blockquote: StateBlock(line=140,level=1,tokens=212), 140, 445, True
2025-12-27 14:06:17 - 20251227_140616_ac1a7dad - markdown_it.rules_block.hr - DEBUG - hr.hr:14 - entering hr: StateBlock(line=140,level=1,tokens=212), 140, 445, True
2025-12-27 14:06:17 - 20251227_140616_ac1a7dad - markdown_it.rules_block.code - DEBUG - code.code:10 - entering code: StateBlock(line=140,level=2,tokens=213), 140, 445, False
2025-12-27 14:06:17 - 20251227_140616_ac1a7dad - markdown_it.rules_block.fence - DEBUG - fence.fence:10 - entering fence: StateBlock(line=140,level=2,tokens=213), 140, 445, False
2025-12-27 14:06:17 - 20251227_140616_ac1a7dad - markdown_it.rules_block.blockquote - DEBUG - blockquote.blockquote:13 - entering blockquote: StateBlock(line=140,level=2,tokens=213), 140, 445, False
2025-12-27 14:06:17 - 20251227_140616_ac1a7dad - markdown_it.rules_block.hr - DEBUG - hr.hr:14 - entering hr: StateBlock(line=140,level=2,tokens=213), 140, 445, False
2025-12-27 14:06:17 - 20251227_140616_ac1a7dad - markdown_it.rules_block.list - DEBUG - list.list_block:102 - entering list: StateBlock(line=140,level=2,tokens=213), 140, 445, False
2025-12-27 14:06:17 - 20251227_140616_ac1a7dad - markdown_it.rules_block.reference - DEBUG - reference.reference:10 - entering reference: StateBlock(line=140,level=2,tokens=213), 140, 445, False
2025-12-27 14:06:17 - 20251227_140616_ac1a7dad - markdown_it.rules_block.html_block - DEBUG - html_block.html_block:35 - entering html_block: StateBlock(line=140,level=2,tokens=213), 140, 445, False
2025-12-27 14:06:17 - 20251227_140616_ac1a7dad - markdown_it.rules_block.heading - DEBUG - heading.heading:13 - entering heading: StateBlock(line=140,level=2,tokens=213), 140, 445, False
2025-12-27 14:06:17 - 20251227_140616_ac1a7dad - markdown_it.rules_block.lheading - DEBUG - lheading.lheading:10 - entering lheading: StateBlock(line=140,level=2,tokens=213), 140, 445, False
2025-12-27 14:06:17 - 20251227_140616_ac1a7dad - markdown_it.rules_block.fence - DEBUG - fence.fence:10 - entering fence: StateBlock(line=140,level=2,tokens=213), 141, 445, True
2025-12-27 14:06:17 - 20251227_140616_ac1a7dad - markdown_it.rules_block.blockquote - DEBUG - blockquote.blockquote:13 - entering blockquote: StateBlock(line=140,level=2,tokens=213), 141, 445, True
2025-12-27 14:06:17 - 20251227_140616_ac1a7dad - markdown_it.rules_block.hr - DEBUG - hr.hr:14 - entering hr: StateBlock(line=140,level=2,tokens=213), 141, 445, True
2025-12-27 14:06:17 - 20251227_140616_ac1a7dad - markdown_it.rules_block.list - DEBUG - list.list_block:102 - entering list: StateBlock(line=140,level=2,tokens=213), 141, 445, True
2025-12-27 14:06:17 - 20251227_140616_ac1a7dad - markdown_it.rules_block.html_block - DEBUG - html_block.html_block:35 - entering html_block: StateBlock(line=140,level=2,tokens=213), 141, 445, True
2025-12-27 14:06:17 - 20251227_140616_ac1a7dad - markdown_it.rules_block.heading - DEBUG - heading.heading:13 - entering heading: StateBlock(line=140,level=2,tokens=213), 141, 445, True
2025-12-27 14:06:17 - 20251227_140616_ac1a7dad - markdown_it.rules_block.fence - DEBUG - fence.fence:10 - entering fence: StateBlock(line=140,level=2,tokens=213), 142, 445, True
2025-12-27 14:06:17 - 20251227_140616_ac1a7dad - markdown_it.rules_block.blockquote - DEBUG - blockquote.blockquote:13 - entering blockquote: StateBlock(line=140,level=2,tokens=213), 142, 445, True
2025-12-27 14:06:17 - 20251227_140616_ac1a7dad - markdown_it.rules_block.hr - DEBUG - hr.hr:14 - entering hr: StateBlock(line=140,level=2,tokens=213), 142, 445, True
2025-12-27 14:06:17 - 20251227_140616_ac1a7dad - markdown_it.rules_block.list - DEBUG - list.list_block:102 - entering list: StateBlock(line=140,level=2,tokens=213), 142, 445, True
2025-12-27 14:06:17 - 20251227_140616_ac1a7dad - markdown_it.rules_block.paragraph - DEBUG - paragraph.paragraph:10 - entering paragraph: StateBlock(line=140,level=2,tokens=213), 140, 445, False
2025-12-27 14:06:17 - 20251227_140616_ac1a7dad - markdown_it.rules_block.fence - DEBUG - fence.fence:10 - entering fence: StateBlock(line=140,level=2,tokens=213), 141, 445, True
2025-12-27 14:06:17 - 20251227_140616_ac1a7dad - markdown_it.rules_block.blockquote - DEBUG - blockquote.blockquote:13 - entering blockquote: StateBlock(line=140,level=2,tokens=213), 141, 445, True
2025-12-27 14:06:17 - 20251227_140616_ac1a7dad - markdown_it.rules_block.hr - DEBUG - hr.hr:14 - entering hr: StateBlock(line=140,level=2,tokens=213), 141, 445, True
2025-12-27 14:06:17 - 20251227_140616_ac1a7dad - markdown_it.rules_block.list - DEBUG - list.list_block:102 - entering list: StateBlock(line=140,level=2,tokens=213), 141, 445, True
2025-12-27 14:06:17 - 20251227_140616_ac1a7dad - markdown_it.rules_block.html_block - DEBUG - html_block.html_block:35 - entering html_block: StateBlock(line=140,level=2,tokens=213), 141, 445, True
2025-12-27 14:06:17 - 20251227_140616_ac1a7dad - markdown_it.rules_block.heading - DEBUG - heading.heading:13 - entering heading: StateBlock(line=140,level=2,tokens=213), 141, 445, True
2025-12-27 14:06:17 - 20251227_140616_ac1a7dad - markdown_it.rules_block.fence - DEBUG - fence.fence:10 - entering fence: StateBlock(line=140,level=2,tokens=213), 142, 445, True
2025-12-27 14:06:17 - 20251227_140616_ac1a7dad - markdown_it.rules_block.blockquote - DEBUG - blockquote.blockquote:13 - entering blockquote: StateBlock(line=140,level=2,tokens=213), 142, 445, True
2025-12-27 14:06:17 - 20251227_140616_ac1a7dad - markdown_it.rules_block.hr - DEBUG - hr.hr:14 - entering hr: StateBlock(line=140,level=2,tokens=213), 142, 445, True
2025-12-27 14:06:17 - 20251227_140616_ac1a7dad - markdown_it.rules_block.list - DEBUG - list.list_block:102 - entering list: StateBlock(line=140,level=2,tokens=213), 142, 445, True
2025-12-27 14:06:17 - 20251227_140616_ac1a7dad - markdown_it.rules_block.fence - DEBUG - fence.fence:10 - entering fence: StateBlock(line=142,level=1,tokens=217), 142, 445, True
2025-12-27 14:06:17 - 20251227_140616_ac1a7dad - markdown_it.rules_block.blockquote - DEBUG - blockquote.blockquote:13 - entering blockquote: StateBlock(line=142,level=1,tokens=217), 142, 445, True
2025-12-27 14:06:17 - 20251227_140616_ac1a7dad - markdown_it.rules_block.hr - DEBUG - hr.hr:14 - entering hr: StateBlock(line=142,level=1,tokens=217), 142, 445, True
2025-12-27 14:06:17 - 20251227_140616_ac1a7dad - markdown_it.rules_block.code - DEBUG - code.code:10 - entering code: StateBlock(line=142,level=2,tokens=218), 142, 445, False
2025-12-27 14:06:17 - 20251227_140616_ac1a7dad - markdown_it.rules_block.fence - DEBUG - fence.fence:10 - entering fence: StateBlock(line=142,level=2,tokens=218), 142, 445, False
2025-12-27 14:06:17 - 20251227_140616_ac1a7dad - markdown_it.rules_block.blockquote - DEBUG - blockquote.blockquote:13 - entering blockquote: StateBlock(line=142,level=2,tokens=218), 142, 445, False
2025-12-27 14:06:17 - 20251227_140616_ac1a7dad - markdown_it.rules_block.hr - DEBUG - hr.hr:14 - entering hr: StateBlock(line=142,level=2,tokens=218), 142, 445, False
2025-12-27 14:06:17 - 20251227_140616_ac1a7dad - markdown_it.rules_block.list - DEBUG - list.list_block:102 - entering list: StateBlock(line=142,level=2,tokens=218), 142, 445, False
2025-12-27 14:06:17 - 20251227_140616_ac1a7dad - markdown_it.rules_block.reference - DEBUG - reference.reference:10 - entering reference: StateBlock(line=142,level=2,tokens=218), 142, 445, False
2025-12-27 14:06:17 - 20251227_140616_ac1a7dad - markdown_it.rules_block.html_block - DEBUG - html_block.html_block:35 - entering html_block: StateBlock(line=142,level=2,tokens=218), 142, 445, False
2025-12-27 14:06:17 - 20251227_140616_ac1a7dad - markdown_it.rules_block.heading - DEBUG - heading.heading:13 - entering heading: StateBlock(line=142,level=2,tokens=218), 142, 445, False
2025-12-27 14:06:17 - 20251227_140616_ac1a7dad - markdown_it.rules_block.lheading - DEBUG - lheading.lheading:10 - entering lheading: StateBlock(line=142,level=2,tokens=218), 142, 445, False
2025-12-27 14:06:17 - 20251227_140616_ac1a7dad - markdown_it.rules_block.paragraph - DEBUG - paragraph.paragraph:10 - entering paragraph: StateBlock(line=142,level=2,tokens=218), 142, 445, False
2025-12-27 14:06:17 - 20251227_140616_ac1a7dad - markdown_it.rules_block.fence - DEBUG - fence.fence:10 - entering fence: StateBlock(line=144,level=1,tokens=222), 144, 445, True
2025-12-27 14:06:17 - 20251227_140616_ac1a7dad - markdown_it.rules_block.blockquote - DEBUG - blockquote.blockquote:13 - entering blockquote: StateBlock(line=144,level=1,tokens=222), 144, 445, True
2025-12-27 14:06:17 - 20251227_140616_ac1a7dad - markdown_it.rules_block.hr - DEBUG - hr.hr:14 - entering hr: StateBlock(line=144,level=1,tokens=222), 144, 445, True
2025-12-27 14:06:17 - 20251227_140616_ac1a7dad - markdown_it.rules_block.code - DEBUG - code.code:10 - entering code: StateBlock(line=144,level=0,tokens=223), 144, 445, False
2025-12-27 14:06:17 - 20251227_140616_ac1a7dad - markdown_it.rules_block.fence - DEBUG - fence.fence:10 - entering fence: StateBlock(line=144,level=0,tokens=223), 144, 445, False
2025-12-27 14:06:17 - 20251227_140616_ac1a7dad - markdown_it.rules_block.blockquote - DEBUG - blockquote.blockquote:13 - entering blockquote: StateBlock(line=144,level=0,tokens=223), 144, 445, False
2025-12-27 14:06:17 - 20251227_140616_ac1a7dad - markdown_it.rules_block.hr - DEBUG - hr.hr:14 - entering hr: StateBlock(line=144,level=0,tokens=223), 144, 445, False
2025-12-27 14:06:17 - 20251227_140616_ac1a7dad - markdown_it.rules_block.code - DEBUG - code.code:10 - entering code: StateBlock(line=146,level=0,tokens=224), 146, 445, False
2025-12-27 14:06:17 - 20251227_140616_ac1a7dad - markdown_it.rules_block.fence - DEBUG - fence.fence:10 - entering fence: StateBlock(line=146,level=0,tokens=224), 146, 445, False
2025-12-27 14:06:17 - 20251227_140616_ac1a7dad - markdown_it.rules_block.blockquote - DEBUG - blockquote.blockquote:13 - entering blockquote: StateBlock(line=146,level=0,tokens=224), 146, 445, False
2025-12-27 14:06:17 - 20251227_140616_ac1a7dad - markdown_it.rules_block.hr - DEBUG - hr.hr:14 - entering hr: StateBlock(line=146,level=0,tokens=224), 146, 445, False
2025-12-27 14:06:17 - 20251227_140616_ac1a7dad - markdown_it.rules_block.list - DEBUG - list.list_block:102 - entering list: StateBlock(line=146,level=0,tokens=224), 146, 445, False
2025-12-27 14:06:17 - 20251227_140616_ac1a7dad - markdown_it.rules_block.reference - DEBUG - reference.reference:10 - entering reference: StateBlock(line=146,level=0,tokens=224), 146, 445, False
2025-12-27 14:06:17 - 20251227_140616_ac1a7dad - markdown_it.rules_block.html_block - DEBUG - html_block.html_block:35 - entering html_block: StateBlock(line=146,level=0,tokens=224), 146, 445, False
2025-12-27 14:06:17 - 20251227_140616_ac1a7dad - markdown_it.rules_block.heading - DEBUG - heading.heading:13 - entering heading: StateBlock(line=146,level=0,tokens=224), 146, 445, False
2025-12-27 14:06:17 - 20251227_140616_ac1a7dad - markdown_it.rules_block.code - DEBUG - code.code:10 - entering code: StateBlock(line=148,level=0,tokens=227), 148, 445, False
2025-12-27 14:06:17 - 20251227_140616_ac1a7dad - markdown_it.rules_block.fence - DEBUG - fence.fence:10 - entering fence: StateBlock(line=148,level=0,tokens=227), 148, 445, False
2025-12-27 14:06:17 - 20251227_140616_ac1a7dad - markdown_it.rules_block.blockquote - DEBUG - blockquote.blockquote:13 - entering blockquote: StateBlock(line=148,level=0,tokens=227), 148, 445, False
2025-12-27 14:06:17 - 20251227_140616_ac1a7dad - markdown_it.rules_block.hr - DEBUG - hr.hr:14 - entering hr: StateBlock(line=148,level=0,tokens=227), 148, 445, False
2025-12-27 14:06:17 - 20251227_140616_ac1a7dad - markdown_it.rules_block.list - DEBUG - list.list_block:102 - entering list: StateBlock(line=148,level=0,tokens=227), 148, 445, False
2025-12-27 14:06:17 - 20251227_140616_ac1a7dad - markdown_it.rules_block.reference - DEBUG - reference.reference:10 - entering reference: StateBlock(line=148,level=0,tokens=227), 148, 445, False
2025-12-27 14:06:17 - 20251227_140616_ac1a7dad - markdown_it.rules_block.html_block - DEBUG - html_block.html_block:35 - entering html_block: StateBlock(line=148,level=0,tokens=227), 148, 445, False
2025-12-27 14:06:17 - 20251227_140616_ac1a7dad - markdown_it.rules_block.heading - DEBUG - heading.heading:13 - entering heading: StateBlock(line=148,level=0,tokens=227), 148, 445, False
2025-12-27 14:06:17 - 20251227_140616_ac1a7dad - markdown_it.rules_block.lheading - DEBUG - lheading.lheading:10 - entering lheading: StateBlock(line=148,level=0,tokens=227), 148, 445, False
2025-12-27 14:06:17 - 20251227_140616_ac1a7dad - markdown_it.rules_block.paragraph - DEBUG - paragraph.paragraph:10 - entering paragraph: StateBlock(line=148,level=0,tokens=227), 148, 445, False
2025-12-27 14:06:17 - 20251227_140616_ac1a7dad - markdown_it.rules_block.code - DEBUG - code.code:10 - entering code: StateBlock(line=150,level=0,tokens=230), 150, 445, False
2025-12-27 14:06:17 - 20251227_140616_ac1a7dad - markdown_it.rules_block.fence - DEBUG - fence.fence:10 - entering fence: StateBlock(line=150,level=0,tokens=230), 150, 445, False
2025-12-27 14:06:17 - 20251227_140616_ac1a7dad - markdown_it.rules_block.blockquote - DEBUG - blockquote.blockquote:13 - entering blockquote: StateBlock(line=150,level=0,tokens=230), 150, 445, False
2025-12-27 14:06:17 - 20251227_140616_ac1a7dad - markdown_it.rules_block.code - DEBUG - code.code:10 - entering code: StateBlock(line=150,level=1,tokens=231), 150, 152, False
2025-12-27 14:06:17 - 20251227_140616_ac1a7dad - markdown_it.rules_block.fence - DEBUG - fence.fence:10 - entering fence: StateBlock(line=150,level=1,tokens=231), 150, 152, False
2025-12-27 14:06:17 - 20251227_140616_ac1a7dad - markdown_it.rules_block.blockquote - DEBUG - blockquote.blockquote:13 - entering blockquote: StateBlock(line=150,level=1,tokens=231), 150, 152, False
2025-12-27 14:06:17 - 20251227_140616_ac1a7dad - markdown_it.rules_block.hr - DEBUG - hr.hr:14 - entering hr: StateBlock(line=150,level=1,tokens=231), 150, 152, False
2025-12-27 14:06:17 - 20251227_140616_ac1a7dad - markdown_it.rules_block.list - DEBUG - list.list_block:102 - entering list: StateBlock(line=150,level=1,tokens=231), 150, 152, False
2025-12-27 14:06:17 - 20251227_140616_ac1a7dad - markdown_it.rules_block.reference - DEBUG - reference.reference:10 - entering reference: StateBlock(line=150,level=1,tokens=231), 150, 152, False
2025-12-27 14:06:17 - 20251227_140616_ac1a7dad - markdown_it.rules_block.html_block - DEBUG - html_block.html_block:35 - entering html_block: StateBlock(line=150,level=1,tokens=231), 150, 152, False
2025-12-27 14:06:17 - 20251227_140616_ac1a7dad - markdown_it.rules_block.heading - DEBUG - heading.heading:13 - entering heading: StateBlock(line=150,level=1,tokens=231), 150, 152, False
2025-12-27 14:06:17 - 20251227_140616_ac1a7dad - markdown_it.rules_block.lheading - DEBUG - lheading.lheading:10 - entering lheading: StateBlock(line=150,level=1,tokens=231), 150, 152, False
2025-12-27 14:06:17 - 20251227_140616_ac1a7dad - markdown_it.rules_block.fence - DEBUG - fence.fence:10 - entering fence: StateBlock(line=150,level=1,tokens=231), 151, 152, True
2025-12-27 14:06:17 - 20251227_140616_ac1a7dad - markdown_it.rules_block.blockquote - DEBUG - blockquote.blockquote:13 - entering blockquote: StateBlock(line=150,level=1,tokens=231), 151, 152, True
2025-12-27 14:06:17 - 20251227_140616_ac1a7dad - markdown_it.rules_block.hr - DEBUG - hr.hr:14 - entering hr: StateBlock(line=150,level=1,tokens=231), 151, 152, True
2025-12-27 14:06:17 - 20251227_140616_ac1a7dad - markdown_it.rules_block.list - DEBUG - list.list_block:102 - entering list: StateBlock(line=150,level=1,tokens=231), 151, 152, True
2025-12-27 14:06:17 - 20251227_140616_ac1a7dad - markdown_it.rules_block.html_block - DEBUG - html_block.html_block:35 - entering html_block: StateBlock(line=150,level=1,tokens=231), 151, 152, True
2025-12-27 14:06:17 - 20251227_140616_ac1a7dad - markdown_it.rules_block.heading - DEBUG - heading.heading:13 - entering heading: StateBlock(line=150,level=1,tokens=231), 151, 152, True
2025-12-27 14:06:17 - 20251227_140616_ac1a7dad - markdown_it.rules_block.paragraph - DEBUG - paragraph.paragraph:10 - entering paragraph: StateBlock(line=150,level=1,tokens=231), 150, 152, False
2025-12-27 14:06:17 - 20251227_140616_ac1a7dad - markdown_it.rules_block.fence - DEBUG - fence.fence:10 - entering fence: StateBlock(line=150,level=1,tokens=231), 151, 445, True
2025-12-27 14:06:17 - 20251227_140616_ac1a7dad - markdown_it.rules_block.blockquote - DEBUG - blockquote.blockquote:13 - entering blockquote: StateBlock(line=150,level=1,tokens=231), 151, 445, True
2025-12-27 14:06:17 - 20251227_140616_ac1a7dad - markdown_it.rules_block.hr - DEBUG - hr.hr:14 - entering hr: StateBlock(line=150,level=1,tokens=231), 151, 445, True
2025-12-27 14:06:17 - 20251227_140616_ac1a7dad - markdown_it.rules_block.list - DEBUG - list.list_block:102 - entering list: StateBlock(line=150,level=1,tokens=231), 151, 445, True
2025-12-27 14:06:17 - 20251227_140616_ac1a7dad - markdown_it.rules_block.html_block - DEBUG - html_block.html_block:35 - entering html_block: StateBlock(line=150,level=1,tokens=231), 151, 445, True
2025-12-27 14:06:17 - 20251227_140616_ac1a7dad - markdown_it.rules_block.heading - DEBUG - heading.heading:13 - entering heading: StateBlock(line=150,level=1,tokens=231), 151, 445, True
2025-12-27 14:06:17 - 20251227_140616_ac1a7dad - markdown_it.rules_block.code - DEBUG - code.code:10 - entering code: StateBlock(line=153,level=0,tokens=235), 153, 445, False
2025-12-27 14:06:17 - 20251227_140616_ac1a7dad - markdown_it.rules_block.fence - DEBUG - fence.fence:10 - entering fence: StateBlock(line=153,level=0,tokens=235), 153, 445, False
2025-12-27 14:06:17 - 20251227_140616_ac1a7dad - markdown_it.rules_block.blockquote - DEBUG - blockquote.blockquote:13 - entering blockquote: StateBlock(line=153,level=0,tokens=235), 153, 445, False
2025-12-27 14:06:17 - 20251227_140616_ac1a7dad - markdown_it.rules_block.hr - DEBUG - hr.hr:14 - entering hr: StateBlock(line=153,level=0,tokens=235), 153, 445, False
2025-12-27 14:06:17 - 20251227_140616_ac1a7dad - markdown_it.rules_block.list - DEBUG - list.list_block:102 - entering list: StateBlock(line=153,level=0,tokens=235), 153, 445, False
2025-12-27 14:06:17 - 20251227_140616_ac1a7dad - markdown_it.rules_block.reference - DEBUG - reference.reference:10 - entering reference: StateBlock(line=153,level=0,tokens=235), 153, 445, False
2025-12-27 14:06:17 - 20251227_140616_ac1a7dad - markdown_it.rules_block.html_block - DEBUG - html_block.html_block:35 - entering html_block: StateBlock(line=153,level=0,tokens=235), 153, 445, False
2025-12-27 14:06:17 - 20251227_140616_ac1a7dad - markdown_it.rules_block.heading - DEBUG - heading.heading:13 - entering heading: StateBlock(line=153,level=0,tokens=235), 153, 445, False
2025-12-27 14:06:17 - 20251227_140616_ac1a7dad - markdown_it.rules_block.lheading - DEBUG - lheading.lheading:10 - entering lheading: StateBlock(line=153,level=0,tokens=235), 153, 445, False
2025-12-27 14:06:17 - 20251227_140616_ac1a7dad - markdown_it.rules_block.fence - DEBUG - fence.fence:10 - entering fence: StateBlock(line=153,level=0,tokens=235), 154, 445, True
2025-12-27 14:06:17 - 20251227_140616_ac1a7dad - markdown_it.rules_block.blockquote - DEBUG - blockquote.blockquote:13 - entering blockquote: StateBlock(line=153,level=0,tokens=235), 154, 445, True
2025-12-27 14:06:17 - 20251227_140616_ac1a7dad - markdown_it.rules_block.hr - DEBUG - hr.hr:14 - entering hr: StateBlock(line=153,level=0,tokens=235), 154, 445, True
2025-12-27 14:06:17 - 20251227_140616_ac1a7dad - markdown_it.rules_block.list - DEBUG - list.list_block:102 - entering list: StateBlock(line=153,level=0,tokens=235), 154, 445, True
2025-12-27 14:06:17 - 20251227_140616_ac1a7dad - markdown_it.rules_block.html_block - DEBUG - html_block.html_block:35 - entering html_block: StateBlock(line=153,level=0,tokens=235), 154, 445, True
2025-12-27 14:06:17 - 20251227_140616_ac1a7dad - markdown_it.rules_block.heading - DEBUG - heading.heading:13 - entering heading: StateBlock(line=153,level=0,tokens=235), 154, 445, True
2025-12-27 14:06:17 - 20251227_140616_ac1a7dad - markdown_it.rules_block.paragraph - DEBUG - paragraph.paragraph:10 - entering paragraph: StateBlock(line=153,level=0,tokens=235), 153, 445, False
2025-12-27 14:06:17 - 20251227_140616_ac1a7dad - markdown_it.rules_block.fence - DEBUG - fence.fence:10 - entering fence: StateBlock(line=153,level=0,tokens=235), 154, 445, True
2025-12-27 14:06:17 - 20251227_140616_ac1a7dad - markdown_it.rules_block.blockquote - DEBUG - blockquote.blockquote:13 - entering blockquote: StateBlock(line=153,level=0,tokens=235), 154, 445, True
2025-12-27 14:06:17 - 20251227_140616_ac1a7dad - markdown_it.rules_block.hr - DEBUG - hr.hr:14 - entering hr: StateBlock(line=153,level=0,tokens=235), 154, 445, True
2025-12-27 14:06:17 - 20251227_140616_ac1a7dad - markdown_it.rules_block.list - DEBUG - list.list_block:102 - entering list: StateBlock(line=153,level=0,tokens=235), 154, 445, True
2025-12-27 14:06:17 - 20251227_140616_ac1a7dad - markdown_it.rules_block.html_block - DEBUG - html_block.html_block:35 - entering html_block: StateBlock(line=153,level=0,tokens=235), 154, 445, True
2025-12-27 14:06:17 - 20251227_140616_ac1a7dad - markdown_it.rules_block.heading - DEBUG - heading.heading:13 - entering heading: StateBlock(line=153,level=0,tokens=235), 154, 445, True
2025-12-27 14:06:17 - 20251227_140616_ac1a7dad - markdown_it.rules_block.code - DEBUG - code.code:10 - entering code: StateBlock(line=156,level=0,tokens=238), 156, 445, False
2025-12-27 14:06:17 - 20251227_140616_ac1a7dad - markdown_it.rules_block.fence - DEBUG - fence.fence:10 - entering fence: StateBlock(line=156,level=0,tokens=238), 156, 445, False
2025-12-27 14:06:17 - 20251227_140616_ac1a7dad - markdown_it.rules_block.blockquote - DEBUG - blockquote.blockquote:13 - entering blockquote: StateBlock(line=156,level=0,tokens=238), 156, 445, False
2025-12-27 14:06:17 - 20251227_140616_ac1a7dad - markdown_it.rules_block.hr - DEBUG - hr.hr:14 - entering hr: StateBlock(line=156,level=0,tokens=238), 156, 445, False
2025-12-27 14:06:17 - 20251227_140616_ac1a7dad - markdown_it.rules_block.list - DEBUG - list.list_block:102 - entering list: StateBlock(line=156,level=0,tokens=238), 156, 445, False
2025-12-27 14:06:17 - 20251227_140616_ac1a7dad - markdown_it.rules_block.reference - DEBUG - reference.reference:10 - entering reference: StateBlock(line=156,level=0,tokens=238), 156, 445, False
2025-12-27 14:06:17 - 20251227_140616_ac1a7dad - markdown_it.rules_block.html_block - DEBUG - html_block.html_block:35 - entering html_block: StateBlock(line=156,level=0,tokens=238), 156, 445, False
2025-12-27 14:06:17 - 20251227_140616_ac1a7dad - markdown_it.rules_block.heading - DEBUG - heading.heading:13 - entering heading: StateBlock(line=156,level=0,tokens=238), 156, 445, False
2025-12-27 14:06:17 - 20251227_140616_ac1a7dad - markdown_it.rules_block.code - DEBUG - code.code:10 - entering code: StateBlock(line=158,level=0,tokens=241), 158, 445, False
2025-12-27 14:06:17 - 20251227_140616_ac1a7dad - markdown_it.rules_block.fence - DEBUG - fence.fence:10 - entering fence: StateBlock(line=158,level=0,tokens=241), 158, 445, False
2025-12-27 14:06:17 - 20251227_140616_ac1a7dad - markdown_it.rules_block.blockquote - DEBUG - blockquote.blockquote:13 - entering blockquote: StateBlock(line=158,level=0,tokens=241), 158, 445, False
2025-12-27 14:06:17 - 20251227_140616_ac1a7dad - markdown_it.rules_block.hr - DEBUG - hr.hr:14 - entering hr: StateBlock(line=158,level=0,tokens=241), 158, 445, False
2025-12-27 14:06:17 - 20251227_140616_ac1a7dad - markdown_it.rules_block.list - DEBUG - list.list_block:102 - entering list: StateBlock(line=158,level=0,tokens=241), 158, 445, False
2025-12-27 14:06:17 - 20251227_140616_ac1a7dad - markdown_it.rules_block.code - DEBUG - code.code:10 - entering code: StateBlock(line=158,level=2,tokens=243), 158, 445, False
2025-12-27 14:06:17 - 20251227_140616_ac1a7dad - markdown_it.rules_block.fence - DEBUG - fence.fence:10 - entering fence: StateBlock(line=158,level=2,tokens=243), 158, 445, False
2025-12-27 14:06:17 - 20251227_140616_ac1a7dad - markdown_it.rules_block.blockquote - DEBUG - blockquote.blockquote:13 - entering blockquote: StateBlock(line=158,level=2,tokens=243), 158, 445, False
2025-12-27 14:06:17 - 20251227_140616_ac1a7dad - markdown_it.rules_block.hr - DEBUG - hr.hr:14 - entering hr: StateBlock(line=158,level=2,tokens=243), 158, 445, False
2025-12-27 14:06:17 - 20251227_140616_ac1a7dad - markdown_it.rules_block.list - DEBUG - list.list_block:102 - entering list: StateBlock(line=158,level=2,tokens=243), 158, 445, False
2025-12-27 14:06:17 - 20251227_140616_ac1a7dad - markdown_it.rules_block.reference - DEBUG - reference.reference:10 - entering reference: StateBlock(line=158,level=2,tokens=243), 158, 445, False
2025-12-27 14:06:17 - 20251227_140616_ac1a7dad - markdown_it.rules_block.html_block - DEBUG - html_block.html_block:35 - entering html_block: StateBlock(line=158,level=2,tokens=243), 158, 445, False
2025-12-27 14:06:17 - 20251227_140616_ac1a7dad - markdown_it.rules_block.heading - DEBUG - heading.heading:13 - entering heading: StateBlock(line=158,level=2,tokens=243), 158, 445, False
2025-12-27 14:06:17 - 20251227_140616_ac1a7dad - markdown_it.rules_block.lheading - DEBUG - lheading.lheading:10 - entering lheading: StateBlock(line=158,level=2,tokens=243), 158, 445, False
2025-12-27 14:06:17 - 20251227_140616_ac1a7dad - markdown_it.rules_block.fence - DEBUG - fence.fence:10 - entering fence: StateBlock(line=158,level=2,tokens=243), 159, 445, True
2025-12-27 14:06:17 - 20251227_140616_ac1a7dad - markdown_it.rules_block.blockquote - DEBUG - blockquote.blockquote:13 - entering blockquote: StateBlock(line=158,level=2,tokens=243), 159, 445, True
2025-12-27 14:06:17 - 20251227_140616_ac1a7dad - markdown_it.rules_block.hr - DEBUG - hr.hr:14 - entering hr: StateBlock(line=158,level=2,tokens=243), 159, 445, True
2025-12-27 14:06:17 - 20251227_140616_ac1a7dad - markdown_it.rules_block.list - DEBUG - list.list_block:102 - entering list: StateBlock(line=158,level=2,tokens=243), 159, 445, True
2025-12-27 14:06:17 - 20251227_140616_ac1a7dad - markdown_it.rules_block.paragraph - DEBUG - paragraph.paragraph:10 - entering paragraph: StateBlock(line=158,level=2,tokens=243), 158, 445, False
2025-12-27 14:06:17 - 20251227_140616_ac1a7dad - markdown_it.rules_block.fence - DEBUG - fence.fence:10 - entering fence: StateBlock(line=158,level=2,tokens=243), 159, 445, True
2025-12-27 14:06:17 - 20251227_140616_ac1a7dad - markdown_it.rules_block.blockquote - DEBUG - blockquote.blockquote:13 - entering blockquote: StateBlock(line=158,level=2,tokens=243), 159, 445, True
2025-12-27 14:06:17 - 20251227_140616_ac1a7dad - markdown_it.rules_block.hr - DEBUG - hr.hr:14 - entering hr: StateBlock(line=158,level=2,tokens=243), 159, 445, True
2025-12-27 14:06:17 - 20251227_140616_ac1a7dad - markdown_it.rules_block.list - DEBUG - list.list_block:102 - entering list: StateBlock(line=158,level=2,tokens=243), 159, 445, True
2025-12-27 14:06:17 - 20251227_140616_ac1a7dad - markdown_it.rules_block.fence - DEBUG - fence.fence:10 - entering fence: StateBlock(line=159,level=1,tokens=247), 159, 445, True
2025-12-27 14:06:17 - 20251227_140616_ac1a7dad - markdown_it.rules_block.blockquote - DEBUG - blockquote.blockquote:13 - entering blockquote: StateBlock(line=159,level=1,tokens=247), 159, 445, True
2025-12-27 14:06:17 - 20251227_140616_ac1a7dad - markdown_it.rules_block.hr - DEBUG - hr.hr:14 - entering hr: StateBlock(line=159,level=1,tokens=247), 159, 445, True
2025-12-27 14:06:17 - 20251227_140616_ac1a7dad - markdown_it.rules_block.code - DEBUG - code.code:10 - entering code: StateBlock(line=159,level=2,tokens=248), 159, 445, False
2025-12-27 14:06:17 - 20251227_140616_ac1a7dad - markdown_it.rules_block.fence - DEBUG - fence.fence:10 - entering fence: StateBlock(line=159,level=2,tokens=248), 159, 445, False
2025-12-27 14:06:17 - 20251227_140616_ac1a7dad - markdown_it.rules_block.blockquote - DEBUG - blockquote.blockquote:13 - entering blockquote: StateBlock(line=159,level=2,tokens=248), 159, 445, False
2025-12-27 14:06:17 - 20251227_140616_ac1a7dad - markdown_it.rules_block.hr - DEBUG - hr.hr:14 - entering hr: StateBlock(line=159,level=2,tokens=248), 159, 445, False
2025-12-27 14:06:17 - 20251227_140616_ac1a7dad - markdown_it.rules_block.list - DEBUG - list.list_block:102 - entering list: StateBlock(line=159,level=2,tokens=248), 159, 445, False
2025-12-27 14:06:17 - 20251227_140616_ac1a7dad - markdown_it.rules_block.reference - DEBUG - reference.reference:10 - entering reference: StateBlock(line=159,level=2,tokens=248), 159, 445, False
2025-12-27 14:06:17 - 20251227_140616_ac1a7dad - markdown_it.rules_block.html_block - DEBUG - html_block.html_block:35 - entering html_block: StateBlock(line=159,level=2,tokens=248), 159, 445, False
2025-12-27 14:06:17 - 20251227_140616_ac1a7dad - markdown_it.rules_block.heading - DEBUG - heading.heading:13 - entering heading: StateBlock(line=159,level=2,tokens=248), 159, 445, False
2025-12-27 14:06:17 - 20251227_140616_ac1a7dad - markdown_it.rules_block.lheading - DEBUG - lheading.lheading:10 - entering lheading: StateBlock(line=159,level=2,tokens=248), 159, 445, False
2025-12-27 14:06:17 - 20251227_140616_ac1a7dad - markdown_it.rules_block.fence - DEBUG - fence.fence:10 - entering fence: StateBlock(line=159,level=2,tokens=248), 160, 445, True
2025-12-27 14:06:17 - 20251227_140616_ac1a7dad - markdown_it.rules_block.blockquote - DEBUG - blockquote.blockquote:13 - entering blockquote: StateBlock(line=159,level=2,tokens=248), 160, 445, True
2025-12-27 14:06:17 - 20251227_140616_ac1a7dad - markdown_it.rules_block.hr - DEBUG - hr.hr:14 - entering hr: StateBlock(line=159,level=2,tokens=248), 160, 445, True
2025-12-27 14:06:17 - 20251227_140616_ac1a7dad - markdown_it.rules_block.list - DEBUG - list.list_block:102 - entering list: StateBlock(line=159,level=2,tokens=248), 160, 445, True
2025-12-27 14:06:17 - 20251227_140616_ac1a7dad - markdown_it.rules_block.paragraph - DEBUG - paragraph.paragraph:10 - entering paragraph: StateBlock(line=159,level=2,tokens=248), 159, 445, False
2025-12-27 14:06:17 - 20251227_140616_ac1a7dad - markdown_it.rules_block.fence - DEBUG - fence.fence:10 - entering fence: StateBlock(line=159,level=2,tokens=248), 160, 445, True
2025-12-27 14:06:17 - 20251227_140616_ac1a7dad - markdown_it.rules_block.blockquote - DEBUG - blockquote.blockquote:13 - entering blockquote: StateBlock(line=159,level=2,tokens=248), 160, 445, True
2025-12-27 14:06:17 - 20251227_140616_ac1a7dad - markdown_it.rules_block.hr - DEBUG - hr.hr:14 - entering hr: StateBlock(line=159,level=2,tokens=248), 160, 445, True
2025-12-27 14:06:17 - 20251227_140616_ac1a7dad - markdown_it.rules_block.list - DEBUG - list.list_block:102 - entering list: StateBlock(line=159,level=2,tokens=248), 160, 445, True
2025-12-27 14:06:17 - 20251227_140616_ac1a7dad - markdown_it.rules_block.fence - DEBUG - fence.fence:10 - entering fence: StateBlock(line=160,level=1,tokens=252), 160, 445, True
2025-12-27 14:06:17 - 20251227_140616_ac1a7dad - markdown_it.rules_block.blockquote - DEBUG - blockquote.blockquote:13 - entering blockquote: StateBlock(line=160,level=1,tokens=252), 160, 445, True
2025-12-27 14:06:17 - 20251227_140616_ac1a7dad - markdown_it.rules_block.hr - DEBUG - hr.hr:14 - entering hr: StateBlock(line=160,level=1,tokens=252), 160, 445, True
2025-12-27 14:06:17 - 20251227_140616_ac1a7dad - markdown_it.rules_block.code - DEBUG - code.code:10 - entering code: StateBlock(line=160,level=2,tokens=253), 160, 445, False
2025-12-27 14:06:17 - 20251227_140616_ac1a7dad - markdown_it.rules_block.fence - DEBUG - fence.fence:10 - entering fence: StateBlock(line=160,level=2,tokens=253), 160, 445, False
2025-12-27 14:06:17 - 20251227_140616_ac1a7dad - markdown_it.rules_block.blockquote - DEBUG - blockquote.blockquote:13 - entering blockquote: StateBlock(line=160,level=2,tokens=253), 160, 445, False
2025-12-27 14:06:17 - 20251227_140616_ac1a7dad - markdown_it.rules_block.hr - DEBUG - hr.hr:14 - entering hr: StateBlock(line=160,level=2,tokens=253), 160, 445, False
2025-12-27 14:06:17 - 20251227_140616_ac1a7dad - markdown_it.rules_block.list - DEBUG - list.list_block:102 - entering list: StateBlock(line=160,level=2,tokens=253), 160, 445, False
2025-12-27 14:06:17 - 20251227_140616_ac1a7dad - markdown_it.rules_block.reference - DEBUG - reference.reference:10 - entering reference: StateBlock(line=160,level=2,tokens=253), 160, 445, False
2025-12-27 14:06:17 - 20251227_140616_ac1a7dad - markdown_it.rules_block.html_block - DEBUG - html_block.html_block:35 - entering html_block: StateBlock(line=160,level=2,tokens=253), 160, 445, False
2025-12-27 14:06:17 - 20251227_140616_ac1a7dad - markdown_it.rules_block.heading - DEBUG - heading.heading:13 - entering heading: StateBlock(line=160,level=2,tokens=253), 160, 445, False
2025-12-27 14:06:17 - 20251227_140616_ac1a7dad - markdown_it.rules_block.lheading - DEBUG - lheading.lheading:10 - entering lheading: StateBlock(line=160,level=2,tokens=253), 160, 445, False
2025-12-27 14:06:17 - 20251227_140616_ac1a7dad - markdown_it.rules_block.fence - DEBUG - fence.fence:10 - entering fence: StateBlock(line=160,level=2,tokens=253), 161, 445, True
2025-12-27 14:06:17 - 20251227_140616_ac1a7dad - markdown_it.rules_block.blockquote - DEBUG - blockquote.blockquote:13 - entering blockquote: StateBlock(line=160,level=2,tokens=253), 161, 445, True
2025-12-27 14:06:17 - 20251227_140616_ac1a7dad - markdown_it.rules_block.hr - DEBUG - hr.hr:14 - entering hr: StateBlock(line=160,level=2,tokens=253), 161, 445, True
2025-12-27 14:06:17 - 20251227_140616_ac1a7dad - markdown_it.rules_block.list - DEBUG - list.list_block:102 - entering list: StateBlock(line=160,level=2,tokens=253), 161, 445, True
2025-12-27 14:06:17 - 20251227_140616_ac1a7dad - markdown_it.rules_block.paragraph - DEBUG - paragraph.paragraph:10 - entering paragraph: StateBlock(line=160,level=2,tokens=253), 160, 445, False
2025-12-27 14:06:17 - 20251227_140616_ac1a7dad - markdown_it.rules_block.fence - DEBUG - fence.fence:10 - entering fence: StateBlock(line=160,level=2,tokens=253), 161, 445, True
2025-12-27 14:06:17 - 20251227_140616_ac1a7dad - markdown_it.rules_block.blockquote - DEBUG - blockquote.blockquote:13 - entering blockquote: StateBlock(line=160,level=2,tokens=253), 161, 445, True
2025-12-27 14:06:17 - 20251227_140616_ac1a7dad - markdown_it.rules_block.hr - DEBUG - hr.hr:14 - entering hr: StateBlock(line=160,level=2,tokens=253), 161, 445, True
2025-12-27 14:06:17 - 20251227_140616_ac1a7dad - markdown_it.rules_block.list - DEBUG - list.list_block:102 - entering list: StateBlock(line=160,level=2,tokens=253), 161, 445, True
2025-12-27 14:06:17 - 20251227_140616_ac1a7dad - markdown_it.rules_block.fence - DEBUG - fence.fence:10 - entering fence: StateBlock(line=161,level=1,tokens=257), 161, 445, True
2025-12-27 14:06:17 - 20251227_140616_ac1a7dad - markdown_it.rules_block.blockquote - DEBUG - blockquote.blockquote:13 - entering blockquote: StateBlock(line=161,level=1,tokens=257), 161, 445, True
2025-12-27 14:06:17 - 20251227_140616_ac1a7dad - markdown_it.rules_block.hr - DEBUG - hr.hr:14 - entering hr: StateBlock(line=161,level=1,tokens=257), 161, 445, True
2025-12-27 14:06:17 - 20251227_140616_ac1a7dad - markdown_it.rules_block.code - DEBUG - code.code:10 - entering code: StateBlock(line=161,level=2,tokens=258), 161, 445, False
2025-12-27 14:06:17 - 20251227_140616_ac1a7dad - markdown_it.rules_block.fence - DEBUG - fence.fence:10 - entering fence: StateBlock(line=161,level=2,tokens=258), 161, 445, False
2025-12-27 14:06:17 - 20251227_140616_ac1a7dad - markdown_it.rules_block.blockquote - DEBUG - blockquote.blockquote:13 - entering blockquote: StateBlock(line=161,level=2,tokens=258), 161, 445, False
2025-12-27 14:06:17 - 20251227_140616_ac1a7dad - markdown_it.rules_block.hr - DEBUG - hr.hr:14 - entering hr: StateBlock(line=161,level=2,tokens=258), 161, 445, False
2025-12-27 14:06:17 - 20251227_140616_ac1a7dad - markdown_it.rules_block.list - DEBUG - list.list_block:102 - entering list: StateBlock(line=161,level=2,tokens=258), 161, 445, False
2025-12-27 14:06:17 - 20251227_140616_ac1a7dad - markdown_it.rules_block.reference - DEBUG - reference.reference:10 - entering reference: StateBlock(line=161,level=2,tokens=258), 161, 445, False
2025-12-27 14:06:17 - 20251227_140616_ac1a7dad - markdown_it.rules_block.html_block - DEBUG - html_block.html_block:35 - entering html_block: StateBlock(line=161,level=2,tokens=258), 161, 445, False
2025-12-27 14:06:17 - 20251227_140616_ac1a7dad - markdown_it.rules_block.heading - DEBUG - heading.heading:13 - entering heading: StateBlock(line=161,level=2,tokens=258), 161, 445, False
2025-12-27 14:06:17 - 20251227_140616_ac1a7dad - markdown_it.rules_block.lheading - DEBUG - lheading.lheading:10 - entering lheading: StateBlock(line=161,level=2,tokens=258), 161, 445, False
2025-12-27 14:06:17 - 20251227_140616_ac1a7dad - markdown_it.rules_block.fence - DEBUG - fence.fence:10 - entering fence: StateBlock(line=161,level=2,tokens=258), 162, 445, True
2025-12-27 14:06:17 - 20251227_140616_ac1a7dad - markdown_it.rules_block.blockquote - DEBUG - blockquote.blockquote:13 - entering blockquote: StateBlock(line=161,level=2,tokens=258), 162, 445, True
2025-12-27 14:06:17 - 20251227_140616_ac1a7dad - markdown_it.rules_block.hr - DEBUG - hr.hr:14 - entering hr: StateBlock(line=161,level=2,tokens=258), 162, 445, True
2025-12-27 14:06:17 - 20251227_140616_ac1a7dad - markdown_it.rules_block.list - DEBUG - list.list_block:102 - entering list: StateBlock(line=161,level=2,tokens=258), 162, 445, True
2025-12-27 14:06:17 - 20251227_140616_ac1a7dad - markdown_it.rules_block.paragraph - DEBUG - paragraph.paragraph:10 - entering paragraph: StateBlock(line=161,level=2,tokens=258), 161, 445, False
2025-12-27 14:06:17 - 20251227_140616_ac1a7dad - markdown_it.rules_block.fence - DEBUG - fence.fence:10 - entering fence: StateBlock(line=161,level=2,tokens=258), 162, 445, True
2025-12-27 14:06:17 - 20251227_140616_ac1a7dad - markdown_it.rules_block.blockquote - DEBUG - blockquote.blockquote:13 - entering blockquote: StateBlock(line=161,level=2,tokens=258), 162, 445, True
2025-12-27 14:06:17 - 20251227_140616_ac1a7dad - markdown_it.rules_block.hr - DEBUG - hr.hr:14 - entering hr: StateBlock(line=161,level=2,tokens=258), 162, 445, True
2025-12-27 14:06:17 - 20251227_140616_ac1a7dad - markdown_it.rules_block.list - DEBUG - list.list_block:102 - entering list: StateBlock(line=161,level=2,tokens=258), 162, 445, True
2025-12-27 14:06:17 - 20251227_140616_ac1a7dad - markdown_it.rules_block.fence - DEBUG - fence.fence:10 - entering fence: StateBlock(line=162,level=1,tokens=262), 162, 445, True
2025-12-27 14:06:17 - 20251227_140616_ac1a7dad - markdown_it.rules_block.blockquote - DEBUG - blockquote.blockquote:13 - entering blockquote: StateBlock(line=162,level=1,tokens=262), 162, 445, True
2025-12-27 14:06:17 - 20251227_140616_ac1a7dad - markdown_it.rules_block.hr - DEBUG - hr.hr:14 - entering hr: StateBlock(line=162,level=1,tokens=262), 162, 445, True
2025-12-27 14:06:17 - 20251227_140616_ac1a7dad - markdown_it.rules_block.code - DEBUG - code.code:10 - entering code: StateBlock(line=162,level=2,tokens=263), 162, 445, False
2025-12-27 14:06:17 - 20251227_140616_ac1a7dad - markdown_it.rules_block.fence - DEBUG - fence.fence:10 - entering fence: StateBlock(line=162,level=2,tokens=263), 162, 445, False
2025-12-27 14:06:17 - 20251227_140616_ac1a7dad - markdown_it.rules_block.blockquote - DEBUG - blockquote.blockquote:13 - entering blockquote: StateBlock(line=162,level=2,tokens=263), 162, 445, False
2025-12-27 14:06:17 - 20251227_140616_ac1a7dad - markdown_it.rules_block.hr - DEBUG - hr.hr:14 - entering hr: StateBlock(line=162,level=2,tokens=263), 162, 445, False
2025-12-27 14:06:17 - 20251227_140616_ac1a7dad - markdown_it.rules_block.list - DEBUG - list.list_block:102 - entering list: StateBlock(line=162,level=2,tokens=263), 162, 445, False
2025-12-27 14:06:17 - 20251227_140616_ac1a7dad - markdown_it.rules_block.reference - DEBUG - reference.reference:10 - entering reference: StateBlock(line=162,level=2,tokens=263), 162, 445, False
2025-12-27 14:06:17 - 20251227_140616_ac1a7dad - markdown_it.rules_block.html_block - DEBUG - html_block.html_block:35 - entering html_block: StateBlock(line=162,level=2,tokens=263), 162, 445, False
2025-12-27 14:06:17 - 20251227_140616_ac1a7dad - markdown_it.rules_block.heading - DEBUG - heading.heading:13 - entering heading: StateBlock(line=162,level=2,tokens=263), 162, 445, False
2025-12-27 14:06:17 - 20251227_140616_ac1a7dad - markdown_it.rules_block.lheading - DEBUG - lheading.lheading:10 - entering lheading: StateBlock(line=162,level=2,tokens=263), 162, 445, False
2025-12-27 14:06:17 - 20251227_140616_ac1a7dad - markdown_it.rules_block.paragraph - DEBUG - paragraph.paragraph:10 - entering paragraph: StateBlock(line=162,level=2,tokens=263), 162, 445, False
2025-12-27 14:06:17 - 20251227_140616_ac1a7dad - markdown_it.rules_block.fence - DEBUG - fence.fence:10 - entering fence: StateBlock(line=164,level=1,tokens=267), 164, 445, True
2025-12-27 14:06:17 - 20251227_140616_ac1a7dad - markdown_it.rules_block.blockquote - DEBUG - blockquote.blockquote:13 - entering blockquote: StateBlock(line=164,level=1,tokens=267), 164, 445, True
2025-12-27 14:06:17 - 20251227_140616_ac1a7dad - markdown_it.rules_block.hr - DEBUG - hr.hr:14 - entering hr: StateBlock(line=164,level=1,tokens=267), 164, 445, True
2025-12-27 14:06:17 - 20251227_140616_ac1a7dad - markdown_it.rules_block.code - DEBUG - code.code:10 - entering code: StateBlock(line=164,level=0,tokens=268), 164, 445, False
2025-12-27 14:06:17 - 20251227_140616_ac1a7dad - markdown_it.rules_block.fence - DEBUG - fence.fence:10 - entering fence: StateBlock(line=164,level=0,tokens=268), 164, 445, False
2025-12-27 14:06:17 - 20251227_140616_ac1a7dad - markdown_it.rules_block.blockquote - DEBUG - blockquote.blockquote:13 - entering blockquote: StateBlock(line=164,level=0,tokens=268), 164, 445, False
2025-12-27 14:06:17 - 20251227_140616_ac1a7dad - markdown_it.rules_block.hr - DEBUG - hr.hr:14 - entering hr: StateBlock(line=164,level=0,tokens=268), 164, 445, False
2025-12-27 14:06:17 - 20251227_140616_ac1a7dad - markdown_it.rules_block.code - DEBUG - code.code:10 - entering code: StateBlock(line=166,level=0,tokens=269), 166, 445, False
2025-12-27 14:06:17 - 20251227_140616_ac1a7dad - markdown_it.rules_block.fence - DEBUG - fence.fence:10 - entering fence: StateBlock(line=166,level=0,tokens=269), 166, 445, False
2025-12-27 14:06:17 - 20251227_140616_ac1a7dad - markdown_it.rules_block.blockquote - DEBUG - blockquote.blockquote:13 - entering blockquote: StateBlock(line=166,level=0,tokens=269), 166, 445, False
2025-12-27 14:06:17 - 20251227_140616_ac1a7dad - markdown_it.rules_block.hr - DEBUG - hr.hr:14 - entering hr: StateBlock(line=166,level=0,tokens=269), 166, 445, False
2025-12-27 14:06:17 - 20251227_140616_ac1a7dad - markdown_it.rules_block.list - DEBUG - list.list_block:102 - entering list: StateBlock(line=166,level=0,tokens=269), 166, 445, False
2025-12-27 14:06:17 - 20251227_140616_ac1a7dad - markdown_it.rules_block.reference - DEBUG - reference.reference:10 - entering reference: StateBlock(line=166,level=0,tokens=269), 166, 445, False
2025-12-27 14:06:17 - 20251227_140616_ac1a7dad - markdown_it.rules_block.html_block - DEBUG - html_block.html_block:35 - entering html_block: StateBlock(line=166,level=0,tokens=269), 166, 445, False
2025-12-27 14:06:17 - 20251227_140616_ac1a7dad - markdown_it.rules_block.heading - DEBUG - heading.heading:13 - entering heading: StateBlock(line=166,level=0,tokens=269), 166, 445, False
2025-12-27 14:06:17 - 20251227_140616_ac1a7dad - markdown_it.rules_block.code - DEBUG - code.code:10 - entering code: StateBlock(line=168,level=0,tokens=272), 168, 445, False
2025-12-27 14:06:17 - 20251227_140616_ac1a7dad - markdown_it.rules_block.fence - DEBUG - fence.fence:10 - entering fence: StateBlock(line=168,level=0,tokens=272), 168, 445, False
2025-12-27 14:06:17 - 20251227_140616_ac1a7dad - markdown_it.rules_block.blockquote - DEBUG - blockquote.blockquote:13 - entering blockquote: StateBlock(line=168,level=0,tokens=272), 168, 445, False
2025-12-27 14:06:17 - 20251227_140616_ac1a7dad - markdown_it.rules_block.hr - DEBUG - hr.hr:14 - entering hr: StateBlock(line=168,level=0,tokens=272), 168, 445, False
2025-12-27 14:06:17 - 20251227_140616_ac1a7dad - markdown_it.rules_block.list - DEBUG - list.list_block:102 - entering list: StateBlock(line=168,level=0,tokens=272), 168, 445, False
2025-12-27 14:06:17 - 20251227_140616_ac1a7dad - markdown_it.rules_block.reference - DEBUG - reference.reference:10 - entering reference: StateBlock(line=168,level=0,tokens=272), 168, 445, False
2025-12-27 14:06:17 - 20251227_140616_ac1a7dad - markdown_it.rules_block.html_block - DEBUG - html_block.html_block:35 - entering html_block: StateBlock(line=168,level=0,tokens=272), 168, 445, False
2025-12-27 14:06:17 - 20251227_140616_ac1a7dad - markdown_it.rules_block.heading - DEBUG - heading.heading:13 - entering heading: StateBlock(line=168,level=0,tokens=272), 168, 445, False
2025-12-27 14:06:17 - 20251227_140616_ac1a7dad - markdown_it.rules_block.code - DEBUG - code.code:10 - entering code: StateBlock(line=170,level=0,tokens=275), 170, 445, False
2025-12-27 14:06:17 - 20251227_140616_ac1a7dad - markdown_it.rules_block.fence - DEBUG - fence.fence:10 - entering fence: StateBlock(line=170,level=0,tokens=275), 170, 445, False
2025-12-27 14:06:17 - 20251227_140616_ac1a7dad - markdown_it.rules_block.blockquote - DEBUG - blockquote.blockquote:13 - entering blockquote: StateBlock(line=170,level=0,tokens=275), 170, 445, False
2025-12-27 14:06:17 - 20251227_140616_ac1a7dad - markdown_it.rules_block.code - DEBUG - code.code:10 - entering code: StateBlock(line=170,level=1,tokens=276), 170, 174, False
2025-12-27 14:06:17 - 20251227_140616_ac1a7dad - markdown_it.rules_block.fence - DEBUG - fence.fence:10 - entering fence: StateBlock(line=170,level=1,tokens=276), 170, 174, False
2025-12-27 14:06:17 - 20251227_140616_ac1a7dad - markdown_it.rules_block.blockquote - DEBUG - blockquote.blockquote:13 - entering blockquote: StateBlock(line=170,level=1,tokens=276), 170, 174, False
2025-12-27 14:06:17 - 20251227_140616_ac1a7dad - markdown_it.rules_block.hr - DEBUG - hr.hr:14 - entering hr: StateBlock(line=170,level=1,tokens=276), 170, 174, False
2025-12-27 14:06:17 - 20251227_140616_ac1a7dad - markdown_it.rules_block.list - DEBUG - list.list_block:102 - entering list: StateBlock(line=170,level=1,tokens=276), 170, 174, False
2025-12-27 14:06:17 - 20251227_140616_ac1a7dad - markdown_it.rules_block.reference - DEBUG - reference.reference:10 - entering reference: StateBlock(line=170,level=1,tokens=276), 170, 174, False
2025-12-27 14:06:17 - 20251227_140616_ac1a7dad - markdown_it.rules_block.html_block - DEBUG - html_block.html_block:35 - entering html_block: StateBlock(line=170,level=1,tokens=276), 170, 174, False
2025-12-27 14:06:17 - 20251227_140616_ac1a7dad - markdown_it.rules_block.heading - DEBUG - heading.heading:13 - entering heading: StateBlock(line=170,level=1,tokens=276), 170, 174, False
2025-12-27 14:06:17 - 20251227_140616_ac1a7dad - markdown_it.rules_block.lheading - DEBUG - lheading.lheading:10 - entering lheading: StateBlock(line=170,level=1,tokens=276), 170, 174, False
2025-12-27 14:06:17 - 20251227_140616_ac1a7dad - markdown_it.rules_block.fence - DEBUG - fence.fence:10 - entering fence: StateBlock(line=170,level=1,tokens=276), 171, 174, True
2025-12-27 14:06:17 - 20251227_140616_ac1a7dad - markdown_it.rules_block.blockquote - DEBUG - blockquote.blockquote:13 - entering blockquote: StateBlock(line=170,level=1,tokens=276), 171, 174, True
2025-12-27 14:06:17 - 20251227_140616_ac1a7dad - markdown_it.rules_block.hr - DEBUG - hr.hr:14 - entering hr: StateBlock(line=170,level=1,tokens=276), 171, 174, True
2025-12-27 14:06:17 - 20251227_140616_ac1a7dad - markdown_it.rules_block.list - DEBUG - list.list_block:102 - entering list: StateBlock(line=170,level=1,tokens=276), 171, 174, True
2025-12-27 14:06:17 - 20251227_140616_ac1a7dad - markdown_it.rules_block.html_block - DEBUG - html_block.html_block:35 - entering html_block: StateBlock(line=170,level=1,tokens=276), 171, 174, True
2025-12-27 14:06:17 - 20251227_140616_ac1a7dad - markdown_it.rules_block.heading - DEBUG - heading.heading:13 - entering heading: StateBlock(line=170,level=1,tokens=276), 171, 174, True
2025-12-27 14:06:17 - 20251227_140616_ac1a7dad - markdown_it.rules_block.paragraph - DEBUG - paragraph.paragraph:10 - entering paragraph: StateBlock(line=170,level=1,tokens=276), 170, 174, False
2025-12-27 14:06:17 - 20251227_140616_ac1a7dad - markdown_it.rules_block.fence - DEBUG - fence.fence:10 - entering fence: StateBlock(line=170,level=1,tokens=276), 171, 445, True
2025-12-27 14:06:17 - 20251227_140616_ac1a7dad - markdown_it.rules_block.blockquote - DEBUG - blockquote.blockquote:13 - entering blockquote: StateBlock(line=170,level=1,tokens=276), 171, 445, True
2025-12-27 14:06:17 - 20251227_140616_ac1a7dad - markdown_it.rules_block.hr - DEBUG - hr.hr:14 - entering hr: StateBlock(line=170,level=1,tokens=276), 171, 445, True
2025-12-27 14:06:17 - 20251227_140616_ac1a7dad - markdown_it.rules_block.list - DEBUG - list.list_block:102 - entering list: StateBlock(line=170,level=1,tokens=276), 171, 445, True
2025-12-27 14:06:17 - 20251227_140616_ac1a7dad - markdown_it.rules_block.html_block - DEBUG - html_block.html_block:35 - entering html_block: StateBlock(line=170,level=1,tokens=276), 171, 445, True
2025-12-27 14:06:17 - 20251227_140616_ac1a7dad - markdown_it.rules_block.heading - DEBUG - heading.heading:13 - entering heading: StateBlock(line=170,level=1,tokens=276), 171, 445, True
2025-12-27 14:06:17 - 20251227_140616_ac1a7dad - markdown_it.rules_block.code - DEBUG - code.code:10 - entering code: StateBlock(line=173,level=1,tokens=279), 173, 174, False
2025-12-27 14:06:17 - 20251227_140616_ac1a7dad - markdown_it.rules_block.fence - DEBUG - fence.fence:10 - entering fence: StateBlock(line=173,level=1,tokens=279), 173, 174, False
2025-12-27 14:06:17 - 20251227_140616_ac1a7dad - markdown_it.rules_block.blockquote - DEBUG - blockquote.blockquote:13 - entering blockquote: StateBlock(line=173,level=1,tokens=279), 173, 174, False
2025-12-27 14:06:17 - 20251227_140616_ac1a7dad - markdown_it.rules_block.hr - DEBUG - hr.hr:14 - entering hr: StateBlock(line=173,level=1,tokens=279), 173, 174, False
2025-12-27 14:06:17 - 20251227_140616_ac1a7dad - markdown_it.rules_block.list - DEBUG - list.list_block:102 - entering list: StateBlock(line=173,level=1,tokens=279), 173, 174, False
2025-12-27 14:06:17 - 20251227_140616_ac1a7dad - markdown_it.rules_block.reference - DEBUG - reference.reference:10 - entering reference: StateBlock(line=173,level=1,tokens=279), 173, 174, False
2025-12-27 14:06:17 - 20251227_140616_ac1a7dad - markdown_it.rules_block.html_block - DEBUG - html_block.html_block:35 - entering html_block: StateBlock(line=173,level=1,tokens=279), 173, 174, False
2025-12-27 14:06:17 - 20251227_140616_ac1a7dad - markdown_it.rules_block.heading - DEBUG - heading.heading:13 - entering heading: StateBlock(line=173,level=1,tokens=279), 173, 174, False
2025-12-27 14:06:17 - 20251227_140616_ac1a7dad - markdown_it.rules_block.lheading - DEBUG - lheading.lheading:10 - entering lheading: StateBlock(line=173,level=1,tokens=279), 173, 174, False
2025-12-27 14:06:17 - 20251227_140616_ac1a7dad - markdown_it.rules_block.paragraph - DEBUG - paragraph.paragraph:10 - entering paragraph: StateBlock(line=173,level=1,tokens=279), 173, 174, False
2025-12-27 14:06:17 - 20251227_140616_ac1a7dad - markdown_it.rules_block.code - DEBUG - code.code:10 - entering code: StateBlock(line=175,level=0,tokens=283), 175, 445, False
2025-12-27 14:06:17 - 20251227_140616_ac1a7dad - markdown_it.rules_block.fence - DEBUG - fence.fence:10 - entering fence: StateBlock(line=175,level=0,tokens=283), 175, 445, False
2025-12-27 14:06:17 - 20251227_140616_ac1a7dad - markdown_it.rules_block.blockquote - DEBUG - blockquote.blockquote:13 - entering blockquote: StateBlock(line=175,level=0,tokens=283), 175, 445, False
2025-12-27 14:06:17 - 20251227_140616_ac1a7dad - markdown_it.rules_block.hr - DEBUG - hr.hr:14 - entering hr: StateBlock(line=175,level=0,tokens=283), 175, 445, False
2025-12-27 14:06:17 - 20251227_140616_ac1a7dad - markdown_it.rules_block.list - DEBUG - list.list_block:102 - entering list: StateBlock(line=175,level=0,tokens=283), 175, 445, False
2025-12-27 14:06:17 - 20251227_140616_ac1a7dad - markdown_it.rules_block.reference - DEBUG - reference.reference:10 - entering reference: StateBlock(line=175,level=0,tokens=283), 175, 445, False
2025-12-27 14:06:17 - 20251227_140616_ac1a7dad - markdown_it.rules_block.html_block - DEBUG - html_block.html_block:35 - entering html_block: StateBlock(line=175,level=0,tokens=283), 175, 445, False
2025-12-27 14:06:17 - 20251227_140616_ac1a7dad - markdown_it.rules_block.heading - DEBUG - heading.heading:13 - entering heading: StateBlock(line=175,level=0,tokens=283), 175, 445, False
2025-12-27 14:06:17 - 20251227_140616_ac1a7dad - markdown_it.rules_block.lheading - DEBUG - lheading.lheading:10 - entering lheading: StateBlock(line=175,level=0,tokens=283), 175, 445, False
2025-12-27 14:06:17 - 20251227_140616_ac1a7dad - markdown_it.rules_block.fence - DEBUG - fence.fence:10 - entering fence: StateBlock(line=175,level=0,tokens=283), 176, 445, True
2025-12-27 14:06:17 - 20251227_140616_ac1a7dad - markdown_it.rules_block.blockquote - DEBUG - blockquote.blockquote:13 - entering blockquote: StateBlock(line=175,level=0,tokens=283), 176, 445, True
2025-12-27 14:06:17 - 20251227_140616_ac1a7dad - markdown_it.rules_block.hr - DEBUG - hr.hr:14 - entering hr: StateBlock(line=175,level=0,tokens=283), 176, 445, True
2025-12-27 14:06:17 - 20251227_140616_ac1a7dad - markdown_it.rules_block.list - DEBUG - list.list_block:102 - entering list: StateBlock(line=175,level=0,tokens=283), 176, 445, True
2025-12-27 14:06:17 - 20251227_140616_ac1a7dad - markdown_it.rules_block.html_block - DEBUG - html_block.html_block:35 - entering html_block: StateBlock(line=175,level=0,tokens=283), 176, 445, True
2025-12-27 14:06:17 - 20251227_140616_ac1a7dad - markdown_it.rules_block.heading - DEBUG - heading.heading:13 - entering heading: StateBlock(line=175,level=0,tokens=283), 176, 445, True
2025-12-27 14:06:17 - 20251227_140616_ac1a7dad - markdown_it.rules_block.paragraph - DEBUG - paragraph.paragraph:10 - entering paragraph: StateBlock(line=175,level=0,tokens=283), 175, 445, False
2025-12-27 14:06:17 - 20251227_140616_ac1a7dad - markdown_it.rules_block.fence - DEBUG - fence.fence:10 - entering fence: StateBlock(line=175,level=0,tokens=283), 176, 445, True
2025-12-27 14:06:17 - 20251227_140616_ac1a7dad - markdown_it.rules_block.blockquote - DEBUG - blockquote.blockquote:13 - entering blockquote: StateBlock(line=175,level=0,tokens=283), 176, 445, True
2025-12-27 14:06:17 - 20251227_140616_ac1a7dad - markdown_it.rules_block.hr - DEBUG - hr.hr:14 - entering hr: StateBlock(line=175,level=0,tokens=283), 176, 445, True
2025-12-27 14:06:17 - 20251227_140616_ac1a7dad - markdown_it.rules_block.list - DEBUG - list.list_block:102 - entering list: StateBlock(line=175,level=0,tokens=283), 176, 445, True
2025-12-27 14:06:17 - 20251227_140616_ac1a7dad - markdown_it.rules_block.html_block - DEBUG - html_block.html_block:35 - entering html_block: StateBlock(line=175,level=0,tokens=283), 176, 445, True
2025-12-27 14:06:17 - 20251227_140616_ac1a7dad - markdown_it.rules_block.heading - DEBUG - heading.heading:13 - entering heading: StateBlock(line=175,level=0,tokens=283), 176, 445, True
2025-12-27 14:06:17 - 20251227_140616_ac1a7dad - markdown_it.rules_block.code - DEBUG - code.code:10 - entering code: StateBlock(line=178,level=0,tokens=286), 178, 445, False
2025-12-27 14:06:17 - 20251227_140616_ac1a7dad - markdown_it.rules_block.fence - DEBUG - fence.fence:10 - entering fence: StateBlock(line=178,level=0,tokens=286), 178, 445, False
2025-12-27 14:06:17 - 20251227_140616_ac1a7dad - markdown_it.rules_block.blockquote - DEBUG - blockquote.blockquote:13 - entering blockquote: StateBlock(line=178,level=0,tokens=286), 178, 445, False
2025-12-27 14:06:17 - 20251227_140616_ac1a7dad - markdown_it.rules_block.hr - DEBUG - hr.hr:14 - entering hr: StateBlock(line=178,level=0,tokens=286), 178, 445, False
2025-12-27 14:06:17 - 20251227_140616_ac1a7dad - markdown_it.rules_block.list - DEBUG - list.list_block:102 - entering list: StateBlock(line=178,level=0,tokens=286), 178, 445, False
2025-12-27 14:06:17 - 20251227_140616_ac1a7dad - markdown_it.rules_block.reference - DEBUG - reference.reference:10 - entering reference: StateBlock(line=178,level=0,tokens=286), 178, 445, False
2025-12-27 14:06:17 - 20251227_140616_ac1a7dad - markdown_it.rules_block.html_block - DEBUG - html_block.html_block:35 - entering html_block: StateBlock(line=178,level=0,tokens=286), 178, 445, False
2025-12-27 14:06:17 - 20251227_140616_ac1a7dad - markdown_it.rules_block.heading - DEBUG - heading.heading:13 - entering heading: StateBlock(line=178,level=0,tokens=286), 178, 445, False
2025-12-27 14:06:17 - 20251227_140616_ac1a7dad - markdown_it.rules_block.code - DEBUG - code.code:10 - entering code: StateBlock(line=180,level=0,tokens=289), 180, 445, False
2025-12-27 14:06:17 - 20251227_140616_ac1a7dad - markdown_it.rules_block.fence - DEBUG - fence.fence:10 - entering fence: StateBlock(line=180,level=0,tokens=289), 180, 445, False
2025-12-27 14:06:17 - 20251227_140616_ac1a7dad - markdown_it.rules_block.blockquote - DEBUG - blockquote.blockquote:13 - entering blockquote: StateBlock(line=180,level=0,tokens=289), 180, 445, False
2025-12-27 14:06:17 - 20251227_140616_ac1a7dad - markdown_it.rules_block.code - DEBUG - code.code:10 - entering code: StateBlock(line=180,level=1,tokens=290), 180, 184, False
2025-12-27 14:06:17 - 20251227_140616_ac1a7dad - markdown_it.rules_block.fence - DEBUG - fence.fence:10 - entering fence: StateBlock(line=180,level=1,tokens=290), 180, 184, False
2025-12-27 14:06:17 - 20251227_140616_ac1a7dad - markdown_it.rules_block.blockquote - DEBUG - blockquote.blockquote:13 - entering blockquote: StateBlock(line=180,level=1,tokens=290), 180, 184, False
2025-12-27 14:06:17 - 20251227_140616_ac1a7dad - markdown_it.rules_block.hr - DEBUG - hr.hr:14 - entering hr: StateBlock(line=180,level=1,tokens=290), 180, 184, False
2025-12-27 14:06:17 - 20251227_140616_ac1a7dad - markdown_it.rules_block.list - DEBUG - list.list_block:102 - entering list: StateBlock(line=180,level=1,tokens=290), 180, 184, False
2025-12-27 14:06:17 - 20251227_140616_ac1a7dad - markdown_it.rules_block.reference - DEBUG - reference.reference:10 - entering reference: StateBlock(line=180,level=1,tokens=290), 180, 184, False
2025-12-27 14:06:17 - 20251227_140616_ac1a7dad - markdown_it.rules_block.html_block - DEBUG - html_block.html_block:35 - entering html_block: StateBlock(line=180,level=1,tokens=290), 180, 184, False
2025-12-27 14:06:17 - 20251227_140616_ac1a7dad - markdown_it.rules_block.heading - DEBUG - heading.heading:13 - entering heading: StateBlock(line=180,level=1,tokens=290), 180, 184, False
2025-12-27 14:06:17 - 20251227_140616_ac1a7dad - markdown_it.rules_block.lheading - DEBUG - lheading.lheading:10 - entering lheading: StateBlock(line=180,level=1,tokens=290), 180, 184, False
2025-12-27 14:06:17 - 20251227_140616_ac1a7dad - markdown_it.rules_block.fence - DEBUG - fence.fence:10 - entering fence: StateBlock(line=180,level=1,tokens=290), 181, 184, True
2025-12-27 14:06:17 - 20251227_140616_ac1a7dad - markdown_it.rules_block.blockquote - DEBUG - blockquote.blockquote:13 - entering blockquote: StateBlock(line=180,level=1,tokens=290), 181, 184, True
2025-12-27 14:06:17 - 20251227_140616_ac1a7dad - markdown_it.rules_block.hr - DEBUG - hr.hr:14 - entering hr: StateBlock(line=180,level=1,tokens=290), 181, 184, True
2025-12-27 14:06:17 - 20251227_140616_ac1a7dad - markdown_it.rules_block.list - DEBUG - list.list_block:102 - entering list: StateBlock(line=180,level=1,tokens=290), 181, 184, True
2025-12-27 14:06:17 - 20251227_140616_ac1a7dad - markdown_it.rules_block.html_block - DEBUG - html_block.html_block:35 - entering html_block: StateBlock(line=180,level=1,tokens=290), 181, 184, True
2025-12-27 14:06:17 - 20251227_140616_ac1a7dad - markdown_it.rules_block.heading - DEBUG - heading.heading:13 - entering heading: StateBlock(line=180,level=1,tokens=290), 181, 184, True
2025-12-27 14:06:17 - 20251227_140616_ac1a7dad - markdown_it.rules_block.fence - DEBUG - fence.fence:10 - entering fence: StateBlock(line=180,level=1,tokens=290), 182, 184, True
2025-12-27 14:06:17 - 20251227_140616_ac1a7dad - markdown_it.rules_block.blockquote - DEBUG - blockquote.blockquote:13 - entering blockquote: StateBlock(line=180,level=1,tokens=290), 182, 184, True
2025-12-27 14:06:17 - 20251227_140616_ac1a7dad - markdown_it.rules_block.hr - DEBUG - hr.hr:14 - entering hr: StateBlock(line=180,level=1,tokens=290), 182, 184, True
2025-12-27 14:06:17 - 20251227_140616_ac1a7dad - markdown_it.rules_block.list - DEBUG - list.list_block:102 - entering list: StateBlock(line=180,level=1,tokens=290), 182, 184, True
2025-12-27 14:06:17 - 20251227_140616_ac1a7dad - markdown_it.rules_block.html_block - DEBUG - html_block.html_block:35 - entering html_block: StateBlock(line=180,level=1,tokens=290), 182, 184, True
2025-12-27 14:06:17 - 20251227_140616_ac1a7dad - markdown_it.rules_block.heading - DEBUG - heading.heading:13 - entering heading: StateBlock(line=180,level=1,tokens=290), 182, 184, True
2025-12-27 14:06:17 - 20251227_140616_ac1a7dad - markdown_it.rules_block.fence - DEBUG - fence.fence:10 - entering fence: StateBlock(line=180,level=1,tokens=290), 183, 184, True
2025-12-27 14:06:17 - 20251227_140616_ac1a7dad - markdown_it.rules_block.blockquote - DEBUG - blockquote.blockquote:13 - entering blockquote: StateBlock(line=180,level=1,tokens=290), 183, 184, True
2025-12-27 14:06:17 - 20251227_140616_ac1a7dad - markdown_it.rules_block.hr - DEBUG - hr.hr:14 - entering hr: StateBlock(line=180,level=1,tokens=290), 183, 184, True
2025-12-27 14:06:17 - 20251227_140616_ac1a7dad - markdown_it.rules_block.list - DEBUG - list.list_block:102 - entering list: StateBlock(line=180,level=1,tokens=290), 183, 184, True
2025-12-27 14:06:17 - 20251227_140616_ac1a7dad - markdown_it.rules_block.html_block - DEBUG - html_block.html_block:35 - entering html_block: StateBlock(line=180,level=1,tokens=290), 183, 184, True
2025-12-27 14:06:17 - 20251227_140616_ac1a7dad - markdown_it.rules_block.heading - DEBUG - heading.heading:13 - entering heading: StateBlock(line=180,level=1,tokens=290), 183, 184, True
2025-12-27 14:06:17 - 20251227_140616_ac1a7dad - markdown_it.rules_block.paragraph - DEBUG - paragraph.paragraph:10 - entering paragraph: StateBlock(line=180,level=1,tokens=290), 180, 184, False
2025-12-27 14:06:17 - 20251227_140616_ac1a7dad - markdown_it.rules_block.fence - DEBUG - fence.fence:10 - entering fence: StateBlock(line=180,level=1,tokens=290), 181, 445, True
2025-12-27 14:06:17 - 20251227_140616_ac1a7dad - markdown_it.rules_block.blockquote - DEBUG - blockquote.blockquote:13 - entering blockquote: StateBlock(line=180,level=1,tokens=290), 181, 445, True
2025-12-27 14:06:17 - 20251227_140616_ac1a7dad - markdown_it.rules_block.hr - DEBUG - hr.hr:14 - entering hr: StateBlock(line=180,level=1,tokens=290), 181, 445, True
2025-12-27 14:06:17 - 20251227_140616_ac1a7dad - markdown_it.rules_block.list - DEBUG - list.list_block:102 - entering list: StateBlock(line=180,level=1,tokens=290), 181, 445, True
2025-12-27 14:06:17 - 20251227_140616_ac1a7dad - markdown_it.rules_block.html_block - DEBUG - html_block.html_block:35 - entering html_block: StateBlock(line=180,level=1,tokens=290), 181, 445, True
2025-12-27 14:06:17 - 20251227_140616_ac1a7dad - markdown_it.rules_block.heading - DEBUG - heading.heading:13 - entering heading: StateBlock(line=180,level=1,tokens=290), 181, 445, True
2025-12-27 14:06:17 - 20251227_140616_ac1a7dad - markdown_it.rules_block.fence - DEBUG - fence.fence:10 - entering fence: StateBlock(line=180,level=1,tokens=290), 182, 445, True
2025-12-27 14:06:17 - 20251227_140616_ac1a7dad - markdown_it.rules_block.blockquote - DEBUG - blockquote.blockquote:13 - entering blockquote: StateBlock(line=180,level=1,tokens=290), 182, 445, True
2025-12-27 14:06:17 - 20251227_140616_ac1a7dad - markdown_it.rules_block.hr - DEBUG - hr.hr:14 - entering hr: StateBlock(line=180,level=1,tokens=290), 182, 445, True
2025-12-27 14:06:17 - 20251227_140616_ac1a7dad - markdown_it.rules_block.list - DEBUG - list.list_block:102 - entering list: StateBlock(line=180,level=1,tokens=290), 182, 445, True
2025-12-27 14:06:17 - 20251227_140616_ac1a7dad - markdown_it.rules_block.html_block - DEBUG - html_block.html_block:35 - entering html_block: StateBlock(line=180,level=1,tokens=290), 182, 445, True
2025-12-27 14:06:17 - 20251227_140616_ac1a7dad - markdown_it.rules_block.heading - DEBUG - heading.heading:13 - entering heading: StateBlock(line=180,level=1,tokens=290), 182, 445, True
2025-12-27 14:06:17 - 20251227_140616_ac1a7dad - markdown_it.rules_block.fence - DEBUG - fence.fence:10 - entering fence: StateBlock(line=180,level=1,tokens=290), 183, 445, True
2025-12-27 14:06:17 - 20251227_140616_ac1a7dad - markdown_it.rules_block.blockquote - DEBUG - blockquote.blockquote:13 - entering blockquote: StateBlock(line=180,level=1,tokens=290), 183, 445, True
2025-12-27 14:06:17 - 20251227_140616_ac1a7dad - markdown_it.rules_block.hr - DEBUG - hr.hr:14 - entering hr: StateBlock(line=180,level=1,tokens=290), 183, 445, True
2025-12-27 14:06:17 - 20251227_140616_ac1a7dad - markdown_it.rules_block.list - DEBUG - list.list_block:102 - entering list: StateBlock(line=180,level=1,tokens=290), 183, 445, True
2025-12-27 14:06:17 - 20251227_140616_ac1a7dad - markdown_it.rules_block.html_block - DEBUG - html_block.html_block:35 - entering html_block: StateBlock(line=180,level=1,tokens=290), 183, 445, True
2025-12-27 14:06:17 - 20251227_140616_ac1a7dad - markdown_it.rules_block.heading - DEBUG - heading.heading:13 - entering heading: StateBlock(line=180,level=1,tokens=290), 183, 445, True
2025-12-27 14:06:17 - 20251227_140616_ac1a7dad - markdown_it.rules_block.code - DEBUG - code.code:10 - entering code: StateBlock(line=185,level=0,tokens=294), 185, 445, False
2025-12-27 14:06:17 - 20251227_140616_ac1a7dad - markdown_it.rules_block.fence - DEBUG - fence.fence:10 - entering fence: StateBlock(line=185,level=0,tokens=294), 185, 445, False
2025-12-27 14:06:17 - 20251227_140616_ac1a7dad - markdown_it.rules_block.blockquote - DEBUG - blockquote.blockquote:13 - entering blockquote: StateBlock(line=185,level=0,tokens=294), 185, 445, False
2025-12-27 14:06:17 - 20251227_140616_ac1a7dad - markdown_it.rules_block.hr - DEBUG - hr.hr:14 - entering hr: StateBlock(line=185,level=0,tokens=294), 185, 445, False
2025-12-27 14:06:17 - 20251227_140616_ac1a7dad - markdown_it.rules_block.list - DEBUG - list.list_block:102 - entering list: StateBlock(line=185,level=0,tokens=294), 185, 445, False
2025-12-27 14:06:17 - 20251227_140616_ac1a7dad - markdown_it.rules_block.reference - DEBUG - reference.reference:10 - entering reference: StateBlock(line=185,level=0,tokens=294), 185, 445, False
2025-12-27 14:06:17 - 20251227_140616_ac1a7dad - markdown_it.rules_block.html_block - DEBUG - html_block.html_block:35 - entering html_block: StateBlock(line=185,level=0,tokens=294), 185, 445, False
2025-12-27 14:06:17 - 20251227_140616_ac1a7dad - markdown_it.rules_block.heading - DEBUG - heading.heading:13 - entering heading: StateBlock(line=185,level=0,tokens=294), 185, 445, False
2025-12-27 14:06:17 - 20251227_140616_ac1a7dad - markdown_it.rules_block.lheading - DEBUG - lheading.lheading:10 - entering lheading: StateBlock(line=185,level=0,tokens=294), 185, 445, False
2025-12-27 14:06:17 - 20251227_140616_ac1a7dad - markdown_it.rules_block.fence - DEBUG - fence.fence:10 - entering fence: StateBlock(line=185,level=0,tokens=294), 186, 445, True
2025-12-27 14:06:17 - 20251227_140616_ac1a7dad - markdown_it.rules_block.blockquote - DEBUG - blockquote.blockquote:13 - entering blockquote: StateBlock(line=185,level=0,tokens=294), 186, 445, True
2025-12-27 14:06:17 - 20251227_140616_ac1a7dad - markdown_it.rules_block.hr - DEBUG - hr.hr:14 - entering hr: StateBlock(line=185,level=0,tokens=294), 186, 445, True
2025-12-27 14:06:17 - 20251227_140616_ac1a7dad - markdown_it.rules_block.list - DEBUG - list.list_block:102 - entering list: StateBlock(line=185,level=0,tokens=294), 186, 445, True
2025-12-27 14:06:17 - 20251227_140616_ac1a7dad - markdown_it.rules_block.html_block - DEBUG - html_block.html_block:35 - entering html_block: StateBlock(line=185,level=0,tokens=294), 186, 445, True
2025-12-27 14:06:17 - 20251227_140616_ac1a7dad - markdown_it.rules_block.heading - DEBUG - heading.heading:13 - entering heading: StateBlock(line=185,level=0,tokens=294), 186, 445, True
2025-12-27 14:06:17 - 20251227_140616_ac1a7dad - markdown_it.rules_block.paragraph - DEBUG - paragraph.paragraph:10 - entering paragraph: StateBlock(line=185,level=0,tokens=294), 185, 445, False
2025-12-27 14:06:17 - 20251227_140616_ac1a7dad - markdown_it.rules_block.fence - DEBUG - fence.fence:10 - entering fence: StateBlock(line=185,level=0,tokens=294), 186, 445, True
2025-12-27 14:06:17 - 20251227_140616_ac1a7dad - markdown_it.rules_block.blockquote - DEBUG - blockquote.blockquote:13 - entering blockquote: StateBlock(line=185,level=0,tokens=294), 186, 445, True
2025-12-27 14:06:17 - 20251227_140616_ac1a7dad - markdown_it.rules_block.hr - DEBUG - hr.hr:14 - entering hr: StateBlock(line=185,level=0,tokens=294), 186, 445, True
2025-12-27 14:06:17 - 20251227_140616_ac1a7dad - markdown_it.rules_block.list - DEBUG - list.list_block:102 - entering list: StateBlock(line=185,level=0,tokens=294), 186, 445, True
2025-12-27 14:06:17 - 20251227_140616_ac1a7dad - markdown_it.rules_block.html_block - DEBUG - html_block.html_block:35 - entering html_block: StateBlock(line=185,level=0,tokens=294), 186, 445, True
2025-12-27 14:06:17 - 20251227_140616_ac1a7dad - markdown_it.rules_block.heading - DEBUG - heading.heading:13 - entering heading: StateBlock(line=185,level=0,tokens=294), 186, 445, True
2025-12-27 14:06:17 - 20251227_140616_ac1a7dad - markdown_it.rules_block.code - DEBUG - code.code:10 - entering code: StateBlock(line=188,level=0,tokens=297), 188, 445, False
2025-12-27 14:06:17 - 20251227_140616_ac1a7dad - markdown_it.rules_block.fence - DEBUG - fence.fence:10 - entering fence: StateBlock(line=188,level=0,tokens=297), 188, 445, False
2025-12-27 14:06:17 - 20251227_140616_ac1a7dad - markdown_it.rules_block.blockquote - DEBUG - blockquote.blockquote:13 - entering blockquote: StateBlock(line=188,level=0,tokens=297), 188, 445, False
2025-12-27 14:06:17 - 20251227_140616_ac1a7dad - markdown_it.rules_block.hr - DEBUG - hr.hr:14 - entering hr: StateBlock(line=188,level=0,tokens=297), 188, 445, False
2025-12-27 14:06:17 - 20251227_140616_ac1a7dad - markdown_it.rules_block.code - DEBUG - code.code:10 - entering code: StateBlock(line=190,level=0,tokens=298), 190, 445, False
2025-12-27 14:06:17 - 20251227_140616_ac1a7dad - markdown_it.rules_block.fence - DEBUG - fence.fence:10 - entering fence: StateBlock(line=190,level=0,tokens=298), 190, 445, False
2025-12-27 14:06:17 - 20251227_140616_ac1a7dad - markdown_it.rules_block.blockquote - DEBUG - blockquote.blockquote:13 - entering blockquote: StateBlock(line=190,level=0,tokens=298), 190, 445, False
2025-12-27 14:06:17 - 20251227_140616_ac1a7dad - markdown_it.rules_block.hr - DEBUG - hr.hr:14 - entering hr: StateBlock(line=190,level=0,tokens=298), 190, 445, False
2025-12-27 14:06:17 - 20251227_140616_ac1a7dad - markdown_it.rules_block.list - DEBUG - list.list_block:102 - entering list: StateBlock(line=190,level=0,tokens=298), 190, 445, False
2025-12-27 14:06:17 - 20251227_140616_ac1a7dad - markdown_it.rules_block.reference - DEBUG - reference.reference:10 - entering reference: StateBlock(line=190,level=0,tokens=298), 190, 445, False
2025-12-27 14:06:17 - 20251227_140616_ac1a7dad - markdown_it.rules_block.html_block - DEBUG - html_block.html_block:35 - entering html_block: StateBlock(line=190,level=0,tokens=298), 190, 445, False
2025-12-27 14:06:17 - 20251227_140616_ac1a7dad - markdown_it.rules_block.heading - DEBUG - heading.heading:13 - entering heading: StateBlock(line=190,level=0,tokens=298), 190, 445, False
2025-12-27 14:06:17 - 20251227_140616_ac1a7dad - markdown_it.rules_block.fence - DEBUG - fence.fence:10 - entering fence: StateBlock(line=192,level=1,tokens=315), 194, 445, True
2025-12-27 14:06:17 - 20251227_140616_ac1a7dad - markdown_it.rules_block.blockquote - DEBUG - blockquote.blockquote:13 - entering blockquote: StateBlock(line=192,level=1,tokens=315), 194, 445, True
2025-12-27 14:06:17 - 20251227_140616_ac1a7dad - markdown_it.rules_block.hr - DEBUG - hr.hr:14 - entering hr: StateBlock(line=192,level=1,tokens=315), 194, 445, True
2025-12-27 14:06:17 - 20251227_140616_ac1a7dad - markdown_it.rules_block.list - DEBUG - list.list_block:102 - entering list: StateBlock(line=192,level=1,tokens=315), 194, 445, True
2025-12-27 14:06:17 - 20251227_140616_ac1a7dad - markdown_it.rules_block.html_block - DEBUG - html_block.html_block:35 - entering html_block: StateBlock(line=192,level=1,tokens=315), 194, 445, True
2025-12-27 14:06:17 - 20251227_140616_ac1a7dad - markdown_it.rules_block.heading - DEBUG - heading.heading:13 - entering heading: StateBlock(line=192,level=1,tokens=315), 194, 445, True
2025-12-27 14:06:17 - 20251227_140616_ac1a7dad - markdown_it.rules_block.fence - DEBUG - fence.fence:10 - entering fence: StateBlock(line=192,level=2,tokens=327), 195, 445, True
2025-12-27 14:06:17 - 20251227_140616_ac1a7dad - markdown_it.rules_block.blockquote - DEBUG - blockquote.blockquote:13 - entering blockquote: StateBlock(line=192,level=2,tokens=327), 195, 445, True
2025-12-27 14:06:17 - 20251227_140616_ac1a7dad - markdown_it.rules_block.hr - DEBUG - hr.hr:14 - entering hr: StateBlock(line=192,level=2,tokens=327), 195, 445, True
2025-12-27 14:06:17 - 20251227_140616_ac1a7dad - markdown_it.rules_block.list - DEBUG - list.list_block:102 - entering list: StateBlock(line=192,level=2,tokens=327), 195, 445, True
2025-12-27 14:06:17 - 20251227_140616_ac1a7dad - markdown_it.rules_block.html_block - DEBUG - html_block.html_block:35 - entering html_block: StateBlock(line=192,level=2,tokens=327), 195, 445, True
2025-12-27 14:06:17 - 20251227_140616_ac1a7dad - markdown_it.rules_block.heading - DEBUG - heading.heading:13 - entering heading: StateBlock(line=192,level=2,tokens=327), 195, 445, True
2025-12-27 14:06:17 - 20251227_140616_ac1a7dad - markdown_it.rules_block.fence - DEBUG - fence.fence:10 - entering fence: StateBlock(line=192,level=2,tokens=338), 196, 445, True
2025-12-27 14:06:17 - 20251227_140616_ac1a7dad - markdown_it.rules_block.blockquote - DEBUG - blockquote.blockquote:13 - entering blockquote: StateBlock(line=192,level=2,tokens=338), 196, 445, True
2025-12-27 14:06:17 - 20251227_140616_ac1a7dad - markdown_it.rules_block.hr - DEBUG - hr.hr:14 - entering hr: StateBlock(line=192,level=2,tokens=338), 196, 445, True
2025-12-27 14:06:17 - 20251227_140616_ac1a7dad - markdown_it.rules_block.list - DEBUG - list.list_block:102 - entering list: StateBlock(line=192,level=2,tokens=338), 196, 445, True
2025-12-27 14:06:17 - 20251227_140616_ac1a7dad - markdown_it.rules_block.html_block - DEBUG - html_block.html_block:35 - entering html_block: StateBlock(line=192,level=2,tokens=338), 196, 445, True
2025-12-27 14:06:17 - 20251227_140616_ac1a7dad - markdown_it.rules_block.heading - DEBUG - heading.heading:13 - entering heading: StateBlock(line=192,level=2,tokens=338), 196, 445, True
2025-12-27 14:06:17 - 20251227_140616_ac1a7dad - markdown_it.rules_block.fence - DEBUG - fence.fence:10 - entering fence: StateBlock(line=192,level=2,tokens=349), 197, 445, True
2025-12-27 14:06:17 - 20251227_140616_ac1a7dad - markdown_it.rules_block.blockquote - DEBUG - blockquote.blockquote:13 - entering blockquote: StateBlock(line=192,level=2,tokens=349), 197, 445, True
2025-12-27 14:06:17 - 20251227_140616_ac1a7dad - markdown_it.rules_block.hr - DEBUG - hr.hr:14 - entering hr: StateBlock(line=192,level=2,tokens=349), 197, 445, True
2025-12-27 14:06:17 - 20251227_140616_ac1a7dad - markdown_it.rules_block.list - DEBUG - list.list_block:102 - entering list: StateBlock(line=192,level=2,tokens=349), 197, 445, True
2025-12-27 14:06:17 - 20251227_140616_ac1a7dad - markdown_it.rules_block.html_block - DEBUG - html_block.html_block:35 - entering html_block: StateBlock(line=192,level=2,tokens=349), 197, 445, True
2025-12-27 14:06:17 - 20251227_140616_ac1a7dad - markdown_it.rules_block.heading - DEBUG - heading.heading:13 - entering heading: StateBlock(line=192,level=2,tokens=349), 197, 445, True
2025-12-27 14:06:17 - 20251227_140616_ac1a7dad - markdown_it.rules_block.fence - DEBUG - fence.fence:10 - entering fence: StateBlock(line=192,level=2,tokens=360), 198, 445, True
2025-12-27 14:06:17 - 20251227_140616_ac1a7dad - markdown_it.rules_block.blockquote - DEBUG - blockquote.blockquote:13 - entering blockquote: StateBlock(line=192,level=2,tokens=360), 198, 445, True
2025-12-27 14:06:17 - 20251227_140616_ac1a7dad - markdown_it.rules_block.hr - DEBUG - hr.hr:14 - entering hr: StateBlock(line=192,level=2,tokens=360), 198, 445, True
2025-12-27 14:06:17 - 20251227_140616_ac1a7dad - markdown_it.rules_block.list - DEBUG - list.list_block:102 - entering list: StateBlock(line=192,level=2,tokens=360), 198, 445, True
2025-12-27 14:06:17 - 20251227_140616_ac1a7dad - markdown_it.rules_block.html_block - DEBUG - html_block.html_block:35 - entering html_block: StateBlock(line=192,level=2,tokens=360), 198, 445, True
2025-12-27 14:06:17 - 20251227_140616_ac1a7dad - markdown_it.rules_block.heading - DEBUG - heading.heading:13 - entering heading: StateBlock(line=192,level=2,tokens=360), 198, 445, True
2025-12-27 14:06:17 - 20251227_140616_ac1a7dad - markdown_it.rules_block.fence - DEBUG - fence.fence:10 - entering fence: StateBlock(line=192,level=2,tokens=371), 199, 445, True
2025-12-27 14:06:17 - 20251227_140616_ac1a7dad - markdown_it.rules_block.blockquote - DEBUG - blockquote.blockquote:13 - entering blockquote: StateBlock(line=192,level=2,tokens=371), 199, 445, True
2025-12-27 14:06:17 - 20251227_140616_ac1a7dad - markdown_it.rules_block.hr - DEBUG - hr.hr:14 - entering hr: StateBlock(line=192,level=2,tokens=371), 199, 445, True
2025-12-27 14:06:17 - 20251227_140616_ac1a7dad - markdown_it.rules_block.list - DEBUG - list.list_block:102 - entering list: StateBlock(line=192,level=2,tokens=371), 199, 445, True
2025-12-27 14:06:17 - 20251227_140616_ac1a7dad - markdown_it.rules_block.html_block - DEBUG - html_block.html_block:35 - entering html_block: StateBlock(line=192,level=2,tokens=371), 199, 445, True
2025-12-27 14:06:17 - 20251227_140616_ac1a7dad - markdown_it.rules_block.heading - DEBUG - heading.heading:13 - entering heading: StateBlock(line=192,level=2,tokens=371), 199, 445, True
2025-12-27 14:06:17 - 20251227_140616_ac1a7dad - markdown_it.rules_block.code - DEBUG - code.code:10 - entering code: StateBlock(line=200,level=0,tokens=373), 200, 445, False
2025-12-27 14:06:17 - 20251227_140616_ac1a7dad - markdown_it.rules_block.fence - DEBUG - fence.fence:10 - entering fence: StateBlock(line=200,level=0,tokens=373), 200, 445, False
2025-12-27 14:06:17 - 20251227_140616_ac1a7dad - markdown_it.rules_block.blockquote - DEBUG - blockquote.blockquote:13 - entering blockquote: StateBlock(line=200,level=0,tokens=373), 200, 445, False
2025-12-27 14:06:17 - 20251227_140616_ac1a7dad - markdown_it.rules_block.hr - DEBUG - hr.hr:14 - entering hr: StateBlock(line=200,level=0,tokens=373), 200, 445, False
2025-12-27 14:06:17 - 20251227_140616_ac1a7dad - markdown_it.rules_block.code - DEBUG - code.code:10 - entering code: StateBlock(line=202,level=0,tokens=374), 202, 445, False
2025-12-27 14:06:17 - 20251227_140616_ac1a7dad - markdown_it.rules_block.fence - DEBUG - fence.fence:10 - entering fence: StateBlock(line=202,level=0,tokens=374), 202, 445, False
2025-12-27 14:06:17 - 20251227_140616_ac1a7dad - markdown_it.rules_block.blockquote - DEBUG - blockquote.blockquote:13 - entering blockquote: StateBlock(line=202,level=0,tokens=374), 202, 445, False
2025-12-27 14:06:17 - 20251227_140616_ac1a7dad - markdown_it.rules_block.hr - DEBUG - hr.hr:14 - entering hr: StateBlock(line=202,level=0,tokens=374), 202, 445, False
2025-12-27 14:06:17 - 20251227_140616_ac1a7dad - markdown_it.rules_block.code - DEBUG - code.code:10 - entering code: StateBlock(line=204,level=0,tokens=375), 204, 445, False
2025-12-27 14:06:17 - 20251227_140616_ac1a7dad - markdown_it.rules_block.fence - DEBUG - fence.fence:10 - entering fence: StateBlock(line=204,level=0,tokens=375), 204, 445, False
2025-12-27 14:06:17 - 20251227_140616_ac1a7dad - markdown_it.rules_block.blockquote - DEBUG - blockquote.blockquote:13 - entering blockquote: StateBlock(line=204,level=0,tokens=375), 204, 445, False
2025-12-27 14:06:17 - 20251227_140616_ac1a7dad - markdown_it.rules_block.hr - DEBUG - hr.hr:14 - entering hr: StateBlock(line=204,level=0,tokens=375), 204, 445, False
2025-12-27 14:06:17 - 20251227_140616_ac1a7dad - markdown_it.rules_block.list - DEBUG - list.list_block:102 - entering list: StateBlock(line=204,level=0,tokens=375), 204, 445, False
2025-12-27 14:06:17 - 20251227_140616_ac1a7dad - markdown_it.rules_block.reference - DEBUG - reference.reference:10 - entering reference: StateBlock(line=204,level=0,tokens=375), 204, 445, False
2025-12-27 14:06:17 - 20251227_140616_ac1a7dad - markdown_it.rules_block.html_block - DEBUG - html_block.html_block:35 - entering html_block: StateBlock(line=204,level=0,tokens=375), 204, 445, False
2025-12-27 14:06:17 - 20251227_140616_ac1a7dad - markdown_it.rules_block.heading - DEBUG - heading.heading:13 - entering heading: StateBlock(line=204,level=0,tokens=375), 204, 445, False
2025-12-27 14:06:17 - 20251227_140616_ac1a7dad - markdown_it.rules_block.code - DEBUG - code.code:10 - entering code: StateBlock(line=206,level=0,tokens=378), 206, 445, False
2025-12-27 14:06:17 - 20251227_140616_ac1a7dad - markdown_it.rules_block.fence - DEBUG - fence.fence:10 - entering fence: StateBlock(line=206,level=0,tokens=378), 206, 445, False
2025-12-27 14:06:17 - 20251227_140616_ac1a7dad - markdown_it.rules_block.blockquote - DEBUG - blockquote.blockquote:13 - entering blockquote: StateBlock(line=206,level=0,tokens=378), 206, 445, False
2025-12-27 14:06:17 - 20251227_140616_ac1a7dad - markdown_it.rules_block.hr - DEBUG - hr.hr:14 - entering hr: StateBlock(line=206,level=0,tokens=378), 206, 445, False
2025-12-27 14:06:17 - 20251227_140616_ac1a7dad - markdown_it.rules_block.list - DEBUG - list.list_block:102 - entering list: StateBlock(line=206,level=0,tokens=378), 206, 445, False
2025-12-27 14:06:17 - 20251227_140616_ac1a7dad - markdown_it.rules_block.reference - DEBUG - reference.reference:10 - entering reference: StateBlock(line=206,level=0,tokens=378), 206, 445, False
2025-12-27 14:06:17 - 20251227_140616_ac1a7dad - markdown_it.rules_block.html_block - DEBUG - html_block.html_block:35 - entering html_block: StateBlock(line=206,level=0,tokens=378), 206, 445, False
2025-12-27 14:06:17 - 20251227_140616_ac1a7dad - markdown_it.rules_block.heading - DEBUG - heading.heading:13 - entering heading: StateBlock(line=206,level=0,tokens=378), 206, 445, False
2025-12-27 14:06:17 - 20251227_140616_ac1a7dad - markdown_it.rules_block.lheading - DEBUG - lheading.lheading:10 - entering lheading: StateBlock(line=206,level=0,tokens=378), 206, 445, False
2025-12-27 14:06:17 - 20251227_140616_ac1a7dad - markdown_it.rules_block.paragraph - DEBUG - paragraph.paragraph:10 - entering paragraph: StateBlock(line=206,level=0,tokens=378), 206, 445, False
2025-12-27 14:06:17 - 20251227_140616_ac1a7dad - markdown_it.rules_block.code - DEBUG - code.code:10 - entering code: StateBlock(line=208,level=0,tokens=381), 208, 445, False
2025-12-27 14:06:17 - 20251227_140616_ac1a7dad - markdown_it.rules_block.fence - DEBUG - fence.fence:10 - entering fence: StateBlock(line=208,level=0,tokens=381), 208, 445, False
2025-12-27 14:06:17 - 20251227_140616_ac1a7dad - markdown_it.rules_block.blockquote - DEBUG - blockquote.blockquote:13 - entering blockquote: StateBlock(line=208,level=0,tokens=381), 208, 445, False
2025-12-27 14:06:17 - 20251227_140616_ac1a7dad - markdown_it.rules_block.hr - DEBUG - hr.hr:14 - entering hr: StateBlock(line=208,level=0,tokens=381), 208, 445, False
2025-12-27 14:06:17 - 20251227_140616_ac1a7dad - markdown_it.rules_block.list - DEBUG - list.list_block:102 - entering list: StateBlock(line=208,level=0,tokens=381), 208, 445, False
2025-12-27 14:06:17 - 20251227_140616_ac1a7dad - markdown_it.rules_block.reference - DEBUG - reference.reference:10 - entering reference: StateBlock(line=208,level=0,tokens=381), 208, 445, False
2025-12-27 14:06:17 - 20251227_140616_ac1a7dad - markdown_it.rules_block.html_block - DEBUG - html_block.html_block:35 - entering html_block: StateBlock(line=208,level=0,tokens=381), 208, 445, False
2025-12-27 14:06:17 - 20251227_140616_ac1a7dad - markdown_it.rules_block.heading - DEBUG - heading.heading:13 - entering heading: StateBlock(line=208,level=0,tokens=381), 208, 445, False
2025-12-27 14:06:17 - 20251227_140616_ac1a7dad - markdown_it.rules_block.lheading - DEBUG - lheading.lheading:10 - entering lheading: StateBlock(line=208,level=0,tokens=381), 208, 445, False
2025-12-27 14:06:17 - 20251227_140616_ac1a7dad - markdown_it.rules_block.paragraph - DEBUG - paragraph.paragraph:10 - entering paragraph: StateBlock(line=208,level=0,tokens=381), 208, 445, False
2025-12-27 14:06:17 - 20251227_140616_ac1a7dad - markdown_it.rules_block.code - DEBUG - code.code:10 - entering code: StateBlock(line=210,level=0,tokens=384), 210, 445, False
2025-12-27 14:06:17 - 20251227_140616_ac1a7dad - markdown_it.rules_block.fence - DEBUG - fence.fence:10 - entering fence: StateBlock(line=210,level=0,tokens=384), 210, 445, False
2025-12-27 14:06:17 - 20251227_140616_ac1a7dad - markdown_it.rules_block.blockquote - DEBUG - blockquote.blockquote:13 - entering blockquote: StateBlock(line=210,level=0,tokens=384), 210, 445, False
2025-12-27 14:06:17 - 20251227_140616_ac1a7dad - markdown_it.rules_block.code - DEBUG - code.code:10 - entering code: StateBlock(line=210,level=1,tokens=385), 210, 218, False
2025-12-27 14:06:17 - 20251227_140616_ac1a7dad - markdown_it.rules_block.fence - DEBUG - fence.fence:10 - entering fence: StateBlock(line=210,level=1,tokens=385), 210, 218, False
2025-12-27 14:06:17 - 20251227_140616_ac1a7dad - markdown_it.rules_block.blockquote - DEBUG - blockquote.blockquote:13 - entering blockquote: StateBlock(line=210,level=1,tokens=385), 210, 218, False
2025-12-27 14:06:17 - 20251227_140616_ac1a7dad - markdown_it.rules_block.hr - DEBUG - hr.hr:14 - entering hr: StateBlock(line=210,level=1,tokens=385), 210, 218, False
2025-12-27 14:06:17 - 20251227_140616_ac1a7dad - markdown_it.rules_block.list - DEBUG - list.list_block:102 - entering list: StateBlock(line=210,level=1,tokens=385), 210, 218, False
2025-12-27 14:06:17 - 20251227_140616_ac1a7dad - markdown_it.rules_block.reference - DEBUG - reference.reference:10 - entering reference: StateBlock(line=210,level=1,tokens=385), 210, 218, False
2025-12-27 14:06:17 - 20251227_140616_ac1a7dad - markdown_it.rules_block.html_block - DEBUG - html_block.html_block:35 - entering html_block: StateBlock(line=210,level=1,tokens=385), 210, 218, False
2025-12-27 14:06:17 - 20251227_140616_ac1a7dad - markdown_it.rules_block.heading - DEBUG - heading.heading:13 - entering heading: StateBlock(line=210,level=1,tokens=385), 210, 218, False
2025-12-27 14:06:17 - 20251227_140616_ac1a7dad - markdown_it.rules_block.lheading - DEBUG - lheading.lheading:10 - entering lheading: StateBlock(line=210,level=1,tokens=385), 210, 218, False
2025-12-27 14:06:17 - 20251227_140616_ac1a7dad - markdown_it.rules_block.fence - DEBUG - fence.fence:10 - entering fence: StateBlock(line=210,level=1,tokens=385), 211, 218, True
2025-12-27 14:06:17 - 20251227_140616_ac1a7dad - markdown_it.rules_block.blockquote - DEBUG - blockquote.blockquote:13 - entering blockquote: StateBlock(line=210,level=1,tokens=385), 211, 218, True
2025-12-27 14:06:17 - 20251227_140616_ac1a7dad - markdown_it.rules_block.hr - DEBUG - hr.hr:14 - entering hr: StateBlock(line=210,level=1,tokens=385), 211, 218, True
2025-12-27 14:06:17 - 20251227_140616_ac1a7dad - markdown_it.rules_block.list - DEBUG - list.list_block:102 - entering list: StateBlock(line=210,level=1,tokens=385), 211, 218, True
2025-12-27 14:06:17 - 20251227_140616_ac1a7dad - markdown_it.rules_block.html_block - DEBUG - html_block.html_block:35 - entering html_block: StateBlock(line=210,level=1,tokens=385), 211, 218, True
2025-12-27 14:06:17 - 20251227_140616_ac1a7dad - markdown_it.rules_block.heading - DEBUG - heading.heading:13 - entering heading: StateBlock(line=210,level=1,tokens=385), 211, 218, True
2025-12-27 14:06:17 - 20251227_140616_ac1a7dad - markdown_it.rules_block.paragraph - DEBUG - paragraph.paragraph:10 - entering paragraph: StateBlock(line=210,level=1,tokens=385), 210, 218, False
2025-12-27 14:06:17 - 20251227_140616_ac1a7dad - markdown_it.rules_block.fence - DEBUG - fence.fence:10 - entering fence: StateBlock(line=210,level=1,tokens=385), 211, 445, True
2025-12-27 14:06:17 - 20251227_140616_ac1a7dad - markdown_it.rules_block.blockquote - DEBUG - blockquote.blockquote:13 - entering blockquote: StateBlock(line=210,level=1,tokens=385), 211, 445, True
2025-12-27 14:06:17 - 20251227_140616_ac1a7dad - markdown_it.rules_block.hr - DEBUG - hr.hr:14 - entering hr: StateBlock(line=210,level=1,tokens=385), 211, 445, True
2025-12-27 14:06:17 - 20251227_140616_ac1a7dad - markdown_it.rules_block.list - DEBUG - list.list_block:102 - entering list: StateBlock(line=210,level=1,tokens=385), 211, 445, True
2025-12-27 14:06:17 - 20251227_140616_ac1a7dad - markdown_it.rules_block.html_block - DEBUG - html_block.html_block:35 - entering html_block: StateBlock(line=210,level=1,tokens=385), 211, 445, True
2025-12-27 14:06:17 - 20251227_140616_ac1a7dad - markdown_it.rules_block.heading - DEBUG - heading.heading:13 - entering heading: StateBlock(line=210,level=1,tokens=385), 211, 445, True
2025-12-27 14:06:17 - 20251227_140616_ac1a7dad - markdown_it.rules_block.code - DEBUG - code.code:10 - entering code: StateBlock(line=213,level=1,tokens=388), 213, 218, False
2025-12-27 14:06:17 - 20251227_140616_ac1a7dad - markdown_it.rules_block.fence - DEBUG - fence.fence:10 - entering fence: StateBlock(line=213,level=1,tokens=388), 213, 218, False
2025-12-27 14:06:17 - 20251227_140616_ac1a7dad - markdown_it.rules_block.blockquote - DEBUG - blockquote.blockquote:13 - entering blockquote: StateBlock(line=213,level=1,tokens=388), 213, 218, False
2025-12-27 14:06:17 - 20251227_140616_ac1a7dad - markdown_it.rules_block.hr - DEBUG - hr.hr:14 - entering hr: StateBlock(line=213,level=1,tokens=388), 213, 218, False
2025-12-27 14:06:17 - 20251227_140616_ac1a7dad - markdown_it.rules_block.list - DEBUG - list.list_block:102 - entering list: StateBlock(line=213,level=1,tokens=388), 213, 218, False
2025-12-27 14:06:17 - 20251227_140616_ac1a7dad - markdown_it.rules_block.reference - DEBUG - reference.reference:10 - entering reference: StateBlock(line=213,level=1,tokens=388), 213, 218, False
2025-12-27 14:06:17 - 20251227_140616_ac1a7dad - markdown_it.rules_block.html_block - DEBUG - html_block.html_block:35 - entering html_block: StateBlock(line=213,level=1,tokens=388), 213, 218, False
2025-12-27 14:06:17 - 20251227_140616_ac1a7dad - markdown_it.rules_block.heading - DEBUG - heading.heading:13 - entering heading: StateBlock(line=213,level=1,tokens=388), 213, 218, False
2025-12-27 14:06:17 - 20251227_140616_ac1a7dad - markdown_it.rules_block.lheading - DEBUG - lheading.lheading:10 - entering lheading: StateBlock(line=213,level=1,tokens=388), 213, 218, False
2025-12-27 14:06:17 - 20251227_140616_ac1a7dad - markdown_it.rules_block.paragraph - DEBUG - paragraph.paragraph:10 - entering paragraph: StateBlock(line=213,level=1,tokens=388), 213, 218, False
2025-12-27 14:06:17 - 20251227_140616_ac1a7dad - markdown_it.rules_block.code - DEBUG - code.code:10 - entering code: StateBlock(line=215,level=1,tokens=391), 215, 218, False
2025-12-27 14:06:17 - 20251227_140616_ac1a7dad - markdown_it.rules_block.fence - DEBUG - fence.fence:10 - entering fence: StateBlock(line=215,level=1,tokens=391), 215, 218, False
2025-12-27 14:06:17 - 20251227_140616_ac1a7dad - markdown_it.rules_block.blockquote - DEBUG - blockquote.blockquote:13 - entering blockquote: StateBlock(line=215,level=1,tokens=391), 215, 218, False
2025-12-27 14:06:17 - 20251227_140616_ac1a7dad - markdown_it.rules_block.hr - DEBUG - hr.hr:14 - entering hr: StateBlock(line=215,level=1,tokens=391), 215, 218, False
2025-12-27 14:06:17 - 20251227_140616_ac1a7dad - markdown_it.rules_block.list - DEBUG - list.list_block:102 - entering list: StateBlock(line=215,level=1,tokens=391), 215, 218, False
2025-12-27 14:06:17 - 20251227_140616_ac1a7dad - markdown_it.rules_block.reference - DEBUG - reference.reference:10 - entering reference: StateBlock(line=215,level=1,tokens=391), 215, 218, False
2025-12-27 14:06:17 - 20251227_140616_ac1a7dad - markdown_it.rules_block.html_block - DEBUG - html_block.html_block:35 - entering html_block: StateBlock(line=215,level=1,tokens=391), 215, 218, False
2025-12-27 14:06:17 - 20251227_140616_ac1a7dad - markdown_it.rules_block.heading - DEBUG - heading.heading:13 - entering heading: StateBlock(line=215,level=1,tokens=391), 215, 218, False
2025-12-27 14:06:17 - 20251227_140616_ac1a7dad - markdown_it.rules_block.lheading - DEBUG - lheading.lheading:10 - entering lheading: StateBlock(line=215,level=1,tokens=391), 215, 218, False
2025-12-27 14:06:17 - 20251227_140616_ac1a7dad - markdown_it.rules_block.paragraph - DEBUG - paragraph.paragraph:10 - entering paragraph: StateBlock(line=215,level=1,tokens=391), 215, 218, False
2025-12-27 14:06:17 - 20251227_140616_ac1a7dad - markdown_it.rules_block.code - DEBUG - code.code:10 - entering code: StateBlock(line=217,level=1,tokens=394), 217, 218, False
2025-12-27 14:06:17 - 20251227_140616_ac1a7dad - markdown_it.rules_block.fence - DEBUG - fence.fence:10 - entering fence: StateBlock(line=217,level=1,tokens=394), 217, 218, False
2025-12-27 14:06:17 - 20251227_140616_ac1a7dad - markdown_it.rules_block.blockquote - DEBUG - blockquote.blockquote:13 - entering blockquote: StateBlock(line=217,level=1,tokens=394), 217, 218, False
2025-12-27 14:06:17 - 20251227_140616_ac1a7dad - markdown_it.rules_block.hr - DEBUG - hr.hr:14 - entering hr: StateBlock(line=217,level=1,tokens=394), 217, 218, False
2025-12-27 14:06:17 - 20251227_140616_ac1a7dad - markdown_it.rules_block.list - DEBUG - list.list_block:102 - entering list: StateBlock(line=217,level=1,tokens=394), 217, 218, False
2025-12-27 14:06:17 - 20251227_140616_ac1a7dad - markdown_it.rules_block.reference - DEBUG - reference.reference:10 - entering reference: StateBlock(line=217,level=1,tokens=394), 217, 218, False
2025-12-27 14:06:17 - 20251227_140616_ac1a7dad - markdown_it.rules_block.html_block - DEBUG - html_block.html_block:35 - entering html_block: StateBlock(line=217,level=1,tokens=394), 217, 218, False
2025-12-27 14:06:17 - 20251227_140616_ac1a7dad - markdown_it.rules_block.heading - DEBUG - heading.heading:13 - entering heading: StateBlock(line=217,level=1,tokens=394), 217, 218, False
2025-12-27 14:06:17 - 20251227_140616_ac1a7dad - markdown_it.rules_block.lheading - DEBUG - lheading.lheading:10 - entering lheading: StateBlock(line=217,level=1,tokens=394), 217, 218, False
2025-12-27 14:06:17 - 20251227_140616_ac1a7dad - markdown_it.rules_block.paragraph - DEBUG - paragraph.paragraph:10 - entering paragraph: StateBlock(line=217,level=1,tokens=394), 217, 218, False
2025-12-27 14:06:17 - 20251227_140616_ac1a7dad - markdown_it.rules_block.code - DEBUG - code.code:10 - entering code: StateBlock(line=219,level=0,tokens=398), 219, 445, False
2025-12-27 14:06:17 - 20251227_140616_ac1a7dad - markdown_it.rules_block.fence - DEBUG - fence.fence:10 - entering fence: StateBlock(line=219,level=0,tokens=398), 219, 445, False
2025-12-27 14:06:17 - 20251227_140616_ac1a7dad - markdown_it.rules_block.blockquote - DEBUG - blockquote.blockquote:13 - entering blockquote: StateBlock(line=219,level=0,tokens=398), 219, 445, False
2025-12-27 14:06:17 - 20251227_140616_ac1a7dad - markdown_it.rules_block.hr - DEBUG - hr.hr:14 - entering hr: StateBlock(line=219,level=0,tokens=398), 219, 445, False
2025-12-27 14:06:17 - 20251227_140616_ac1a7dad - markdown_it.rules_block.list - DEBUG - list.list_block:102 - entering list: StateBlock(line=219,level=0,tokens=398), 219, 445, False
2025-12-27 14:06:17 - 20251227_140616_ac1a7dad - markdown_it.rules_block.reference - DEBUG - reference.reference:10 - entering reference: StateBlock(line=219,level=0,tokens=398), 219, 445, False
2025-12-27 14:06:17 - 20251227_140616_ac1a7dad - markdown_it.rules_block.html_block - DEBUG - html_block.html_block:35 - entering html_block: StateBlock(line=219,level=0,tokens=398), 219, 445, False
2025-12-27 14:06:17 - 20251227_140616_ac1a7dad - markdown_it.rules_block.heading - DEBUG - heading.heading:13 - entering heading: StateBlock(line=219,level=0,tokens=398), 219, 445, False
2025-12-27 14:06:17 - 20251227_140616_ac1a7dad - markdown_it.rules_block.lheading - DEBUG - lheading.lheading:10 - entering lheading: StateBlock(line=219,level=0,tokens=398), 219, 445, False
2025-12-27 14:06:17 - 20251227_140616_ac1a7dad - markdown_it.rules_block.paragraph - DEBUG - paragraph.paragraph:10 - entering paragraph: StateBlock(line=219,level=0,tokens=398), 219, 445, False
2025-12-27 14:06:17 - 20251227_140616_ac1a7dad - markdown_it.rules_block.code - DEBUG - code.code:10 - entering code: StateBlock(line=221,level=0,tokens=401), 221, 445, False
2025-12-27 14:06:17 - 20251227_140616_ac1a7dad - markdown_it.rules_block.fence - DEBUG - fence.fence:10 - entering fence: StateBlock(line=221,level=0,tokens=401), 221, 445, False
2025-12-27 14:06:17 - 20251227_140616_ac1a7dad - markdown_it.rules_block.blockquote - DEBUG - blockquote.blockquote:13 - entering blockquote: StateBlock(line=221,level=0,tokens=401), 221, 445, False
2025-12-27 14:06:17 - 20251227_140616_ac1a7dad - markdown_it.rules_block.code - DEBUG - code.code:10 - entering code: StateBlock(line=221,level=1,tokens=402), 221, 224, False
2025-12-27 14:06:17 - 20251227_140616_ac1a7dad - markdown_it.rules_block.fence - DEBUG - fence.fence:10 - entering fence: StateBlock(line=221,level=1,tokens=402), 221, 224, False
2025-12-27 14:06:17 - 20251227_140616_ac1a7dad - markdown_it.rules_block.blockquote - DEBUG - blockquote.blockquote:13 - entering blockquote: StateBlock(line=221,level=1,tokens=402), 221, 224, False
2025-12-27 14:06:17 - 20251227_140616_ac1a7dad - markdown_it.rules_block.hr - DEBUG - hr.hr:14 - entering hr: StateBlock(line=221,level=1,tokens=402), 221, 224, False
2025-12-27 14:06:17 - 20251227_140616_ac1a7dad - markdown_it.rules_block.list - DEBUG - list.list_block:102 - entering list: StateBlock(line=221,level=1,tokens=402), 221, 224, False
2025-12-27 14:06:17 - 20251227_140616_ac1a7dad - markdown_it.rules_block.reference - DEBUG - reference.reference:10 - entering reference: StateBlock(line=221,level=1,tokens=402), 221, 224, False
2025-12-27 14:06:17 - 20251227_140616_ac1a7dad - markdown_it.rules_block.html_block - DEBUG - html_block.html_block:35 - entering html_block: StateBlock(line=221,level=1,tokens=402), 221, 224, False
2025-12-27 14:06:17 - 20251227_140616_ac1a7dad - markdown_it.rules_block.heading - DEBUG - heading.heading:13 - entering heading: StateBlock(line=221,level=1,tokens=402), 221, 224, False
2025-12-27 14:06:17 - 20251227_140616_ac1a7dad - markdown_it.rules_block.lheading - DEBUG - lheading.lheading:10 - entering lheading: StateBlock(line=221,level=1,tokens=402), 221, 224, False
2025-12-27 14:06:17 - 20251227_140616_ac1a7dad - markdown_it.rules_block.paragraph - DEBUG - paragraph.paragraph:10 - entering paragraph: StateBlock(line=221,level=1,tokens=402), 221, 224, False
2025-12-27 14:06:17 - 20251227_140616_ac1a7dad - markdown_it.rules_block.code - DEBUG - code.code:10 - entering code: StateBlock(line=223,level=1,tokens=405), 223, 224, False
2025-12-27 14:06:17 - 20251227_140616_ac1a7dad - markdown_it.rules_block.fence - DEBUG - fence.fence:10 - entering fence: StateBlock(line=223,level=1,tokens=405), 223, 224, False
2025-12-27 14:06:17 - 20251227_140616_ac1a7dad - markdown_it.rules_block.blockquote - DEBUG - blockquote.blockquote:13 - entering blockquote: StateBlock(line=223,level=1,tokens=405), 223, 224, False
2025-12-27 14:06:17 - 20251227_140616_ac1a7dad - markdown_it.rules_block.hr - DEBUG - hr.hr:14 - entering hr: StateBlock(line=223,level=1,tokens=405), 223, 224, False
2025-12-27 14:06:17 - 20251227_140616_ac1a7dad - markdown_it.rules_block.list - DEBUG - list.list_block:102 - entering list: StateBlock(line=223,level=1,tokens=405), 223, 224, False
2025-12-27 14:06:17 - 20251227_140616_ac1a7dad - markdown_it.rules_block.reference - DEBUG - reference.reference:10 - entering reference: StateBlock(line=223,level=1,tokens=405), 223, 224, False
2025-12-27 14:06:17 - 20251227_140616_ac1a7dad - markdown_it.rules_block.html_block - DEBUG - html_block.html_block:35 - entering html_block: StateBlock(line=223,level=1,tokens=405), 223, 224, False
2025-12-27 14:06:17 - 20251227_140616_ac1a7dad - markdown_it.rules_block.heading - DEBUG - heading.heading:13 - entering heading: StateBlock(line=223,level=1,tokens=405), 223, 224, False
2025-12-27 14:06:17 - 20251227_140616_ac1a7dad - markdown_it.rules_block.lheading - DEBUG - lheading.lheading:10 - entering lheading: StateBlock(line=223,level=1,tokens=405), 223, 224, False
2025-12-27 14:06:17 - 20251227_140616_ac1a7dad - markdown_it.rules_block.paragraph - DEBUG - paragraph.paragraph:10 - entering paragraph: StateBlock(line=223,level=1,tokens=405), 223, 224, False
2025-12-27 14:06:17 - 20251227_140616_ac1a7dad - markdown_it.rules_block.code - DEBUG - code.code:10 - entering code: StateBlock(line=225,level=0,tokens=409), 225, 445, False
2025-12-27 14:06:17 - 20251227_140616_ac1a7dad - markdown_it.rules_block.fence - DEBUG - fence.fence:10 - entering fence: StateBlock(line=225,level=0,tokens=409), 225, 445, False
2025-12-27 14:06:17 - 20251227_140616_ac1a7dad - markdown_it.rules_block.blockquote - DEBUG - blockquote.blockquote:13 - entering blockquote: StateBlock(line=225,level=0,tokens=409), 225, 445, False
2025-12-27 14:06:17 - 20251227_140616_ac1a7dad - markdown_it.rules_block.hr - DEBUG - hr.hr:14 - entering hr: StateBlock(line=225,level=0,tokens=409), 225, 445, False
2025-12-27 14:06:17 - 20251227_140616_ac1a7dad - markdown_it.rules_block.list - DEBUG - list.list_block:102 - entering list: StateBlock(line=225,level=0,tokens=409), 225, 445, False
2025-12-27 14:06:17 - 20251227_140616_ac1a7dad - markdown_it.rules_block.reference - DEBUG - reference.reference:10 - entering reference: StateBlock(line=225,level=0,tokens=409), 225, 445, False
2025-12-27 14:06:17 - 20251227_140616_ac1a7dad - markdown_it.rules_block.html_block - DEBUG - html_block.html_block:35 - entering html_block: StateBlock(line=225,level=0,tokens=409), 225, 445, False
2025-12-27 14:06:17 - 20251227_140616_ac1a7dad - markdown_it.rules_block.heading - DEBUG - heading.heading:13 - entering heading: StateBlock(line=225,level=0,tokens=409), 225, 445, False
2025-12-27 14:06:17 - 20251227_140616_ac1a7dad - markdown_it.rules_block.lheading - DEBUG - lheading.lheading:10 - entering lheading: StateBlock(line=225,level=0,tokens=409), 225, 445, False
2025-12-27 14:06:17 - 20251227_140616_ac1a7dad - markdown_it.rules_block.paragraph - DEBUG - paragraph.paragraph:10 - entering paragraph: StateBlock(line=225,level=0,tokens=409), 225, 445, False
2025-12-27 14:06:17 - 20251227_140616_ac1a7dad - markdown_it.rules_block.code - DEBUG - code.code:10 - entering code: StateBlock(line=227,level=0,tokens=412), 227, 445, False
2025-12-27 14:06:17 - 20251227_140616_ac1a7dad - markdown_it.rules_block.fence - DEBUG - fence.fence:10 - entering fence: StateBlock(line=227,level=0,tokens=412), 227, 445, False
2025-12-27 14:06:17 - 20251227_140616_ac1a7dad - markdown_it.rules_block.blockquote - DEBUG - blockquote.blockquote:13 - entering blockquote: StateBlock(line=227,level=0,tokens=412), 227, 445, False
2025-12-27 14:06:17 - 20251227_140616_ac1a7dad - markdown_it.rules_block.hr - DEBUG - hr.hr:14 - entering hr: StateBlock(line=227,level=0,tokens=412), 227, 445, False
2025-12-27 14:06:17 - 20251227_140616_ac1a7dad - markdown_it.rules_block.list - DEBUG - list.list_block:102 - entering list: StateBlock(line=227,level=0,tokens=412), 227, 445, False
2025-12-27 14:06:17 - 20251227_140616_ac1a7dad - markdown_it.rules_block.code - DEBUG - code.code:10 - entering code: StateBlock(line=227,level=2,tokens=414), 227, 445, False
2025-12-27 14:06:17 - 20251227_140616_ac1a7dad - markdown_it.rules_block.fence - DEBUG - fence.fence:10 - entering fence: StateBlock(line=227,level=2,tokens=414), 227, 445, False
2025-12-27 14:06:17 - 20251227_140616_ac1a7dad - markdown_it.rules_block.blockquote - DEBUG - blockquote.blockquote:13 - entering blockquote: StateBlock(line=227,level=2,tokens=414), 227, 445, False
2025-12-27 14:06:17 - 20251227_140616_ac1a7dad - markdown_it.rules_block.hr - DEBUG - hr.hr:14 - entering hr: StateBlock(line=227,level=2,tokens=414), 227, 445, False
2025-12-27 14:06:17 - 20251227_140616_ac1a7dad - markdown_it.rules_block.list - DEBUG - list.list_block:102 - entering list: StateBlock(line=227,level=2,tokens=414), 227, 445, False
2025-12-27 14:06:17 - 20251227_140616_ac1a7dad - markdown_it.rules_block.reference - DEBUG - reference.reference:10 - entering reference: StateBlock(line=227,level=2,tokens=414), 227, 445, False
2025-12-27 14:06:17 - 20251227_140616_ac1a7dad - markdown_it.rules_block.html_block - DEBUG - html_block.html_block:35 - entering html_block: StateBlock(line=227,level=2,tokens=414), 227, 445, False
2025-12-27 14:06:17 - 20251227_140616_ac1a7dad - markdown_it.rules_block.heading - DEBUG - heading.heading:13 - entering heading: StateBlock(line=227,level=2,tokens=414), 227, 445, False
2025-12-27 14:06:17 - 20251227_140616_ac1a7dad - markdown_it.rules_block.lheading - DEBUG - lheading.lheading:10 - entering lheading: StateBlock(line=227,level=2,tokens=414), 227, 445, False
2025-12-27 14:06:17 - 20251227_140616_ac1a7dad - markdown_it.rules_block.fence - DEBUG - fence.fence:10 - entering fence: StateBlock(line=227,level=2,tokens=414), 228, 445, True
2025-12-27 14:06:17 - 20251227_140616_ac1a7dad - markdown_it.rules_block.blockquote - DEBUG - blockquote.blockquote:13 - entering blockquote: StateBlock(line=227,level=2,tokens=414), 228, 445, True
2025-12-27 14:06:17 - 20251227_140616_ac1a7dad - markdown_it.rules_block.hr - DEBUG - hr.hr:14 - entering hr: StateBlock(line=227,level=2,tokens=414), 228, 445, True
2025-12-27 14:06:17 - 20251227_140616_ac1a7dad - markdown_it.rules_block.list - DEBUG - list.list_block:102 - entering list: StateBlock(line=227,level=2,tokens=414), 228, 445, True
2025-12-27 14:06:17 - 20251227_140616_ac1a7dad - markdown_it.rules_block.paragraph - DEBUG - paragraph.paragraph:10 - entering paragraph: StateBlock(line=227,level=2,tokens=414), 227, 445, False
2025-12-27 14:06:17 - 20251227_140616_ac1a7dad - markdown_it.rules_block.fence - DEBUG - fence.fence:10 - entering fence: StateBlock(line=227,level=2,tokens=414), 228, 445, True
2025-12-27 14:06:17 - 20251227_140616_ac1a7dad - markdown_it.rules_block.blockquote - DEBUG - blockquote.blockquote:13 - entering blockquote: StateBlock(line=227,level=2,tokens=414), 228, 445, True
2025-12-27 14:06:17 - 20251227_140616_ac1a7dad - markdown_it.rules_block.hr - DEBUG - hr.hr:14 - entering hr: StateBlock(line=227,level=2,tokens=414), 228, 445, True
2025-12-27 14:06:17 - 20251227_140616_ac1a7dad - markdown_it.rules_block.list - DEBUG - list.list_block:102 - entering list: StateBlock(line=227,level=2,tokens=414), 228, 445, True
2025-12-27 14:06:17 - 20251227_140616_ac1a7dad - markdown_it.rules_block.fence - DEBUG - fence.fence:10 - entering fence: StateBlock(line=228,level=1,tokens=418), 228, 445, True
2025-12-27 14:06:17 - 20251227_140616_ac1a7dad - markdown_it.rules_block.blockquote - DEBUG - blockquote.blockquote:13 - entering blockquote: StateBlock(line=228,level=1,tokens=418), 228, 445, True
2025-12-27 14:06:17 - 20251227_140616_ac1a7dad - markdown_it.rules_block.hr - DEBUG - hr.hr:14 - entering hr: StateBlock(line=228,level=1,tokens=418), 228, 445, True
2025-12-27 14:06:17 - 20251227_140616_ac1a7dad - markdown_it.rules_block.code - DEBUG - code.code:10 - entering code: StateBlock(line=228,level=2,tokens=419), 228, 445, False
2025-12-27 14:06:17 - 20251227_140616_ac1a7dad - markdown_it.rules_block.fence - DEBUG - fence.fence:10 - entering fence: StateBlock(line=228,level=2,tokens=419), 228, 445, False
2025-12-27 14:06:17 - 20251227_140616_ac1a7dad - markdown_it.rules_block.blockquote - DEBUG - blockquote.blockquote:13 - entering blockquote: StateBlock(line=228,level=2,tokens=419), 228, 445, False
2025-12-27 14:06:17 - 20251227_140616_ac1a7dad - markdown_it.rules_block.hr - DEBUG - hr.hr:14 - entering hr: StateBlock(line=228,level=2,tokens=419), 228, 445, False
2025-12-27 14:06:17 - 20251227_140616_ac1a7dad - markdown_it.rules_block.list - DEBUG - list.list_block:102 - entering list: StateBlock(line=228,level=2,tokens=419), 228, 445, False
2025-12-27 14:06:17 - 20251227_140616_ac1a7dad - markdown_it.rules_block.reference - DEBUG - reference.reference:10 - entering reference: StateBlock(line=228,level=2,tokens=419), 228, 445, False
2025-12-27 14:06:17 - 20251227_140616_ac1a7dad - markdown_it.rules_block.html_block - DEBUG - html_block.html_block:35 - entering html_block: StateBlock(line=228,level=2,tokens=419), 228, 445, False
2025-12-27 14:06:17 - 20251227_140616_ac1a7dad - markdown_it.rules_block.heading - DEBUG - heading.heading:13 - entering heading: StateBlock(line=228,level=2,tokens=419), 228, 445, False
2025-12-27 14:06:17 - 20251227_140616_ac1a7dad - markdown_it.rules_block.lheading - DEBUG - lheading.lheading:10 - entering lheading: StateBlock(line=228,level=2,tokens=419), 228, 445, False
2025-12-27 14:06:17 - 20251227_140616_ac1a7dad - markdown_it.rules_block.fence - DEBUG - fence.fence:10 - entering fence: StateBlock(line=228,level=2,tokens=419), 229, 445, True
2025-12-27 14:06:17 - 20251227_140616_ac1a7dad - markdown_it.rules_block.blockquote - DEBUG - blockquote.blockquote:13 - entering blockquote: StateBlock(line=228,level=2,tokens=419), 229, 445, True
2025-12-27 14:06:17 - 20251227_140616_ac1a7dad - markdown_it.rules_block.hr - DEBUG - hr.hr:14 - entering hr: StateBlock(line=228,level=2,tokens=419), 229, 445, True
2025-12-27 14:06:17 - 20251227_140616_ac1a7dad - markdown_it.rules_block.list - DEBUG - list.list_block:102 - entering list: StateBlock(line=228,level=2,tokens=419), 229, 445, True
2025-12-27 14:06:17 - 20251227_140616_ac1a7dad - markdown_it.rules_block.html_block - DEBUG - html_block.html_block:35 - entering html_block: StateBlock(line=228,level=2,tokens=419), 229, 445, True
2025-12-27 14:06:17 - 20251227_140616_ac1a7dad - markdown_it.rules_block.heading - DEBUG - heading.heading:13 - entering heading: StateBlock(line=228,level=2,tokens=419), 229, 445, True
2025-12-27 14:06:17 - 20251227_140616_ac1a7dad - markdown_it.rules_block.fence - DEBUG - fence.fence:10 - entering fence: StateBlock(line=228,level=2,tokens=419), 230, 445, True
2025-12-27 14:06:17 - 20251227_140616_ac1a7dad - markdown_it.rules_block.blockquote - DEBUG - blockquote.blockquote:13 - entering blockquote: StateBlock(line=228,level=2,tokens=419), 230, 445, True
2025-12-27 14:06:17 - 20251227_140616_ac1a7dad - markdown_it.rules_block.hr - DEBUG - hr.hr:14 - entering hr: StateBlock(line=228,level=2,tokens=419), 230, 445, True
2025-12-27 14:06:17 - 20251227_140616_ac1a7dad - markdown_it.rules_block.list - DEBUG - list.list_block:102 - entering list: StateBlock(line=228,level=2,tokens=419), 230, 445, True
2025-12-27 14:06:17 - 20251227_140616_ac1a7dad - markdown_it.rules_block.paragraph - DEBUG - paragraph.paragraph:10 - entering paragraph: StateBlock(line=228,level=2,tokens=419), 228, 445, False
2025-12-27 14:06:17 - 20251227_140616_ac1a7dad - markdown_it.rules_block.fence - DEBUG - fence.fence:10 - entering fence: StateBlock(line=228,level=2,tokens=419), 229, 445, True
2025-12-27 14:06:17 - 20251227_140616_ac1a7dad - markdown_it.rules_block.blockquote - DEBUG - blockquote.blockquote:13 - entering blockquote: StateBlock(line=228,level=2,tokens=419), 229, 445, True
2025-12-27 14:06:17 - 20251227_140616_ac1a7dad - markdown_it.rules_block.hr - DEBUG - hr.hr:14 - entering hr: StateBlock(line=228,level=2,tokens=419), 229, 445, True
2025-12-27 14:06:17 - 20251227_140616_ac1a7dad - markdown_it.rules_block.list - DEBUG - list.list_block:102 - entering list: StateBlock(line=228,level=2,tokens=419), 229, 445, True
2025-12-27 14:06:17 - 20251227_140616_ac1a7dad - markdown_it.rules_block.html_block - DEBUG - html_block.html_block:35 - entering html_block: StateBlock(line=228,level=2,tokens=419), 229, 445, True
2025-12-27 14:06:17 - 20251227_140616_ac1a7dad - markdown_it.rules_block.heading - DEBUG - heading.heading:13 - entering heading: StateBlock(line=228,level=2,tokens=419), 229, 445, True
2025-12-27 14:06:17 - 20251227_140616_ac1a7dad - markdown_it.rules_block.fence - DEBUG - fence.fence:10 - entering fence: StateBlock(line=228,level=2,tokens=419), 230, 445, True
2025-12-27 14:06:17 - 20251227_140616_ac1a7dad - markdown_it.rules_block.blockquote - DEBUG - blockquote.blockquote:13 - entering blockquote: StateBlock(line=228,level=2,tokens=419), 230, 445, True
2025-12-27 14:06:17 - 20251227_140616_ac1a7dad - markdown_it.rules_block.hr - DEBUG - hr.hr:14 - entering hr: StateBlock(line=228,level=2,tokens=419), 230, 445, True
2025-12-27 14:06:17 - 20251227_140616_ac1a7dad - markdown_it.rules_block.list - DEBUG - list.list_block:102 - entering list: StateBlock(line=228,level=2,tokens=419), 230, 445, True
2025-12-27 14:06:17 - 20251227_140616_ac1a7dad - markdown_it.rules_block.fence - DEBUG - fence.fence:10 - entering fence: StateBlock(line=230,level=1,tokens=423), 230, 445, True
2025-12-27 14:06:17 - 20251227_140616_ac1a7dad - markdown_it.rules_block.blockquote - DEBUG - blockquote.blockquote:13 - entering blockquote: StateBlock(line=230,level=1,tokens=423), 230, 445, True
2025-12-27 14:06:17 - 20251227_140616_ac1a7dad - markdown_it.rules_block.hr - DEBUG - hr.hr:14 - entering hr: StateBlock(line=230,level=1,tokens=423), 230, 445, True
2025-12-27 14:06:17 - 20251227_140616_ac1a7dad - markdown_it.rules_block.code - DEBUG - code.code:10 - entering code: StateBlock(line=230,level=2,tokens=424), 230, 445, False
2025-12-27 14:06:17 - 20251227_140616_ac1a7dad - markdown_it.rules_block.fence - DEBUG - fence.fence:10 - entering fence: StateBlock(line=230,level=2,tokens=424), 230, 445, False
2025-12-27 14:06:17 - 20251227_140616_ac1a7dad - markdown_it.rules_block.blockquote - DEBUG - blockquote.blockquote:13 - entering blockquote: StateBlock(line=230,level=2,tokens=424), 230, 445, False
2025-12-27 14:06:17 - 20251227_140616_ac1a7dad - markdown_it.rules_block.hr - DEBUG - hr.hr:14 - entering hr: StateBlock(line=230,level=2,tokens=424), 230, 445, False
2025-12-27 14:06:17 - 20251227_140616_ac1a7dad - markdown_it.rules_block.list - DEBUG - list.list_block:102 - entering list: StateBlock(line=230,level=2,tokens=424), 230, 445, False
2025-12-27 14:06:17 - 20251227_140616_ac1a7dad - markdown_it.rules_block.reference - DEBUG - reference.reference:10 - entering reference: StateBlock(line=230,level=2,tokens=424), 230, 445, False
2025-12-27 14:06:17 - 20251227_140616_ac1a7dad - markdown_it.rules_block.html_block - DEBUG - html_block.html_block:35 - entering html_block: StateBlock(line=230,level=2,tokens=424), 230, 445, False
2025-12-27 14:06:17 - 20251227_140616_ac1a7dad - markdown_it.rules_block.heading - DEBUG - heading.heading:13 - entering heading: StateBlock(line=230,level=2,tokens=424), 230, 445, False
2025-12-27 14:06:17 - 20251227_140616_ac1a7dad - markdown_it.rules_block.lheading - DEBUG - lheading.lheading:10 - entering lheading: StateBlock(line=230,level=2,tokens=424), 230, 445, False
2025-12-27 14:06:17 - 20251227_140616_ac1a7dad - markdown_it.rules_block.paragraph - DEBUG - paragraph.paragraph:10 - entering paragraph: StateBlock(line=230,level=2,tokens=424), 230, 445, False
2025-12-27 14:06:17 - 20251227_140616_ac1a7dad - markdown_it.rules_block.fence - DEBUG - fence.fence:10 - entering fence: StateBlock(line=232,level=1,tokens=428), 232, 445, True
2025-12-27 14:06:17 - 20251227_140616_ac1a7dad - markdown_it.rules_block.blockquote - DEBUG - blockquote.blockquote:13 - entering blockquote: StateBlock(line=232,level=1,tokens=428), 232, 445, True
2025-12-27 14:06:17 - 20251227_140616_ac1a7dad - markdown_it.rules_block.hr - DEBUG - hr.hr:14 - entering hr: StateBlock(line=232,level=1,tokens=428), 232, 445, True
2025-12-27 14:06:17 - 20251227_140616_ac1a7dad - markdown_it.rules_block.code - DEBUG - code.code:10 - entering code: StateBlock(line=232,level=0,tokens=429), 232, 445, False
2025-12-27 14:06:17 - 20251227_140616_ac1a7dad - markdown_it.rules_block.fence - DEBUG - fence.fence:10 - entering fence: StateBlock(line=232,level=0,tokens=429), 232, 445, False
2025-12-27 14:06:17 - 20251227_140616_ac1a7dad - markdown_it.rules_block.blockquote - DEBUG - blockquote.blockquote:13 - entering blockquote: StateBlock(line=232,level=0,tokens=429), 232, 445, False
2025-12-27 14:06:17 - 20251227_140616_ac1a7dad - markdown_it.rules_block.hr - DEBUG - hr.hr:14 - entering hr: StateBlock(line=232,level=0,tokens=429), 232, 445, False
2025-12-27 14:06:17 - 20251227_140616_ac1a7dad - markdown_it.rules_block.list - DEBUG - list.list_block:102 - entering list: StateBlock(line=232,level=0,tokens=429), 232, 445, False
2025-12-27 14:06:17 - 20251227_140616_ac1a7dad - markdown_it.rules_block.reference - DEBUG - reference.reference:10 - entering reference: StateBlock(line=232,level=0,tokens=429), 232, 445, False
2025-12-27 14:06:17 - 20251227_140616_ac1a7dad - markdown_it.rules_block.html_block - DEBUG - html_block.html_block:35 - entering html_block: StateBlock(line=232,level=0,tokens=429), 232, 445, False
2025-12-27 14:06:17 - 20251227_140616_ac1a7dad - markdown_it.rules_block.heading - DEBUG - heading.heading:13 - entering heading: StateBlock(line=232,level=0,tokens=429), 232, 445, False
2025-12-27 14:06:17 - 20251227_140616_ac1a7dad - markdown_it.rules_block.code - DEBUG - code.code:10 - entering code: StateBlock(line=234,level=0,tokens=432), 234, 445, False
2025-12-27 14:06:17 - 20251227_140616_ac1a7dad - markdown_it.rules_block.fence - DEBUG - fence.fence:10 - entering fence: StateBlock(line=234,level=0,tokens=432), 234, 445, False
2025-12-27 14:06:17 - 20251227_140616_ac1a7dad - markdown_it.rules_block.blockquote - DEBUG - blockquote.blockquote:13 - entering blockquote: StateBlock(line=234,level=0,tokens=432), 234, 445, False
2025-12-27 14:06:17 - 20251227_140616_ac1a7dad - markdown_it.rules_block.hr - DEBUG - hr.hr:14 - entering hr: StateBlock(line=234,level=0,tokens=432), 234, 445, False
2025-12-27 14:06:17 - 20251227_140616_ac1a7dad - markdown_it.rules_block.list - DEBUG - list.list_block:102 - entering list: StateBlock(line=234,level=0,tokens=432), 234, 445, False
2025-12-27 14:06:17 - 20251227_140616_ac1a7dad - markdown_it.rules_block.code - DEBUG - code.code:10 - entering code: StateBlock(line=234,level=2,tokens=434), 234, 445, False
2025-12-27 14:06:17 - 20251227_140616_ac1a7dad - markdown_it.rules_block.fence - DEBUG - fence.fence:10 - entering fence: StateBlock(line=234,level=2,tokens=434), 234, 445, False
2025-12-27 14:06:17 - 20251227_140616_ac1a7dad - markdown_it.rules_block.blockquote - DEBUG - blockquote.blockquote:13 - entering blockquote: StateBlock(line=234,level=2,tokens=434), 234, 445, False
2025-12-27 14:06:17 - 20251227_140616_ac1a7dad - markdown_it.rules_block.hr - DEBUG - hr.hr:14 - entering hr: StateBlock(line=234,level=2,tokens=434), 234, 445, False
2025-12-27 14:06:17 - 20251227_140616_ac1a7dad - markdown_it.rules_block.list - DEBUG - list.list_block:102 - entering list: StateBlock(line=234,level=2,tokens=434), 234, 445, False
2025-12-27 14:06:17 - 20251227_140616_ac1a7dad - markdown_it.rules_block.reference - DEBUG - reference.reference:10 - entering reference: StateBlock(line=234,level=2,tokens=434), 234, 445, False
2025-12-27 14:06:17 - 20251227_140616_ac1a7dad - markdown_it.rules_block.html_block - DEBUG - html_block.html_block:35 - entering html_block: StateBlock(line=234,level=2,tokens=434), 234, 445, False
2025-12-27 14:06:17 - 20251227_140616_ac1a7dad - markdown_it.rules_block.heading - DEBUG - heading.heading:13 - entering heading: StateBlock(line=234,level=2,tokens=434), 234, 445, False
2025-12-27 14:06:17 - 20251227_140616_ac1a7dad - markdown_it.rules_block.lheading - DEBUG - lheading.lheading:10 - entering lheading: StateBlock(line=234,level=2,tokens=434), 234, 445, False
2025-12-27 14:06:17 - 20251227_140616_ac1a7dad - markdown_it.rules_block.fence - DEBUG - fence.fence:10 - entering fence: StateBlock(line=234,level=2,tokens=434), 235, 445, True
2025-12-27 14:06:17 - 20251227_140616_ac1a7dad - markdown_it.rules_block.blockquote - DEBUG - blockquote.blockquote:13 - entering blockquote: StateBlock(line=234,level=2,tokens=434), 235, 445, True
2025-12-27 14:06:17 - 20251227_140616_ac1a7dad - markdown_it.rules_block.hr - DEBUG - hr.hr:14 - entering hr: StateBlock(line=234,level=2,tokens=434), 235, 445, True
2025-12-27 14:06:17 - 20251227_140616_ac1a7dad - markdown_it.rules_block.list - DEBUG - list.list_block:102 - entering list: StateBlock(line=234,level=2,tokens=434), 235, 445, True
2025-12-27 14:06:17 - 20251227_140616_ac1a7dad - markdown_it.rules_block.html_block - DEBUG - html_block.html_block:35 - entering html_block: StateBlock(line=234,level=2,tokens=434), 235, 445, True
2025-12-27 14:06:17 - 20251227_140616_ac1a7dad - markdown_it.rules_block.heading - DEBUG - heading.heading:13 - entering heading: StateBlock(line=234,level=2,tokens=434), 235, 445, True
2025-12-27 14:06:17 - 20251227_140616_ac1a7dad - markdown_it.rules_block.fence - DEBUG - fence.fence:10 - entering fence: StateBlock(line=234,level=2,tokens=434), 236, 445, True
2025-12-27 14:06:17 - 20251227_140616_ac1a7dad - markdown_it.rules_block.blockquote - DEBUG - blockquote.blockquote:13 - entering blockquote: StateBlock(line=234,level=2,tokens=434), 236, 445, True
2025-12-27 14:06:17 - 20251227_140616_ac1a7dad - markdown_it.rules_block.hr - DEBUG - hr.hr:14 - entering hr: StateBlock(line=234,level=2,tokens=434), 236, 445, True
2025-12-27 14:06:17 - 20251227_140616_ac1a7dad - markdown_it.rules_block.list - DEBUG - list.list_block:102 - entering list: StateBlock(line=234,level=2,tokens=434), 236, 445, True
2025-12-27 14:06:17 - 20251227_140616_ac1a7dad - markdown_it.rules_block.paragraph - DEBUG - paragraph.paragraph:10 - entering paragraph: StateBlock(line=234,level=2,tokens=434), 234, 445, False
2025-12-27 14:06:17 - 20251227_140616_ac1a7dad - markdown_it.rules_block.fence - DEBUG - fence.fence:10 - entering fence: StateBlock(line=234,level=2,tokens=434), 235, 445, True
2025-12-27 14:06:17 - 20251227_140616_ac1a7dad - markdown_it.rules_block.blockquote - DEBUG - blockquote.blockquote:13 - entering blockquote: StateBlock(line=234,level=2,tokens=434), 235, 445, True
2025-12-27 14:06:17 - 20251227_140616_ac1a7dad - markdown_it.rules_block.hr - DEBUG - hr.hr:14 - entering hr: StateBlock(line=234,level=2,tokens=434), 235, 445, True
2025-12-27 14:06:17 - 20251227_140616_ac1a7dad - markdown_it.rules_block.list - DEBUG - list.list_block:102 - entering list: StateBlock(line=234,level=2,tokens=434), 235, 445, True
2025-12-27 14:06:17 - 20251227_140616_ac1a7dad - markdown_it.rules_block.html_block - DEBUG - html_block.html_block:35 - entering html_block: StateBlock(line=234,level=2,tokens=434), 235, 445, True
2025-12-27 14:06:17 - 20251227_140616_ac1a7dad - markdown_it.rules_block.heading - DEBUG - heading.heading:13 - entering heading: StateBlock(line=234,level=2,tokens=434), 235, 445, True
2025-12-27 14:06:17 - 20251227_140616_ac1a7dad - markdown_it.rules_block.fence - DEBUG - fence.fence:10 - entering fence: StateBlock(line=234,level=2,tokens=434), 236, 445, True
2025-12-27 14:06:17 - 20251227_140616_ac1a7dad - markdown_it.rules_block.blockquote - DEBUG - blockquote.blockquote:13 - entering blockquote: StateBlock(line=234,level=2,tokens=434), 236, 445, True
2025-12-27 14:06:17 - 20251227_140616_ac1a7dad - markdown_it.rules_block.hr - DEBUG - hr.hr:14 - entering hr: StateBlock(line=234,level=2,tokens=434), 236, 445, True
2025-12-27 14:06:17 - 20251227_140616_ac1a7dad - markdown_it.rules_block.list - DEBUG - list.list_block:102 - entering list: StateBlock(line=234,level=2,tokens=434), 236, 445, True
2025-12-27 14:06:17 - 20251227_140616_ac1a7dad - markdown_it.rules_block.fence - DEBUG - fence.fence:10 - entering fence: StateBlock(line=236,level=1,tokens=438), 236, 445, True
2025-12-27 14:06:17 - 20251227_140616_ac1a7dad - markdown_it.rules_block.blockquote - DEBUG - blockquote.blockquote:13 - entering blockquote: StateBlock(line=236,level=1,tokens=438), 236, 445, True
2025-12-27 14:06:17 - 20251227_140616_ac1a7dad - markdown_it.rules_block.hr - DEBUG - hr.hr:14 - entering hr: StateBlock(line=236,level=1,tokens=438), 236, 445, True
2025-12-27 14:06:17 - 20251227_140616_ac1a7dad - markdown_it.rules_block.code - DEBUG - code.code:10 - entering code: StateBlock(line=236,level=2,tokens=439), 236, 445, False
2025-12-27 14:06:17 - 20251227_140616_ac1a7dad - markdown_it.rules_block.fence - DEBUG - fence.fence:10 - entering fence: StateBlock(line=236,level=2,tokens=439), 236, 445, False
2025-12-27 14:06:17 - 20251227_140616_ac1a7dad - markdown_it.rules_block.blockquote - DEBUG - blockquote.blockquote:13 - entering blockquote: StateBlock(line=236,level=2,tokens=439), 236, 445, False
2025-12-27 14:06:17 - 20251227_140616_ac1a7dad - markdown_it.rules_block.hr - DEBUG - hr.hr:14 - entering hr: StateBlock(line=236,level=2,tokens=439), 236, 445, False
2025-12-27 14:06:17 - 20251227_140616_ac1a7dad - markdown_it.rules_block.list - DEBUG - list.list_block:102 - entering list: StateBlock(line=236,level=2,tokens=439), 236, 445, False
2025-12-27 14:06:17 - 20251227_140616_ac1a7dad - markdown_it.rules_block.reference - DEBUG - reference.reference:10 - entering reference: StateBlock(line=236,level=2,tokens=439), 236, 445, False
2025-12-27 14:06:17 - 20251227_140616_ac1a7dad - markdown_it.rules_block.html_block - DEBUG - html_block.html_block:35 - entering html_block: StateBlock(line=236,level=2,tokens=439), 236, 445, False
2025-12-27 14:06:17 - 20251227_140616_ac1a7dad - markdown_it.rules_block.heading - DEBUG - heading.heading:13 - entering heading: StateBlock(line=236,level=2,tokens=439), 236, 445, False
2025-12-27 14:06:17 - 20251227_140616_ac1a7dad - markdown_it.rules_block.lheading - DEBUG - lheading.lheading:10 - entering lheading: StateBlock(line=236,level=2,tokens=439), 236, 445, False
2025-12-27 14:06:17 - 20251227_140616_ac1a7dad - markdown_it.rules_block.fence - DEBUG - fence.fence:10 - entering fence: StateBlock(line=236,level=2,tokens=439), 237, 445, True
2025-12-27 14:06:17 - 20251227_140616_ac1a7dad - markdown_it.rules_block.blockquote - DEBUG - blockquote.blockquote:13 - entering blockquote: StateBlock(line=236,level=2,tokens=439), 237, 445, True
2025-12-27 14:06:17 - 20251227_140616_ac1a7dad - markdown_it.rules_block.hr - DEBUG - hr.hr:14 - entering hr: StateBlock(line=236,level=2,tokens=439), 237, 445, True
2025-12-27 14:06:17 - 20251227_140616_ac1a7dad - markdown_it.rules_block.list - DEBUG - list.list_block:102 - entering list: StateBlock(line=236,level=2,tokens=439), 237, 445, True
2025-12-27 14:06:17 - 20251227_140616_ac1a7dad - markdown_it.rules_block.html_block - DEBUG - html_block.html_block:35 - entering html_block: StateBlock(line=236,level=2,tokens=439), 237, 445, True
2025-12-27 14:06:17 - 20251227_140616_ac1a7dad - markdown_it.rules_block.heading - DEBUG - heading.heading:13 - entering heading: StateBlock(line=236,level=2,tokens=439), 237, 445, True
2025-12-27 14:06:17 - 20251227_140616_ac1a7dad - markdown_it.rules_block.fence - DEBUG - fence.fence:10 - entering fence: StateBlock(line=236,level=2,tokens=439), 238, 445, True
2025-12-27 14:06:17 - 20251227_140616_ac1a7dad - markdown_it.rules_block.blockquote - DEBUG - blockquote.blockquote:13 - entering blockquote: StateBlock(line=236,level=2,tokens=439), 238, 445, True
2025-12-27 14:06:17 - 20251227_140616_ac1a7dad - markdown_it.rules_block.hr - DEBUG - hr.hr:14 - entering hr: StateBlock(line=236,level=2,tokens=439), 238, 445, True
2025-12-27 14:06:17 - 20251227_140616_ac1a7dad - markdown_it.rules_block.list - DEBUG - list.list_block:102 - entering list: StateBlock(line=236,level=2,tokens=439), 238, 445, True
2025-12-27 14:06:17 - 20251227_140616_ac1a7dad - markdown_it.rules_block.paragraph - DEBUG - paragraph.paragraph:10 - entering paragraph: StateBlock(line=236,level=2,tokens=439), 236, 445, False
2025-12-27 14:06:17 - 20251227_140616_ac1a7dad - markdown_it.rules_block.fence - DEBUG - fence.fence:10 - entering fence: StateBlock(line=236,level=2,tokens=439), 237, 445, True
2025-12-27 14:06:17 - 20251227_140616_ac1a7dad - markdown_it.rules_block.blockquote - DEBUG - blockquote.blockquote:13 - entering blockquote: StateBlock(line=236,level=2,tokens=439), 237, 445, True
2025-12-27 14:06:17 - 20251227_140616_ac1a7dad - markdown_it.rules_block.hr - DEBUG - hr.hr:14 - entering hr: StateBlock(line=236,level=2,tokens=439), 237, 445, True
2025-12-27 14:06:17 - 20251227_140616_ac1a7dad - markdown_it.rules_block.list - DEBUG - list.list_block:102 - entering list: StateBlock(line=236,level=2,tokens=439), 237, 445, True
2025-12-27 14:06:17 - 20251227_140616_ac1a7dad - markdown_it.rules_block.html_block - DEBUG - html_block.html_block:35 - entering html_block: StateBlock(line=236,level=2,tokens=439), 237, 445, True
2025-12-27 14:06:17 - 20251227_140616_ac1a7dad - markdown_it.rules_block.heading - DEBUG - heading.heading:13 - entering heading: StateBlock(line=236,level=2,tokens=439), 237, 445, True
2025-12-27 14:06:17 - 20251227_140616_ac1a7dad - markdown_it.rules_block.fence - DEBUG - fence.fence:10 - entering fence: StateBlock(line=236,level=2,tokens=439), 238, 445, True
2025-12-27 14:06:17 - 20251227_140616_ac1a7dad - markdown_it.rules_block.blockquote - DEBUG - blockquote.blockquote:13 - entering blockquote: StateBlock(line=236,level=2,tokens=439), 238, 445, True
2025-12-27 14:06:17 - 20251227_140616_ac1a7dad - markdown_it.rules_block.hr - DEBUG - hr.hr:14 - entering hr: StateBlock(line=236,level=2,tokens=439), 238, 445, True
2025-12-27 14:06:17 - 20251227_140616_ac1a7dad - markdown_it.rules_block.list - DEBUG - list.list_block:102 - entering list: StateBlock(line=236,level=2,tokens=439), 238, 445, True
2025-12-27 14:06:17 - 20251227_140616_ac1a7dad - markdown_it.rules_block.fence - DEBUG - fence.fence:10 - entering fence: StateBlock(line=238,level=1,tokens=443), 238, 445, True
2025-12-27 14:06:17 - 20251227_140616_ac1a7dad - markdown_it.rules_block.blockquote - DEBUG - blockquote.blockquote:13 - entering blockquote: StateBlock(line=238,level=1,tokens=443), 238, 445, True
2025-12-27 14:06:17 - 20251227_140616_ac1a7dad - markdown_it.rules_block.hr - DEBUG - hr.hr:14 - entering hr: StateBlock(line=238,level=1,tokens=443), 238, 445, True
2025-12-27 14:06:17 - 20251227_140616_ac1a7dad - markdown_it.rules_block.code - DEBUG - code.code:10 - entering code: StateBlock(line=238,level=2,tokens=444), 238, 445, False
2025-12-27 14:06:17 - 20251227_140616_ac1a7dad - markdown_it.rules_block.fence - DEBUG - fence.fence:10 - entering fence: StateBlock(line=238,level=2,tokens=444), 238, 445, False
2025-12-27 14:06:17 - 20251227_140616_ac1a7dad - markdown_it.rules_block.blockquote - DEBUG - blockquote.blockquote:13 - entering blockquote: StateBlock(line=238,level=2,tokens=444), 238, 445, False
2025-12-27 14:06:17 - 20251227_140616_ac1a7dad - markdown_it.rules_block.hr - DEBUG - hr.hr:14 - entering hr: StateBlock(line=238,level=2,tokens=444), 238, 445, False
2025-12-27 14:06:17 - 20251227_140616_ac1a7dad - markdown_it.rules_block.list - DEBUG - list.list_block:102 - entering list: StateBlock(line=238,level=2,tokens=444), 238, 445, False
2025-12-27 14:06:17 - 20251227_140616_ac1a7dad - markdown_it.rules_block.reference - DEBUG - reference.reference:10 - entering reference: StateBlock(line=238,level=2,tokens=444), 238, 445, False
2025-12-27 14:06:17 - 20251227_140616_ac1a7dad - markdown_it.rules_block.html_block - DEBUG - html_block.html_block:35 - entering html_block: StateBlock(line=238,level=2,tokens=444), 238, 445, False
2025-12-27 14:06:17 - 20251227_140616_ac1a7dad - markdown_it.rules_block.heading - DEBUG - heading.heading:13 - entering heading: StateBlock(line=238,level=2,tokens=444), 238, 445, False
2025-12-27 14:06:17 - 20251227_140616_ac1a7dad - markdown_it.rules_block.lheading - DEBUG - lheading.lheading:10 - entering lheading: StateBlock(line=238,level=2,tokens=444), 238, 445, False
2025-12-27 14:06:17 - 20251227_140616_ac1a7dad - markdown_it.rules_block.fence - DEBUG - fence.fence:10 - entering fence: StateBlock(line=238,level=2,tokens=444), 239, 445, True
2025-12-27 14:06:17 - 20251227_140616_ac1a7dad - markdown_it.rules_block.blockquote - DEBUG - blockquote.blockquote:13 - entering blockquote: StateBlock(line=238,level=2,tokens=444), 239, 445, True
2025-12-27 14:06:17 - 20251227_140616_ac1a7dad - markdown_it.rules_block.hr - DEBUG - hr.hr:14 - entering hr: StateBlock(line=238,level=2,tokens=444), 239, 445, True
2025-12-27 14:06:17 - 20251227_140616_ac1a7dad - markdown_it.rules_block.list - DEBUG - list.list_block:102 - entering list: StateBlock(line=238,level=2,tokens=444), 239, 445, True
2025-12-27 14:06:17 - 20251227_140616_ac1a7dad - markdown_it.rules_block.html_block - DEBUG - html_block.html_block:35 - entering html_block: StateBlock(line=238,level=2,tokens=444), 239, 445, True
2025-12-27 14:06:17 - 20251227_140616_ac1a7dad - markdown_it.rules_block.heading - DEBUG - heading.heading:13 - entering heading: StateBlock(line=238,level=2,tokens=444), 239, 445, True
2025-12-27 14:06:17 - 20251227_140616_ac1a7dad - markdown_it.rules_block.fence - DEBUG - fence.fence:10 - entering fence: StateBlock(line=238,level=2,tokens=444), 240, 445, True
2025-12-27 14:06:17 - 20251227_140616_ac1a7dad - markdown_it.rules_block.blockquote - DEBUG - blockquote.blockquote:13 - entering blockquote: StateBlock(line=238,level=2,tokens=444), 240, 445, True
2025-12-27 14:06:17 - 20251227_140616_ac1a7dad - markdown_it.rules_block.hr - DEBUG - hr.hr:14 - entering hr: StateBlock(line=238,level=2,tokens=444), 240, 445, True
2025-12-27 14:06:17 - 20251227_140616_ac1a7dad - markdown_it.rules_block.list - DEBUG - list.list_block:102 - entering list: StateBlock(line=238,level=2,tokens=444), 240, 445, True
2025-12-27 14:06:17 - 20251227_140616_ac1a7dad - markdown_it.rules_block.paragraph - DEBUG - paragraph.paragraph:10 - entering paragraph: StateBlock(line=238,level=2,tokens=444), 238, 445, False
2025-12-27 14:06:17 - 20251227_140616_ac1a7dad - markdown_it.rules_block.fence - DEBUG - fence.fence:10 - entering fence: StateBlock(line=238,level=2,tokens=444), 239, 445, True
2025-12-27 14:06:17 - 20251227_140616_ac1a7dad - markdown_it.rules_block.blockquote - DEBUG - blockquote.blockquote:13 - entering blockquote: StateBlock(line=238,level=2,tokens=444), 239, 445, True
2025-12-27 14:06:17 - 20251227_140616_ac1a7dad - markdown_it.rules_block.hr - DEBUG - hr.hr:14 - entering hr: StateBlock(line=238,level=2,tokens=444), 239, 445, True
2025-12-27 14:06:17 - 20251227_140616_ac1a7dad - markdown_it.rules_block.list - DEBUG - list.list_block:102 - entering list: StateBlock(line=238,level=2,tokens=444), 239, 445, True
2025-12-27 14:06:17 - 20251227_140616_ac1a7dad - markdown_it.rules_block.html_block - DEBUG - html_block.html_block:35 - entering html_block: StateBlock(line=238,level=2,tokens=444), 239, 445, True
2025-12-27 14:06:17 - 20251227_140616_ac1a7dad - markdown_it.rules_block.heading - DEBUG - heading.heading:13 - entering heading: StateBlock(line=238,level=2,tokens=444), 239, 445, True
2025-12-27 14:06:17 - 20251227_140616_ac1a7dad - markdown_it.rules_block.fence - DEBUG - fence.fence:10 - entering fence: StateBlock(line=238,level=2,tokens=444), 240, 445, True
2025-12-27 14:06:17 - 20251227_140616_ac1a7dad - markdown_it.rules_block.blockquote - DEBUG - blockquote.blockquote:13 - entering blockquote: StateBlock(line=238,level=2,tokens=444), 240, 445, True
2025-12-27 14:06:17 - 20251227_140616_ac1a7dad - markdown_it.rules_block.hr - DEBUG - hr.hr:14 - entering hr: StateBlock(line=238,level=2,tokens=444), 240, 445, True
2025-12-27 14:06:17 - 20251227_140616_ac1a7dad - markdown_it.rules_block.list - DEBUG - list.list_block:102 - entering list: StateBlock(line=238,level=2,tokens=444), 240, 445, True
2025-12-27 14:06:17 - 20251227_140616_ac1a7dad - markdown_it.rules_block.fence - DEBUG - fence.fence:10 - entering fence: StateBlock(line=240,level=1,tokens=448), 240, 445, True
2025-12-27 14:06:17 - 20251227_140616_ac1a7dad - markdown_it.rules_block.blockquote - DEBUG - blockquote.blockquote:13 - entering blockquote: StateBlock(line=240,level=1,tokens=448), 240, 445, True
2025-12-27 14:06:17 - 20251227_140616_ac1a7dad - markdown_it.rules_block.hr - DEBUG - hr.hr:14 - entering hr: StateBlock(line=240,level=1,tokens=448), 240, 445, True
2025-12-27 14:06:17 - 20251227_140616_ac1a7dad - markdown_it.rules_block.code - DEBUG - code.code:10 - entering code: StateBlock(line=240,level=2,tokens=449), 240, 445, False
2025-12-27 14:06:17 - 20251227_140616_ac1a7dad - markdown_it.rules_block.fence - DEBUG - fence.fence:10 - entering fence: StateBlock(line=240,level=2,tokens=449), 240, 445, False
2025-12-27 14:06:17 - 20251227_140616_ac1a7dad - markdown_it.rules_block.blockquote - DEBUG - blockquote.blockquote:13 - entering blockquote: StateBlock(line=240,level=2,tokens=449), 240, 445, False
2025-12-27 14:06:17 - 20251227_140616_ac1a7dad - markdown_it.rules_block.hr - DEBUG - hr.hr:14 - entering hr: StateBlock(line=240,level=2,tokens=449), 240, 445, False
2025-12-27 14:06:17 - 20251227_140616_ac1a7dad - markdown_it.rules_block.list - DEBUG - list.list_block:102 - entering list: StateBlock(line=240,level=2,tokens=449), 240, 445, False
2025-12-27 14:06:17 - 20251227_140616_ac1a7dad - markdown_it.rules_block.reference - DEBUG - reference.reference:10 - entering reference: StateBlock(line=240,level=2,tokens=449), 240, 445, False
2025-12-27 14:06:17 - 20251227_140616_ac1a7dad - markdown_it.rules_block.html_block - DEBUG - html_block.html_block:35 - entering html_block: StateBlock(line=240,level=2,tokens=449), 240, 445, False
2025-12-27 14:06:17 - 20251227_140616_ac1a7dad - markdown_it.rules_block.heading - DEBUG - heading.heading:13 - entering heading: StateBlock(line=240,level=2,tokens=449), 240, 445, False
2025-12-27 14:06:17 - 20251227_140616_ac1a7dad - markdown_it.rules_block.lheading - DEBUG - lheading.lheading:10 - entering lheading: StateBlock(line=240,level=2,tokens=449), 240, 445, False
2025-12-27 14:06:17 - 20251227_140616_ac1a7dad - markdown_it.rules_block.fence - DEBUG - fence.fence:10 - entering fence: StateBlock(line=240,level=2,tokens=449), 241, 445, True
2025-12-27 14:06:17 - 20251227_140616_ac1a7dad - markdown_it.rules_block.blockquote - DEBUG - blockquote.blockquote:13 - entering blockquote: StateBlock(line=240,level=2,tokens=449), 241, 445, True
2025-12-27 14:06:17 - 20251227_140616_ac1a7dad - markdown_it.rules_block.hr - DEBUG - hr.hr:14 - entering hr: StateBlock(line=240,level=2,tokens=449), 241, 445, True
2025-12-27 14:06:17 - 20251227_140616_ac1a7dad - markdown_it.rules_block.list - DEBUG - list.list_block:102 - entering list: StateBlock(line=240,level=2,tokens=449), 241, 445, True
2025-12-27 14:06:17 - 20251227_140616_ac1a7dad - markdown_it.rules_block.html_block - DEBUG - html_block.html_block:35 - entering html_block: StateBlock(line=240,level=2,tokens=449), 241, 445, True
2025-12-27 14:06:17 - 20251227_140616_ac1a7dad - markdown_it.rules_block.heading - DEBUG - heading.heading:13 - entering heading: StateBlock(line=240,level=2,tokens=449), 241, 445, True
2025-12-27 14:06:17 - 20251227_140616_ac1a7dad - markdown_it.rules_block.fence - DEBUG - fence.fence:10 - entering fence: StateBlock(line=240,level=2,tokens=449), 242, 445, True
2025-12-27 14:06:17 - 20251227_140616_ac1a7dad - markdown_it.rules_block.blockquote - DEBUG - blockquote.blockquote:13 - entering blockquote: StateBlock(line=240,level=2,tokens=449), 242, 445, True
2025-12-27 14:06:17 - 20251227_140616_ac1a7dad - markdown_it.rules_block.hr - DEBUG - hr.hr:14 - entering hr: StateBlock(line=240,level=2,tokens=449), 242, 445, True
2025-12-27 14:06:17 - 20251227_140616_ac1a7dad - markdown_it.rules_block.list - DEBUG - list.list_block:102 - entering list: StateBlock(line=240,level=2,tokens=449), 242, 445, True
2025-12-27 14:06:17 - 20251227_140616_ac1a7dad - markdown_it.rules_block.paragraph - DEBUG - paragraph.paragraph:10 - entering paragraph: StateBlock(line=240,level=2,tokens=449), 240, 445, False
2025-12-27 14:06:17 - 20251227_140616_ac1a7dad - markdown_it.rules_block.fence - DEBUG - fence.fence:10 - entering fence: StateBlock(line=240,level=2,tokens=449), 241, 445, True
2025-12-27 14:06:17 - 20251227_140616_ac1a7dad - markdown_it.rules_block.blockquote - DEBUG - blockquote.blockquote:13 - entering blockquote: StateBlock(line=240,level=2,tokens=449), 241, 445, True
2025-12-27 14:06:17 - 20251227_140616_ac1a7dad - markdown_it.rules_block.hr - DEBUG - hr.hr:14 - entering hr: StateBlock(line=240,level=2,tokens=449), 241, 445, True
2025-12-27 14:06:17 - 20251227_140616_ac1a7dad - markdown_it.rules_block.list - DEBUG - list.list_block:102 - entering list: StateBlock(line=240,level=2,tokens=449), 241, 445, True
2025-12-27 14:06:17 - 20251227_140616_ac1a7dad - markdown_it.rules_block.html_block - DEBUG - html_block.html_block:35 - entering html_block: StateBlock(line=240,level=2,tokens=449), 241, 445, True
2025-12-27 14:06:17 - 20251227_140616_ac1a7dad - markdown_it.rules_block.heading - DEBUG - heading.heading:13 - entering heading: StateBlock(line=240,level=2,tokens=449), 241, 445, True
2025-12-27 14:06:17 - 20251227_140616_ac1a7dad - markdown_it.rules_block.fence - DEBUG - fence.fence:10 - entering fence: StateBlock(line=240,level=2,tokens=449), 242, 445, True
2025-12-27 14:06:17 - 20251227_140616_ac1a7dad - markdown_it.rules_block.blockquote - DEBUG - blockquote.blockquote:13 - entering blockquote: StateBlock(line=240,level=2,tokens=449), 242, 445, True
2025-12-27 14:06:17 - 20251227_140616_ac1a7dad - markdown_it.rules_block.hr - DEBUG - hr.hr:14 - entering hr: StateBlock(line=240,level=2,tokens=449), 242, 445, True
2025-12-27 14:06:17 - 20251227_140616_ac1a7dad - markdown_it.rules_block.list - DEBUG - list.list_block:102 - entering list: StateBlock(line=240,level=2,tokens=449), 242, 445, True
2025-12-27 14:06:17 - 20251227_140616_ac1a7dad - markdown_it.rules_block.fence - DEBUG - fence.fence:10 - entering fence: StateBlock(line=242,level=1,tokens=453), 242, 445, True
2025-12-27 14:06:17 - 20251227_140616_ac1a7dad - markdown_it.rules_block.blockquote - DEBUG - blockquote.blockquote:13 - entering blockquote: StateBlock(line=242,level=1,tokens=453), 242, 445, True
2025-12-27 14:06:17 - 20251227_140616_ac1a7dad - markdown_it.rules_block.hr - DEBUG - hr.hr:14 - entering hr: StateBlock(line=242,level=1,tokens=453), 242, 445, True
2025-12-27 14:06:17 - 20251227_140616_ac1a7dad - markdown_it.rules_block.code - DEBUG - code.code:10 - entering code: StateBlock(line=242,level=2,tokens=454), 242, 445, False
2025-12-27 14:06:17 - 20251227_140616_ac1a7dad - markdown_it.rules_block.fence - DEBUG - fence.fence:10 - entering fence: StateBlock(line=242,level=2,tokens=454), 242, 445, False
2025-12-27 14:06:17 - 20251227_140616_ac1a7dad - markdown_it.rules_block.blockquote - DEBUG - blockquote.blockquote:13 - entering blockquote: StateBlock(line=242,level=2,tokens=454), 242, 445, False
2025-12-27 14:06:17 - 20251227_140616_ac1a7dad - markdown_it.rules_block.hr - DEBUG - hr.hr:14 - entering hr: StateBlock(line=242,level=2,tokens=454), 242, 445, False
2025-12-27 14:06:17 - 20251227_140616_ac1a7dad - markdown_it.rules_block.list - DEBUG - list.list_block:102 - entering list: StateBlock(line=242,level=2,tokens=454), 242, 445, False
2025-12-27 14:06:17 - 20251227_140616_ac1a7dad - markdown_it.rules_block.reference - DEBUG - reference.reference:10 - entering reference: StateBlock(line=242,level=2,tokens=454), 242, 445, False
2025-12-27 14:06:17 - 20251227_140616_ac1a7dad - markdown_it.rules_block.html_block - DEBUG - html_block.html_block:35 - entering html_block: StateBlock(line=242,level=2,tokens=454), 242, 445, False
2025-12-27 14:06:17 - 20251227_140616_ac1a7dad - markdown_it.rules_block.heading - DEBUG - heading.heading:13 - entering heading: StateBlock(line=242,level=2,tokens=454), 242, 445, False
2025-12-27 14:06:17 - 20251227_140616_ac1a7dad - markdown_it.rules_block.lheading - DEBUG - lheading.lheading:10 - entering lheading: StateBlock(line=242,level=2,tokens=454), 242, 445, False
2025-12-27 14:06:17 - 20251227_140616_ac1a7dad - markdown_it.rules_block.fence - DEBUG - fence.fence:10 - entering fence: StateBlock(line=242,level=2,tokens=454), 243, 445, True
2025-12-27 14:06:17 - 20251227_140616_ac1a7dad - markdown_it.rules_block.blockquote - DEBUG - blockquote.blockquote:13 - entering blockquote: StateBlock(line=242,level=2,tokens=454), 243, 445, True
2025-12-27 14:06:17 - 20251227_140616_ac1a7dad - markdown_it.rules_block.hr - DEBUG - hr.hr:14 - entering hr: StateBlock(line=242,level=2,tokens=454), 243, 445, True
2025-12-27 14:06:17 - 20251227_140616_ac1a7dad - markdown_it.rules_block.list - DEBUG - list.list_block:102 - entering list: StateBlock(line=242,level=2,tokens=454), 243, 445, True
2025-12-27 14:06:17 - 20251227_140616_ac1a7dad - markdown_it.rules_block.html_block - DEBUG - html_block.html_block:35 - entering html_block: StateBlock(line=242,level=2,tokens=454), 243, 445, True
2025-12-27 14:06:17 - 20251227_140616_ac1a7dad - markdown_it.rules_block.heading - DEBUG - heading.heading:13 - entering heading: StateBlock(line=242,level=2,tokens=454), 243, 445, True
2025-12-27 14:06:17 - 20251227_140616_ac1a7dad - markdown_it.rules_block.paragraph - DEBUG - paragraph.paragraph:10 - entering paragraph: StateBlock(line=242,level=2,tokens=454), 242, 445, False
2025-12-27 14:06:17 - 20251227_140616_ac1a7dad - markdown_it.rules_block.fence - DEBUG - fence.fence:10 - entering fence: StateBlock(line=242,level=2,tokens=454), 243, 445, True
2025-12-27 14:06:17 - 20251227_140616_ac1a7dad - markdown_it.rules_block.blockquote - DEBUG - blockquote.blockquote:13 - entering blockquote: StateBlock(line=242,level=2,tokens=454), 243, 445, True
2025-12-27 14:06:17 - 20251227_140616_ac1a7dad - markdown_it.rules_block.hr - DEBUG - hr.hr:14 - entering hr: StateBlock(line=242,level=2,tokens=454), 243, 445, True
2025-12-27 14:06:17 - 20251227_140616_ac1a7dad - markdown_it.rules_block.list - DEBUG - list.list_block:102 - entering list: StateBlock(line=242,level=2,tokens=454), 243, 445, True
2025-12-27 14:06:17 - 20251227_140616_ac1a7dad - markdown_it.rules_block.html_block - DEBUG - html_block.html_block:35 - entering html_block: StateBlock(line=242,level=2,tokens=454), 243, 445, True
2025-12-27 14:06:17 - 20251227_140616_ac1a7dad - markdown_it.rules_block.heading - DEBUG - heading.heading:13 - entering heading: StateBlock(line=242,level=2,tokens=454), 243, 445, True
2025-12-27 14:06:17 - 20251227_140616_ac1a7dad - markdown_it.rules_block.fence - DEBUG - fence.fence:10 - entering fence: StateBlock(line=245,level=1,tokens=458), 245, 445, True
2025-12-27 14:06:17 - 20251227_140616_ac1a7dad - markdown_it.rules_block.blockquote - DEBUG - blockquote.blockquote:13 - entering blockquote: StateBlock(line=245,level=1,tokens=458), 245, 445, True
2025-12-27 14:06:17 - 20251227_140616_ac1a7dad - markdown_it.rules_block.hr - DEBUG - hr.hr:14 - entering hr: StateBlock(line=245,level=1,tokens=458), 245, 445, True
2025-12-27 14:06:17 - 20251227_140616_ac1a7dad - markdown_it.rules_block.code - DEBUG - code.code:10 - entering code: StateBlock(line=245,level=0,tokens=459), 245, 445, False
2025-12-27 14:06:17 - 20251227_140616_ac1a7dad - markdown_it.rules_block.fence - DEBUG - fence.fence:10 - entering fence: StateBlock(line=245,level=0,tokens=459), 245, 445, False
2025-12-27 14:06:17 - 20251227_140616_ac1a7dad - markdown_it.rules_block.blockquote - DEBUG - blockquote.blockquote:13 - entering blockquote: StateBlock(line=245,level=0,tokens=459), 245, 445, False
2025-12-27 14:06:17 - 20251227_140616_ac1a7dad - markdown_it.rules_block.hr - DEBUG - hr.hr:14 - entering hr: StateBlock(line=245,level=0,tokens=459), 245, 445, False
2025-12-27 14:06:17 - 20251227_140616_ac1a7dad - markdown_it.rules_block.code - DEBUG - code.code:10 - entering code: StateBlock(line=247,level=0,tokens=460), 247, 445, False
2025-12-27 14:06:17 - 20251227_140616_ac1a7dad - markdown_it.rules_block.fence - DEBUG - fence.fence:10 - entering fence: StateBlock(line=247,level=0,tokens=460), 247, 445, False
2025-12-27 14:06:17 - 20251227_140616_ac1a7dad - markdown_it.rules_block.blockquote - DEBUG - blockquote.blockquote:13 - entering blockquote: StateBlock(line=247,level=0,tokens=460), 247, 445, False
2025-12-27 14:06:17 - 20251227_140616_ac1a7dad - markdown_it.rules_block.hr - DEBUG - hr.hr:14 - entering hr: StateBlock(line=247,level=0,tokens=460), 247, 445, False
2025-12-27 14:06:17 - 20251227_140616_ac1a7dad - markdown_it.rules_block.list - DEBUG - list.list_block:102 - entering list: StateBlock(line=247,level=0,tokens=460), 247, 445, False
2025-12-27 14:06:17 - 20251227_140616_ac1a7dad - markdown_it.rules_block.reference - DEBUG - reference.reference:10 - entering reference: StateBlock(line=247,level=0,tokens=460), 247, 445, False
2025-12-27 14:06:17 - 20251227_140616_ac1a7dad - markdown_it.rules_block.html_block - DEBUG - html_block.html_block:35 - entering html_block: StateBlock(line=247,level=0,tokens=460), 247, 445, False
2025-12-27 14:06:17 - 20251227_140616_ac1a7dad - markdown_it.rules_block.heading - DEBUG - heading.heading:13 - entering heading: StateBlock(line=247,level=0,tokens=460), 247, 445, False
2025-12-27 14:06:17 - 20251227_140616_ac1a7dad - markdown_it.rules_block.code - DEBUG - code.code:10 - entering code: StateBlock(line=249,level=0,tokens=463), 249, 445, False
2025-12-27 14:06:17 - 20251227_140616_ac1a7dad - markdown_it.rules_block.fence - DEBUG - fence.fence:10 - entering fence: StateBlock(line=249,level=0,tokens=463), 249, 445, False
2025-12-27 14:06:17 - 20251227_140616_ac1a7dad - markdown_it.rules_block.blockquote - DEBUG - blockquote.blockquote:13 - entering blockquote: StateBlock(line=249,level=0,tokens=463), 249, 445, False
2025-12-27 14:06:17 - 20251227_140616_ac1a7dad - markdown_it.rules_block.hr - DEBUG - hr.hr:14 - entering hr: StateBlock(line=249,level=0,tokens=463), 249, 445, False
2025-12-27 14:06:17 - 20251227_140616_ac1a7dad - markdown_it.rules_block.list - DEBUG - list.list_block:102 - entering list: StateBlock(line=249,level=0,tokens=463), 249, 445, False
2025-12-27 14:06:17 - 20251227_140616_ac1a7dad - markdown_it.rules_block.reference - DEBUG - reference.reference:10 - entering reference: StateBlock(line=249,level=0,tokens=463), 249, 445, False
2025-12-27 14:06:17 - 20251227_140616_ac1a7dad - markdown_it.rules_block.html_block - DEBUG - html_block.html_block:35 - entering html_block: StateBlock(line=249,level=0,tokens=463), 249, 445, False
2025-12-27 14:06:17 - 20251227_140616_ac1a7dad - markdown_it.rules_block.heading - DEBUG - heading.heading:13 - entering heading: StateBlock(line=249,level=0,tokens=463), 249, 445, False
2025-12-27 14:06:17 - 20251227_140616_ac1a7dad - markdown_it.rules_block.lheading - DEBUG - lheading.lheading:10 - entering lheading: StateBlock(line=249,level=0,tokens=463), 249, 445, False
2025-12-27 14:06:17 - 20251227_140616_ac1a7dad - markdown_it.rules_block.paragraph - DEBUG - paragraph.paragraph:10 - entering paragraph: StateBlock(line=249,level=0,tokens=463), 249, 445, False
2025-12-27 14:06:17 - 20251227_140616_ac1a7dad - markdown_it.rules_block.code - DEBUG - code.code:10 - entering code: StateBlock(line=251,level=0,tokens=466), 251, 445, False
2025-12-27 14:06:17 - 20251227_140616_ac1a7dad - markdown_it.rules_block.fence - DEBUG - fence.fence:10 - entering fence: StateBlock(line=251,level=0,tokens=466), 251, 445, False
2025-12-27 14:06:17 - 20251227_140616_ac1a7dad - markdown_it.rules_block.blockquote - DEBUG - blockquote.blockquote:13 - entering blockquote: StateBlock(line=251,level=0,tokens=466), 251, 445, False
2025-12-27 14:06:17 - 20251227_140616_ac1a7dad - markdown_it.rules_block.hr - DEBUG - hr.hr:14 - entering hr: StateBlock(line=251,level=0,tokens=466), 251, 445, False
2025-12-27 14:06:17 - 20251227_140616_ac1a7dad - markdown_it.rules_block.list - DEBUG - list.list_block:102 - entering list: StateBlock(line=251,level=0,tokens=466), 251, 445, False
2025-12-27 14:06:17 - 20251227_140616_ac1a7dad - markdown_it.rules_block.reference - DEBUG - reference.reference:10 - entering reference: StateBlock(line=251,level=0,tokens=466), 251, 445, False
2025-12-27 14:06:17 - 20251227_140616_ac1a7dad - markdown_it.rules_block.html_block - DEBUG - html_block.html_block:35 - entering html_block: StateBlock(line=251,level=0,tokens=466), 251, 445, False
2025-12-27 14:06:17 - 20251227_140616_ac1a7dad - markdown_it.rules_block.heading - DEBUG - heading.heading:13 - entering heading: StateBlock(line=251,level=0,tokens=466), 251, 445, False
2025-12-27 14:06:17 - 20251227_140616_ac1a7dad - markdown_it.rules_block.lheading - DEBUG - lheading.lheading:10 - entering lheading: StateBlock(line=251,level=0,tokens=466), 251, 445, False
2025-12-27 14:06:17 - 20251227_140616_ac1a7dad - markdown_it.rules_block.paragraph - DEBUG - paragraph.paragraph:10 - entering paragraph: StateBlock(line=251,level=0,tokens=466), 251, 445, False
2025-12-27 14:06:17 - 20251227_140616_ac1a7dad - markdown_it.rules_block.code - DEBUG - code.code:10 - entering code: StateBlock(line=253,level=0,tokens=469), 253, 445, False
2025-12-27 14:06:17 - 20251227_140616_ac1a7dad - markdown_it.rules_block.fence - DEBUG - fence.fence:10 - entering fence: StateBlock(line=253,level=0,tokens=469), 253, 445, False
2025-12-27 14:06:17 - 20251227_140616_ac1a7dad - markdown_it.rules_block.blockquote - DEBUG - blockquote.blockquote:13 - entering blockquote: StateBlock(line=253,level=0,tokens=469), 253, 445, False
2025-12-27 14:06:17 - 20251227_140616_ac1a7dad - markdown_it.rules_block.hr - DEBUG - hr.hr:14 - entering hr: StateBlock(line=253,level=0,tokens=469), 253, 445, False
2025-12-27 14:06:17 - 20251227_140616_ac1a7dad - markdown_it.rules_block.list - DEBUG - list.list_block:102 - entering list: StateBlock(line=253,level=0,tokens=469), 253, 445, False
2025-12-27 14:06:17 - 20251227_140616_ac1a7dad - markdown_it.rules_block.reference - DEBUG - reference.reference:10 - entering reference: StateBlock(line=253,level=0,tokens=469), 253, 445, False
2025-12-27 14:06:17 - 20251227_140616_ac1a7dad - markdown_it.rules_block.html_block - DEBUG - html_block.html_block:35 - entering html_block: StateBlock(line=253,level=0,tokens=469), 253, 445, False
2025-12-27 14:06:17 - 20251227_140616_ac1a7dad - markdown_it.rules_block.heading - DEBUG - heading.heading:13 - entering heading: StateBlock(line=253,level=0,tokens=469), 253, 445, False
2025-12-27 14:06:17 - 20251227_140616_ac1a7dad - markdown_it.rules_block.code - DEBUG - code.code:10 - entering code: StateBlock(line=255,level=0,tokens=472), 255, 445, False
2025-12-27 14:06:17 - 20251227_140616_ac1a7dad - markdown_it.rules_block.fence - DEBUG - fence.fence:10 - entering fence: StateBlock(line=255,level=0,tokens=472), 255, 445, False
2025-12-27 14:06:17 - 20251227_140616_ac1a7dad - markdown_it.rules_block.blockquote - DEBUG - blockquote.blockquote:13 - entering blockquote: StateBlock(line=255,level=0,tokens=472), 255, 445, False
2025-12-27 14:06:17 - 20251227_140616_ac1a7dad - markdown_it.rules_block.code - DEBUG - code.code:10 - entering code: StateBlock(line=255,level=1,tokens=473), 255, 258, False
2025-12-27 14:06:17 - 20251227_140616_ac1a7dad - markdown_it.rules_block.fence - DEBUG - fence.fence:10 - entering fence: StateBlock(line=255,level=1,tokens=473), 255, 258, False
2025-12-27 14:06:17 - 20251227_140616_ac1a7dad - markdown_it.rules_block.blockquote - DEBUG - blockquote.blockquote:13 - entering blockquote: StateBlock(line=255,level=1,tokens=473), 255, 258, False
2025-12-27 14:06:17 - 20251227_140616_ac1a7dad - markdown_it.rules_block.hr - DEBUG - hr.hr:14 - entering hr: StateBlock(line=255,level=1,tokens=473), 255, 258, False
2025-12-27 14:06:17 - 20251227_140616_ac1a7dad - markdown_it.rules_block.list - DEBUG - list.list_block:102 - entering list: StateBlock(line=255,level=1,tokens=473), 255, 258, False
2025-12-27 14:06:17 - 20251227_140616_ac1a7dad - markdown_it.rules_block.reference - DEBUG - reference.reference:10 - entering reference: StateBlock(line=255,level=1,tokens=473), 255, 258, False
2025-12-27 14:06:17 - 20251227_140616_ac1a7dad - markdown_it.rules_block.html_block - DEBUG - html_block.html_block:35 - entering html_block: StateBlock(line=255,level=1,tokens=473), 255, 258, False
2025-12-27 14:06:17 - 20251227_140616_ac1a7dad - markdown_it.rules_block.heading - DEBUG - heading.heading:13 - entering heading: StateBlock(line=255,level=1,tokens=473), 255, 258, False
2025-12-27 14:06:17 - 20251227_140616_ac1a7dad - markdown_it.rules_block.lheading - DEBUG - lheading.lheading:10 - entering lheading: StateBlock(line=255,level=1,tokens=473), 255, 258, False
2025-12-27 14:06:17 - 20251227_140616_ac1a7dad - markdown_it.rules_block.fence - DEBUG - fence.fence:10 - entering fence: StateBlock(line=255,level=1,tokens=473), 256, 258, True
2025-12-27 14:06:17 - 20251227_140616_ac1a7dad - markdown_it.rules_block.blockquote - DEBUG - blockquote.blockquote:13 - entering blockquote: StateBlock(line=255,level=1,tokens=473), 256, 258, True
2025-12-27 14:06:17 - 20251227_140616_ac1a7dad - markdown_it.rules_block.hr - DEBUG - hr.hr:14 - entering hr: StateBlock(line=255,level=1,tokens=473), 256, 258, True
2025-12-27 14:06:17 - 20251227_140616_ac1a7dad - markdown_it.rules_block.list - DEBUG - list.list_block:102 - entering list: StateBlock(line=255,level=1,tokens=473), 256, 258, True
2025-12-27 14:06:17 - 20251227_140616_ac1a7dad - markdown_it.rules_block.html_block - DEBUG - html_block.html_block:35 - entering html_block: StateBlock(line=255,level=1,tokens=473), 256, 258, True
2025-12-27 14:06:17 - 20251227_140616_ac1a7dad - markdown_it.rules_block.heading - DEBUG - heading.heading:13 - entering heading: StateBlock(line=255,level=1,tokens=473), 256, 258, True
2025-12-27 14:06:17 - 20251227_140616_ac1a7dad - markdown_it.rules_block.fence - DEBUG - fence.fence:10 - entering fence: StateBlock(line=255,level=1,tokens=473), 257, 258, True
2025-12-27 14:06:17 - 20251227_140616_ac1a7dad - markdown_it.rules_block.blockquote - DEBUG - blockquote.blockquote:13 - entering blockquote: StateBlock(line=255,level=1,tokens=473), 257, 258, True
2025-12-27 14:06:17 - 20251227_140616_ac1a7dad - markdown_it.rules_block.hr - DEBUG - hr.hr:14 - entering hr: StateBlock(line=255,level=1,tokens=473), 257, 258, True
2025-12-27 14:06:17 - 20251227_140616_ac1a7dad - markdown_it.rules_block.list - DEBUG - list.list_block:102 - entering list: StateBlock(line=255,level=1,tokens=473), 257, 258, True
2025-12-27 14:06:17 - 20251227_140616_ac1a7dad - markdown_it.rules_block.html_block - DEBUG - html_block.html_block:35 - entering html_block: StateBlock(line=255,level=1,tokens=473), 257, 258, True
2025-12-27 14:06:17 - 20251227_140616_ac1a7dad - markdown_it.rules_block.heading - DEBUG - heading.heading:13 - entering heading: StateBlock(line=255,level=1,tokens=473), 257, 258, True
2025-12-27 14:06:17 - 20251227_140616_ac1a7dad - markdown_it.rules_block.paragraph - DEBUG - paragraph.paragraph:10 - entering paragraph: StateBlock(line=255,level=1,tokens=473), 255, 258, False
2025-12-27 14:06:17 - 20251227_140616_ac1a7dad - markdown_it.rules_block.fence - DEBUG - fence.fence:10 - entering fence: StateBlock(line=255,level=1,tokens=473), 256, 445, True
2025-12-27 14:06:17 - 20251227_140616_ac1a7dad - markdown_it.rules_block.blockquote - DEBUG - blockquote.blockquote:13 - entering blockquote: StateBlock(line=255,level=1,tokens=473), 256, 445, True
2025-12-27 14:06:17 - 20251227_140616_ac1a7dad - markdown_it.rules_block.hr - DEBUG - hr.hr:14 - entering hr: StateBlock(line=255,level=1,tokens=473), 256, 445, True
2025-12-27 14:06:17 - 20251227_140616_ac1a7dad - markdown_it.rules_block.list - DEBUG - list.list_block:102 - entering list: StateBlock(line=255,level=1,tokens=473), 256, 445, True
2025-12-27 14:06:17 - 20251227_140616_ac1a7dad - markdown_it.rules_block.html_block - DEBUG - html_block.html_block:35 - entering html_block: StateBlock(line=255,level=1,tokens=473), 256, 445, True
2025-12-27 14:06:17 - 20251227_140616_ac1a7dad - markdown_it.rules_block.heading - DEBUG - heading.heading:13 - entering heading: StateBlock(line=255,level=1,tokens=473), 256, 445, True
2025-12-27 14:06:17 - 20251227_140616_ac1a7dad - markdown_it.rules_block.fence - DEBUG - fence.fence:10 - entering fence: StateBlock(line=255,level=1,tokens=473), 257, 445, True
2025-12-27 14:06:17 - 20251227_140616_ac1a7dad - markdown_it.rules_block.blockquote - DEBUG - blockquote.blockquote:13 - entering blockquote: StateBlock(line=255,level=1,tokens=473), 257, 445, True
2025-12-27 14:06:17 - 20251227_140616_ac1a7dad - markdown_it.rules_block.hr - DEBUG - hr.hr:14 - entering hr: StateBlock(line=255,level=1,tokens=473), 257, 445, True
2025-12-27 14:06:17 - 20251227_140616_ac1a7dad - markdown_it.rules_block.list - DEBUG - list.list_block:102 - entering list: StateBlock(line=255,level=1,tokens=473), 257, 445, True
2025-12-27 14:06:17 - 20251227_140616_ac1a7dad - markdown_it.rules_block.html_block - DEBUG - html_block.html_block:35 - entering html_block: StateBlock(line=255,level=1,tokens=473), 257, 445, True
2025-12-27 14:06:17 - 20251227_140616_ac1a7dad - markdown_it.rules_block.heading - DEBUG - heading.heading:13 - entering heading: StateBlock(line=255,level=1,tokens=473), 257, 445, True
2025-12-27 14:06:17 - 20251227_140616_ac1a7dad - markdown_it.rules_block.code - DEBUG - code.code:10 - entering code: StateBlock(line=259,level=0,tokens=477), 259, 445, False
2025-12-27 14:06:17 - 20251227_140616_ac1a7dad - markdown_it.rules_block.fence - DEBUG - fence.fence:10 - entering fence: StateBlock(line=259,level=0,tokens=477), 259, 445, False
2025-12-27 14:06:17 - 20251227_140616_ac1a7dad - markdown_it.rules_block.blockquote - DEBUG - blockquote.blockquote:13 - entering blockquote: StateBlock(line=259,level=0,tokens=477), 259, 445, False
2025-12-27 14:06:17 - 20251227_140616_ac1a7dad - markdown_it.rules_block.hr - DEBUG - hr.hr:14 - entering hr: StateBlock(line=259,level=0,tokens=477), 259, 445, False
2025-12-27 14:06:17 - 20251227_140616_ac1a7dad - markdown_it.rules_block.list - DEBUG - list.list_block:102 - entering list: StateBlock(line=259,level=0,tokens=477), 259, 445, False
2025-12-27 14:06:17 - 20251227_140616_ac1a7dad - markdown_it.rules_block.reference - DEBUG - reference.reference:10 - entering reference: StateBlock(line=259,level=0,tokens=477), 259, 445, False
2025-12-27 14:06:17 - 20251227_140616_ac1a7dad - markdown_it.rules_block.html_block - DEBUG - html_block.html_block:35 - entering html_block: StateBlock(line=259,level=0,tokens=477), 259, 445, False
2025-12-27 14:06:17 - 20251227_140616_ac1a7dad - markdown_it.rules_block.heading - DEBUG - heading.heading:13 - entering heading: StateBlock(line=259,level=0,tokens=477), 259, 445, False
2025-12-27 14:06:17 - 20251227_140616_ac1a7dad - markdown_it.rules_block.code - DEBUG - code.code:10 - entering code: StateBlock(line=261,level=0,tokens=480), 261, 445, False
2025-12-27 14:06:17 - 20251227_140616_ac1a7dad - markdown_it.rules_block.fence - DEBUG - fence.fence:10 - entering fence: StateBlock(line=261,level=0,tokens=480), 261, 445, False
2025-12-27 14:06:17 - 20251227_140616_ac1a7dad - markdown_it.rules_block.blockquote - DEBUG - blockquote.blockquote:13 - entering blockquote: StateBlock(line=261,level=0,tokens=480), 261, 445, False
2025-12-27 14:06:17 - 20251227_140616_ac1a7dad - markdown_it.rules_block.code - DEBUG - code.code:10 - entering code: StateBlock(line=261,level=1,tokens=481), 261, 263, False
2025-12-27 14:06:17 - 20251227_140616_ac1a7dad - markdown_it.rules_block.fence - DEBUG - fence.fence:10 - entering fence: StateBlock(line=261,level=1,tokens=481), 261, 263, False
2025-12-27 14:06:17 - 20251227_140616_ac1a7dad - markdown_it.rules_block.blockquote - DEBUG - blockquote.blockquote:13 - entering blockquote: StateBlock(line=261,level=1,tokens=481), 261, 263, False
2025-12-27 14:06:17 - 20251227_140616_ac1a7dad - markdown_it.rules_block.hr - DEBUG - hr.hr:14 - entering hr: StateBlock(line=261,level=1,tokens=481), 261, 263, False
2025-12-27 14:06:17 - 20251227_140616_ac1a7dad - markdown_it.rules_block.list - DEBUG - list.list_block:102 - entering list: StateBlock(line=261,level=1,tokens=481), 261, 263, False
2025-12-27 14:06:17 - 20251227_140616_ac1a7dad - markdown_it.rules_block.reference - DEBUG - reference.reference:10 - entering reference: StateBlock(line=261,level=1,tokens=481), 261, 263, False
2025-12-27 14:06:17 - 20251227_140616_ac1a7dad - markdown_it.rules_block.html_block - DEBUG - html_block.html_block:35 - entering html_block: StateBlock(line=261,level=1,tokens=481), 261, 263, False
2025-12-27 14:06:17 - 20251227_140616_ac1a7dad - markdown_it.rules_block.heading - DEBUG - heading.heading:13 - entering heading: StateBlock(line=261,level=1,tokens=481), 261, 263, False
2025-12-27 14:06:17 - 20251227_140616_ac1a7dad - markdown_it.rules_block.lheading - DEBUG - lheading.lheading:10 - entering lheading: StateBlock(line=261,level=1,tokens=481), 261, 263, False
2025-12-27 14:06:17 - 20251227_140616_ac1a7dad - markdown_it.rules_block.fence - DEBUG - fence.fence:10 - entering fence: StateBlock(line=261,level=1,tokens=481), 262, 263, True
2025-12-27 14:06:17 - 20251227_140616_ac1a7dad - markdown_it.rules_block.blockquote - DEBUG - blockquote.blockquote:13 - entering blockquote: StateBlock(line=261,level=1,tokens=481), 262, 263, True
2025-12-27 14:06:17 - 20251227_140616_ac1a7dad - markdown_it.rules_block.hr - DEBUG - hr.hr:14 - entering hr: StateBlock(line=261,level=1,tokens=481), 262, 263, True
2025-12-27 14:06:17 - 20251227_140616_ac1a7dad - markdown_it.rules_block.list - DEBUG - list.list_block:102 - entering list: StateBlock(line=261,level=1,tokens=481), 262, 263, True
2025-12-27 14:06:17 - 20251227_140616_ac1a7dad - markdown_it.rules_block.html_block - DEBUG - html_block.html_block:35 - entering html_block: StateBlock(line=261,level=1,tokens=481), 262, 263, True
2025-12-27 14:06:17 - 20251227_140616_ac1a7dad - markdown_it.rules_block.heading - DEBUG - heading.heading:13 - entering heading: StateBlock(line=261,level=1,tokens=481), 262, 263, True
2025-12-27 14:06:17 - 20251227_140616_ac1a7dad - markdown_it.rules_block.paragraph - DEBUG - paragraph.paragraph:10 - entering paragraph: StateBlock(line=261,level=1,tokens=481), 261, 263, False
2025-12-27 14:06:17 - 20251227_140616_ac1a7dad - markdown_it.rules_block.fence - DEBUG - fence.fence:10 - entering fence: StateBlock(line=261,level=1,tokens=481), 262, 445, True
2025-12-27 14:06:17 - 20251227_140616_ac1a7dad - markdown_it.rules_block.blockquote - DEBUG - blockquote.blockquote:13 - entering blockquote: StateBlock(line=261,level=1,tokens=481), 262, 445, True
2025-12-27 14:06:17 - 20251227_140616_ac1a7dad - markdown_it.rules_block.hr - DEBUG - hr.hr:14 - entering hr: StateBlock(line=261,level=1,tokens=481), 262, 445, True
2025-12-27 14:06:17 - 20251227_140616_ac1a7dad - markdown_it.rules_block.list - DEBUG - list.list_block:102 - entering list: StateBlock(line=261,level=1,tokens=481), 262, 445, True
2025-12-27 14:06:17 - 20251227_140616_ac1a7dad - markdown_it.rules_block.html_block - DEBUG - html_block.html_block:35 - entering html_block: StateBlock(line=261,level=1,tokens=481), 262, 445, True
2025-12-27 14:06:17 - 20251227_140616_ac1a7dad - markdown_it.rules_block.heading - DEBUG - heading.heading:13 - entering heading: StateBlock(line=261,level=1,tokens=481), 262, 445, True
2025-12-27 14:06:17 - 20251227_140616_ac1a7dad - markdown_it.rules_block.code - DEBUG - code.code:10 - entering code: StateBlock(line=264,level=0,tokens=485), 264, 445, False
2025-12-27 14:06:17 - 20251227_140616_ac1a7dad - markdown_it.rules_block.fence - DEBUG - fence.fence:10 - entering fence: StateBlock(line=264,level=0,tokens=485), 264, 445, False
2025-12-27 14:06:17 - 20251227_140616_ac1a7dad - markdown_it.rules_block.blockquote - DEBUG - blockquote.blockquote:13 - entering blockquote: StateBlock(line=264,level=0,tokens=485), 264, 445, False
2025-12-27 14:06:17 - 20251227_140616_ac1a7dad - markdown_it.rules_block.hr - DEBUG - hr.hr:14 - entering hr: StateBlock(line=264,level=0,tokens=485), 264, 445, False
2025-12-27 14:06:17 - 20251227_140616_ac1a7dad - markdown_it.rules_block.list - DEBUG - list.list_block:102 - entering list: StateBlock(line=264,level=0,tokens=485), 264, 445, False
2025-12-27 14:06:17 - 20251227_140616_ac1a7dad - markdown_it.rules_block.reference - DEBUG - reference.reference:10 - entering reference: StateBlock(line=264,level=0,tokens=485), 264, 445, False
2025-12-27 14:06:17 - 20251227_140616_ac1a7dad - markdown_it.rules_block.html_block - DEBUG - html_block.html_block:35 - entering html_block: StateBlock(line=264,level=0,tokens=485), 264, 445, False
2025-12-27 14:06:17 - 20251227_140616_ac1a7dad - markdown_it.rules_block.heading - DEBUG - heading.heading:13 - entering heading: StateBlock(line=264,level=0,tokens=485), 264, 445, False
2025-12-27 14:06:17 - 20251227_140616_ac1a7dad - markdown_it.rules_block.code - DEBUG - code.code:10 - entering code: StateBlock(line=266,level=0,tokens=488), 266, 445, False
2025-12-27 14:06:17 - 20251227_140616_ac1a7dad - markdown_it.rules_block.fence - DEBUG - fence.fence:10 - entering fence: StateBlock(line=266,level=0,tokens=488), 266, 445, False
2025-12-27 14:06:17 - 20251227_140616_ac1a7dad - markdown_it.rules_block.blockquote - DEBUG - blockquote.blockquote:13 - entering blockquote: StateBlock(line=266,level=0,tokens=488), 266, 445, False
2025-12-27 14:06:17 - 20251227_140616_ac1a7dad - markdown_it.rules_block.code - DEBUG - code.code:10 - entering code: StateBlock(line=266,level=1,tokens=489), 266, 269, False
2025-12-27 14:06:17 - 20251227_140616_ac1a7dad - markdown_it.rules_block.fence - DEBUG - fence.fence:10 - entering fence: StateBlock(line=266,level=1,tokens=489), 266, 269, False
2025-12-27 14:06:17 - 20251227_140616_ac1a7dad - markdown_it.rules_block.blockquote - DEBUG - blockquote.blockquote:13 - entering blockquote: StateBlock(line=266,level=1,tokens=489), 266, 269, False
2025-12-27 14:06:17 - 20251227_140616_ac1a7dad - markdown_it.rules_block.hr - DEBUG - hr.hr:14 - entering hr: StateBlock(line=266,level=1,tokens=489), 266, 269, False
2025-12-27 14:06:17 - 20251227_140616_ac1a7dad - markdown_it.rules_block.list - DEBUG - list.list_block:102 - entering list: StateBlock(line=266,level=1,tokens=489), 266, 269, False
2025-12-27 14:06:17 - 20251227_140616_ac1a7dad - markdown_it.rules_block.reference - DEBUG - reference.reference:10 - entering reference: StateBlock(line=266,level=1,tokens=489), 266, 269, False
2025-12-27 14:06:17 - 20251227_140616_ac1a7dad - markdown_it.rules_block.html_block - DEBUG - html_block.html_block:35 - entering html_block: StateBlock(line=266,level=1,tokens=489), 266, 269, False
2025-12-27 14:06:17 - 20251227_140616_ac1a7dad - markdown_it.rules_block.heading - DEBUG - heading.heading:13 - entering heading: StateBlock(line=266,level=1,tokens=489), 266, 269, False
2025-12-27 14:06:17 - 20251227_140616_ac1a7dad - markdown_it.rules_block.lheading - DEBUG - lheading.lheading:10 - entering lheading: StateBlock(line=266,level=1,tokens=489), 266, 269, False
2025-12-27 14:06:17 - 20251227_140616_ac1a7dad - markdown_it.rules_block.fence - DEBUG - fence.fence:10 - entering fence: StateBlock(line=266,level=1,tokens=489), 267, 269, True
2025-12-27 14:06:17 - 20251227_140616_ac1a7dad - markdown_it.rules_block.blockquote - DEBUG - blockquote.blockquote:13 - entering blockquote: StateBlock(line=266,level=1,tokens=489), 267, 269, True
2025-12-27 14:06:17 - 20251227_140616_ac1a7dad - markdown_it.rules_block.hr - DEBUG - hr.hr:14 - entering hr: StateBlock(line=266,level=1,tokens=489), 267, 269, True
2025-12-27 14:06:17 - 20251227_140616_ac1a7dad - markdown_it.rules_block.list - DEBUG - list.list_block:102 - entering list: StateBlock(line=266,level=1,tokens=489), 267, 269, True
2025-12-27 14:06:17 - 20251227_140616_ac1a7dad - markdown_it.rules_block.html_block - DEBUG - html_block.html_block:35 - entering html_block: StateBlock(line=266,level=1,tokens=489), 267, 269, True
2025-12-27 14:06:17 - 20251227_140616_ac1a7dad - markdown_it.rules_block.heading - DEBUG - heading.heading:13 - entering heading: StateBlock(line=266,level=1,tokens=489), 267, 269, True
2025-12-27 14:06:17 - 20251227_140616_ac1a7dad - markdown_it.rules_block.fence - DEBUG - fence.fence:10 - entering fence: StateBlock(line=266,level=1,tokens=489), 268, 269, True
2025-12-27 14:06:17 - 20251227_140616_ac1a7dad - markdown_it.rules_block.blockquote - DEBUG - blockquote.blockquote:13 - entering blockquote: StateBlock(line=266,level=1,tokens=489), 268, 269, True
2025-12-27 14:06:17 - 20251227_140616_ac1a7dad - markdown_it.rules_block.hr - DEBUG - hr.hr:14 - entering hr: StateBlock(line=266,level=1,tokens=489), 268, 269, True
2025-12-27 14:06:17 - 20251227_140616_ac1a7dad - markdown_it.rules_block.list - DEBUG - list.list_block:102 - entering list: StateBlock(line=266,level=1,tokens=489), 268, 269, True
2025-12-27 14:06:17 - 20251227_140616_ac1a7dad - markdown_it.rules_block.html_block - DEBUG - html_block.html_block:35 - entering html_block: StateBlock(line=266,level=1,tokens=489), 268, 269, True
2025-12-27 14:06:17 - 20251227_140616_ac1a7dad - markdown_it.rules_block.heading - DEBUG - heading.heading:13 - entering heading: StateBlock(line=266,level=1,tokens=489), 268, 269, True
2025-12-27 14:06:17 - 20251227_140616_ac1a7dad - markdown_it.rules_block.paragraph - DEBUG - paragraph.paragraph:10 - entering paragraph: StateBlock(line=266,level=1,tokens=489), 266, 269, False
2025-12-27 14:06:17 - 20251227_140616_ac1a7dad - markdown_it.rules_block.fence - DEBUG - fence.fence:10 - entering fence: StateBlock(line=266,level=1,tokens=489), 267, 445, True
2025-12-27 14:06:17 - 20251227_140616_ac1a7dad - markdown_it.rules_block.blockquote - DEBUG - blockquote.blockquote:13 - entering blockquote: StateBlock(line=266,level=1,tokens=489), 267, 445, True
2025-12-27 14:06:17 - 20251227_140616_ac1a7dad - markdown_it.rules_block.hr - DEBUG - hr.hr:14 - entering hr: StateBlock(line=266,level=1,tokens=489), 267, 445, True
2025-12-27 14:06:17 - 20251227_140616_ac1a7dad - markdown_it.rules_block.list - DEBUG - list.list_block:102 - entering list: StateBlock(line=266,level=1,tokens=489), 267, 445, True
2025-12-27 14:06:17 - 20251227_140616_ac1a7dad - markdown_it.rules_block.html_block - DEBUG - html_block.html_block:35 - entering html_block: StateBlock(line=266,level=1,tokens=489), 267, 445, True
2025-12-27 14:06:17 - 20251227_140616_ac1a7dad - markdown_it.rules_block.heading - DEBUG - heading.heading:13 - entering heading: StateBlock(line=266,level=1,tokens=489), 267, 445, True
2025-12-27 14:06:17 - 20251227_140616_ac1a7dad - markdown_it.rules_block.fence - DEBUG - fence.fence:10 - entering fence: StateBlock(line=266,level=1,tokens=489), 268, 445, True
2025-12-27 14:06:17 - 20251227_140616_ac1a7dad - markdown_it.rules_block.blockquote - DEBUG - blockquote.blockquote:13 - entering blockquote: StateBlock(line=266,level=1,tokens=489), 268, 445, True
2025-12-27 14:06:17 - 20251227_140616_ac1a7dad - markdown_it.rules_block.hr - DEBUG - hr.hr:14 - entering hr: StateBlock(line=266,level=1,tokens=489), 268, 445, True
2025-12-27 14:06:17 - 20251227_140616_ac1a7dad - markdown_it.rules_block.list - DEBUG - list.list_block:102 - entering list: StateBlock(line=266,level=1,tokens=489), 268, 445, True
2025-12-27 14:06:17 - 20251227_140616_ac1a7dad - markdown_it.rules_block.html_block - DEBUG - html_block.html_block:35 - entering html_block: StateBlock(line=266,level=1,tokens=489), 268, 445, True
2025-12-27 14:06:17 - 20251227_140616_ac1a7dad - markdown_it.rules_block.heading - DEBUG - heading.heading:13 - entering heading: StateBlock(line=266,level=1,tokens=489), 268, 445, True
2025-12-27 14:06:17 - 20251227_140616_ac1a7dad - markdown_it.rules_block.code - DEBUG - code.code:10 - entering code: StateBlock(line=270,level=0,tokens=493), 270, 445, False
2025-12-27 14:06:17 - 20251227_140616_ac1a7dad - markdown_it.rules_block.fence - DEBUG - fence.fence:10 - entering fence: StateBlock(line=270,level=0,tokens=493), 270, 445, False
2025-12-27 14:06:17 - 20251227_140616_ac1a7dad - markdown_it.rules_block.blockquote - DEBUG - blockquote.blockquote:13 - entering blockquote: StateBlock(line=270,level=0,tokens=493), 270, 445, False
2025-12-27 14:06:17 - 20251227_140616_ac1a7dad - markdown_it.rules_block.hr - DEBUG - hr.hr:14 - entering hr: StateBlock(line=270,level=0,tokens=493), 270, 445, False
2025-12-27 14:06:17 - 20251227_140616_ac1a7dad - markdown_it.rules_block.list - DEBUG - list.list_block:102 - entering list: StateBlock(line=270,level=0,tokens=493), 270, 445, False
2025-12-27 14:06:17 - 20251227_140616_ac1a7dad - markdown_it.rules_block.reference - DEBUG - reference.reference:10 - entering reference: StateBlock(line=270,level=0,tokens=493), 270, 445, False
2025-12-27 14:06:17 - 20251227_140616_ac1a7dad - markdown_it.rules_block.html_block - DEBUG - html_block.html_block:35 - entering html_block: StateBlock(line=270,level=0,tokens=493), 270, 445, False
2025-12-27 14:06:17 - 20251227_140616_ac1a7dad - markdown_it.rules_block.heading - DEBUG - heading.heading:13 - entering heading: StateBlock(line=270,level=0,tokens=493), 270, 445, False
2025-12-27 14:06:17 - 20251227_140616_ac1a7dad - markdown_it.rules_block.code - DEBUG - code.code:10 - entering code: StateBlock(line=272,level=0,tokens=496), 272, 445, False
2025-12-27 14:06:17 - 20251227_140616_ac1a7dad - markdown_it.rules_block.fence - DEBUG - fence.fence:10 - entering fence: StateBlock(line=272,level=0,tokens=496), 272, 445, False
2025-12-27 14:06:17 - 20251227_140616_ac1a7dad - markdown_it.rules_block.blockquote - DEBUG - blockquote.blockquote:13 - entering blockquote: StateBlock(line=272,level=0,tokens=496), 272, 445, False
2025-12-27 14:06:17 - 20251227_140616_ac1a7dad - markdown_it.rules_block.code - DEBUG - code.code:10 - entering code: StateBlock(line=272,level=1,tokens=497), 272, 274, False
2025-12-27 14:06:17 - 20251227_140616_ac1a7dad - markdown_it.rules_block.fence - DEBUG - fence.fence:10 - entering fence: StateBlock(line=272,level=1,tokens=497), 272, 274, False
2025-12-27 14:06:17 - 20251227_140616_ac1a7dad - markdown_it.rules_block.blockquote - DEBUG - blockquote.blockquote:13 - entering blockquote: StateBlock(line=272,level=1,tokens=497), 272, 274, False
2025-12-27 14:06:17 - 20251227_140616_ac1a7dad - markdown_it.rules_block.hr - DEBUG - hr.hr:14 - entering hr: StateBlock(line=272,level=1,tokens=497), 272, 274, False
2025-12-27 14:06:17 - 20251227_140616_ac1a7dad - markdown_it.rules_block.list - DEBUG - list.list_block:102 - entering list: StateBlock(line=272,level=1,tokens=497), 272, 274, False
2025-12-27 14:06:17 - 20251227_140616_ac1a7dad - markdown_it.rules_block.reference - DEBUG - reference.reference:10 - entering reference: StateBlock(line=272,level=1,tokens=497), 272, 274, False
2025-12-27 14:06:17 - 20251227_140616_ac1a7dad - markdown_it.rules_block.html_block - DEBUG - html_block.html_block:35 - entering html_block: StateBlock(line=272,level=1,tokens=497), 272, 274, False
2025-12-27 14:06:17 - 20251227_140616_ac1a7dad - markdown_it.rules_block.heading - DEBUG - heading.heading:13 - entering heading: StateBlock(line=272,level=1,tokens=497), 272, 274, False
2025-12-27 14:06:17 - 20251227_140616_ac1a7dad - markdown_it.rules_block.lheading - DEBUG - lheading.lheading:10 - entering lheading: StateBlock(line=272,level=1,tokens=497), 272, 274, False
2025-12-27 14:06:17 - 20251227_140616_ac1a7dad - markdown_it.rules_block.fence - DEBUG - fence.fence:10 - entering fence: StateBlock(line=272,level=1,tokens=497), 273, 274, True
2025-12-27 14:06:17 - 20251227_140616_ac1a7dad - markdown_it.rules_block.blockquote - DEBUG - blockquote.blockquote:13 - entering blockquote: StateBlock(line=272,level=1,tokens=497), 273, 274, True
2025-12-27 14:06:17 - 20251227_140616_ac1a7dad - markdown_it.rules_block.hr - DEBUG - hr.hr:14 - entering hr: StateBlock(line=272,level=1,tokens=497), 273, 274, True
2025-12-27 14:06:17 - 20251227_140616_ac1a7dad - markdown_it.rules_block.list - DEBUG - list.list_block:102 - entering list: StateBlock(line=272,level=1,tokens=497), 273, 274, True
2025-12-27 14:06:17 - 20251227_140616_ac1a7dad - markdown_it.rules_block.html_block - DEBUG - html_block.html_block:35 - entering html_block: StateBlock(line=272,level=1,tokens=497), 273, 274, True
2025-12-27 14:06:17 - 20251227_140616_ac1a7dad - markdown_it.rules_block.heading - DEBUG - heading.heading:13 - entering heading: StateBlock(line=272,level=1,tokens=497), 273, 274, True
2025-12-27 14:06:17 - 20251227_140616_ac1a7dad - markdown_it.rules_block.paragraph - DEBUG - paragraph.paragraph:10 - entering paragraph: StateBlock(line=272,level=1,tokens=497), 272, 274, False
2025-12-27 14:06:17 - 20251227_140616_ac1a7dad - markdown_it.rules_block.fence - DEBUG - fence.fence:10 - entering fence: StateBlock(line=272,level=1,tokens=497), 273, 445, True
2025-12-27 14:06:17 - 20251227_140616_ac1a7dad - markdown_it.rules_block.blockquote - DEBUG - blockquote.blockquote:13 - entering blockquote: StateBlock(line=272,level=1,tokens=497), 273, 445, True
2025-12-27 14:06:17 - 20251227_140616_ac1a7dad - markdown_it.rules_block.hr - DEBUG - hr.hr:14 - entering hr: StateBlock(line=272,level=1,tokens=497), 273, 445, True
2025-12-27 14:06:17 - 20251227_140616_ac1a7dad - markdown_it.rules_block.list - DEBUG - list.list_block:102 - entering list: StateBlock(line=272,level=1,tokens=497), 273, 445, True
2025-12-27 14:06:17 - 20251227_140616_ac1a7dad - markdown_it.rules_block.html_block - DEBUG - html_block.html_block:35 - entering html_block: StateBlock(line=272,level=1,tokens=497), 273, 445, True
2025-12-27 14:06:17 - 20251227_140616_ac1a7dad - markdown_it.rules_block.heading - DEBUG - heading.heading:13 - entering heading: StateBlock(line=272,level=1,tokens=497), 273, 445, True
2025-12-27 14:06:17 - 20251227_140616_ac1a7dad - markdown_it.rules_block.code - DEBUG - code.code:10 - entering code: StateBlock(line=275,level=0,tokens=501), 275, 445, False
2025-12-27 14:06:17 - 20251227_140616_ac1a7dad - markdown_it.rules_block.fence - DEBUG - fence.fence:10 - entering fence: StateBlock(line=275,level=0,tokens=501), 275, 445, False
2025-12-27 14:06:17 - 20251227_140616_ac1a7dad - markdown_it.rules_block.blockquote - DEBUG - blockquote.blockquote:13 - entering blockquote: StateBlock(line=275,level=0,tokens=501), 275, 445, False
2025-12-27 14:06:17 - 20251227_140616_ac1a7dad - markdown_it.rules_block.hr - DEBUG - hr.hr:14 - entering hr: StateBlock(line=275,level=0,tokens=501), 275, 445, False
2025-12-27 14:06:17 - 20251227_140616_ac1a7dad - markdown_it.rules_block.list - DEBUG - list.list_block:102 - entering list: StateBlock(line=275,level=0,tokens=501), 275, 445, False
2025-12-27 14:06:17 - 20251227_140616_ac1a7dad - markdown_it.rules_block.reference - DEBUG - reference.reference:10 - entering reference: StateBlock(line=275,level=0,tokens=501), 275, 445, False
2025-12-27 14:06:17 - 20251227_140616_ac1a7dad - markdown_it.rules_block.html_block - DEBUG - html_block.html_block:35 - entering html_block: StateBlock(line=275,level=0,tokens=501), 275, 445, False
2025-12-27 14:06:17 - 20251227_140616_ac1a7dad - markdown_it.rules_block.heading - DEBUG - heading.heading:13 - entering heading: StateBlock(line=275,level=0,tokens=501), 275, 445, False
2025-12-27 14:06:17 - 20251227_140616_ac1a7dad - markdown_it.rules_block.code - DEBUG - code.code:10 - entering code: StateBlock(line=277,level=0,tokens=504), 277, 445, False
2025-12-27 14:06:17 - 20251227_140616_ac1a7dad - markdown_it.rules_block.fence - DEBUG - fence.fence:10 - entering fence: StateBlock(line=277,level=0,tokens=504), 277, 445, False
2025-12-27 14:06:17 - 20251227_140616_ac1a7dad - markdown_it.rules_block.blockquote - DEBUG - blockquote.blockquote:13 - entering blockquote: StateBlock(line=277,level=0,tokens=504), 277, 445, False
2025-12-27 14:06:17 - 20251227_140616_ac1a7dad - markdown_it.rules_block.hr - DEBUG - hr.hr:14 - entering hr: StateBlock(line=277,level=0,tokens=504), 277, 445, False
2025-12-27 14:06:17 - 20251227_140616_ac1a7dad - markdown_it.rules_block.list - DEBUG - list.list_block:102 - entering list: StateBlock(line=277,level=0,tokens=504), 277, 445, False
2025-12-27 14:06:17 - 20251227_140616_ac1a7dad - markdown_it.rules_block.code - DEBUG - code.code:10 - entering code: StateBlock(line=277,level=2,tokens=506), 277, 445, False
2025-12-27 14:06:17 - 20251227_140616_ac1a7dad - markdown_it.rules_block.fence - DEBUG - fence.fence:10 - entering fence: StateBlock(line=277,level=2,tokens=506), 277, 445, False
2025-12-27 14:06:17 - 20251227_140616_ac1a7dad - markdown_it.rules_block.blockquote - DEBUG - blockquote.blockquote:13 - entering blockquote: StateBlock(line=277,level=2,tokens=506), 277, 445, False
2025-12-27 14:06:17 - 20251227_140616_ac1a7dad - markdown_it.rules_block.hr - DEBUG - hr.hr:14 - entering hr: StateBlock(line=277,level=2,tokens=506), 277, 445, False
2025-12-27 14:06:17 - 20251227_140616_ac1a7dad - markdown_it.rules_block.list - DEBUG - list.list_block:102 - entering list: StateBlock(line=277,level=2,tokens=506), 277, 445, False
2025-12-27 14:06:17 - 20251227_140616_ac1a7dad - markdown_it.rules_block.reference - DEBUG - reference.reference:10 - entering reference: StateBlock(line=277,level=2,tokens=506), 277, 445, False
2025-12-27 14:06:17 - 20251227_140616_ac1a7dad - markdown_it.rules_block.html_block - DEBUG - html_block.html_block:35 - entering html_block: StateBlock(line=277,level=2,tokens=506), 277, 445, False
2025-12-27 14:06:17 - 20251227_140616_ac1a7dad - markdown_it.rules_block.heading - DEBUG - heading.heading:13 - entering heading: StateBlock(line=277,level=2,tokens=506), 277, 445, False
2025-12-27 14:06:17 - 20251227_140616_ac1a7dad - markdown_it.rules_block.lheading - DEBUG - lheading.lheading:10 - entering lheading: StateBlock(line=277,level=2,tokens=506), 277, 445, False
2025-12-27 14:06:17 - 20251227_140616_ac1a7dad - markdown_it.rules_block.fence - DEBUG - fence.fence:10 - entering fence: StateBlock(line=277,level=2,tokens=506), 278, 445, True
2025-12-27 14:06:17 - 20251227_140616_ac1a7dad - markdown_it.rules_block.blockquote - DEBUG - blockquote.blockquote:13 - entering blockquote: StateBlock(line=277,level=2,tokens=506), 278, 445, True
2025-12-27 14:06:17 - 20251227_140616_ac1a7dad - markdown_it.rules_block.hr - DEBUG - hr.hr:14 - entering hr: StateBlock(line=277,level=2,tokens=506), 278, 445, True
2025-12-27 14:06:17 - 20251227_140616_ac1a7dad - markdown_it.rules_block.list - DEBUG - list.list_block:102 - entering list: StateBlock(line=277,level=2,tokens=506), 278, 445, True
2025-12-27 14:06:17 - 20251227_140616_ac1a7dad - markdown_it.rules_block.html_block - DEBUG - html_block.html_block:35 - entering html_block: StateBlock(line=277,level=2,tokens=506), 278, 445, True
2025-12-27 14:06:17 - 20251227_140616_ac1a7dad - markdown_it.rules_block.heading - DEBUG - heading.heading:13 - entering heading: StateBlock(line=277,level=2,tokens=506), 278, 445, True
2025-12-27 14:06:17 - 20251227_140616_ac1a7dad - markdown_it.rules_block.fence - DEBUG - fence.fence:10 - entering fence: StateBlock(line=277,level=2,tokens=506), 279, 445, True
2025-12-27 14:06:17 - 20251227_140616_ac1a7dad - markdown_it.rules_block.blockquote - DEBUG - blockquote.blockquote:13 - entering blockquote: StateBlock(line=277,level=2,tokens=506), 279, 445, True
2025-12-27 14:06:17 - 20251227_140616_ac1a7dad - markdown_it.rules_block.hr - DEBUG - hr.hr:14 - entering hr: StateBlock(line=277,level=2,tokens=506), 279, 445, True
2025-12-27 14:06:17 - 20251227_140616_ac1a7dad - markdown_it.rules_block.list - DEBUG - list.list_block:102 - entering list: StateBlock(line=277,level=2,tokens=506), 279, 445, True
2025-12-27 14:06:17 - 20251227_140616_ac1a7dad - markdown_it.rules_block.paragraph - DEBUG - paragraph.paragraph:10 - entering paragraph: StateBlock(line=277,level=2,tokens=506), 277, 445, False
2025-12-27 14:06:17 - 20251227_140616_ac1a7dad - markdown_it.rules_block.fence - DEBUG - fence.fence:10 - entering fence: StateBlock(line=277,level=2,tokens=506), 278, 445, True
2025-12-27 14:06:17 - 20251227_140616_ac1a7dad - markdown_it.rules_block.blockquote - DEBUG - blockquote.blockquote:13 - entering blockquote: StateBlock(line=277,level=2,tokens=506), 278, 445, True
2025-12-27 14:06:17 - 20251227_140616_ac1a7dad - markdown_it.rules_block.hr - DEBUG - hr.hr:14 - entering hr: StateBlock(line=277,level=2,tokens=506), 278, 445, True
2025-12-27 14:06:17 - 20251227_140616_ac1a7dad - markdown_it.rules_block.list - DEBUG - list.list_block:102 - entering list: StateBlock(line=277,level=2,tokens=506), 278, 445, True
2025-12-27 14:06:17 - 20251227_140616_ac1a7dad - markdown_it.rules_block.html_block - DEBUG - html_block.html_block:35 - entering html_block: StateBlock(line=277,level=2,tokens=506), 278, 445, True
2025-12-27 14:06:17 - 20251227_140616_ac1a7dad - markdown_it.rules_block.heading - DEBUG - heading.heading:13 - entering heading: StateBlock(line=277,level=2,tokens=506), 278, 445, True
2025-12-27 14:06:17 - 20251227_140616_ac1a7dad - markdown_it.rules_block.fence - DEBUG - fence.fence:10 - entering fence: StateBlock(line=277,level=2,tokens=506), 279, 445, True
2025-12-27 14:06:17 - 20251227_140616_ac1a7dad - markdown_it.rules_block.blockquote - DEBUG - blockquote.blockquote:13 - entering blockquote: StateBlock(line=277,level=2,tokens=506), 279, 445, True
2025-12-27 14:06:17 - 20251227_140616_ac1a7dad - markdown_it.rules_block.hr - DEBUG - hr.hr:14 - entering hr: StateBlock(line=277,level=2,tokens=506), 279, 445, True
2025-12-27 14:06:17 - 20251227_140616_ac1a7dad - markdown_it.rules_block.list - DEBUG - list.list_block:102 - entering list: StateBlock(line=277,level=2,tokens=506), 279, 445, True
2025-12-27 14:06:17 - 20251227_140616_ac1a7dad - markdown_it.rules_block.fence - DEBUG - fence.fence:10 - entering fence: StateBlock(line=279,level=1,tokens=510), 279, 445, True
2025-12-27 14:06:17 - 20251227_140616_ac1a7dad - markdown_it.rules_block.blockquote - DEBUG - blockquote.blockquote:13 - entering blockquote: StateBlock(line=279,level=1,tokens=510), 279, 445, True
2025-12-27 14:06:17 - 20251227_140616_ac1a7dad - markdown_it.rules_block.hr - DEBUG - hr.hr:14 - entering hr: StateBlock(line=279,level=1,tokens=510), 279, 445, True
2025-12-27 14:06:17 - 20251227_140616_ac1a7dad - markdown_it.rules_block.code - DEBUG - code.code:10 - entering code: StateBlock(line=279,level=2,tokens=511), 279, 445, False
2025-12-27 14:06:17 - 20251227_140616_ac1a7dad - markdown_it.rules_block.fence - DEBUG - fence.fence:10 - entering fence: StateBlock(line=279,level=2,tokens=511), 279, 445, False
2025-12-27 14:06:17 - 20251227_140616_ac1a7dad - markdown_it.rules_block.blockquote - DEBUG - blockquote.blockquote:13 - entering blockquote: StateBlock(line=279,level=2,tokens=511), 279, 445, False
2025-12-27 14:06:17 - 20251227_140616_ac1a7dad - markdown_it.rules_block.hr - DEBUG - hr.hr:14 - entering hr: StateBlock(line=279,level=2,tokens=511), 279, 445, False
2025-12-27 14:06:17 - 20251227_140616_ac1a7dad - markdown_it.rules_block.list - DEBUG - list.list_block:102 - entering list: StateBlock(line=279,level=2,tokens=511), 279, 445, False
2025-12-27 14:06:17 - 20251227_140616_ac1a7dad - markdown_it.rules_block.reference - DEBUG - reference.reference:10 - entering reference: StateBlock(line=279,level=2,tokens=511), 279, 445, False
2025-12-27 14:06:17 - 20251227_140616_ac1a7dad - markdown_it.rules_block.html_block - DEBUG - html_block.html_block:35 - entering html_block: StateBlock(line=279,level=2,tokens=511), 279, 445, False
2025-12-27 14:06:17 - 20251227_140616_ac1a7dad - markdown_it.rules_block.heading - DEBUG - heading.heading:13 - entering heading: StateBlock(line=279,level=2,tokens=511), 279, 445, False
2025-12-27 14:06:17 - 20251227_140616_ac1a7dad - markdown_it.rules_block.lheading - DEBUG - lheading.lheading:10 - entering lheading: StateBlock(line=279,level=2,tokens=511), 279, 445, False
2025-12-27 14:06:17 - 20251227_140616_ac1a7dad - markdown_it.rules_block.fence - DEBUG - fence.fence:10 - entering fence: StateBlock(line=279,level=2,tokens=511), 280, 445, True
2025-12-27 14:06:17 - 20251227_140616_ac1a7dad - markdown_it.rules_block.blockquote - DEBUG - blockquote.blockquote:13 - entering blockquote: StateBlock(line=279,level=2,tokens=511), 280, 445, True
2025-12-27 14:06:17 - 20251227_140616_ac1a7dad - markdown_it.rules_block.hr - DEBUG - hr.hr:14 - entering hr: StateBlock(line=279,level=2,tokens=511), 280, 445, True
2025-12-27 14:06:17 - 20251227_140616_ac1a7dad - markdown_it.rules_block.list - DEBUG - list.list_block:102 - entering list: StateBlock(line=279,level=2,tokens=511), 280, 445, True
2025-12-27 14:06:17 - 20251227_140616_ac1a7dad - markdown_it.rules_block.html_block - DEBUG - html_block.html_block:35 - entering html_block: StateBlock(line=279,level=2,tokens=511), 280, 445, True
2025-12-27 14:06:17 - 20251227_140616_ac1a7dad - markdown_it.rules_block.heading - DEBUG - heading.heading:13 - entering heading: StateBlock(line=279,level=2,tokens=511), 280, 445, True
2025-12-27 14:06:17 - 20251227_140616_ac1a7dad - markdown_it.rules_block.fence - DEBUG - fence.fence:10 - entering fence: StateBlock(line=279,level=2,tokens=511), 281, 445, True
2025-12-27 14:06:17 - 20251227_140616_ac1a7dad - markdown_it.rules_block.blockquote - DEBUG - blockquote.blockquote:13 - entering blockquote: StateBlock(line=279,level=2,tokens=511), 281, 445, True
2025-12-27 14:06:17 - 20251227_140616_ac1a7dad - markdown_it.rules_block.hr - DEBUG - hr.hr:14 - entering hr: StateBlock(line=279,level=2,tokens=511), 281, 445, True
2025-12-27 14:06:17 - 20251227_140616_ac1a7dad - markdown_it.rules_block.list - DEBUG - list.list_block:102 - entering list: StateBlock(line=279,level=2,tokens=511), 281, 445, True
2025-12-27 14:06:17 - 20251227_140616_ac1a7dad - markdown_it.rules_block.paragraph - DEBUG - paragraph.paragraph:10 - entering paragraph: StateBlock(line=279,level=2,tokens=511), 279, 445, False
2025-12-27 14:06:17 - 20251227_140616_ac1a7dad - markdown_it.rules_block.fence - DEBUG - fence.fence:10 - entering fence: StateBlock(line=279,level=2,tokens=511), 280, 445, True
2025-12-27 14:06:17 - 20251227_140616_ac1a7dad - markdown_it.rules_block.blockquote - DEBUG - blockquote.blockquote:13 - entering blockquote: StateBlock(line=279,level=2,tokens=511), 280, 445, True
2025-12-27 14:06:17 - 20251227_140616_ac1a7dad - markdown_it.rules_block.hr - DEBUG - hr.hr:14 - entering hr: StateBlock(line=279,level=2,tokens=511), 280, 445, True
2025-12-27 14:06:17 - 20251227_140616_ac1a7dad - markdown_it.rules_block.list - DEBUG - list.list_block:102 - entering list: StateBlock(line=279,level=2,tokens=511), 280, 445, True
2025-12-27 14:06:17 - 20251227_140616_ac1a7dad - markdown_it.rules_block.html_block - DEBUG - html_block.html_block:35 - entering html_block: StateBlock(line=279,level=2,tokens=511), 280, 445, True
2025-12-27 14:06:17 - 20251227_140616_ac1a7dad - markdown_it.rules_block.heading - DEBUG - heading.heading:13 - entering heading: StateBlock(line=279,level=2,tokens=511), 280, 445, True
2025-12-27 14:06:17 - 20251227_140616_ac1a7dad - markdown_it.rules_block.fence - DEBUG - fence.fence:10 - entering fence: StateBlock(line=279,level=2,tokens=511), 281, 445, True
2025-12-27 14:06:17 - 20251227_140616_ac1a7dad - markdown_it.rules_block.blockquote - DEBUG - blockquote.blockquote:13 - entering blockquote: StateBlock(line=279,level=2,tokens=511), 281, 445, True
2025-12-27 14:06:17 - 20251227_140616_ac1a7dad - markdown_it.rules_block.hr - DEBUG - hr.hr:14 - entering hr: StateBlock(line=279,level=2,tokens=511), 281, 445, True
2025-12-27 14:06:17 - 20251227_140616_ac1a7dad - markdown_it.rules_block.list - DEBUG - list.list_block:102 - entering list: StateBlock(line=279,level=2,tokens=511), 281, 445, True
2025-12-27 14:06:17 - 20251227_140616_ac1a7dad - markdown_it.rules_block.fence - DEBUG - fence.fence:10 - entering fence: StateBlock(line=281,level=1,tokens=515), 281, 445, True
2025-12-27 14:06:17 - 20251227_140616_ac1a7dad - markdown_it.rules_block.blockquote - DEBUG - blockquote.blockquote:13 - entering blockquote: StateBlock(line=281,level=1,tokens=515), 281, 445, True
2025-12-27 14:06:17 - 20251227_140616_ac1a7dad - markdown_it.rules_block.hr - DEBUG - hr.hr:14 - entering hr: StateBlock(line=281,level=1,tokens=515), 281, 445, True
2025-12-27 14:06:17 - 20251227_140616_ac1a7dad - markdown_it.rules_block.code - DEBUG - code.code:10 - entering code: StateBlock(line=281,level=2,tokens=516), 281, 445, False
2025-12-27 14:06:17 - 20251227_140616_ac1a7dad - markdown_it.rules_block.fence - DEBUG - fence.fence:10 - entering fence: StateBlock(line=281,level=2,tokens=516), 281, 445, False
2025-12-27 14:06:17 - 20251227_140616_ac1a7dad - markdown_it.rules_block.blockquote - DEBUG - blockquote.blockquote:13 - entering blockquote: StateBlock(line=281,level=2,tokens=516), 281, 445, False
2025-12-27 14:06:17 - 20251227_140616_ac1a7dad - markdown_it.rules_block.hr - DEBUG - hr.hr:14 - entering hr: StateBlock(line=281,level=2,tokens=516), 281, 445, False
2025-12-27 14:06:17 - 20251227_140616_ac1a7dad - markdown_it.rules_block.list - DEBUG - list.list_block:102 - entering list: StateBlock(line=281,level=2,tokens=516), 281, 445, False
2025-12-27 14:06:17 - 20251227_140616_ac1a7dad - markdown_it.rules_block.reference - DEBUG - reference.reference:10 - entering reference: StateBlock(line=281,level=2,tokens=516), 281, 445, False
2025-12-27 14:06:17 - 20251227_140616_ac1a7dad - markdown_it.rules_block.html_block - DEBUG - html_block.html_block:35 - entering html_block: StateBlock(line=281,level=2,tokens=516), 281, 445, False
2025-12-27 14:06:17 - 20251227_140616_ac1a7dad - markdown_it.rules_block.heading - DEBUG - heading.heading:13 - entering heading: StateBlock(line=281,level=2,tokens=516), 281, 445, False
2025-12-27 14:06:17 - 20251227_140616_ac1a7dad - markdown_it.rules_block.lheading - DEBUG - lheading.lheading:10 - entering lheading: StateBlock(line=281,level=2,tokens=516), 281, 445, False
2025-12-27 14:06:17 - 20251227_140616_ac1a7dad - markdown_it.rules_block.fence - DEBUG - fence.fence:10 - entering fence: StateBlock(line=281,level=2,tokens=516), 282, 445, True
2025-12-27 14:06:17 - 20251227_140616_ac1a7dad - markdown_it.rules_block.blockquote - DEBUG - blockquote.blockquote:13 - entering blockquote: StateBlock(line=281,level=2,tokens=516), 282, 445, True
2025-12-27 14:06:17 - 20251227_140616_ac1a7dad - markdown_it.rules_block.hr - DEBUG - hr.hr:14 - entering hr: StateBlock(line=281,level=2,tokens=516), 282, 445, True
2025-12-27 14:06:17 - 20251227_140616_ac1a7dad - markdown_it.rules_block.list - DEBUG - list.list_block:102 - entering list: StateBlock(line=281,level=2,tokens=516), 282, 445, True
2025-12-27 14:06:17 - 20251227_140616_ac1a7dad - markdown_it.rules_block.html_block - DEBUG - html_block.html_block:35 - entering html_block: StateBlock(line=281,level=2,tokens=516), 282, 445, True
2025-12-27 14:06:17 - 20251227_140616_ac1a7dad - markdown_it.rules_block.heading - DEBUG - heading.heading:13 - entering heading: StateBlock(line=281,level=2,tokens=516), 282, 445, True
2025-12-27 14:06:17 - 20251227_140616_ac1a7dad - markdown_it.rules_block.fence - DEBUG - fence.fence:10 - entering fence: StateBlock(line=281,level=2,tokens=516), 283, 445, True
2025-12-27 14:06:17 - 20251227_140616_ac1a7dad - markdown_it.rules_block.blockquote - DEBUG - blockquote.blockquote:13 - entering blockquote: StateBlock(line=281,level=2,tokens=516), 283, 445, True
2025-12-27 14:06:17 - 20251227_140616_ac1a7dad - markdown_it.rules_block.hr - DEBUG - hr.hr:14 - entering hr: StateBlock(line=281,level=2,tokens=516), 283, 445, True
2025-12-27 14:06:17 - 20251227_140616_ac1a7dad - markdown_it.rules_block.list - DEBUG - list.list_block:102 - entering list: StateBlock(line=281,level=2,tokens=516), 283, 445, True
2025-12-27 14:06:17 - 20251227_140616_ac1a7dad - markdown_it.rules_block.paragraph - DEBUG - paragraph.paragraph:10 - entering paragraph: StateBlock(line=281,level=2,tokens=516), 281, 445, False
2025-12-27 14:06:17 - 20251227_140616_ac1a7dad - markdown_it.rules_block.fence - DEBUG - fence.fence:10 - entering fence: StateBlock(line=281,level=2,tokens=516), 282, 445, True
2025-12-27 14:06:17 - 20251227_140616_ac1a7dad - markdown_it.rules_block.blockquote - DEBUG - blockquote.blockquote:13 - entering blockquote: StateBlock(line=281,level=2,tokens=516), 282, 445, True
2025-12-27 14:06:17 - 20251227_140616_ac1a7dad - markdown_it.rules_block.hr - DEBUG - hr.hr:14 - entering hr: StateBlock(line=281,level=2,tokens=516), 282, 445, True
2025-12-27 14:06:17 - 20251227_140616_ac1a7dad - markdown_it.rules_block.list - DEBUG - list.list_block:102 - entering list: StateBlock(line=281,level=2,tokens=516), 282, 445, True
2025-12-27 14:06:17 - 20251227_140616_ac1a7dad - markdown_it.rules_block.html_block - DEBUG - html_block.html_block:35 - entering html_block: StateBlock(line=281,level=2,tokens=516), 282, 445, True
2025-12-27 14:06:17 - 20251227_140616_ac1a7dad - markdown_it.rules_block.heading - DEBUG - heading.heading:13 - entering heading: StateBlock(line=281,level=2,tokens=516), 282, 445, True
2025-12-27 14:06:17 - 20251227_140616_ac1a7dad - markdown_it.rules_block.fence - DEBUG - fence.fence:10 - entering fence: StateBlock(line=281,level=2,tokens=516), 283, 445, True
2025-12-27 14:06:17 - 20251227_140616_ac1a7dad - markdown_it.rules_block.blockquote - DEBUG - blockquote.blockquote:13 - entering blockquote: StateBlock(line=281,level=2,tokens=516), 283, 445, True
2025-12-27 14:06:17 - 20251227_140616_ac1a7dad - markdown_it.rules_block.hr - DEBUG - hr.hr:14 - entering hr: StateBlock(line=281,level=2,tokens=516), 283, 445, True
2025-12-27 14:06:17 - 20251227_140616_ac1a7dad - markdown_it.rules_block.list - DEBUG - list.list_block:102 - entering list: StateBlock(line=281,level=2,tokens=516), 283, 445, True
2025-12-27 14:06:17 - 20251227_140616_ac1a7dad - markdown_it.rules_block.fence - DEBUG - fence.fence:10 - entering fence: StateBlock(line=283,level=1,tokens=520), 283, 445, True
2025-12-27 14:06:17 - 20251227_140616_ac1a7dad - markdown_it.rules_block.blockquote - DEBUG - blockquote.blockquote:13 - entering blockquote: StateBlock(line=283,level=1,tokens=520), 283, 445, True
2025-12-27 14:06:17 - 20251227_140616_ac1a7dad - markdown_it.rules_block.hr - DEBUG - hr.hr:14 - entering hr: StateBlock(line=283,level=1,tokens=520), 283, 445, True
2025-12-27 14:06:17 - 20251227_140616_ac1a7dad - markdown_it.rules_block.code - DEBUG - code.code:10 - entering code: StateBlock(line=283,level=2,tokens=521), 283, 445, False
2025-12-27 14:06:17 - 20251227_140616_ac1a7dad - markdown_it.rules_block.fence - DEBUG - fence.fence:10 - entering fence: StateBlock(line=283,level=2,tokens=521), 283, 445, False
2025-12-27 14:06:17 - 20251227_140616_ac1a7dad - markdown_it.rules_block.blockquote - DEBUG - blockquote.blockquote:13 - entering blockquote: StateBlock(line=283,level=2,tokens=521), 283, 445, False
2025-12-27 14:06:17 - 20251227_140616_ac1a7dad - markdown_it.rules_block.hr - DEBUG - hr.hr:14 - entering hr: StateBlock(line=283,level=2,tokens=521), 283, 445, False
2025-12-27 14:06:17 - 20251227_140616_ac1a7dad - markdown_it.rules_block.list - DEBUG - list.list_block:102 - entering list: StateBlock(line=283,level=2,tokens=521), 283, 445, False
2025-12-27 14:06:17 - 20251227_140616_ac1a7dad - markdown_it.rules_block.reference - DEBUG - reference.reference:10 - entering reference: StateBlock(line=283,level=2,tokens=521), 283, 445, False
2025-12-27 14:06:17 - 20251227_140616_ac1a7dad - markdown_it.rules_block.html_block - DEBUG - html_block.html_block:35 - entering html_block: StateBlock(line=283,level=2,tokens=521), 283, 445, False
2025-12-27 14:06:17 - 20251227_140616_ac1a7dad - markdown_it.rules_block.heading - DEBUG - heading.heading:13 - entering heading: StateBlock(line=283,level=2,tokens=521), 283, 445, False
2025-12-27 14:06:17 - 20251227_140616_ac1a7dad - markdown_it.rules_block.lheading - DEBUG - lheading.lheading:10 - entering lheading: StateBlock(line=283,level=2,tokens=521), 283, 445, False
2025-12-27 14:06:17 - 20251227_140616_ac1a7dad - markdown_it.rules_block.fence - DEBUG - fence.fence:10 - entering fence: StateBlock(line=283,level=2,tokens=521), 284, 445, True
2025-12-27 14:06:17 - 20251227_140616_ac1a7dad - markdown_it.rules_block.blockquote - DEBUG - blockquote.blockquote:13 - entering blockquote: StateBlock(line=283,level=2,tokens=521), 284, 445, True
2025-12-27 14:06:17 - 20251227_140616_ac1a7dad - markdown_it.rules_block.hr - DEBUG - hr.hr:14 - entering hr: StateBlock(line=283,level=2,tokens=521), 284, 445, True
2025-12-27 14:06:17 - 20251227_140616_ac1a7dad - markdown_it.rules_block.list - DEBUG - list.list_block:102 - entering list: StateBlock(line=283,level=2,tokens=521), 284, 445, True
2025-12-27 14:06:17 - 20251227_140616_ac1a7dad - markdown_it.rules_block.html_block - DEBUG - html_block.html_block:35 - entering html_block: StateBlock(line=283,level=2,tokens=521), 284, 445, True
2025-12-27 14:06:17 - 20251227_140616_ac1a7dad - markdown_it.rules_block.heading - DEBUG - heading.heading:13 - entering heading: StateBlock(line=283,level=2,tokens=521), 284, 445, True
2025-12-27 14:06:17 - 20251227_140616_ac1a7dad - markdown_it.rules_block.fence - DEBUG - fence.fence:10 - entering fence: StateBlock(line=283,level=2,tokens=521), 285, 445, True
2025-12-27 14:06:17 - 20251227_140616_ac1a7dad - markdown_it.rules_block.blockquote - DEBUG - blockquote.blockquote:13 - entering blockquote: StateBlock(line=283,level=2,tokens=521), 285, 445, True
2025-12-27 14:06:17 - 20251227_140616_ac1a7dad - markdown_it.rules_block.hr - DEBUG - hr.hr:14 - entering hr: StateBlock(line=283,level=2,tokens=521), 285, 445, True
2025-12-27 14:06:17 - 20251227_140616_ac1a7dad - markdown_it.rules_block.list - DEBUG - list.list_block:102 - entering list: StateBlock(line=283,level=2,tokens=521), 285, 445, True
2025-12-27 14:06:17 - 20251227_140616_ac1a7dad - markdown_it.rules_block.paragraph - DEBUG - paragraph.paragraph:10 - entering paragraph: StateBlock(line=283,level=2,tokens=521), 283, 445, False
2025-12-27 14:06:17 - 20251227_140616_ac1a7dad - markdown_it.rules_block.fence - DEBUG - fence.fence:10 - entering fence: StateBlock(line=283,level=2,tokens=521), 284, 445, True
2025-12-27 14:06:17 - 20251227_140616_ac1a7dad - markdown_it.rules_block.blockquote - DEBUG - blockquote.blockquote:13 - entering blockquote: StateBlock(line=283,level=2,tokens=521), 284, 445, True
2025-12-27 14:06:17 - 20251227_140616_ac1a7dad - markdown_it.rules_block.hr - DEBUG - hr.hr:14 - entering hr: StateBlock(line=283,level=2,tokens=521), 284, 445, True
2025-12-27 14:06:17 - 20251227_140616_ac1a7dad - markdown_it.rules_block.list - DEBUG - list.list_block:102 - entering list: StateBlock(line=283,level=2,tokens=521), 284, 445, True
2025-12-27 14:06:17 - 20251227_140616_ac1a7dad - markdown_it.rules_block.html_block - DEBUG - html_block.html_block:35 - entering html_block: StateBlock(line=283,level=2,tokens=521), 284, 445, True
2025-12-27 14:06:17 - 20251227_140616_ac1a7dad - markdown_it.rules_block.heading - DEBUG - heading.heading:13 - entering heading: StateBlock(line=283,level=2,tokens=521), 284, 445, True
2025-12-27 14:06:17 - 20251227_140616_ac1a7dad - markdown_it.rules_block.fence - DEBUG - fence.fence:10 - entering fence: StateBlock(line=283,level=2,tokens=521), 285, 445, True
2025-12-27 14:06:17 - 20251227_140616_ac1a7dad - markdown_it.rules_block.blockquote - DEBUG - blockquote.blockquote:13 - entering blockquote: StateBlock(line=283,level=2,tokens=521), 285, 445, True
2025-12-27 14:06:17 - 20251227_140616_ac1a7dad - markdown_it.rules_block.hr - DEBUG - hr.hr:14 - entering hr: StateBlock(line=283,level=2,tokens=521), 285, 445, True
2025-12-27 14:06:17 - 20251227_140616_ac1a7dad - markdown_it.rules_block.list - DEBUG - list.list_block:102 - entering list: StateBlock(line=283,level=2,tokens=521), 285, 445, True
2025-12-27 14:06:17 - 20251227_140616_ac1a7dad - markdown_it.rules_block.fence - DEBUG - fence.fence:10 - entering fence: StateBlock(line=285,level=1,tokens=525), 285, 445, True
2025-12-27 14:06:17 - 20251227_140616_ac1a7dad - markdown_it.rules_block.blockquote - DEBUG - blockquote.blockquote:13 - entering blockquote: StateBlock(line=285,level=1,tokens=525), 285, 445, True
2025-12-27 14:06:17 - 20251227_140616_ac1a7dad - markdown_it.rules_block.hr - DEBUG - hr.hr:14 - entering hr: StateBlock(line=285,level=1,tokens=525), 285, 445, True
2025-12-27 14:06:17 - 20251227_140616_ac1a7dad - markdown_it.rules_block.code - DEBUG - code.code:10 - entering code: StateBlock(line=285,level=2,tokens=526), 285, 445, False
2025-12-27 14:06:17 - 20251227_140616_ac1a7dad - markdown_it.rules_block.fence - DEBUG - fence.fence:10 - entering fence: StateBlock(line=285,level=2,tokens=526), 285, 445, False
2025-12-27 14:06:17 - 20251227_140616_ac1a7dad - markdown_it.rules_block.blockquote - DEBUG - blockquote.blockquote:13 - entering blockquote: StateBlock(line=285,level=2,tokens=526), 285, 445, False
2025-12-27 14:06:17 - 20251227_140616_ac1a7dad - markdown_it.rules_block.hr - DEBUG - hr.hr:14 - entering hr: StateBlock(line=285,level=2,tokens=526), 285, 445, False
2025-12-27 14:06:17 - 20251227_140616_ac1a7dad - markdown_it.rules_block.list - DEBUG - list.list_block:102 - entering list: StateBlock(line=285,level=2,tokens=526), 285, 445, False
2025-12-27 14:06:17 - 20251227_140616_ac1a7dad - markdown_it.rules_block.reference - DEBUG - reference.reference:10 - entering reference: StateBlock(line=285,level=2,tokens=526), 285, 445, False
2025-12-27 14:06:17 - 20251227_140616_ac1a7dad - markdown_it.rules_block.html_block - DEBUG - html_block.html_block:35 - entering html_block: StateBlock(line=285,level=2,tokens=526), 285, 445, False
2025-12-27 14:06:17 - 20251227_140616_ac1a7dad - markdown_it.rules_block.heading - DEBUG - heading.heading:13 - entering heading: StateBlock(line=285,level=2,tokens=526), 285, 445, False
2025-12-27 14:06:17 - 20251227_140616_ac1a7dad - markdown_it.rules_block.lheading - DEBUG - lheading.lheading:10 - entering lheading: StateBlock(line=285,level=2,tokens=526), 285, 445, False
2025-12-27 14:06:17 - 20251227_140616_ac1a7dad - markdown_it.rules_block.paragraph - DEBUG - paragraph.paragraph:10 - entering paragraph: StateBlock(line=285,level=2,tokens=526), 285, 445, False
2025-12-27 14:06:17 - 20251227_140616_ac1a7dad - markdown_it.rules_block.fence - DEBUG - fence.fence:10 - entering fence: StateBlock(line=287,level=1,tokens=530), 287, 445, True
2025-12-27 14:06:17 - 20251227_140616_ac1a7dad - markdown_it.rules_block.blockquote - DEBUG - blockquote.blockquote:13 - entering blockquote: StateBlock(line=287,level=1,tokens=530), 287, 445, True
2025-12-27 14:06:17 - 20251227_140616_ac1a7dad - markdown_it.rules_block.hr - DEBUG - hr.hr:14 - entering hr: StateBlock(line=287,level=1,tokens=530), 287, 445, True
2025-12-27 14:06:17 - 20251227_140616_ac1a7dad - markdown_it.rules_block.code - DEBUG - code.code:10 - entering code: StateBlock(line=287,level=0,tokens=531), 287, 445, False
2025-12-27 14:06:17 - 20251227_140616_ac1a7dad - markdown_it.rules_block.fence - DEBUG - fence.fence:10 - entering fence: StateBlock(line=287,level=0,tokens=531), 287, 445, False
2025-12-27 14:06:17 - 20251227_140616_ac1a7dad - markdown_it.rules_block.blockquote - DEBUG - blockquote.blockquote:13 - entering blockquote: StateBlock(line=287,level=0,tokens=531), 287, 445, False
2025-12-27 14:06:17 - 20251227_140616_ac1a7dad - markdown_it.rules_block.hr - DEBUG - hr.hr:14 - entering hr: StateBlock(line=287,level=0,tokens=531), 287, 445, False
2025-12-27 14:06:17 - 20251227_140616_ac1a7dad - markdown_it.rules_block.code - DEBUG - code.code:10 - entering code: StateBlock(line=289,level=0,tokens=532), 289, 445, False
2025-12-27 14:06:17 - 20251227_140616_ac1a7dad - markdown_it.rules_block.fence - DEBUG - fence.fence:10 - entering fence: StateBlock(line=289,level=0,tokens=532), 289, 445, False
2025-12-27 14:06:17 - 20251227_140616_ac1a7dad - markdown_it.rules_block.blockquote - DEBUG - blockquote.blockquote:13 - entering blockquote: StateBlock(line=289,level=0,tokens=532), 289, 445, False
2025-12-27 14:06:17 - 20251227_140616_ac1a7dad - markdown_it.rules_block.hr - DEBUG - hr.hr:14 - entering hr: StateBlock(line=289,level=0,tokens=532), 289, 445, False
2025-12-27 14:06:17 - 20251227_140616_ac1a7dad - markdown_it.rules_block.list - DEBUG - list.list_block:102 - entering list: StateBlock(line=289,level=0,tokens=532), 289, 445, False
2025-12-27 14:06:17 - 20251227_140616_ac1a7dad - markdown_it.rules_block.reference - DEBUG - reference.reference:10 - entering reference: StateBlock(line=289,level=0,tokens=532), 289, 445, False
2025-12-27 14:06:17 - 20251227_140616_ac1a7dad - markdown_it.rules_block.html_block - DEBUG - html_block.html_block:35 - entering html_block: StateBlock(line=289,level=0,tokens=532), 289, 445, False
2025-12-27 14:06:17 - 20251227_140616_ac1a7dad - markdown_it.rules_block.heading - DEBUG - heading.heading:13 - entering heading: StateBlock(line=289,level=0,tokens=532), 289, 445, False
2025-12-27 14:06:17 - 20251227_140616_ac1a7dad - markdown_it.rules_block.code - DEBUG - code.code:10 - entering code: StateBlock(line=291,level=0,tokens=535), 291, 445, False
2025-12-27 14:06:17 - 20251227_140616_ac1a7dad - markdown_it.rules_block.fence - DEBUG - fence.fence:10 - entering fence: StateBlock(line=291,level=0,tokens=535), 291, 445, False
2025-12-27 14:06:17 - 20251227_140616_ac1a7dad - markdown_it.rules_block.blockquote - DEBUG - blockquote.blockquote:13 - entering blockquote: StateBlock(line=291,level=0,tokens=535), 291, 445, False
2025-12-27 14:06:17 - 20251227_140616_ac1a7dad - markdown_it.rules_block.hr - DEBUG - hr.hr:14 - entering hr: StateBlock(line=291,level=0,tokens=535), 291, 445, False
2025-12-27 14:06:17 - 20251227_140616_ac1a7dad - markdown_it.rules_block.list - DEBUG - list.list_block:102 - entering list: StateBlock(line=291,level=0,tokens=535), 291, 445, False
2025-12-27 14:06:17 - 20251227_140616_ac1a7dad - markdown_it.rules_block.reference - DEBUG - reference.reference:10 - entering reference: StateBlock(line=291,level=0,tokens=535), 291, 445, False
2025-12-27 14:06:17 - 20251227_140616_ac1a7dad - markdown_it.rules_block.html_block - DEBUG - html_block.html_block:35 - entering html_block: StateBlock(line=291,level=0,tokens=535), 291, 445, False
2025-12-27 14:06:17 - 20251227_140616_ac1a7dad - markdown_it.rules_block.heading - DEBUG - heading.heading:13 - entering heading: StateBlock(line=291,level=0,tokens=535), 291, 445, False
2025-12-27 14:06:17 - 20251227_140616_ac1a7dad - markdown_it.rules_block.lheading - DEBUG - lheading.lheading:10 - entering lheading: StateBlock(line=291,level=0,tokens=535), 291, 445, False
2025-12-27 14:06:17 - 20251227_140616_ac1a7dad - markdown_it.rules_block.paragraph - DEBUG - paragraph.paragraph:10 - entering paragraph: StateBlock(line=291,level=0,tokens=535), 291, 445, False
2025-12-27 14:06:17 - 20251227_140616_ac1a7dad - markdown_it.rules_block.code - DEBUG - code.code:10 - entering code: StateBlock(line=293,level=0,tokens=538), 293, 445, False
2025-12-27 14:06:17 - 20251227_140616_ac1a7dad - markdown_it.rules_block.fence - DEBUG - fence.fence:10 - entering fence: StateBlock(line=293,level=0,tokens=538), 293, 445, False
2025-12-27 14:06:17 - 20251227_140616_ac1a7dad - markdown_it.rules_block.blockquote - DEBUG - blockquote.blockquote:13 - entering blockquote: StateBlock(line=293,level=0,tokens=538), 293, 445, False
2025-12-27 14:06:17 - 20251227_140616_ac1a7dad - markdown_it.rules_block.hr - DEBUG - hr.hr:14 - entering hr: StateBlock(line=293,level=0,tokens=538), 293, 445, False
2025-12-27 14:06:17 - 20251227_140616_ac1a7dad - markdown_it.rules_block.list - DEBUG - list.list_block:102 - entering list: StateBlock(line=293,level=0,tokens=538), 293, 445, False
2025-12-27 14:06:17 - 20251227_140616_ac1a7dad - markdown_it.rules_block.reference - DEBUG - reference.reference:10 - entering reference: StateBlock(line=293,level=0,tokens=538), 293, 445, False
2025-12-27 14:06:17 - 20251227_140616_ac1a7dad - markdown_it.rules_block.html_block - DEBUG - html_block.html_block:35 - entering html_block: StateBlock(line=293,level=0,tokens=538), 293, 445, False
2025-12-27 14:06:17 - 20251227_140616_ac1a7dad - markdown_it.rules_block.heading - DEBUG - heading.heading:13 - entering heading: StateBlock(line=293,level=0,tokens=538), 293, 445, False
2025-12-27 14:06:17 - 20251227_140616_ac1a7dad - markdown_it.rules_block.code - DEBUG - code.code:10 - entering code: StateBlock(line=295,level=0,tokens=541), 295, 445, False
2025-12-27 14:06:17 - 20251227_140616_ac1a7dad - markdown_it.rules_block.fence - DEBUG - fence.fence:10 - entering fence: StateBlock(line=295,level=0,tokens=541), 295, 445, False
2025-12-27 14:06:17 - 20251227_140616_ac1a7dad - markdown_it.rules_block.blockquote - DEBUG - blockquote.blockquote:13 - entering blockquote: StateBlock(line=295,level=0,tokens=541), 295, 445, False
2025-12-27 14:06:17 - 20251227_140616_ac1a7dad - markdown_it.rules_block.code - DEBUG - code.code:10 - entering code: StateBlock(line=295,level=1,tokens=542), 295, 299, False
2025-12-27 14:06:17 - 20251227_140616_ac1a7dad - markdown_it.rules_block.fence - DEBUG - fence.fence:10 - entering fence: StateBlock(line=295,level=1,tokens=542), 295, 299, False
2025-12-27 14:06:17 - 20251227_140616_ac1a7dad - markdown_it.rules_block.blockquote - DEBUG - blockquote.blockquote:13 - entering blockquote: StateBlock(line=295,level=1,tokens=542), 295, 299, False
2025-12-27 14:06:17 - 20251227_140616_ac1a7dad - markdown_it.rules_block.hr - DEBUG - hr.hr:14 - entering hr: StateBlock(line=295,level=1,tokens=542), 295, 299, False
2025-12-27 14:06:17 - 20251227_140616_ac1a7dad - markdown_it.rules_block.list - DEBUG - list.list_block:102 - entering list: StateBlock(line=295,level=1,tokens=542), 295, 299, False
2025-12-27 14:06:17 - 20251227_140616_ac1a7dad - markdown_it.rules_block.reference - DEBUG - reference.reference:10 - entering reference: StateBlock(line=295,level=1,tokens=542), 295, 299, False
2025-12-27 14:06:17 - 20251227_140616_ac1a7dad - markdown_it.rules_block.html_block - DEBUG - html_block.html_block:35 - entering html_block: StateBlock(line=295,level=1,tokens=542), 295, 299, False
2025-12-27 14:06:17 - 20251227_140616_ac1a7dad - markdown_it.rules_block.heading - DEBUG - heading.heading:13 - entering heading: StateBlock(line=295,level=1,tokens=542), 295, 299, False
2025-12-27 14:06:17 - 20251227_140616_ac1a7dad - markdown_it.rules_block.lheading - DEBUG - lheading.lheading:10 - entering lheading: StateBlock(line=295,level=1,tokens=542), 295, 299, False
2025-12-27 14:06:17 - 20251227_140616_ac1a7dad - markdown_it.rules_block.fence - DEBUG - fence.fence:10 - entering fence: StateBlock(line=295,level=1,tokens=542), 296, 299, True
2025-12-27 14:06:17 - 20251227_140616_ac1a7dad - markdown_it.rules_block.blockquote - DEBUG - blockquote.blockquote:13 - entering blockquote: StateBlock(line=295,level=1,tokens=542), 296, 299, True
2025-12-27 14:06:17 - 20251227_140616_ac1a7dad - markdown_it.rules_block.hr - DEBUG - hr.hr:14 - entering hr: StateBlock(line=295,level=1,tokens=542), 296, 299, True
2025-12-27 14:06:17 - 20251227_140616_ac1a7dad - markdown_it.rules_block.list - DEBUG - list.list_block:102 - entering list: StateBlock(line=295,level=1,tokens=542), 296, 299, True
2025-12-27 14:06:17 - 20251227_140616_ac1a7dad - markdown_it.rules_block.html_block - DEBUG - html_block.html_block:35 - entering html_block: StateBlock(line=295,level=1,tokens=542), 296, 299, True
2025-12-27 14:06:17 - 20251227_140616_ac1a7dad - markdown_it.rules_block.heading - DEBUG - heading.heading:13 - entering heading: StateBlock(line=295,level=1,tokens=542), 296, 299, True
2025-12-27 14:06:17 - 20251227_140616_ac1a7dad - markdown_it.rules_block.fence - DEBUG - fence.fence:10 - entering fence: StateBlock(line=295,level=1,tokens=542), 297, 299, True
2025-12-27 14:06:17 - 20251227_140616_ac1a7dad - markdown_it.rules_block.blockquote - DEBUG - blockquote.blockquote:13 - entering blockquote: StateBlock(line=295,level=1,tokens=542), 297, 299, True
2025-12-27 14:06:17 - 20251227_140616_ac1a7dad - markdown_it.rules_block.hr - DEBUG - hr.hr:14 - entering hr: StateBlock(line=295,level=1,tokens=542), 297, 299, True
2025-12-27 14:06:17 - 20251227_140616_ac1a7dad - markdown_it.rules_block.list - DEBUG - list.list_block:102 - entering list: StateBlock(line=295,level=1,tokens=542), 297, 299, True
2025-12-27 14:06:17 - 20251227_140616_ac1a7dad - markdown_it.rules_block.html_block - DEBUG - html_block.html_block:35 - entering html_block: StateBlock(line=295,level=1,tokens=542), 297, 299, True
2025-12-27 14:06:17 - 20251227_140616_ac1a7dad - markdown_it.rules_block.heading - DEBUG - heading.heading:13 - entering heading: StateBlock(line=295,level=1,tokens=542), 297, 299, True
2025-12-27 14:06:17 - 20251227_140616_ac1a7dad - markdown_it.rules_block.fence - DEBUG - fence.fence:10 - entering fence: StateBlock(line=295,level=1,tokens=542), 298, 299, True
2025-12-27 14:06:17 - 20251227_140616_ac1a7dad - markdown_it.rules_block.blockquote - DEBUG - blockquote.blockquote:13 - entering blockquote: StateBlock(line=295,level=1,tokens=542), 298, 299, True
2025-12-27 14:06:17 - 20251227_140616_ac1a7dad - markdown_it.rules_block.hr - DEBUG - hr.hr:14 - entering hr: StateBlock(line=295,level=1,tokens=542), 298, 299, True
2025-12-27 14:06:17 - 20251227_140616_ac1a7dad - markdown_it.rules_block.list - DEBUG - list.list_block:102 - entering list: StateBlock(line=295,level=1,tokens=542), 298, 299, True
2025-12-27 14:06:17 - 20251227_140616_ac1a7dad - markdown_it.rules_block.html_block - DEBUG - html_block.html_block:35 - entering html_block: StateBlock(line=295,level=1,tokens=542), 298, 299, True
2025-12-27 14:06:17 - 20251227_140616_ac1a7dad - markdown_it.rules_block.heading - DEBUG - heading.heading:13 - entering heading: StateBlock(line=295,level=1,tokens=542), 298, 299, True
2025-12-27 14:06:17 - 20251227_140616_ac1a7dad - markdown_it.rules_block.paragraph - DEBUG - paragraph.paragraph:10 - entering paragraph: StateBlock(line=295,level=1,tokens=542), 295, 299, False
2025-12-27 14:06:17 - 20251227_140616_ac1a7dad - markdown_it.rules_block.fence - DEBUG - fence.fence:10 - entering fence: StateBlock(line=295,level=1,tokens=542), 296, 445, True
2025-12-27 14:06:17 - 20251227_140616_ac1a7dad - markdown_it.rules_block.blockquote - DEBUG - blockquote.blockquote:13 - entering blockquote: StateBlock(line=295,level=1,tokens=542), 296, 445, True
2025-12-27 14:06:17 - 20251227_140616_ac1a7dad - markdown_it.rules_block.hr - DEBUG - hr.hr:14 - entering hr: StateBlock(line=295,level=1,tokens=542), 296, 445, True
2025-12-27 14:06:17 - 20251227_140616_ac1a7dad - markdown_it.rules_block.list - DEBUG - list.list_block:102 - entering list: StateBlock(line=295,level=1,tokens=542), 296, 445, True
2025-12-27 14:06:17 - 20251227_140616_ac1a7dad - markdown_it.rules_block.html_block - DEBUG - html_block.html_block:35 - entering html_block: StateBlock(line=295,level=1,tokens=542), 296, 445, True
2025-12-27 14:06:17 - 20251227_140616_ac1a7dad - markdown_it.rules_block.heading - DEBUG - heading.heading:13 - entering heading: StateBlock(line=295,level=1,tokens=542), 296, 445, True
2025-12-27 14:06:17 - 20251227_140616_ac1a7dad - markdown_it.rules_block.fence - DEBUG - fence.fence:10 - entering fence: StateBlock(line=295,level=1,tokens=542), 297, 445, True
2025-12-27 14:06:17 - 20251227_140616_ac1a7dad - markdown_it.rules_block.blockquote - DEBUG - blockquote.blockquote:13 - entering blockquote: StateBlock(line=295,level=1,tokens=542), 297, 445, True
2025-12-27 14:06:17 - 20251227_140616_ac1a7dad - markdown_it.rules_block.hr - DEBUG - hr.hr:14 - entering hr: StateBlock(line=295,level=1,tokens=542), 297, 445, True
2025-12-27 14:06:17 - 20251227_140616_ac1a7dad - markdown_it.rules_block.list - DEBUG - list.list_block:102 - entering list: StateBlock(line=295,level=1,tokens=542), 297, 445, True
2025-12-27 14:06:17 - 20251227_140616_ac1a7dad - markdown_it.rules_block.html_block - DEBUG - html_block.html_block:35 - entering html_block: StateBlock(line=295,level=1,tokens=542), 297, 445, True
2025-12-27 14:06:17 - 20251227_140616_ac1a7dad - markdown_it.rules_block.heading - DEBUG - heading.heading:13 - entering heading: StateBlock(line=295,level=1,tokens=542), 297, 445, True
2025-12-27 14:06:17 - 20251227_140616_ac1a7dad - markdown_it.rules_block.fence - DEBUG - fence.fence:10 - entering fence: StateBlock(line=295,level=1,tokens=542), 298, 445, True
2025-12-27 14:06:17 - 20251227_140616_ac1a7dad - markdown_it.rules_block.blockquote - DEBUG - blockquote.blockquote:13 - entering blockquote: StateBlock(line=295,level=1,tokens=542), 298, 445, True
2025-12-27 14:06:17 - 20251227_140616_ac1a7dad - markdown_it.rules_block.hr - DEBUG - hr.hr:14 - entering hr: StateBlock(line=295,level=1,tokens=542), 298, 445, True
2025-12-27 14:06:17 - 20251227_140616_ac1a7dad - markdown_it.rules_block.list - DEBUG - list.list_block:102 - entering list: StateBlock(line=295,level=1,tokens=542), 298, 445, True
2025-12-27 14:06:17 - 20251227_140616_ac1a7dad - markdown_it.rules_block.html_block - DEBUG - html_block.html_block:35 - entering html_block: StateBlock(line=295,level=1,tokens=542), 298, 445, True
2025-12-27 14:06:17 - 20251227_140616_ac1a7dad - markdown_it.rules_block.heading - DEBUG - heading.heading:13 - entering heading: StateBlock(line=295,level=1,tokens=542), 298, 445, True
2025-12-27 14:06:17 - 20251227_140616_ac1a7dad - markdown_it.rules_block.code - DEBUG - code.code:10 - entering code: StateBlock(line=300,level=0,tokens=546), 300, 445, False
2025-12-27 14:06:17 - 20251227_140616_ac1a7dad - markdown_it.rules_block.fence - DEBUG - fence.fence:10 - entering fence: StateBlock(line=300,level=0,tokens=546), 300, 445, False
2025-12-27 14:06:17 - 20251227_140616_ac1a7dad - markdown_it.rules_block.blockquote - DEBUG - blockquote.blockquote:13 - entering blockquote: StateBlock(line=300,level=0,tokens=546), 300, 445, False
2025-12-27 14:06:17 - 20251227_140616_ac1a7dad - markdown_it.rules_block.hr - DEBUG - hr.hr:14 - entering hr: StateBlock(line=300,level=0,tokens=546), 300, 445, False
2025-12-27 14:06:17 - 20251227_140616_ac1a7dad - markdown_it.rules_block.list - DEBUG - list.list_block:102 - entering list: StateBlock(line=300,level=0,tokens=546), 300, 445, False
2025-12-27 14:06:17 - 20251227_140616_ac1a7dad - markdown_it.rules_block.reference - DEBUG - reference.reference:10 - entering reference: StateBlock(line=300,level=0,tokens=546), 300, 445, False
2025-12-27 14:06:17 - 20251227_140616_ac1a7dad - markdown_it.rules_block.html_block - DEBUG - html_block.html_block:35 - entering html_block: StateBlock(line=300,level=0,tokens=546), 300, 445, False
2025-12-27 14:06:17 - 20251227_140616_ac1a7dad - markdown_it.rules_block.heading - DEBUG - heading.heading:13 - entering heading: StateBlock(line=300,level=0,tokens=546), 300, 445, False
2025-12-27 14:06:17 - 20251227_140616_ac1a7dad - markdown_it.rules_block.code - DEBUG - code.code:10 - entering code: StateBlock(line=302,level=0,tokens=549), 302, 445, False
2025-12-27 14:06:17 - 20251227_140616_ac1a7dad - markdown_it.rules_block.fence - DEBUG - fence.fence:10 - entering fence: StateBlock(line=302,level=0,tokens=549), 302, 445, False
2025-12-27 14:06:17 - 20251227_140616_ac1a7dad - markdown_it.rules_block.blockquote - DEBUG - blockquote.blockquote:13 - entering blockquote: StateBlock(line=302,level=0,tokens=549), 302, 445, False
2025-12-27 14:06:17 - 20251227_140616_ac1a7dad - markdown_it.rules_block.hr - DEBUG - hr.hr:14 - entering hr: StateBlock(line=302,level=0,tokens=549), 302, 445, False
2025-12-27 14:06:17 - 20251227_140616_ac1a7dad - markdown_it.rules_block.list - DEBUG - list.list_block:102 - entering list: StateBlock(line=302,level=0,tokens=549), 302, 445, False
2025-12-27 14:06:17 - 20251227_140616_ac1a7dad - markdown_it.rules_block.code - DEBUG - code.code:10 - entering code: StateBlock(line=302,level=2,tokens=551), 302, 445, False
2025-12-27 14:06:17 - 20251227_140616_ac1a7dad - markdown_it.rules_block.fence - DEBUG - fence.fence:10 - entering fence: StateBlock(line=302,level=2,tokens=551), 302, 445, False
2025-12-27 14:06:17 - 20251227_140616_ac1a7dad - markdown_it.rules_block.blockquote - DEBUG - blockquote.blockquote:13 - entering blockquote: StateBlock(line=302,level=2,tokens=551), 302, 445, False
2025-12-27 14:06:17 - 20251227_140616_ac1a7dad - markdown_it.rules_block.hr - DEBUG - hr.hr:14 - entering hr: StateBlock(line=302,level=2,tokens=551), 302, 445, False
2025-12-27 14:06:17 - 20251227_140616_ac1a7dad - markdown_it.rules_block.list - DEBUG - list.list_block:102 - entering list: StateBlock(line=302,level=2,tokens=551), 302, 445, False
2025-12-27 14:06:17 - 20251227_140616_ac1a7dad - markdown_it.rules_block.reference - DEBUG - reference.reference:10 - entering reference: StateBlock(line=302,level=2,tokens=551), 302, 445, False
2025-12-27 14:06:17 - 20251227_140616_ac1a7dad - markdown_it.rules_block.html_block - DEBUG - html_block.html_block:35 - entering html_block: StateBlock(line=302,level=2,tokens=551), 302, 445, False
2025-12-27 14:06:17 - 20251227_140616_ac1a7dad - markdown_it.rules_block.heading - DEBUG - heading.heading:13 - entering heading: StateBlock(line=302,level=2,tokens=551), 302, 445, False
2025-12-27 14:06:17 - 20251227_140616_ac1a7dad - markdown_it.rules_block.lheading - DEBUG - lheading.lheading:10 - entering lheading: StateBlock(line=302,level=2,tokens=551), 302, 445, False
2025-12-27 14:06:17 - 20251227_140616_ac1a7dad - markdown_it.rules_block.fence - DEBUG - fence.fence:10 - entering fence: StateBlock(line=302,level=2,tokens=551), 303, 445, True
2025-12-27 14:06:17 - 20251227_140616_ac1a7dad - markdown_it.rules_block.blockquote - DEBUG - blockquote.blockquote:13 - entering blockquote: StateBlock(line=302,level=2,tokens=551), 303, 445, True
2025-12-27 14:06:17 - 20251227_140616_ac1a7dad - markdown_it.rules_block.hr - DEBUG - hr.hr:14 - entering hr: StateBlock(line=302,level=2,tokens=551), 303, 445, True
2025-12-27 14:06:17 - 20251227_140616_ac1a7dad - markdown_it.rules_block.list - DEBUG - list.list_block:102 - entering list: StateBlock(line=302,level=2,tokens=551), 303, 445, True
2025-12-27 14:06:17 - 20251227_140616_ac1a7dad - markdown_it.rules_block.paragraph - DEBUG - paragraph.paragraph:10 - entering paragraph: StateBlock(line=302,level=2,tokens=551), 302, 445, False
2025-12-27 14:06:17 - 20251227_140616_ac1a7dad - markdown_it.rules_block.fence - DEBUG - fence.fence:10 - entering fence: StateBlock(line=302,level=2,tokens=551), 303, 445, True
2025-12-27 14:06:17 - 20251227_140616_ac1a7dad - markdown_it.rules_block.blockquote - DEBUG - blockquote.blockquote:13 - entering blockquote: StateBlock(line=302,level=2,tokens=551), 303, 445, True
2025-12-27 14:06:17 - 20251227_140616_ac1a7dad - markdown_it.rules_block.hr - DEBUG - hr.hr:14 - entering hr: StateBlock(line=302,level=2,tokens=551), 303, 445, True
2025-12-27 14:06:17 - 20251227_140616_ac1a7dad - markdown_it.rules_block.list - DEBUG - list.list_block:102 - entering list: StateBlock(line=302,level=2,tokens=551), 303, 445, True
2025-12-27 14:06:17 - 20251227_140616_ac1a7dad - markdown_it.rules_block.fence - DEBUG - fence.fence:10 - entering fence: StateBlock(line=303,level=1,tokens=555), 303, 445, True
2025-12-27 14:06:17 - 20251227_140616_ac1a7dad - markdown_it.rules_block.blockquote - DEBUG - blockquote.blockquote:13 - entering blockquote: StateBlock(line=303,level=1,tokens=555), 303, 445, True
2025-12-27 14:06:17 - 20251227_140616_ac1a7dad - markdown_it.rules_block.hr - DEBUG - hr.hr:14 - entering hr: StateBlock(line=303,level=1,tokens=555), 303, 445, True
2025-12-27 14:06:17 - 20251227_140616_ac1a7dad - markdown_it.rules_block.code - DEBUG - code.code:10 - entering code: StateBlock(line=303,level=2,tokens=556), 303, 445, False
2025-12-27 14:06:17 - 20251227_140616_ac1a7dad - markdown_it.rules_block.fence - DEBUG - fence.fence:10 - entering fence: StateBlock(line=303,level=2,tokens=556), 303, 445, False
2025-12-27 14:06:17 - 20251227_140616_ac1a7dad - markdown_it.rules_block.blockquote - DEBUG - blockquote.blockquote:13 - entering blockquote: StateBlock(line=303,level=2,tokens=556), 303, 445, False
2025-12-27 14:06:17 - 20251227_140616_ac1a7dad - markdown_it.rules_block.hr - DEBUG - hr.hr:14 - entering hr: StateBlock(line=303,level=2,tokens=556), 303, 445, False
2025-12-27 14:06:17 - 20251227_140616_ac1a7dad - markdown_it.rules_block.list - DEBUG - list.list_block:102 - entering list: StateBlock(line=303,level=2,tokens=556), 303, 445, False
2025-12-27 14:06:17 - 20251227_140616_ac1a7dad - markdown_it.rules_block.reference - DEBUG - reference.reference:10 - entering reference: StateBlock(line=303,level=2,tokens=556), 303, 445, False
2025-12-27 14:06:17 - 20251227_140616_ac1a7dad - markdown_it.rules_block.html_block - DEBUG - html_block.html_block:35 - entering html_block: StateBlock(line=303,level=2,tokens=556), 303, 445, False
2025-12-27 14:06:17 - 20251227_140616_ac1a7dad - markdown_it.rules_block.heading - DEBUG - heading.heading:13 - entering heading: StateBlock(line=303,level=2,tokens=556), 303, 445, False
2025-12-27 14:06:17 - 20251227_140616_ac1a7dad - markdown_it.rules_block.lheading - DEBUG - lheading.lheading:10 - entering lheading: StateBlock(line=303,level=2,tokens=556), 303, 445, False
2025-12-27 14:06:17 - 20251227_140616_ac1a7dad - markdown_it.rules_block.fence - DEBUG - fence.fence:10 - entering fence: StateBlock(line=303,level=2,tokens=556), 304, 445, True
2025-12-27 14:06:17 - 20251227_140616_ac1a7dad - markdown_it.rules_block.blockquote - DEBUG - blockquote.blockquote:13 - entering blockquote: StateBlock(line=303,level=2,tokens=556), 304, 445, True
2025-12-27 14:06:17 - 20251227_140616_ac1a7dad - markdown_it.rules_block.hr - DEBUG - hr.hr:14 - entering hr: StateBlock(line=303,level=2,tokens=556), 304, 445, True
2025-12-27 14:06:17 - 20251227_140616_ac1a7dad - markdown_it.rules_block.list - DEBUG - list.list_block:102 - entering list: StateBlock(line=303,level=2,tokens=556), 304, 445, True
2025-12-27 14:06:17 - 20251227_140616_ac1a7dad - markdown_it.rules_block.paragraph - DEBUG - paragraph.paragraph:10 - entering paragraph: StateBlock(line=303,level=2,tokens=556), 303, 445, False
2025-12-27 14:06:17 - 20251227_140616_ac1a7dad - markdown_it.rules_block.fence - DEBUG - fence.fence:10 - entering fence: StateBlock(line=303,level=2,tokens=556), 304, 445, True
2025-12-27 14:06:17 - 20251227_140616_ac1a7dad - markdown_it.rules_block.blockquote - DEBUG - blockquote.blockquote:13 - entering blockquote: StateBlock(line=303,level=2,tokens=556), 304, 445, True
2025-12-27 14:06:17 - 20251227_140616_ac1a7dad - markdown_it.rules_block.hr - DEBUG - hr.hr:14 - entering hr: StateBlock(line=303,level=2,tokens=556), 304, 445, True
2025-12-27 14:06:17 - 20251227_140616_ac1a7dad - markdown_it.rules_block.list - DEBUG - list.list_block:102 - entering list: StateBlock(line=303,level=2,tokens=556), 304, 445, True
2025-12-27 14:06:17 - 20251227_140616_ac1a7dad - markdown_it.rules_block.fence - DEBUG - fence.fence:10 - entering fence: StateBlock(line=304,level=1,tokens=560), 304, 445, True
2025-12-27 14:06:17 - 20251227_140616_ac1a7dad - markdown_it.rules_block.blockquote - DEBUG - blockquote.blockquote:13 - entering blockquote: StateBlock(line=304,level=1,tokens=560), 304, 445, True
2025-12-27 14:06:17 - 20251227_140616_ac1a7dad - markdown_it.rules_block.hr - DEBUG - hr.hr:14 - entering hr: StateBlock(line=304,level=1,tokens=560), 304, 445, True
2025-12-27 14:06:17 - 20251227_140616_ac1a7dad - markdown_it.rules_block.code - DEBUG - code.code:10 - entering code: StateBlock(line=304,level=2,tokens=561), 304, 445, False
2025-12-27 14:06:17 - 20251227_140616_ac1a7dad - markdown_it.rules_block.fence - DEBUG - fence.fence:10 - entering fence: StateBlock(line=304,level=2,tokens=561), 304, 445, False
2025-12-27 14:06:17 - 20251227_140616_ac1a7dad - markdown_it.rules_block.blockquote - DEBUG - blockquote.blockquote:13 - entering blockquote: StateBlock(line=304,level=2,tokens=561), 304, 445, False
2025-12-27 14:06:17 - 20251227_140616_ac1a7dad - markdown_it.rules_block.hr - DEBUG - hr.hr:14 - entering hr: StateBlock(line=304,level=2,tokens=561), 304, 445, False
2025-12-27 14:06:17 - 20251227_140616_ac1a7dad - markdown_it.rules_block.list - DEBUG - list.list_block:102 - entering list: StateBlock(line=304,level=2,tokens=561), 304, 445, False
2025-12-27 14:06:17 - 20251227_140616_ac1a7dad - markdown_it.rules_block.reference - DEBUG - reference.reference:10 - entering reference: StateBlock(line=304,level=2,tokens=561), 304, 445, False
2025-12-27 14:06:17 - 20251227_140616_ac1a7dad - markdown_it.rules_block.html_block - DEBUG - html_block.html_block:35 - entering html_block: StateBlock(line=304,level=2,tokens=561), 304, 445, False
2025-12-27 14:06:17 - 20251227_140616_ac1a7dad - markdown_it.rules_block.heading - DEBUG - heading.heading:13 - entering heading: StateBlock(line=304,level=2,tokens=561), 304, 445, False
2025-12-27 14:06:17 - 20251227_140616_ac1a7dad - markdown_it.rules_block.lheading - DEBUG - lheading.lheading:10 - entering lheading: StateBlock(line=304,level=2,tokens=561), 304, 445, False
2025-12-27 14:06:17 - 20251227_140616_ac1a7dad - markdown_it.rules_block.paragraph - DEBUG - paragraph.paragraph:10 - entering paragraph: StateBlock(line=304,level=2,tokens=561), 304, 445, False
2025-12-27 14:06:17 - 20251227_140616_ac1a7dad - markdown_it.rules_block.fence - DEBUG - fence.fence:10 - entering fence: StateBlock(line=306,level=1,tokens=565), 306, 445, True
2025-12-27 14:06:17 - 20251227_140616_ac1a7dad - markdown_it.rules_block.blockquote - DEBUG - blockquote.blockquote:13 - entering blockquote: StateBlock(line=306,level=1,tokens=565), 306, 445, True
2025-12-27 14:06:17 - 20251227_140616_ac1a7dad - markdown_it.rules_block.hr - DEBUG - hr.hr:14 - entering hr: StateBlock(line=306,level=1,tokens=565), 306, 445, True
2025-12-27 14:06:17 - 20251227_140616_ac1a7dad - markdown_it.rules_block.code - DEBUG - code.code:10 - entering code: StateBlock(line=306,level=0,tokens=566), 306, 445, False
2025-12-27 14:06:17 - 20251227_140616_ac1a7dad - markdown_it.rules_block.fence - DEBUG - fence.fence:10 - entering fence: StateBlock(line=306,level=0,tokens=566), 306, 445, False
2025-12-27 14:06:17 - 20251227_140616_ac1a7dad - markdown_it.rules_block.blockquote - DEBUG - blockquote.blockquote:13 - entering blockquote: StateBlock(line=306,level=0,tokens=566), 306, 445, False
2025-12-27 14:06:17 - 20251227_140616_ac1a7dad - markdown_it.rules_block.hr - DEBUG - hr.hr:14 - entering hr: StateBlock(line=306,level=0,tokens=566), 306, 445, False
2025-12-27 14:06:17 - 20251227_140616_ac1a7dad - markdown_it.rules_block.code - DEBUG - code.code:10 - entering code: StateBlock(line=308,level=0,tokens=567), 308, 445, False
2025-12-27 14:06:17 - 20251227_140616_ac1a7dad - markdown_it.rules_block.fence - DEBUG - fence.fence:10 - entering fence: StateBlock(line=308,level=0,tokens=567), 308, 445, False
2025-12-27 14:06:17 - 20251227_140616_ac1a7dad - markdown_it.rules_block.blockquote - DEBUG - blockquote.blockquote:13 - entering blockquote: StateBlock(line=308,level=0,tokens=567), 308, 445, False
2025-12-27 14:06:17 - 20251227_140616_ac1a7dad - markdown_it.rules_block.hr - DEBUG - hr.hr:14 - entering hr: StateBlock(line=308,level=0,tokens=567), 308, 445, False
2025-12-27 14:06:17 - 20251227_140616_ac1a7dad - markdown_it.rules_block.list - DEBUG - list.list_block:102 - entering list: StateBlock(line=308,level=0,tokens=567), 308, 445, False
2025-12-27 14:06:17 - 20251227_140616_ac1a7dad - markdown_it.rules_block.reference - DEBUG - reference.reference:10 - entering reference: StateBlock(line=308,level=0,tokens=567), 308, 445, False
2025-12-27 14:06:17 - 20251227_140616_ac1a7dad - markdown_it.rules_block.html_block - DEBUG - html_block.html_block:35 - entering html_block: StateBlock(line=308,level=0,tokens=567), 308, 445, False
2025-12-27 14:06:17 - 20251227_140616_ac1a7dad - markdown_it.rules_block.heading - DEBUG - heading.heading:13 - entering heading: StateBlock(line=308,level=0,tokens=567), 308, 445, False
2025-12-27 14:06:17 - 20251227_140616_ac1a7dad - markdown_it.rules_block.code - DEBUG - code.code:10 - entering code: StateBlock(line=310,level=0,tokens=570), 310, 445, False
2025-12-27 14:06:17 - 20251227_140616_ac1a7dad - markdown_it.rules_block.fence - DEBUG - fence.fence:10 - entering fence: StateBlock(line=310,level=0,tokens=570), 310, 445, False
2025-12-27 14:06:17 - 20251227_140616_ac1a7dad - markdown_it.rules_block.blockquote - DEBUG - blockquote.blockquote:13 - entering blockquote: StateBlock(line=310,level=0,tokens=570), 310, 445, False
2025-12-27 14:06:17 - 20251227_140616_ac1a7dad - markdown_it.rules_block.hr - DEBUG - hr.hr:14 - entering hr: StateBlock(line=310,level=0,tokens=570), 310, 445, False
2025-12-27 14:06:17 - 20251227_140616_ac1a7dad - markdown_it.rules_block.list - DEBUG - list.list_block:102 - entering list: StateBlock(line=310,level=0,tokens=570), 310, 445, False
2025-12-27 14:06:17 - 20251227_140616_ac1a7dad - markdown_it.rules_block.reference - DEBUG - reference.reference:10 - entering reference: StateBlock(line=310,level=0,tokens=570), 310, 445, False
2025-12-27 14:06:17 - 20251227_140616_ac1a7dad - markdown_it.rules_block.html_block - DEBUG - html_block.html_block:35 - entering html_block: StateBlock(line=310,level=0,tokens=570), 310, 445, False
2025-12-27 14:06:17 - 20251227_140616_ac1a7dad - markdown_it.rules_block.heading - DEBUG - heading.heading:13 - entering heading: StateBlock(line=310,level=0,tokens=570), 310, 445, False
2025-12-27 14:06:17 - 20251227_140616_ac1a7dad - markdown_it.rules_block.code - DEBUG - code.code:10 - entering code: StateBlock(line=312,level=0,tokens=573), 312, 445, False
2025-12-27 14:06:17 - 20251227_140616_ac1a7dad - markdown_it.rules_block.fence - DEBUG - fence.fence:10 - entering fence: StateBlock(line=312,level=0,tokens=573), 312, 445, False
2025-12-27 14:06:17 - 20251227_140616_ac1a7dad - markdown_it.rules_block.blockquote - DEBUG - blockquote.blockquote:13 - entering blockquote: StateBlock(line=312,level=0,tokens=573), 312, 445, False
2025-12-27 14:06:17 - 20251227_140616_ac1a7dad - markdown_it.rules_block.hr - DEBUG - hr.hr:14 - entering hr: StateBlock(line=312,level=0,tokens=573), 312, 445, False
2025-12-27 14:06:17 - 20251227_140616_ac1a7dad - markdown_it.rules_block.list - DEBUG - list.list_block:102 - entering list: StateBlock(line=312,level=0,tokens=573), 312, 445, False
2025-12-27 14:06:17 - 20251227_140616_ac1a7dad - markdown_it.rules_block.reference - DEBUG - reference.reference:10 - entering reference: StateBlock(line=312,level=0,tokens=573), 312, 445, False
2025-12-27 14:06:17 - 20251227_140616_ac1a7dad - markdown_it.rules_block.html_block - DEBUG - html_block.html_block:35 - entering html_block: StateBlock(line=312,level=0,tokens=573), 312, 445, False
2025-12-27 14:06:17 - 20251227_140616_ac1a7dad - markdown_it.rules_block.heading - DEBUG - heading.heading:13 - entering heading: StateBlock(line=312,level=0,tokens=573), 312, 445, False
2025-12-27 14:06:17 - 20251227_140616_ac1a7dad - markdown_it.rules_block.lheading - DEBUG - lheading.lheading:10 - entering lheading: StateBlock(line=312,level=0,tokens=573), 312, 445, False
2025-12-27 14:06:17 - 20251227_140616_ac1a7dad - markdown_it.rules_block.paragraph - DEBUG - paragraph.paragraph:10 - entering paragraph: StateBlock(line=312,level=0,tokens=573), 312, 445, False
2025-12-27 14:06:17 - 20251227_140616_ac1a7dad - markdown_it.rules_block.code - DEBUG - code.code:10 - entering code: StateBlock(line=314,level=0,tokens=576), 314, 445, False
2025-12-27 14:06:17 - 20251227_140616_ac1a7dad - markdown_it.rules_block.fence - DEBUG - fence.fence:10 - entering fence: StateBlock(line=314,level=0,tokens=576), 314, 445, False
2025-12-27 14:06:17 - 20251227_140616_ac1a7dad - markdown_it.rules_block.blockquote - DEBUG - blockquote.blockquote:13 - entering blockquote: StateBlock(line=314,level=0,tokens=576), 314, 445, False
2025-12-27 14:06:17 - 20251227_140616_ac1a7dad - markdown_it.rules_block.hr - DEBUG - hr.hr:14 - entering hr: StateBlock(line=314,level=0,tokens=576), 314, 445, False
2025-12-27 14:06:17 - 20251227_140616_ac1a7dad - markdown_it.rules_block.list - DEBUG - list.list_block:102 - entering list: StateBlock(line=314,level=0,tokens=576), 314, 445, False
2025-12-27 14:06:17 - 20251227_140616_ac1a7dad - markdown_it.rules_block.reference - DEBUG - reference.reference:10 - entering reference: StateBlock(line=314,level=0,tokens=576), 314, 445, False
2025-12-27 14:06:17 - 20251227_140616_ac1a7dad - markdown_it.rules_block.html_block - DEBUG - html_block.html_block:35 - entering html_block: StateBlock(line=314,level=0,tokens=576), 314, 445, False
2025-12-27 14:06:17 - 20251227_140616_ac1a7dad - markdown_it.rules_block.heading - DEBUG - heading.heading:13 - entering heading: StateBlock(line=314,level=0,tokens=576), 314, 445, False
2025-12-27 14:06:17 - 20251227_140616_ac1a7dad - markdown_it.rules_block.lheading - DEBUG - lheading.lheading:10 - entering lheading: StateBlock(line=314,level=0,tokens=576), 314, 445, False
2025-12-27 14:06:17 - 20251227_140616_ac1a7dad - markdown_it.rules_block.paragraph - DEBUG - paragraph.paragraph:10 - entering paragraph: StateBlock(line=314,level=0,tokens=576), 314, 445, False
2025-12-27 14:06:17 - 20251227_140616_ac1a7dad - markdown_it.rules_block.code - DEBUG - code.code:10 - entering code: StateBlock(line=316,level=0,tokens=579), 316, 445, False
2025-12-27 14:06:17 - 20251227_140616_ac1a7dad - markdown_it.rules_block.fence - DEBUG - fence.fence:10 - entering fence: StateBlock(line=316,level=0,tokens=579), 316, 445, False
2025-12-27 14:06:17 - 20251227_140616_ac1a7dad - markdown_it.rules_block.blockquote - DEBUG - blockquote.blockquote:13 - entering blockquote: StateBlock(line=316,level=0,tokens=579), 316, 445, False
2025-12-27 14:06:17 - 20251227_140616_ac1a7dad - markdown_it.rules_block.hr - DEBUG - hr.hr:14 - entering hr: StateBlock(line=316,level=0,tokens=579), 316, 445, False
2025-12-27 14:06:17 - 20251227_140616_ac1a7dad - markdown_it.rules_block.list - DEBUG - list.list_block:102 - entering list: StateBlock(line=316,level=0,tokens=579), 316, 445, False
2025-12-27 14:06:17 - 20251227_140616_ac1a7dad - markdown_it.rules_block.reference - DEBUG - reference.reference:10 - entering reference: StateBlock(line=316,level=0,tokens=579), 316, 445, False
2025-12-27 14:06:17 - 20251227_140616_ac1a7dad - markdown_it.rules_block.html_block - DEBUG - html_block.html_block:35 - entering html_block: StateBlock(line=316,level=0,tokens=579), 316, 445, False
2025-12-27 14:06:17 - 20251227_140616_ac1a7dad - markdown_it.rules_block.heading - DEBUG - heading.heading:13 - entering heading: StateBlock(line=316,level=0,tokens=579), 316, 445, False
2025-12-27 14:06:17 - 20251227_140616_ac1a7dad - markdown_it.rules_block.lheading - DEBUG - lheading.lheading:10 - entering lheading: StateBlock(line=316,level=0,tokens=579), 316, 445, False
2025-12-27 14:06:17 - 20251227_140616_ac1a7dad - markdown_it.rules_block.paragraph - DEBUG - paragraph.paragraph:10 - entering paragraph: StateBlock(line=316,level=0,tokens=579), 316, 445, False
2025-12-27 14:06:17 - 20251227_140616_ac1a7dad - markdown_it.rules_block.code - DEBUG - code.code:10 - entering code: StateBlock(line=318,level=0,tokens=582), 318, 445, False
2025-12-27 14:06:17 - 20251227_140616_ac1a7dad - markdown_it.rules_block.fence - DEBUG - fence.fence:10 - entering fence: StateBlock(line=318,level=0,tokens=582), 318, 445, False
2025-12-27 14:06:17 - 20251227_140616_ac1a7dad - markdown_it.rules_block.blockquote - DEBUG - blockquote.blockquote:13 - entering blockquote: StateBlock(line=318,level=0,tokens=582), 318, 445, False
2025-12-27 14:06:17 - 20251227_140616_ac1a7dad - markdown_it.rules_block.hr - DEBUG - hr.hr:14 - entering hr: StateBlock(line=318,level=0,tokens=582), 318, 445, False
2025-12-27 14:06:17 - 20251227_140616_ac1a7dad - markdown_it.rules_block.list - DEBUG - list.list_block:102 - entering list: StateBlock(line=318,level=0,tokens=582), 318, 445, False
2025-12-27 14:06:17 - 20251227_140616_ac1a7dad - markdown_it.rules_block.code - DEBUG - code.code:10 - entering code: StateBlock(line=318,level=2,tokens=584), 318, 445, False
2025-12-27 14:06:17 - 20251227_140616_ac1a7dad - markdown_it.rules_block.fence - DEBUG - fence.fence:10 - entering fence: StateBlock(line=318,level=2,tokens=584), 318, 445, False
2025-12-27 14:06:17 - 20251227_140616_ac1a7dad - markdown_it.rules_block.blockquote - DEBUG - blockquote.blockquote:13 - entering blockquote: StateBlock(line=318,level=2,tokens=584), 318, 445, False
2025-12-27 14:06:17 - 20251227_140616_ac1a7dad - markdown_it.rules_block.hr - DEBUG - hr.hr:14 - entering hr: StateBlock(line=318,level=2,tokens=584), 318, 445, False
2025-12-27 14:06:17 - 20251227_140616_ac1a7dad - markdown_it.rules_block.list - DEBUG - list.list_block:102 - entering list: StateBlock(line=318,level=2,tokens=584), 318, 445, False
2025-12-27 14:06:17 - 20251227_140616_ac1a7dad - markdown_it.rules_block.reference - DEBUG - reference.reference:10 - entering reference: StateBlock(line=318,level=2,tokens=584), 318, 445, False
2025-12-27 14:06:17 - 20251227_140616_ac1a7dad - markdown_it.rules_block.html_block - DEBUG - html_block.html_block:35 - entering html_block: StateBlock(line=318,level=2,tokens=584), 318, 445, False
2025-12-27 14:06:17 - 20251227_140616_ac1a7dad - markdown_it.rules_block.heading - DEBUG - heading.heading:13 - entering heading: StateBlock(line=318,level=2,tokens=584), 318, 445, False
2025-12-27 14:06:17 - 20251227_140616_ac1a7dad - markdown_it.rules_block.lheading - DEBUG - lheading.lheading:10 - entering lheading: StateBlock(line=318,level=2,tokens=584), 318, 445, False
2025-12-27 14:06:17 - 20251227_140616_ac1a7dad - markdown_it.rules_block.fence - DEBUG - fence.fence:10 - entering fence: StateBlock(line=318,level=2,tokens=584), 319, 445, True
2025-12-27 14:06:17 - 20251227_140616_ac1a7dad - markdown_it.rules_block.blockquote - DEBUG - blockquote.blockquote:13 - entering blockquote: StateBlock(line=318,level=2,tokens=584), 319, 445, True
2025-12-27 14:06:17 - 20251227_140616_ac1a7dad - markdown_it.rules_block.hr - DEBUG - hr.hr:14 - entering hr: StateBlock(line=318,level=2,tokens=584), 319, 445, True
2025-12-27 14:06:17 - 20251227_140616_ac1a7dad - markdown_it.rules_block.list - DEBUG - list.list_block:102 - entering list: StateBlock(line=318,level=2,tokens=584), 319, 445, True
2025-12-27 14:06:17 - 20251227_140616_ac1a7dad - markdown_it.rules_block.paragraph - DEBUG - paragraph.paragraph:10 - entering paragraph: StateBlock(line=318,level=2,tokens=584), 318, 445, False
2025-12-27 14:06:17 - 20251227_140616_ac1a7dad - markdown_it.rules_block.fence - DEBUG - fence.fence:10 - entering fence: StateBlock(line=318,level=2,tokens=584), 319, 445, True
2025-12-27 14:06:17 - 20251227_140616_ac1a7dad - markdown_it.rules_block.blockquote - DEBUG - blockquote.blockquote:13 - entering blockquote: StateBlock(line=318,level=2,tokens=584), 319, 445, True
2025-12-27 14:06:17 - 20251227_140616_ac1a7dad - markdown_it.rules_block.hr - DEBUG - hr.hr:14 - entering hr: StateBlock(line=318,level=2,tokens=584), 319, 445, True
2025-12-27 14:06:17 - 20251227_140616_ac1a7dad - markdown_it.rules_block.list - DEBUG - list.list_block:102 - entering list: StateBlock(line=318,level=2,tokens=584), 319, 445, True
2025-12-27 14:06:17 - 20251227_140616_ac1a7dad - markdown_it.rules_block.fence - DEBUG - fence.fence:10 - entering fence: StateBlock(line=319,level=1,tokens=588), 319, 445, True
2025-12-27 14:06:17 - 20251227_140616_ac1a7dad - markdown_it.rules_block.blockquote - DEBUG - blockquote.blockquote:13 - entering blockquote: StateBlock(line=319,level=1,tokens=588), 319, 445, True
2025-12-27 14:06:17 - 20251227_140616_ac1a7dad - markdown_it.rules_block.hr - DEBUG - hr.hr:14 - entering hr: StateBlock(line=319,level=1,tokens=588), 319, 445, True
2025-12-27 14:06:17 - 20251227_140616_ac1a7dad - markdown_it.rules_block.code - DEBUG - code.code:10 - entering code: StateBlock(line=319,level=2,tokens=589), 319, 445, False
2025-12-27 14:06:17 - 20251227_140616_ac1a7dad - markdown_it.rules_block.fence - DEBUG - fence.fence:10 - entering fence: StateBlock(line=319,level=2,tokens=589), 319, 445, False
2025-12-27 14:06:17 - 20251227_140616_ac1a7dad - markdown_it.rules_block.blockquote - DEBUG - blockquote.blockquote:13 - entering blockquote: StateBlock(line=319,level=2,tokens=589), 319, 445, False
2025-12-27 14:06:17 - 20251227_140616_ac1a7dad - markdown_it.rules_block.hr - DEBUG - hr.hr:14 - entering hr: StateBlock(line=319,level=2,tokens=589), 319, 445, False
2025-12-27 14:06:17 - 20251227_140616_ac1a7dad - markdown_it.rules_block.list - DEBUG - list.list_block:102 - entering list: StateBlock(line=319,level=2,tokens=589), 319, 445, False
2025-12-27 14:06:17 - 20251227_140616_ac1a7dad - markdown_it.rules_block.reference - DEBUG - reference.reference:10 - entering reference: StateBlock(line=319,level=2,tokens=589), 319, 445, False
2025-12-27 14:06:17 - 20251227_140616_ac1a7dad - markdown_it.rules_block.html_block - DEBUG - html_block.html_block:35 - entering html_block: StateBlock(line=319,level=2,tokens=589), 319, 445, False
2025-12-27 14:06:17 - 20251227_140616_ac1a7dad - markdown_it.rules_block.heading - DEBUG - heading.heading:13 - entering heading: StateBlock(line=319,level=2,tokens=589), 319, 445, False
2025-12-27 14:06:17 - 20251227_140616_ac1a7dad - markdown_it.rules_block.lheading - DEBUG - lheading.lheading:10 - entering lheading: StateBlock(line=319,level=2,tokens=589), 319, 445, False
2025-12-27 14:06:17 - 20251227_140616_ac1a7dad - markdown_it.rules_block.fence - DEBUG - fence.fence:10 - entering fence: StateBlock(line=319,level=2,tokens=589), 320, 445, True
2025-12-27 14:06:17 - 20251227_140616_ac1a7dad - markdown_it.rules_block.blockquote - DEBUG - blockquote.blockquote:13 - entering blockquote: StateBlock(line=319,level=2,tokens=589), 320, 445, True
2025-12-27 14:06:17 - 20251227_140616_ac1a7dad - markdown_it.rules_block.hr - DEBUG - hr.hr:14 - entering hr: StateBlock(line=319,level=2,tokens=589), 320, 445, True
2025-12-27 14:06:17 - 20251227_140616_ac1a7dad - markdown_it.rules_block.list - DEBUG - list.list_block:102 - entering list: StateBlock(line=319,level=2,tokens=589), 320, 445, True
2025-12-27 14:06:17 - 20251227_140616_ac1a7dad - markdown_it.rules_block.paragraph - DEBUG - paragraph.paragraph:10 - entering paragraph: StateBlock(line=319,level=2,tokens=589), 319, 445, False
2025-12-27 14:06:17 - 20251227_140616_ac1a7dad - markdown_it.rules_block.fence - DEBUG - fence.fence:10 - entering fence: StateBlock(line=319,level=2,tokens=589), 320, 445, True
2025-12-27 14:06:17 - 20251227_140616_ac1a7dad - markdown_it.rules_block.blockquote - DEBUG - blockquote.blockquote:13 - entering blockquote: StateBlock(line=319,level=2,tokens=589), 320, 445, True
2025-12-27 14:06:17 - 20251227_140616_ac1a7dad - markdown_it.rules_block.hr - DEBUG - hr.hr:14 - entering hr: StateBlock(line=319,level=2,tokens=589), 320, 445, True
2025-12-27 14:06:17 - 20251227_140616_ac1a7dad - markdown_it.rules_block.list - DEBUG - list.list_block:102 - entering list: StateBlock(line=319,level=2,tokens=589), 320, 445, True
2025-12-27 14:06:17 - 20251227_140616_ac1a7dad - markdown_it.rules_block.fence - DEBUG - fence.fence:10 - entering fence: StateBlock(line=320,level=1,tokens=593), 320, 445, True
2025-12-27 14:06:17 - 20251227_140616_ac1a7dad - markdown_it.rules_block.blockquote - DEBUG - blockquote.blockquote:13 - entering blockquote: StateBlock(line=320,level=1,tokens=593), 320, 445, True
2025-12-27 14:06:17 - 20251227_140616_ac1a7dad - markdown_it.rules_block.hr - DEBUG - hr.hr:14 - entering hr: StateBlock(line=320,level=1,tokens=593), 320, 445, True
2025-12-27 14:06:17 - 20251227_140616_ac1a7dad - markdown_it.rules_block.code - DEBUG - code.code:10 - entering code: StateBlock(line=320,level=2,tokens=594), 320, 445, False
2025-12-27 14:06:17 - 20251227_140616_ac1a7dad - markdown_it.rules_block.fence - DEBUG - fence.fence:10 - entering fence: StateBlock(line=320,level=2,tokens=594), 320, 445, False
2025-12-27 14:06:17 - 20251227_140616_ac1a7dad - markdown_it.rules_block.blockquote - DEBUG - blockquote.blockquote:13 - entering blockquote: StateBlock(line=320,level=2,tokens=594), 320, 445, False
2025-12-27 14:06:17 - 20251227_140616_ac1a7dad - markdown_it.rules_block.hr - DEBUG - hr.hr:14 - entering hr: StateBlock(line=320,level=2,tokens=594), 320, 445, False
2025-12-27 14:06:17 - 20251227_140616_ac1a7dad - markdown_it.rules_block.list - DEBUG - list.list_block:102 - entering list: StateBlock(line=320,level=2,tokens=594), 320, 445, False
2025-12-27 14:06:17 - 20251227_140616_ac1a7dad - markdown_it.rules_block.reference - DEBUG - reference.reference:10 - entering reference: StateBlock(line=320,level=2,tokens=594), 320, 445, False
2025-12-27 14:06:17 - 20251227_140616_ac1a7dad - markdown_it.rules_block.html_block - DEBUG - html_block.html_block:35 - entering html_block: StateBlock(line=320,level=2,tokens=594), 320, 445, False
2025-12-27 14:06:17 - 20251227_140616_ac1a7dad - markdown_it.rules_block.heading - DEBUG - heading.heading:13 - entering heading: StateBlock(line=320,level=2,tokens=594), 320, 445, False
2025-12-27 14:06:17 - 20251227_140616_ac1a7dad - markdown_it.rules_block.lheading - DEBUG - lheading.lheading:10 - entering lheading: StateBlock(line=320,level=2,tokens=594), 320, 445, False
2025-12-27 14:06:17 - 20251227_140616_ac1a7dad - markdown_it.rules_block.fence - DEBUG - fence.fence:10 - entering fence: StateBlock(line=320,level=2,tokens=594), 321, 445, True
2025-12-27 14:06:17 - 20251227_140616_ac1a7dad - markdown_it.rules_block.blockquote - DEBUG - blockquote.blockquote:13 - entering blockquote: StateBlock(line=320,level=2,tokens=594), 321, 445, True
2025-12-27 14:06:17 - 20251227_140616_ac1a7dad - markdown_it.rules_block.hr - DEBUG - hr.hr:14 - entering hr: StateBlock(line=320,level=2,tokens=594), 321, 445, True
2025-12-27 14:06:17 - 20251227_140616_ac1a7dad - markdown_it.rules_block.list - DEBUG - list.list_block:102 - entering list: StateBlock(line=320,level=2,tokens=594), 321, 445, True
2025-12-27 14:06:17 - 20251227_140616_ac1a7dad - markdown_it.rules_block.paragraph - DEBUG - paragraph.paragraph:10 - entering paragraph: StateBlock(line=320,level=2,tokens=594), 320, 445, False
2025-12-27 14:06:17 - 20251227_140616_ac1a7dad - markdown_it.rules_block.fence - DEBUG - fence.fence:10 - entering fence: StateBlock(line=320,level=2,tokens=594), 321, 445, True
2025-12-27 14:06:17 - 20251227_140616_ac1a7dad - markdown_it.rules_block.blockquote - DEBUG - blockquote.blockquote:13 - entering blockquote: StateBlock(line=320,level=2,tokens=594), 321, 445, True
2025-12-27 14:06:17 - 20251227_140616_ac1a7dad - markdown_it.rules_block.hr - DEBUG - hr.hr:14 - entering hr: StateBlock(line=320,level=2,tokens=594), 321, 445, True
2025-12-27 14:06:17 - 20251227_140616_ac1a7dad - markdown_it.rules_block.list - DEBUG - list.list_block:102 - entering list: StateBlock(line=320,level=2,tokens=594), 321, 445, True
2025-12-27 14:06:17 - 20251227_140616_ac1a7dad - markdown_it.rules_block.fence - DEBUG - fence.fence:10 - entering fence: StateBlock(line=321,level=1,tokens=598), 321, 445, True
2025-12-27 14:06:17 - 20251227_140616_ac1a7dad - markdown_it.rules_block.blockquote - DEBUG - blockquote.blockquote:13 - entering blockquote: StateBlock(line=321,level=1,tokens=598), 321, 445, True
2025-12-27 14:06:17 - 20251227_140616_ac1a7dad - markdown_it.rules_block.hr - DEBUG - hr.hr:14 - entering hr: StateBlock(line=321,level=1,tokens=598), 321, 445, True
2025-12-27 14:06:17 - 20251227_140616_ac1a7dad - markdown_it.rules_block.code - DEBUG - code.code:10 - entering code: StateBlock(line=321,level=2,tokens=599), 321, 445, False
2025-12-27 14:06:17 - 20251227_140616_ac1a7dad - markdown_it.rules_block.fence - DEBUG - fence.fence:10 - entering fence: StateBlock(line=321,level=2,tokens=599), 321, 445, False
2025-12-27 14:06:17 - 20251227_140616_ac1a7dad - markdown_it.rules_block.blockquote - DEBUG - blockquote.blockquote:13 - entering blockquote: StateBlock(line=321,level=2,tokens=599), 321, 445, False
2025-12-27 14:06:17 - 20251227_140616_ac1a7dad - markdown_it.rules_block.hr - DEBUG - hr.hr:14 - entering hr: StateBlock(line=321,level=2,tokens=599), 321, 445, False
2025-12-27 14:06:17 - 20251227_140616_ac1a7dad - markdown_it.rules_block.list - DEBUG - list.list_block:102 - entering list: StateBlock(line=321,level=2,tokens=599), 321, 445, False
2025-12-27 14:06:17 - 20251227_140616_ac1a7dad - markdown_it.rules_block.reference - DEBUG - reference.reference:10 - entering reference: StateBlock(line=321,level=2,tokens=599), 321, 445, False
2025-12-27 14:06:17 - 20251227_140616_ac1a7dad - markdown_it.rules_block.html_block - DEBUG - html_block.html_block:35 - entering html_block: StateBlock(line=321,level=2,tokens=599), 321, 445, False
2025-12-27 14:06:17 - 20251227_140616_ac1a7dad - markdown_it.rules_block.heading - DEBUG - heading.heading:13 - entering heading: StateBlock(line=321,level=2,tokens=599), 321, 445, False
2025-12-27 14:06:17 - 20251227_140616_ac1a7dad - markdown_it.rules_block.lheading - DEBUG - lheading.lheading:10 - entering lheading: StateBlock(line=321,level=2,tokens=599), 321, 445, False
2025-12-27 14:06:17 - 20251227_140616_ac1a7dad - markdown_it.rules_block.paragraph - DEBUG - paragraph.paragraph:10 - entering paragraph: StateBlock(line=321,level=2,tokens=599), 321, 445, False
2025-12-27 14:06:17 - 20251227_140616_ac1a7dad - markdown_it.rules_block.fence - DEBUG - fence.fence:10 - entering fence: StateBlock(line=323,level=1,tokens=603), 323, 445, True
2025-12-27 14:06:17 - 20251227_140616_ac1a7dad - markdown_it.rules_block.blockquote - DEBUG - blockquote.blockquote:13 - entering blockquote: StateBlock(line=323,level=1,tokens=603), 323, 445, True
2025-12-27 14:06:17 - 20251227_140616_ac1a7dad - markdown_it.rules_block.hr - DEBUG - hr.hr:14 - entering hr: StateBlock(line=323,level=1,tokens=603), 323, 445, True
2025-12-27 14:06:17 - 20251227_140616_ac1a7dad - markdown_it.rules_block.code - DEBUG - code.code:10 - entering code: StateBlock(line=323,level=0,tokens=604), 323, 445, False
2025-12-27 14:06:17 - 20251227_140616_ac1a7dad - markdown_it.rules_block.fence - DEBUG - fence.fence:10 - entering fence: StateBlock(line=323,level=0,tokens=604), 323, 445, False
2025-12-27 14:06:17 - 20251227_140616_ac1a7dad - markdown_it.rules_block.blockquote - DEBUG - blockquote.blockquote:13 - entering blockquote: StateBlock(line=323,level=0,tokens=604), 323, 445, False
2025-12-27 14:06:17 - 20251227_140616_ac1a7dad - markdown_it.rules_block.hr - DEBUG - hr.hr:14 - entering hr: StateBlock(line=323,level=0,tokens=604), 323, 445, False
2025-12-27 14:06:17 - 20251227_140616_ac1a7dad - markdown_it.rules_block.list - DEBUG - list.list_block:102 - entering list: StateBlock(line=323,level=0,tokens=604), 323, 445, False
2025-12-27 14:06:17 - 20251227_140616_ac1a7dad - markdown_it.rules_block.reference - DEBUG - reference.reference:10 - entering reference: StateBlock(line=323,level=0,tokens=604), 323, 445, False
2025-12-27 14:06:17 - 20251227_140616_ac1a7dad - markdown_it.rules_block.html_block - DEBUG - html_block.html_block:35 - entering html_block: StateBlock(line=323,level=0,tokens=604), 323, 445, False
2025-12-27 14:06:17 - 20251227_140616_ac1a7dad - markdown_it.rules_block.heading - DEBUG - heading.heading:13 - entering heading: StateBlock(line=323,level=0,tokens=604), 323, 445, False
2025-12-27 14:06:17 - 20251227_140616_ac1a7dad - markdown_it.rules_block.code - DEBUG - code.code:10 - entering code: StateBlock(line=325,level=0,tokens=607), 325, 445, False
2025-12-27 14:06:17 - 20251227_140616_ac1a7dad - markdown_it.rules_block.fence - DEBUG - fence.fence:10 - entering fence: StateBlock(line=325,level=0,tokens=607), 325, 445, False
2025-12-27 14:06:17 - 20251227_140616_ac1a7dad - markdown_it.rules_block.blockquote - DEBUG - blockquote.blockquote:13 - entering blockquote: StateBlock(line=325,level=0,tokens=607), 325, 445, False
2025-12-27 14:06:17 - 20251227_140616_ac1a7dad - markdown_it.rules_block.hr - DEBUG - hr.hr:14 - entering hr: StateBlock(line=325,level=0,tokens=607), 325, 445, False
2025-12-27 14:06:17 - 20251227_140616_ac1a7dad - markdown_it.rules_block.list - DEBUG - list.list_block:102 - entering list: StateBlock(line=325,level=0,tokens=607), 325, 445, False
2025-12-27 14:06:17 - 20251227_140616_ac1a7dad - markdown_it.rules_block.code - DEBUG - code.code:10 - entering code: StateBlock(line=325,level=2,tokens=609), 325, 445, False
2025-12-27 14:06:17 - 20251227_140616_ac1a7dad - markdown_it.rules_block.fence - DEBUG - fence.fence:10 - entering fence: StateBlock(line=325,level=2,tokens=609), 325, 445, False
2025-12-27 14:06:17 - 20251227_140616_ac1a7dad - markdown_it.rules_block.blockquote - DEBUG - blockquote.blockquote:13 - entering blockquote: StateBlock(line=325,level=2,tokens=609), 325, 445, False
2025-12-27 14:06:17 - 20251227_140616_ac1a7dad - markdown_it.rules_block.hr - DEBUG - hr.hr:14 - entering hr: StateBlock(line=325,level=2,tokens=609), 325, 445, False
2025-12-27 14:06:17 - 20251227_140616_ac1a7dad - markdown_it.rules_block.list - DEBUG - list.list_block:102 - entering list: StateBlock(line=325,level=2,tokens=609), 325, 445, False
2025-12-27 14:06:17 - 20251227_140616_ac1a7dad - markdown_it.rules_block.reference - DEBUG - reference.reference:10 - entering reference: StateBlock(line=325,level=2,tokens=609), 325, 445, False
2025-12-27 14:06:17 - 20251227_140616_ac1a7dad - markdown_it.rules_block.html_block - DEBUG - html_block.html_block:35 - entering html_block: StateBlock(line=325,level=2,tokens=609), 325, 445, False
2025-12-27 14:06:17 - 20251227_140616_ac1a7dad - markdown_it.rules_block.heading - DEBUG - heading.heading:13 - entering heading: StateBlock(line=325,level=2,tokens=609), 325, 445, False
2025-12-27 14:06:17 - 20251227_140616_ac1a7dad - markdown_it.rules_block.lheading - DEBUG - lheading.lheading:10 - entering lheading: StateBlock(line=325,level=2,tokens=609), 325, 445, False
2025-12-27 14:06:17 - 20251227_140616_ac1a7dad - markdown_it.rules_block.fence - DEBUG - fence.fence:10 - entering fence: StateBlock(line=325,level=2,tokens=609), 326, 445, True
2025-12-27 14:06:17 - 20251227_140616_ac1a7dad - markdown_it.rules_block.blockquote - DEBUG - blockquote.blockquote:13 - entering blockquote: StateBlock(line=325,level=2,tokens=609), 326, 445, True
2025-12-27 14:06:17 - 20251227_140616_ac1a7dad - markdown_it.rules_block.hr - DEBUG - hr.hr:14 - entering hr: StateBlock(line=325,level=2,tokens=609), 326, 445, True
2025-12-27 14:06:17 - 20251227_140616_ac1a7dad - markdown_it.rules_block.list - DEBUG - list.list_block:102 - entering list: StateBlock(line=325,level=2,tokens=609), 326, 445, True
2025-12-27 14:06:17 - 20251227_140616_ac1a7dad - markdown_it.rules_block.html_block - DEBUG - html_block.html_block:35 - entering html_block: StateBlock(line=325,level=2,tokens=609), 326, 445, True
2025-12-27 14:06:17 - 20251227_140616_ac1a7dad - markdown_it.rules_block.heading - DEBUG - heading.heading:13 - entering heading: StateBlock(line=325,level=2,tokens=609), 326, 445, True
2025-12-27 14:06:17 - 20251227_140616_ac1a7dad - markdown_it.rules_block.fence - DEBUG - fence.fence:10 - entering fence: StateBlock(line=325,level=2,tokens=609), 327, 445, True
2025-12-27 14:06:17 - 20251227_140616_ac1a7dad - markdown_it.rules_block.blockquote - DEBUG - blockquote.blockquote:13 - entering blockquote: StateBlock(line=325,level=2,tokens=609), 327, 445, True
2025-12-27 14:06:17 - 20251227_140616_ac1a7dad - markdown_it.rules_block.hr - DEBUG - hr.hr:14 - entering hr: StateBlock(line=325,level=2,tokens=609), 327, 445, True
2025-12-27 14:06:17 - 20251227_140616_ac1a7dad - markdown_it.rules_block.list - DEBUG - list.list_block:102 - entering list: StateBlock(line=325,level=2,tokens=609), 327, 445, True
2025-12-27 14:06:17 - 20251227_140616_ac1a7dad - markdown_it.rules_block.paragraph - DEBUG - paragraph.paragraph:10 - entering paragraph: StateBlock(line=325,level=2,tokens=609), 325, 445, False
2025-12-27 14:06:17 - 20251227_140616_ac1a7dad - markdown_it.rules_block.fence - DEBUG - fence.fence:10 - entering fence: StateBlock(line=325,level=2,tokens=609), 326, 445, True
2025-12-27 14:06:17 - 20251227_140616_ac1a7dad - markdown_it.rules_block.blockquote - DEBUG - blockquote.blockquote:13 - entering blockquote: StateBlock(line=325,level=2,tokens=609), 326, 445, True
2025-12-27 14:06:17 - 20251227_140616_ac1a7dad - markdown_it.rules_block.hr - DEBUG - hr.hr:14 - entering hr: StateBlock(line=325,level=2,tokens=609), 326, 445, True
2025-12-27 14:06:17 - 20251227_140616_ac1a7dad - markdown_it.rules_block.list - DEBUG - list.list_block:102 - entering list: StateBlock(line=325,level=2,tokens=609), 326, 445, True
2025-12-27 14:06:17 - 20251227_140616_ac1a7dad - markdown_it.rules_block.html_block - DEBUG - html_block.html_block:35 - entering html_block: StateBlock(line=325,level=2,tokens=609), 326, 445, True
2025-12-27 14:06:17 - 20251227_140616_ac1a7dad - markdown_it.rules_block.heading - DEBUG - heading.heading:13 - entering heading: StateBlock(line=325,level=2,tokens=609), 326, 445, True
2025-12-27 14:06:17 - 20251227_140616_ac1a7dad - markdown_it.rules_block.fence - DEBUG - fence.fence:10 - entering fence: StateBlock(line=325,level=2,tokens=609), 327, 445, True
2025-12-27 14:06:17 - 20251227_140616_ac1a7dad - markdown_it.rules_block.blockquote - DEBUG - blockquote.blockquote:13 - entering blockquote: StateBlock(line=325,level=2,tokens=609), 327, 445, True
2025-12-27 14:06:17 - 20251227_140616_ac1a7dad - markdown_it.rules_block.hr - DEBUG - hr.hr:14 - entering hr: StateBlock(line=325,level=2,tokens=609), 327, 445, True
2025-12-27 14:06:17 - 20251227_140616_ac1a7dad - markdown_it.rules_block.list - DEBUG - list.list_block:102 - entering list: StateBlock(line=325,level=2,tokens=609), 327, 445, True
2025-12-27 14:06:17 - 20251227_140616_ac1a7dad - markdown_it.rules_block.fence - DEBUG - fence.fence:10 - entering fence: StateBlock(line=327,level=1,tokens=613), 327, 445, True
2025-12-27 14:06:17 - 20251227_140616_ac1a7dad - markdown_it.rules_block.blockquote - DEBUG - blockquote.blockquote:13 - entering blockquote: StateBlock(line=327,level=1,tokens=613), 327, 445, True
2025-12-27 14:06:17 - 20251227_140616_ac1a7dad - markdown_it.rules_block.hr - DEBUG - hr.hr:14 - entering hr: StateBlock(line=327,level=1,tokens=613), 327, 445, True
2025-12-27 14:06:17 - 20251227_140616_ac1a7dad - markdown_it.rules_block.code - DEBUG - code.code:10 - entering code: StateBlock(line=327,level=2,tokens=614), 327, 445, False
2025-12-27 14:06:17 - 20251227_140616_ac1a7dad - markdown_it.rules_block.fence - DEBUG - fence.fence:10 - entering fence: StateBlock(line=327,level=2,tokens=614), 327, 445, False
2025-12-27 14:06:17 - 20251227_140616_ac1a7dad - markdown_it.rules_block.blockquote - DEBUG - blockquote.blockquote:13 - entering blockquote: StateBlock(line=327,level=2,tokens=614), 327, 445, False
2025-12-27 14:06:17 - 20251227_140616_ac1a7dad - markdown_it.rules_block.hr - DEBUG - hr.hr:14 - entering hr: StateBlock(line=327,level=2,tokens=614), 327, 445, False
2025-12-27 14:06:17 - 20251227_140616_ac1a7dad - markdown_it.rules_block.list - DEBUG - list.list_block:102 - entering list: StateBlock(line=327,level=2,tokens=614), 327, 445, False
2025-12-27 14:06:17 - 20251227_140616_ac1a7dad - markdown_it.rules_block.reference - DEBUG - reference.reference:10 - entering reference: StateBlock(line=327,level=2,tokens=614), 327, 445, False
2025-12-27 14:06:17 - 20251227_140616_ac1a7dad - markdown_it.rules_block.html_block - DEBUG - html_block.html_block:35 - entering html_block: StateBlock(line=327,level=2,tokens=614), 327, 445, False
2025-12-27 14:06:17 - 20251227_140616_ac1a7dad - markdown_it.rules_block.heading - DEBUG - heading.heading:13 - entering heading: StateBlock(line=327,level=2,tokens=614), 327, 445, False
2025-12-27 14:06:17 - 20251227_140616_ac1a7dad - markdown_it.rules_block.lheading - DEBUG - lheading.lheading:10 - entering lheading: StateBlock(line=327,level=2,tokens=614), 327, 445, False
2025-12-27 14:06:17 - 20251227_140616_ac1a7dad - markdown_it.rules_block.fence - DEBUG - fence.fence:10 - entering fence: StateBlock(line=327,level=2,tokens=614), 328, 445, True
2025-12-27 14:06:17 - 20251227_140616_ac1a7dad - markdown_it.rules_block.blockquote - DEBUG - blockquote.blockquote:13 - entering blockquote: StateBlock(line=327,level=2,tokens=614), 328, 445, True
2025-12-27 14:06:17 - 20251227_140616_ac1a7dad - markdown_it.rules_block.hr - DEBUG - hr.hr:14 - entering hr: StateBlock(line=327,level=2,tokens=614), 328, 445, True
2025-12-27 14:06:17 - 20251227_140616_ac1a7dad - markdown_it.rules_block.list - DEBUG - list.list_block:102 - entering list: StateBlock(line=327,level=2,tokens=614), 328, 445, True
2025-12-27 14:06:17 - 20251227_140616_ac1a7dad - markdown_it.rules_block.paragraph - DEBUG - paragraph.paragraph:10 - entering paragraph: StateBlock(line=327,level=2,tokens=614), 327, 445, False
2025-12-27 14:06:17 - 20251227_140616_ac1a7dad - markdown_it.rules_block.fence - DEBUG - fence.fence:10 - entering fence: StateBlock(line=327,level=2,tokens=614), 328, 445, True
2025-12-27 14:06:17 - 20251227_140616_ac1a7dad - markdown_it.rules_block.blockquote - DEBUG - blockquote.blockquote:13 - entering blockquote: StateBlock(line=327,level=2,tokens=614), 328, 445, True
2025-12-27 14:06:17 - 20251227_140616_ac1a7dad - markdown_it.rules_block.hr - DEBUG - hr.hr:14 - entering hr: StateBlock(line=327,level=2,tokens=614), 328, 445, True
2025-12-27 14:06:17 - 20251227_140616_ac1a7dad - markdown_it.rules_block.list - DEBUG - list.list_block:102 - entering list: StateBlock(line=327,level=2,tokens=614), 328, 445, True
2025-12-27 14:06:17 - 20251227_140616_ac1a7dad - markdown_it.rules_block.fence - DEBUG - fence.fence:10 - entering fence: StateBlock(line=328,level=1,tokens=618), 328, 445, True
2025-12-27 14:06:17 - 20251227_140616_ac1a7dad - markdown_it.rules_block.blockquote - DEBUG - blockquote.blockquote:13 - entering blockquote: StateBlock(line=328,level=1,tokens=618), 328, 445, True
2025-12-27 14:06:17 - 20251227_140616_ac1a7dad - markdown_it.rules_block.hr - DEBUG - hr.hr:14 - entering hr: StateBlock(line=328,level=1,tokens=618), 328, 445, True
2025-12-27 14:06:17 - 20251227_140616_ac1a7dad - markdown_it.rules_block.code - DEBUG - code.code:10 - entering code: StateBlock(line=328,level=2,tokens=619), 328, 445, False
2025-12-27 14:06:17 - 20251227_140616_ac1a7dad - markdown_it.rules_block.fence - DEBUG - fence.fence:10 - entering fence: StateBlock(line=328,level=2,tokens=619), 328, 445, False
2025-12-27 14:06:17 - 20251227_140616_ac1a7dad - markdown_it.rules_block.blockquote - DEBUG - blockquote.blockquote:13 - entering blockquote: StateBlock(line=328,level=2,tokens=619), 328, 445, False
2025-12-27 14:06:17 - 20251227_140616_ac1a7dad - markdown_it.rules_block.hr - DEBUG - hr.hr:14 - entering hr: StateBlock(line=328,level=2,tokens=619), 328, 445, False
2025-12-27 14:06:17 - 20251227_140616_ac1a7dad - markdown_it.rules_block.list - DEBUG - list.list_block:102 - entering list: StateBlock(line=328,level=2,tokens=619), 328, 445, False
2025-12-27 14:06:17 - 20251227_140616_ac1a7dad - markdown_it.rules_block.reference - DEBUG - reference.reference:10 - entering reference: StateBlock(line=328,level=2,tokens=619), 328, 445, False
2025-12-27 14:06:17 - 20251227_140616_ac1a7dad - markdown_it.rules_block.html_block - DEBUG - html_block.html_block:35 - entering html_block: StateBlock(line=328,level=2,tokens=619), 328, 445, False
2025-12-27 14:06:17 - 20251227_140616_ac1a7dad - markdown_it.rules_block.heading - DEBUG - heading.heading:13 - entering heading: StateBlock(line=328,level=2,tokens=619), 328, 445, False
2025-12-27 14:06:17 - 20251227_140616_ac1a7dad - markdown_it.rules_block.lheading - DEBUG - lheading.lheading:10 - entering lheading: StateBlock(line=328,level=2,tokens=619), 328, 445, False
2025-12-27 14:06:17 - 20251227_140616_ac1a7dad - markdown_it.rules_block.fence - DEBUG - fence.fence:10 - entering fence: StateBlock(line=328,level=2,tokens=619), 329, 445, True
2025-12-27 14:06:17 - 20251227_140616_ac1a7dad - markdown_it.rules_block.blockquote - DEBUG - blockquote.blockquote:13 - entering blockquote: StateBlock(line=328,level=2,tokens=619), 329, 445, True
2025-12-27 14:06:17 - 20251227_140616_ac1a7dad - markdown_it.rules_block.hr - DEBUG - hr.hr:14 - entering hr: StateBlock(line=328,level=2,tokens=619), 329, 445, True
2025-12-27 14:06:17 - 20251227_140616_ac1a7dad - markdown_it.rules_block.list - DEBUG - list.list_block:102 - entering list: StateBlock(line=328,level=2,tokens=619), 329, 445, True
2025-12-27 14:06:17 - 20251227_140616_ac1a7dad - markdown_it.rules_block.paragraph - DEBUG - paragraph.paragraph:10 - entering paragraph: StateBlock(line=328,level=2,tokens=619), 328, 445, False
2025-12-27 14:06:17 - 20251227_140616_ac1a7dad - markdown_it.rules_block.fence - DEBUG - fence.fence:10 - entering fence: StateBlock(line=328,level=2,tokens=619), 329, 445, True
2025-12-27 14:06:17 - 20251227_140616_ac1a7dad - markdown_it.rules_block.blockquote - DEBUG - blockquote.blockquote:13 - entering blockquote: StateBlock(line=328,level=2,tokens=619), 329, 445, True
2025-12-27 14:06:17 - 20251227_140616_ac1a7dad - markdown_it.rules_block.hr - DEBUG - hr.hr:14 - entering hr: StateBlock(line=328,level=2,tokens=619), 329, 445, True
2025-12-27 14:06:17 - 20251227_140616_ac1a7dad - markdown_it.rules_block.list - DEBUG - list.list_block:102 - entering list: StateBlock(line=328,level=2,tokens=619), 329, 445, True
2025-12-27 14:06:17 - 20251227_140616_ac1a7dad - markdown_it.rules_block.fence - DEBUG - fence.fence:10 - entering fence: StateBlock(line=329,level=1,tokens=623), 329, 445, True
2025-12-27 14:06:17 - 20251227_140616_ac1a7dad - markdown_it.rules_block.blockquote - DEBUG - blockquote.blockquote:13 - entering blockquote: StateBlock(line=329,level=1,tokens=623), 329, 445, True
2025-12-27 14:06:17 - 20251227_140616_ac1a7dad - markdown_it.rules_block.hr - DEBUG - hr.hr:14 - entering hr: StateBlock(line=329,level=1,tokens=623), 329, 445, True
2025-12-27 14:06:17 - 20251227_140616_ac1a7dad - markdown_it.rules_block.code - DEBUG - code.code:10 - entering code: StateBlock(line=329,level=2,tokens=624), 329, 445, False
2025-12-27 14:06:17 - 20251227_140616_ac1a7dad - markdown_it.rules_block.fence - DEBUG - fence.fence:10 - entering fence: StateBlock(line=329,level=2,tokens=624), 329, 445, False
2025-12-27 14:06:17 - 20251227_140616_ac1a7dad - markdown_it.rules_block.blockquote - DEBUG - blockquote.blockquote:13 - entering blockquote: StateBlock(line=329,level=2,tokens=624), 329, 445, False
2025-12-27 14:06:17 - 20251227_140616_ac1a7dad - markdown_it.rules_block.hr - DEBUG - hr.hr:14 - entering hr: StateBlock(line=329,level=2,tokens=624), 329, 445, False
2025-12-27 14:06:17 - 20251227_140616_ac1a7dad - markdown_it.rules_block.list - DEBUG - list.list_block:102 - entering list: StateBlock(line=329,level=2,tokens=624), 329, 445, False
2025-12-27 14:06:17 - 20251227_140616_ac1a7dad - markdown_it.rules_block.reference - DEBUG - reference.reference:10 - entering reference: StateBlock(line=329,level=2,tokens=624), 329, 445, False
2025-12-27 14:06:17 - 20251227_140616_ac1a7dad - markdown_it.rules_block.html_block - DEBUG - html_block.html_block:35 - entering html_block: StateBlock(line=329,level=2,tokens=624), 329, 445, False
2025-12-27 14:06:17 - 20251227_140616_ac1a7dad - markdown_it.rules_block.heading - DEBUG - heading.heading:13 - entering heading: StateBlock(line=329,level=2,tokens=624), 329, 445, False
2025-12-27 14:06:17 - 20251227_140616_ac1a7dad - markdown_it.rules_block.lheading - DEBUG - lheading.lheading:10 - entering lheading: StateBlock(line=329,level=2,tokens=624), 329, 445, False
2025-12-27 14:06:17 - 20251227_140616_ac1a7dad - markdown_it.rules_block.paragraph - DEBUG - paragraph.paragraph:10 - entering paragraph: StateBlock(line=329,level=2,tokens=624), 329, 445, False
2025-12-27 14:06:17 - 20251227_140616_ac1a7dad - markdown_it.rules_block.fence - DEBUG - fence.fence:10 - entering fence: StateBlock(line=331,level=1,tokens=628), 331, 445, True
2025-12-27 14:06:17 - 20251227_140616_ac1a7dad - markdown_it.rules_block.blockquote - DEBUG - blockquote.blockquote:13 - entering blockquote: StateBlock(line=331,level=1,tokens=628), 331, 445, True
2025-12-27 14:06:17 - 20251227_140616_ac1a7dad - markdown_it.rules_block.hr - DEBUG - hr.hr:14 - entering hr: StateBlock(line=331,level=1,tokens=628), 331, 445, True
2025-12-27 14:06:17 - 20251227_140616_ac1a7dad - markdown_it.rules_block.code - DEBUG - code.code:10 - entering code: StateBlock(line=331,level=0,tokens=629), 331, 445, False
2025-12-27 14:06:17 - 20251227_140616_ac1a7dad - markdown_it.rules_block.fence - DEBUG - fence.fence:10 - entering fence: StateBlock(line=331,level=0,tokens=629), 331, 445, False
2025-12-27 14:06:17 - 20251227_140616_ac1a7dad - markdown_it.rules_block.blockquote - DEBUG - blockquote.blockquote:13 - entering blockquote: StateBlock(line=331,level=0,tokens=629), 331, 445, False
2025-12-27 14:06:17 - 20251227_140616_ac1a7dad - markdown_it.rules_block.hr - DEBUG - hr.hr:14 - entering hr: StateBlock(line=331,level=0,tokens=629), 331, 445, False
2025-12-27 14:06:17 - 20251227_140616_ac1a7dad - markdown_it.rules_block.list - DEBUG - list.list_block:102 - entering list: StateBlock(line=331,level=0,tokens=629), 331, 445, False
2025-12-27 14:06:17 - 20251227_140616_ac1a7dad - markdown_it.rules_block.reference - DEBUG - reference.reference:10 - entering reference: StateBlock(line=331,level=0,tokens=629), 331, 445, False
2025-12-27 14:06:17 - 20251227_140616_ac1a7dad - markdown_it.rules_block.html_block - DEBUG - html_block.html_block:35 - entering html_block: StateBlock(line=331,level=0,tokens=629), 331, 445, False
2025-12-27 14:06:17 - 20251227_140616_ac1a7dad - markdown_it.rules_block.heading - DEBUG - heading.heading:13 - entering heading: StateBlock(line=331,level=0,tokens=629), 331, 445, False
2025-12-27 14:06:17 - 20251227_140616_ac1a7dad - markdown_it.rules_block.code - DEBUG - code.code:10 - entering code: StateBlock(line=333,level=0,tokens=632), 333, 445, False
2025-12-27 14:06:17 - 20251227_140616_ac1a7dad - markdown_it.rules_block.fence - DEBUG - fence.fence:10 - entering fence: StateBlock(line=333,level=0,tokens=632), 333, 445, False
2025-12-27 14:06:17 - 20251227_140616_ac1a7dad - markdown_it.rules_block.blockquote - DEBUG - blockquote.blockquote:13 - entering blockquote: StateBlock(line=333,level=0,tokens=632), 333, 445, False
2025-12-27 14:06:17 - 20251227_140616_ac1a7dad - markdown_it.rules_block.hr - DEBUG - hr.hr:14 - entering hr: StateBlock(line=333,level=0,tokens=632), 333, 445, False
2025-12-27 14:06:17 - 20251227_140616_ac1a7dad - markdown_it.rules_block.list - DEBUG - list.list_block:102 - entering list: StateBlock(line=333,level=0,tokens=632), 333, 445, False
2025-12-27 14:06:17 - 20251227_140616_ac1a7dad - markdown_it.rules_block.reference - DEBUG - reference.reference:10 - entering reference: StateBlock(line=333,level=0,tokens=632), 333, 445, False
2025-12-27 14:06:17 - 20251227_140616_ac1a7dad - markdown_it.rules_block.html_block - DEBUG - html_block.html_block:35 - entering html_block: StateBlock(line=333,level=0,tokens=632), 333, 445, False
2025-12-27 14:06:17 - 20251227_140616_ac1a7dad - markdown_it.rules_block.heading - DEBUG - heading.heading:13 - entering heading: StateBlock(line=333,level=0,tokens=632), 333, 445, False
2025-12-27 14:06:17 - 20251227_140616_ac1a7dad - markdown_it.rules_block.lheading - DEBUG - lheading.lheading:10 - entering lheading: StateBlock(line=333,level=0,tokens=632), 333, 445, False
2025-12-27 14:06:17 - 20251227_140616_ac1a7dad - markdown_it.rules_block.paragraph - DEBUG - paragraph.paragraph:10 - entering paragraph: StateBlock(line=333,level=0,tokens=632), 333, 445, False
2025-12-27 14:06:17 - 20251227_140616_ac1a7dad - markdown_it.rules_block.code - DEBUG - code.code:10 - entering code: StateBlock(line=335,level=0,tokens=635), 335, 445, False
2025-12-27 14:06:17 - 20251227_140616_ac1a7dad - markdown_it.rules_block.fence - DEBUG - fence.fence:10 - entering fence: StateBlock(line=335,level=0,tokens=635), 335, 445, False
2025-12-27 14:06:17 - 20251227_140616_ac1a7dad - markdown_it.rules_block.blockquote - DEBUG - blockquote.blockquote:13 - entering blockquote: StateBlock(line=335,level=0,tokens=635), 335, 445, False
2025-12-27 14:06:17 - 20251227_140616_ac1a7dad - markdown_it.rules_block.hr - DEBUG - hr.hr:14 - entering hr: StateBlock(line=335,level=0,tokens=635), 335, 445, False
2025-12-27 14:06:17 - 20251227_140616_ac1a7dad - markdown_it.rules_block.list - DEBUG - list.list_block:102 - entering list: StateBlock(line=335,level=0,tokens=635), 335, 445, False
2025-12-27 14:06:17 - 20251227_140616_ac1a7dad - markdown_it.rules_block.reference - DEBUG - reference.reference:10 - entering reference: StateBlock(line=335,level=0,tokens=635), 335, 445, False
2025-12-27 14:06:17 - 20251227_140616_ac1a7dad - markdown_it.rules_block.html_block - DEBUG - html_block.html_block:35 - entering html_block: StateBlock(line=335,level=0,tokens=635), 335, 445, False
2025-12-27 14:06:17 - 20251227_140616_ac1a7dad - markdown_it.rules_block.heading - DEBUG - heading.heading:13 - entering heading: StateBlock(line=335,level=0,tokens=635), 335, 445, False
2025-12-27 14:06:17 - 20251227_140616_ac1a7dad - markdown_it.rules_block.lheading - DEBUG - lheading.lheading:10 - entering lheading: StateBlock(line=335,level=0,tokens=635), 335, 445, False
2025-12-27 14:06:17 - 20251227_140616_ac1a7dad - markdown_it.rules_block.paragraph - DEBUG - paragraph.paragraph:10 - entering paragraph: StateBlock(line=335,level=0,tokens=635), 335, 445, False
2025-12-27 14:06:17 - 20251227_140616_ac1a7dad - markdown_it.rules_block.code - DEBUG - code.code:10 - entering code: StateBlock(line=337,level=0,tokens=638), 337, 445, False
2025-12-27 14:06:17 - 20251227_140616_ac1a7dad - markdown_it.rules_block.fence - DEBUG - fence.fence:10 - entering fence: StateBlock(line=337,level=0,tokens=638), 337, 445, False
2025-12-27 14:06:17 - 20251227_140616_ac1a7dad - markdown_it.rules_block.blockquote - DEBUG - blockquote.blockquote:13 - entering blockquote: StateBlock(line=337,level=0,tokens=638), 337, 445, False
2025-12-27 14:06:17 - 20251227_140616_ac1a7dad - markdown_it.rules_block.hr - DEBUG - hr.hr:14 - entering hr: StateBlock(line=337,level=0,tokens=638), 337, 445, False
2025-12-27 14:06:17 - 20251227_140616_ac1a7dad - markdown_it.rules_block.list - DEBUG - list.list_block:102 - entering list: StateBlock(line=337,level=0,tokens=638), 337, 445, False
2025-12-27 14:06:17 - 20251227_140616_ac1a7dad - markdown_it.rules_block.code - DEBUG - code.code:10 - entering code: StateBlock(line=337,level=2,tokens=640), 337, 445, False
2025-12-27 14:06:17 - 20251227_140616_ac1a7dad - markdown_it.rules_block.fence - DEBUG - fence.fence:10 - entering fence: StateBlock(line=337,level=2,tokens=640), 337, 445, False
2025-12-27 14:06:17 - 20251227_140616_ac1a7dad - markdown_it.rules_block.blockquote - DEBUG - blockquote.blockquote:13 - entering blockquote: StateBlock(line=337,level=2,tokens=640), 337, 445, False
2025-12-27 14:06:17 - 20251227_140616_ac1a7dad - markdown_it.rules_block.hr - DEBUG - hr.hr:14 - entering hr: StateBlock(line=337,level=2,tokens=640), 337, 445, False
2025-12-27 14:06:17 - 20251227_140616_ac1a7dad - markdown_it.rules_block.list - DEBUG - list.list_block:102 - entering list: StateBlock(line=337,level=2,tokens=640), 337, 445, False
2025-12-27 14:06:17 - 20251227_140616_ac1a7dad - markdown_it.rules_block.reference - DEBUG - reference.reference:10 - entering reference: StateBlock(line=337,level=2,tokens=640), 337, 445, False
2025-12-27 14:06:17 - 20251227_140616_ac1a7dad - markdown_it.rules_block.html_block - DEBUG - html_block.html_block:35 - entering html_block: StateBlock(line=337,level=2,tokens=640), 337, 445, False
2025-12-27 14:06:17 - 20251227_140616_ac1a7dad - markdown_it.rules_block.heading - DEBUG - heading.heading:13 - entering heading: StateBlock(line=337,level=2,tokens=640), 337, 445, False
2025-12-27 14:06:17 - 20251227_140616_ac1a7dad - markdown_it.rules_block.lheading - DEBUG - lheading.lheading:10 - entering lheading: StateBlock(line=337,level=2,tokens=640), 337, 445, False
2025-12-27 14:06:17 - 20251227_140616_ac1a7dad - markdown_it.rules_block.fence - DEBUG - fence.fence:10 - entering fence: StateBlock(line=337,level=2,tokens=640), 338, 445, True
2025-12-27 14:06:17 - 20251227_140616_ac1a7dad - markdown_it.rules_block.blockquote - DEBUG - blockquote.blockquote:13 - entering blockquote: StateBlock(line=337,level=2,tokens=640), 338, 445, True
2025-12-27 14:06:17 - 20251227_140616_ac1a7dad - markdown_it.rules_block.hr - DEBUG - hr.hr:14 - entering hr: StateBlock(line=337,level=2,tokens=640), 338, 445, True
2025-12-27 14:06:17 - 20251227_140616_ac1a7dad - markdown_it.rules_block.list - DEBUG - list.list_block:102 - entering list: StateBlock(line=337,level=2,tokens=640), 338, 445, True
2025-12-27 14:06:17 - 20251227_140616_ac1a7dad - markdown_it.rules_block.paragraph - DEBUG - paragraph.paragraph:10 - entering paragraph: StateBlock(line=337,level=2,tokens=640), 337, 445, False
2025-12-27 14:06:17 - 20251227_140616_ac1a7dad - markdown_it.rules_block.fence - DEBUG - fence.fence:10 - entering fence: StateBlock(line=337,level=2,tokens=640), 338, 445, True
2025-12-27 14:06:17 - 20251227_140616_ac1a7dad - markdown_it.rules_block.blockquote - DEBUG - blockquote.blockquote:13 - entering blockquote: StateBlock(line=337,level=2,tokens=640), 338, 445, True
2025-12-27 14:06:17 - 20251227_140616_ac1a7dad - markdown_it.rules_block.hr - DEBUG - hr.hr:14 - entering hr: StateBlock(line=337,level=2,tokens=640), 338, 445, True
2025-12-27 14:06:17 - 20251227_140616_ac1a7dad - markdown_it.rules_block.list - DEBUG - list.list_block:102 - entering list: StateBlock(line=337,level=2,tokens=640), 338, 445, True
2025-12-27 14:06:17 - 20251227_140616_ac1a7dad - markdown_it.rules_block.fence - DEBUG - fence.fence:10 - entering fence: StateBlock(line=338,level=1,tokens=644), 338, 445, True
2025-12-27 14:06:17 - 20251227_140616_ac1a7dad - markdown_it.rules_block.blockquote - DEBUG - blockquote.blockquote:13 - entering blockquote: StateBlock(line=338,level=1,tokens=644), 338, 445, True
2025-12-27 14:06:17 - 20251227_140616_ac1a7dad - markdown_it.rules_block.hr - DEBUG - hr.hr:14 - entering hr: StateBlock(line=338,level=1,tokens=644), 338, 445, True
2025-12-27 14:06:17 - 20251227_140616_ac1a7dad - markdown_it.rules_block.code - DEBUG - code.code:10 - entering code: StateBlock(line=338,level=2,tokens=645), 338, 445, False
2025-12-27 14:06:17 - 20251227_140616_ac1a7dad - markdown_it.rules_block.fence - DEBUG - fence.fence:10 - entering fence: StateBlock(line=338,level=2,tokens=645), 338, 445, False
2025-12-27 14:06:17 - 20251227_140616_ac1a7dad - markdown_it.rules_block.blockquote - DEBUG - blockquote.blockquote:13 - entering blockquote: StateBlock(line=338,level=2,tokens=645), 338, 445, False
2025-12-27 14:06:17 - 20251227_140616_ac1a7dad - markdown_it.rules_block.hr - DEBUG - hr.hr:14 - entering hr: StateBlock(line=338,level=2,tokens=645), 338, 445, False
2025-12-27 14:06:17 - 20251227_140616_ac1a7dad - markdown_it.rules_block.list - DEBUG - list.list_block:102 - entering list: StateBlock(line=338,level=2,tokens=645), 338, 445, False
2025-12-27 14:06:17 - 20251227_140616_ac1a7dad - markdown_it.rules_block.reference - DEBUG - reference.reference:10 - entering reference: StateBlock(line=338,level=2,tokens=645), 338, 445, False
2025-12-27 14:06:17 - 20251227_140616_ac1a7dad - markdown_it.rules_block.html_block - DEBUG - html_block.html_block:35 - entering html_block: StateBlock(line=338,level=2,tokens=645), 338, 445, False
2025-12-27 14:06:17 - 20251227_140616_ac1a7dad - markdown_it.rules_block.heading - DEBUG - heading.heading:13 - entering heading: StateBlock(line=338,level=2,tokens=645), 338, 445, False
2025-12-27 14:06:17 - 20251227_140616_ac1a7dad - markdown_it.rules_block.lheading - DEBUG - lheading.lheading:10 - entering lheading: StateBlock(line=338,level=2,tokens=645), 338, 445, False
2025-12-27 14:06:17 - 20251227_140616_ac1a7dad - markdown_it.rules_block.fence - DEBUG - fence.fence:10 - entering fence: StateBlock(line=338,level=2,tokens=645), 339, 445, True
2025-12-27 14:06:17 - 20251227_140616_ac1a7dad - markdown_it.rules_block.blockquote - DEBUG - blockquote.blockquote:13 - entering blockquote: StateBlock(line=338,level=2,tokens=645), 339, 445, True
2025-12-27 14:06:17 - 20251227_140616_ac1a7dad - markdown_it.rules_block.hr - DEBUG - hr.hr:14 - entering hr: StateBlock(line=338,level=2,tokens=645), 339, 445, True
2025-12-27 14:06:17 - 20251227_140616_ac1a7dad - markdown_it.rules_block.list - DEBUG - list.list_block:102 - entering list: StateBlock(line=338,level=2,tokens=645), 339, 445, True
2025-12-27 14:06:17 - 20251227_140616_ac1a7dad - markdown_it.rules_block.paragraph - DEBUG - paragraph.paragraph:10 - entering paragraph: StateBlock(line=338,level=2,tokens=645), 338, 445, False
2025-12-27 14:06:17 - 20251227_140616_ac1a7dad - markdown_it.rules_block.fence - DEBUG - fence.fence:10 - entering fence: StateBlock(line=338,level=2,tokens=645), 339, 445, True
2025-12-27 14:06:17 - 20251227_140616_ac1a7dad - markdown_it.rules_block.blockquote - DEBUG - blockquote.blockquote:13 - entering blockquote: StateBlock(line=338,level=2,tokens=645), 339, 445, True
2025-12-27 14:06:17 - 20251227_140616_ac1a7dad - markdown_it.rules_block.hr - DEBUG - hr.hr:14 - entering hr: StateBlock(line=338,level=2,tokens=645), 339, 445, True
2025-12-27 14:06:17 - 20251227_140616_ac1a7dad - markdown_it.rules_block.list - DEBUG - list.list_block:102 - entering list: StateBlock(line=338,level=2,tokens=645), 339, 445, True
2025-12-27 14:06:17 - 20251227_140616_ac1a7dad - markdown_it.rules_block.fence - DEBUG - fence.fence:10 - entering fence: StateBlock(line=339,level=1,tokens=649), 339, 445, True
2025-12-27 14:06:17 - 20251227_140616_ac1a7dad - markdown_it.rules_block.blockquote - DEBUG - blockquote.blockquote:13 - entering blockquote: StateBlock(line=339,level=1,tokens=649), 339, 445, True
2025-12-27 14:06:17 - 20251227_140616_ac1a7dad - markdown_it.rules_block.hr - DEBUG - hr.hr:14 - entering hr: StateBlock(line=339,level=1,tokens=649), 339, 445, True
2025-12-27 14:06:17 - 20251227_140616_ac1a7dad - markdown_it.rules_block.code - DEBUG - code.code:10 - entering code: StateBlock(line=339,level=2,tokens=650), 339, 445, False
2025-12-27 14:06:17 - 20251227_140616_ac1a7dad - markdown_it.rules_block.fence - DEBUG - fence.fence:10 - entering fence: StateBlock(line=339,level=2,tokens=650), 339, 445, False
2025-12-27 14:06:17 - 20251227_140616_ac1a7dad - markdown_it.rules_block.blockquote - DEBUG - blockquote.blockquote:13 - entering blockquote: StateBlock(line=339,level=2,tokens=650), 339, 445, False
2025-12-27 14:06:17 - 20251227_140616_ac1a7dad - markdown_it.rules_block.hr - DEBUG - hr.hr:14 - entering hr: StateBlock(line=339,level=2,tokens=650), 339, 445, False
2025-12-27 14:06:17 - 20251227_140616_ac1a7dad - markdown_it.rules_block.list - DEBUG - list.list_block:102 - entering list: StateBlock(line=339,level=2,tokens=650), 339, 445, False
2025-12-27 14:06:17 - 20251227_140616_ac1a7dad - markdown_it.rules_block.reference - DEBUG - reference.reference:10 - entering reference: StateBlock(line=339,level=2,tokens=650), 339, 445, False
2025-12-27 14:06:17 - 20251227_140616_ac1a7dad - markdown_it.rules_block.html_block - DEBUG - html_block.html_block:35 - entering html_block: StateBlock(line=339,level=2,tokens=650), 339, 445, False
2025-12-27 14:06:17 - 20251227_140616_ac1a7dad - markdown_it.rules_block.heading - DEBUG - heading.heading:13 - entering heading: StateBlock(line=339,level=2,tokens=650), 339, 445, False
2025-12-27 14:06:17 - 20251227_140616_ac1a7dad - markdown_it.rules_block.lheading - DEBUG - lheading.lheading:10 - entering lheading: StateBlock(line=339,level=2,tokens=650), 339, 445, False
2025-12-27 14:06:17 - 20251227_140616_ac1a7dad - markdown_it.rules_block.paragraph - DEBUG - paragraph.paragraph:10 - entering paragraph: StateBlock(line=339,level=2,tokens=650), 339, 445, False
2025-12-27 14:06:17 - 20251227_140616_ac1a7dad - markdown_it.rules_block.fence - DEBUG - fence.fence:10 - entering fence: StateBlock(line=341,level=1,tokens=654), 341, 445, True
2025-12-27 14:06:17 - 20251227_140616_ac1a7dad - markdown_it.rules_block.blockquote - DEBUG - blockquote.blockquote:13 - entering blockquote: StateBlock(line=341,level=1,tokens=654), 341, 445, True
2025-12-27 14:06:17 - 20251227_140616_ac1a7dad - markdown_it.rules_block.hr - DEBUG - hr.hr:14 - entering hr: StateBlock(line=341,level=1,tokens=654), 341, 445, True
2025-12-27 14:06:17 - 20251227_140616_ac1a7dad - markdown_it.rules_block.code - DEBUG - code.code:10 - entering code: StateBlock(line=341,level=0,tokens=655), 341, 445, False
2025-12-27 14:06:17 - 20251227_140616_ac1a7dad - markdown_it.rules_block.fence - DEBUG - fence.fence:10 - entering fence: StateBlock(line=341,level=0,tokens=655), 341, 445, False
2025-12-27 14:06:17 - 20251227_140616_ac1a7dad - markdown_it.rules_block.blockquote - DEBUG - blockquote.blockquote:13 - entering blockquote: StateBlock(line=341,level=0,tokens=655), 341, 445, False
2025-12-27 14:06:17 - 20251227_140616_ac1a7dad - markdown_it.rules_block.hr - DEBUG - hr.hr:14 - entering hr: StateBlock(line=341,level=0,tokens=655), 341, 445, False
2025-12-27 14:06:17 - 20251227_140616_ac1a7dad - markdown_it.rules_block.list - DEBUG - list.list_block:102 - entering list: StateBlock(line=341,level=0,tokens=655), 341, 445, False
2025-12-27 14:06:17 - 20251227_140616_ac1a7dad - markdown_it.rules_block.reference - DEBUG - reference.reference:10 - entering reference: StateBlock(line=341,level=0,tokens=655), 341, 445, False
2025-12-27 14:06:17 - 20251227_140616_ac1a7dad - markdown_it.rules_block.html_block - DEBUG - html_block.html_block:35 - entering html_block: StateBlock(line=341,level=0,tokens=655), 341, 445, False
2025-12-27 14:06:17 - 20251227_140616_ac1a7dad - markdown_it.rules_block.heading - DEBUG - heading.heading:13 - entering heading: StateBlock(line=341,level=0,tokens=655), 341, 445, False
2025-12-27 14:06:17 - 20251227_140616_ac1a7dad - markdown_it.rules_block.code - DEBUG - code.code:10 - entering code: StateBlock(line=343,level=0,tokens=658), 343, 445, False
2025-12-27 14:06:17 - 20251227_140616_ac1a7dad - markdown_it.rules_block.fence - DEBUG - fence.fence:10 - entering fence: StateBlock(line=343,level=0,tokens=658), 343, 445, False
2025-12-27 14:06:17 - 20251227_140616_ac1a7dad - markdown_it.rules_block.blockquote - DEBUG - blockquote.blockquote:13 - entering blockquote: StateBlock(line=343,level=0,tokens=658), 343, 445, False
2025-12-27 14:06:17 - 20251227_140616_ac1a7dad - markdown_it.rules_block.hr - DEBUG - hr.hr:14 - entering hr: StateBlock(line=343,level=0,tokens=658), 343, 445, False
2025-12-27 14:06:17 - 20251227_140616_ac1a7dad - markdown_it.rules_block.list - DEBUG - list.list_block:102 - entering list: StateBlock(line=343,level=0,tokens=658), 343, 445, False
2025-12-27 14:06:17 - 20251227_140616_ac1a7dad - markdown_it.rules_block.code - DEBUG - code.code:10 - entering code: StateBlock(line=343,level=2,tokens=660), 343, 445, False
2025-12-27 14:06:17 - 20251227_140616_ac1a7dad - markdown_it.rules_block.fence - DEBUG - fence.fence:10 - entering fence: StateBlock(line=343,level=2,tokens=660), 343, 445, False
2025-12-27 14:06:17 - 20251227_140616_ac1a7dad - markdown_it.rules_block.blockquote - DEBUG - blockquote.blockquote:13 - entering blockquote: StateBlock(line=343,level=2,tokens=660), 343, 445, False
2025-12-27 14:06:17 - 20251227_140616_ac1a7dad - markdown_it.rules_block.hr - DEBUG - hr.hr:14 - entering hr: StateBlock(line=343,level=2,tokens=660), 343, 445, False
2025-12-27 14:06:17 - 20251227_140616_ac1a7dad - markdown_it.rules_block.list - DEBUG - list.list_block:102 - entering list: StateBlock(line=343,level=2,tokens=660), 343, 445, False
2025-12-27 14:06:17 - 20251227_140616_ac1a7dad - markdown_it.rules_block.reference - DEBUG - reference.reference:10 - entering reference: StateBlock(line=343,level=2,tokens=660), 343, 445, False
2025-12-27 14:06:17 - 20251227_140616_ac1a7dad - markdown_it.rules_block.html_block - DEBUG - html_block.html_block:35 - entering html_block: StateBlock(line=343,level=2,tokens=660), 343, 445, False
2025-12-27 14:06:17 - 20251227_140616_ac1a7dad - markdown_it.rules_block.heading - DEBUG - heading.heading:13 - entering heading: StateBlock(line=343,level=2,tokens=660), 343, 445, False
2025-12-27 14:06:17 - 20251227_140616_ac1a7dad - markdown_it.rules_block.lheading - DEBUG - lheading.lheading:10 - entering lheading: StateBlock(line=343,level=2,tokens=660), 343, 445, False
2025-12-27 14:06:17 - 20251227_140616_ac1a7dad - markdown_it.rules_block.fence - DEBUG - fence.fence:10 - entering fence: StateBlock(line=343,level=2,tokens=660), 344, 445, True
2025-12-27 14:06:17 - 20251227_140616_ac1a7dad - markdown_it.rules_block.blockquote - DEBUG - blockquote.blockquote:13 - entering blockquote: StateBlock(line=343,level=2,tokens=660), 344, 445, True
2025-12-27 14:06:17 - 20251227_140616_ac1a7dad - markdown_it.rules_block.hr - DEBUG - hr.hr:14 - entering hr: StateBlock(line=343,level=2,tokens=660), 344, 445, True
2025-12-27 14:06:17 - 20251227_140616_ac1a7dad - markdown_it.rules_block.list - DEBUG - list.list_block:102 - entering list: StateBlock(line=343,level=2,tokens=660), 344, 445, True
2025-12-27 14:06:17 - 20251227_140616_ac1a7dad - markdown_it.rules_block.html_block - DEBUG - html_block.html_block:35 - entering html_block: StateBlock(line=343,level=2,tokens=660), 344, 445, True
2025-12-27 14:06:17 - 20251227_140616_ac1a7dad - markdown_it.rules_block.heading - DEBUG - heading.heading:13 - entering heading: StateBlock(line=343,level=2,tokens=660), 344, 445, True
2025-12-27 14:06:17 - 20251227_140616_ac1a7dad - markdown_it.rules_block.fence - DEBUG - fence.fence:10 - entering fence: StateBlock(line=343,level=2,tokens=660), 345, 445, True
2025-12-27 14:06:17 - 20251227_140616_ac1a7dad - markdown_it.rules_block.blockquote - DEBUG - blockquote.blockquote:13 - entering blockquote: StateBlock(line=343,level=2,tokens=660), 345, 445, True
2025-12-27 14:06:17 - 20251227_140616_ac1a7dad - markdown_it.rules_block.hr - DEBUG - hr.hr:14 - entering hr: StateBlock(line=343,level=2,tokens=660), 345, 445, True
2025-12-27 14:06:17 - 20251227_140616_ac1a7dad - markdown_it.rules_block.list - DEBUG - list.list_block:102 - entering list: StateBlock(line=343,level=2,tokens=660), 345, 445, True
2025-12-27 14:06:17 - 20251227_140616_ac1a7dad - markdown_it.rules_block.paragraph - DEBUG - paragraph.paragraph:10 - entering paragraph: StateBlock(line=343,level=2,tokens=660), 343, 445, False
2025-12-27 14:06:17 - 20251227_140616_ac1a7dad - markdown_it.rules_block.fence - DEBUG - fence.fence:10 - entering fence: StateBlock(line=343,level=2,tokens=660), 344, 445, True
2025-12-27 14:06:17 - 20251227_140616_ac1a7dad - markdown_it.rules_block.blockquote - DEBUG - blockquote.blockquote:13 - entering blockquote: StateBlock(line=343,level=2,tokens=660), 344, 445, True
2025-12-27 14:06:17 - 20251227_140616_ac1a7dad - markdown_it.rules_block.hr - DEBUG - hr.hr:14 - entering hr: StateBlock(line=343,level=2,tokens=660), 344, 445, True
2025-12-27 14:06:17 - 20251227_140616_ac1a7dad - markdown_it.rules_block.list - DEBUG - list.list_block:102 - entering list: StateBlock(line=343,level=2,tokens=660), 344, 445, True
2025-12-27 14:06:17 - 20251227_140616_ac1a7dad - markdown_it.rules_block.html_block - DEBUG - html_block.html_block:35 - entering html_block: StateBlock(line=343,level=2,tokens=660), 344, 445, True
2025-12-27 14:06:17 - 20251227_140616_ac1a7dad - markdown_it.rules_block.heading - DEBUG - heading.heading:13 - entering heading: StateBlock(line=343,level=2,tokens=660), 344, 445, True
2025-12-27 14:06:17 - 20251227_140616_ac1a7dad - markdown_it.rules_block.fence - DEBUG - fence.fence:10 - entering fence: StateBlock(line=343,level=2,tokens=660), 345, 445, True
2025-12-27 14:06:17 - 20251227_140616_ac1a7dad - markdown_it.rules_block.blockquote - DEBUG - blockquote.blockquote:13 - entering blockquote: StateBlock(line=343,level=2,tokens=660), 345, 445, True
2025-12-27 14:06:17 - 20251227_140616_ac1a7dad - markdown_it.rules_block.hr - DEBUG - hr.hr:14 - entering hr: StateBlock(line=343,level=2,tokens=660), 345, 445, True
2025-12-27 14:06:17 - 20251227_140616_ac1a7dad - markdown_it.rules_block.list - DEBUG - list.list_block:102 - entering list: StateBlock(line=343,level=2,tokens=660), 345, 445, True
2025-12-27 14:06:17 - 20251227_140616_ac1a7dad - markdown_it.rules_block.fence - DEBUG - fence.fence:10 - entering fence: StateBlock(line=345,level=1,tokens=664), 345, 445, True
2025-12-27 14:06:17 - 20251227_140616_ac1a7dad - markdown_it.rules_block.blockquote - DEBUG - blockquote.blockquote:13 - entering blockquote: StateBlock(line=345,level=1,tokens=664), 345, 445, True
2025-12-27 14:06:17 - 20251227_140616_ac1a7dad - markdown_it.rules_block.hr - DEBUG - hr.hr:14 - entering hr: StateBlock(line=345,level=1,tokens=664), 345, 445, True
2025-12-27 14:06:17 - 20251227_140616_ac1a7dad - markdown_it.rules_block.code - DEBUG - code.code:10 - entering code: StateBlock(line=345,level=2,tokens=665), 345, 445, False
2025-12-27 14:06:17 - 20251227_140616_ac1a7dad - markdown_it.rules_block.fence - DEBUG - fence.fence:10 - entering fence: StateBlock(line=345,level=2,tokens=665), 345, 445, False
2025-12-27 14:06:17 - 20251227_140616_ac1a7dad - markdown_it.rules_block.blockquote - DEBUG - blockquote.blockquote:13 - entering blockquote: StateBlock(line=345,level=2,tokens=665), 345, 445, False
2025-12-27 14:06:17 - 20251227_140616_ac1a7dad - markdown_it.rules_block.hr - DEBUG - hr.hr:14 - entering hr: StateBlock(line=345,level=2,tokens=665), 345, 445, False
2025-12-27 14:06:17 - 20251227_140616_ac1a7dad - markdown_it.rules_block.list - DEBUG - list.list_block:102 - entering list: StateBlock(line=345,level=2,tokens=665), 345, 445, False
2025-12-27 14:06:17 - 20251227_140616_ac1a7dad - markdown_it.rules_block.reference - DEBUG - reference.reference:10 - entering reference: StateBlock(line=345,level=2,tokens=665), 345, 445, False
2025-12-27 14:06:17 - 20251227_140616_ac1a7dad - markdown_it.rules_block.html_block - DEBUG - html_block.html_block:35 - entering html_block: StateBlock(line=345,level=2,tokens=665), 345, 445, False
2025-12-27 14:06:17 - 20251227_140616_ac1a7dad - markdown_it.rules_block.heading - DEBUG - heading.heading:13 - entering heading: StateBlock(line=345,level=2,tokens=665), 345, 445, False
2025-12-27 14:06:17 - 20251227_140616_ac1a7dad - markdown_it.rules_block.lheading - DEBUG - lheading.lheading:10 - entering lheading: StateBlock(line=345,level=2,tokens=665), 345, 445, False
2025-12-27 14:06:17 - 20251227_140616_ac1a7dad - markdown_it.rules_block.fence - DEBUG - fence.fence:10 - entering fence: StateBlock(line=345,level=2,tokens=665), 346, 445, True
2025-12-27 14:06:17 - 20251227_140616_ac1a7dad - markdown_it.rules_block.blockquote - DEBUG - blockquote.blockquote:13 - entering blockquote: StateBlock(line=345,level=2,tokens=665), 346, 445, True
2025-12-27 14:06:17 - 20251227_140616_ac1a7dad - markdown_it.rules_block.hr - DEBUG - hr.hr:14 - entering hr: StateBlock(line=345,level=2,tokens=665), 346, 445, True
2025-12-27 14:06:17 - 20251227_140616_ac1a7dad - markdown_it.rules_block.list - DEBUG - list.list_block:102 - entering list: StateBlock(line=345,level=2,tokens=665), 346, 445, True
2025-12-27 14:06:17 - 20251227_140616_ac1a7dad - markdown_it.rules_block.paragraph - DEBUG - paragraph.paragraph:10 - entering paragraph: StateBlock(line=345,level=2,tokens=665), 345, 445, False
2025-12-27 14:06:17 - 20251227_140616_ac1a7dad - markdown_it.rules_block.fence - DEBUG - fence.fence:10 - entering fence: StateBlock(line=345,level=2,tokens=665), 346, 445, True
2025-12-27 14:06:17 - 20251227_140616_ac1a7dad - markdown_it.rules_block.blockquote - DEBUG - blockquote.blockquote:13 - entering blockquote: StateBlock(line=345,level=2,tokens=665), 346, 445, True
2025-12-27 14:06:17 - 20251227_140616_ac1a7dad - markdown_it.rules_block.hr - DEBUG - hr.hr:14 - entering hr: StateBlock(line=345,level=2,tokens=665), 346, 445, True
2025-12-27 14:06:17 - 20251227_140616_ac1a7dad - markdown_it.rules_block.list - DEBUG - list.list_block:102 - entering list: StateBlock(line=345,level=2,tokens=665), 346, 445, True
2025-12-27 14:06:17 - 20251227_140616_ac1a7dad - markdown_it.rules_block.fence - DEBUG - fence.fence:10 - entering fence: StateBlock(line=346,level=1,tokens=669), 346, 445, True
2025-12-27 14:06:17 - 20251227_140616_ac1a7dad - markdown_it.rules_block.blockquote - DEBUG - blockquote.blockquote:13 - entering blockquote: StateBlock(line=346,level=1,tokens=669), 346, 445, True
2025-12-27 14:06:17 - 20251227_140616_ac1a7dad - markdown_it.rules_block.hr - DEBUG - hr.hr:14 - entering hr: StateBlock(line=346,level=1,tokens=669), 346, 445, True
2025-12-27 14:06:17 - 20251227_140616_ac1a7dad - markdown_it.rules_block.code - DEBUG - code.code:10 - entering code: StateBlock(line=346,level=2,tokens=670), 346, 445, False
2025-12-27 14:06:17 - 20251227_140616_ac1a7dad - markdown_it.rules_block.fence - DEBUG - fence.fence:10 - entering fence: StateBlock(line=346,level=2,tokens=670), 346, 445, False
2025-12-27 14:06:17 - 20251227_140616_ac1a7dad - markdown_it.rules_block.blockquote - DEBUG - blockquote.blockquote:13 - entering blockquote: StateBlock(line=346,level=2,tokens=670), 346, 445, False
2025-12-27 14:06:17 - 20251227_140616_ac1a7dad - markdown_it.rules_block.hr - DEBUG - hr.hr:14 - entering hr: StateBlock(line=346,level=2,tokens=670), 346, 445, False
2025-12-27 14:06:17 - 20251227_140616_ac1a7dad - markdown_it.rules_block.list - DEBUG - list.list_block:102 - entering list: StateBlock(line=346,level=2,tokens=670), 346, 445, False
2025-12-27 14:06:17 - 20251227_140616_ac1a7dad - markdown_it.rules_block.reference - DEBUG - reference.reference:10 - entering reference: StateBlock(line=346,level=2,tokens=670), 346, 445, False
2025-12-27 14:06:17 - 20251227_140616_ac1a7dad - markdown_it.rules_block.html_block - DEBUG - html_block.html_block:35 - entering html_block: StateBlock(line=346,level=2,tokens=670), 346, 445, False
2025-12-27 14:06:17 - 20251227_140616_ac1a7dad - markdown_it.rules_block.heading - DEBUG - heading.heading:13 - entering heading: StateBlock(line=346,level=2,tokens=670), 346, 445, False
2025-12-27 14:06:17 - 20251227_140616_ac1a7dad - markdown_it.rules_block.lheading - DEBUG - lheading.lheading:10 - entering lheading: StateBlock(line=346,level=2,tokens=670), 346, 445, False
2025-12-27 14:06:17 - 20251227_140616_ac1a7dad - markdown_it.rules_block.paragraph - DEBUG - paragraph.paragraph:10 - entering paragraph: StateBlock(line=346,level=2,tokens=670), 346, 445, False
2025-12-27 14:06:17 - 20251227_140616_ac1a7dad - markdown_it.rules_block.fence - DEBUG - fence.fence:10 - entering fence: StateBlock(line=348,level=1,tokens=674), 348, 445, True
2025-12-27 14:06:17 - 20251227_140616_ac1a7dad - markdown_it.rules_block.blockquote - DEBUG - blockquote.blockquote:13 - entering blockquote: StateBlock(line=348,level=1,tokens=674), 348, 445, True
2025-12-27 14:06:17 - 20251227_140616_ac1a7dad - markdown_it.rules_block.hr - DEBUG - hr.hr:14 - entering hr: StateBlock(line=348,level=1,tokens=674), 348, 445, True
2025-12-27 14:06:17 - 20251227_140616_ac1a7dad - markdown_it.rules_block.code - DEBUG - code.code:10 - entering code: StateBlock(line=348,level=0,tokens=675), 348, 445, False
2025-12-27 14:06:17 - 20251227_140616_ac1a7dad - markdown_it.rules_block.fence - DEBUG - fence.fence:10 - entering fence: StateBlock(line=348,level=0,tokens=675), 348, 445, False
2025-12-27 14:06:17 - 20251227_140616_ac1a7dad - markdown_it.rules_block.blockquote - DEBUG - blockquote.blockquote:13 - entering blockquote: StateBlock(line=348,level=0,tokens=675), 348, 445, False
2025-12-27 14:06:17 - 20251227_140616_ac1a7dad - markdown_it.rules_block.hr - DEBUG - hr.hr:14 - entering hr: StateBlock(line=348,level=0,tokens=675), 348, 445, False
2025-12-27 14:06:17 - 20251227_140616_ac1a7dad - markdown_it.rules_block.code - DEBUG - code.code:10 - entering code: StateBlock(line=350,level=0,tokens=676), 350, 445, False
2025-12-27 14:06:17 - 20251227_140616_ac1a7dad - markdown_it.rules_block.fence - DEBUG - fence.fence:10 - entering fence: StateBlock(line=350,level=0,tokens=676), 350, 445, False
2025-12-27 14:06:17 - 20251227_140616_ac1a7dad - markdown_it.rules_block.blockquote - DEBUG - blockquote.blockquote:13 - entering blockquote: StateBlock(line=350,level=0,tokens=676), 350, 445, False
2025-12-27 14:06:17 - 20251227_140616_ac1a7dad - markdown_it.rules_block.hr - DEBUG - hr.hr:14 - entering hr: StateBlock(line=350,level=0,tokens=676), 350, 445, False
2025-12-27 14:06:17 - 20251227_140616_ac1a7dad - markdown_it.rules_block.list - DEBUG - list.list_block:102 - entering list: StateBlock(line=350,level=0,tokens=676), 350, 445, False
2025-12-27 14:06:17 - 20251227_140616_ac1a7dad - markdown_it.rules_block.reference - DEBUG - reference.reference:10 - entering reference: StateBlock(line=350,level=0,tokens=676), 350, 445, False
2025-12-27 14:06:17 - 20251227_140616_ac1a7dad - markdown_it.rules_block.html_block - DEBUG - html_block.html_block:35 - entering html_block: StateBlock(line=350,level=0,tokens=676), 350, 445, False
2025-12-27 14:06:17 - 20251227_140616_ac1a7dad - markdown_it.rules_block.heading - DEBUG - heading.heading:13 - entering heading: StateBlock(line=350,level=0,tokens=676), 350, 445, False
2025-12-27 14:06:17 - 20251227_140616_ac1a7dad - markdown_it.rules_block.code - DEBUG - code.code:10 - entering code: StateBlock(line=352,level=0,tokens=679), 352, 445, False
2025-12-27 14:06:17 - 20251227_140616_ac1a7dad - markdown_it.rules_block.fence - DEBUG - fence.fence:10 - entering fence: StateBlock(line=352,level=0,tokens=679), 352, 445, False
2025-12-27 14:06:17 - 20251227_140616_ac1a7dad - markdown_it.rules_block.blockquote - DEBUG - blockquote.blockquote:13 - entering blockquote: StateBlock(line=352,level=0,tokens=679), 352, 445, False
2025-12-27 14:06:17 - 20251227_140616_ac1a7dad - markdown_it.rules_block.hr - DEBUG - hr.hr:14 - entering hr: StateBlock(line=352,level=0,tokens=679), 352, 445, False
2025-12-27 14:06:17 - 20251227_140616_ac1a7dad - markdown_it.rules_block.list - DEBUG - list.list_block:102 - entering list: StateBlock(line=352,level=0,tokens=679), 352, 445, False
2025-12-27 14:06:17 - 20251227_140616_ac1a7dad - markdown_it.rules_block.reference - DEBUG - reference.reference:10 - entering reference: StateBlock(line=352,level=0,tokens=679), 352, 445, False
2025-12-27 14:06:17 - 20251227_140616_ac1a7dad - markdown_it.rules_block.html_block - DEBUG - html_block.html_block:35 - entering html_block: StateBlock(line=352,level=0,tokens=679), 352, 445, False
2025-12-27 14:06:17 - 20251227_140616_ac1a7dad - markdown_it.rules_block.heading - DEBUG - heading.heading:13 - entering heading: StateBlock(line=352,level=0,tokens=679), 352, 445, False
2025-12-27 14:06:17 - 20251227_140616_ac1a7dad - markdown_it.rules_block.lheading - DEBUG - lheading.lheading:10 - entering lheading: StateBlock(line=352,level=0,tokens=679), 352, 445, False
2025-12-27 14:06:17 - 20251227_140616_ac1a7dad - markdown_it.rules_block.paragraph - DEBUG - paragraph.paragraph:10 - entering paragraph: StateBlock(line=352,level=0,tokens=679), 352, 445, False
2025-12-27 14:06:17 - 20251227_140616_ac1a7dad - markdown_it.rules_block.fence - DEBUG - fence.fence:10 - entering fence: StateBlock(line=354,level=1,tokens=693), 356, 445, True
2025-12-27 14:06:17 - 20251227_140616_ac1a7dad - markdown_it.rules_block.blockquote - DEBUG - blockquote.blockquote:13 - entering blockquote: StateBlock(line=354,level=1,tokens=693), 356, 445, True
2025-12-27 14:06:17 - 20251227_140616_ac1a7dad - markdown_it.rules_block.hr - DEBUG - hr.hr:14 - entering hr: StateBlock(line=354,level=1,tokens=693), 356, 445, True
2025-12-27 14:06:17 - 20251227_140616_ac1a7dad - markdown_it.rules_block.list - DEBUG - list.list_block:102 - entering list: StateBlock(line=354,level=1,tokens=693), 356, 445, True
2025-12-27 14:06:17 - 20251227_140616_ac1a7dad - markdown_it.rules_block.html_block - DEBUG - html_block.html_block:35 - entering html_block: StateBlock(line=354,level=1,tokens=693), 356, 445, True
2025-12-27 14:06:17 - 20251227_140616_ac1a7dad - markdown_it.rules_block.heading - DEBUG - heading.heading:13 - entering heading: StateBlock(line=354,level=1,tokens=693), 356, 445, True
2025-12-27 14:06:17 - 20251227_140616_ac1a7dad - markdown_it.rules_block.fence - DEBUG - fence.fence:10 - entering fence: StateBlock(line=354,level=2,tokens=702), 357, 445, True
2025-12-27 14:06:17 - 20251227_140616_ac1a7dad - markdown_it.rules_block.blockquote - DEBUG - blockquote.blockquote:13 - entering blockquote: StateBlock(line=354,level=2,tokens=702), 357, 445, True
2025-12-27 14:06:17 - 20251227_140616_ac1a7dad - markdown_it.rules_block.hr - DEBUG - hr.hr:14 - entering hr: StateBlock(line=354,level=2,tokens=702), 357, 445, True
2025-12-27 14:06:17 - 20251227_140616_ac1a7dad - markdown_it.rules_block.list - DEBUG - list.list_block:102 - entering list: StateBlock(line=354,level=2,tokens=702), 357, 445, True
2025-12-27 14:06:17 - 20251227_140616_ac1a7dad - markdown_it.rules_block.html_block - DEBUG - html_block.html_block:35 - entering html_block: StateBlock(line=354,level=2,tokens=702), 357, 445, True
2025-12-27 14:06:17 - 20251227_140616_ac1a7dad - markdown_it.rules_block.heading - DEBUG - heading.heading:13 - entering heading: StateBlock(line=354,level=2,tokens=702), 357, 445, True
2025-12-27 14:06:17 - 20251227_140616_ac1a7dad - markdown_it.rules_block.fence - DEBUG - fence.fence:10 - entering fence: StateBlock(line=354,level=2,tokens=710), 358, 445, True
2025-12-27 14:06:17 - 20251227_140616_ac1a7dad - markdown_it.rules_block.blockquote - DEBUG - blockquote.blockquote:13 - entering blockquote: StateBlock(line=354,level=2,tokens=710), 358, 445, True
2025-12-27 14:06:17 - 20251227_140616_ac1a7dad - markdown_it.rules_block.hr - DEBUG - hr.hr:14 - entering hr: StateBlock(line=354,level=2,tokens=710), 358, 445, True
2025-12-27 14:06:17 - 20251227_140616_ac1a7dad - markdown_it.rules_block.list - DEBUG - list.list_block:102 - entering list: StateBlock(line=354,level=2,tokens=710), 358, 445, True
2025-12-27 14:06:17 - 20251227_140616_ac1a7dad - markdown_it.rules_block.html_block - DEBUG - html_block.html_block:35 - entering html_block: StateBlock(line=354,level=2,tokens=710), 358, 445, True
2025-12-27 14:06:17 - 20251227_140616_ac1a7dad - markdown_it.rules_block.heading - DEBUG - heading.heading:13 - entering heading: StateBlock(line=354,level=2,tokens=710), 358, 445, True
2025-12-27 14:06:17 - 20251227_140616_ac1a7dad - markdown_it.rules_block.fence - DEBUG - fence.fence:10 - entering fence: StateBlock(line=354,level=2,tokens=718), 359, 445, True
2025-12-27 14:06:17 - 20251227_140616_ac1a7dad - markdown_it.rules_block.blockquote - DEBUG - blockquote.blockquote:13 - entering blockquote: StateBlock(line=354,level=2,tokens=718), 359, 445, True
2025-12-27 14:06:17 - 20251227_140616_ac1a7dad - markdown_it.rules_block.hr - DEBUG - hr.hr:14 - entering hr: StateBlock(line=354,level=2,tokens=718), 359, 445, True
2025-12-27 14:06:17 - 20251227_140616_ac1a7dad - markdown_it.rules_block.list - DEBUG - list.list_block:102 - entering list: StateBlock(line=354,level=2,tokens=718), 359, 445, True
2025-12-27 14:06:17 - 20251227_140616_ac1a7dad - markdown_it.rules_block.html_block - DEBUG - html_block.html_block:35 - entering html_block: StateBlock(line=354,level=2,tokens=718), 359, 445, True
2025-12-27 14:06:17 - 20251227_140616_ac1a7dad - markdown_it.rules_block.heading - DEBUG - heading.heading:13 - entering heading: StateBlock(line=354,level=2,tokens=718), 359, 445, True
2025-12-27 14:06:17 - 20251227_140616_ac1a7dad - markdown_it.rules_block.fence - DEBUG - fence.fence:10 - entering fence: StateBlock(line=354,level=2,tokens=726), 360, 445, True
2025-12-27 14:06:17 - 20251227_140616_ac1a7dad - markdown_it.rules_block.blockquote - DEBUG - blockquote.blockquote:13 - entering blockquote: StateBlock(line=354,level=2,tokens=726), 360, 445, True
2025-12-27 14:06:17 - 20251227_140616_ac1a7dad - markdown_it.rules_block.hr - DEBUG - hr.hr:14 - entering hr: StateBlock(line=354,level=2,tokens=726), 360, 445, True
2025-12-27 14:06:17 - 20251227_140616_ac1a7dad - markdown_it.rules_block.list - DEBUG - list.list_block:102 - entering list: StateBlock(line=354,level=2,tokens=726), 360, 445, True
2025-12-27 14:06:17 - 20251227_140616_ac1a7dad - markdown_it.rules_block.html_block - DEBUG - html_block.html_block:35 - entering html_block: StateBlock(line=354,level=2,tokens=726), 360, 445, True
2025-12-27 14:06:17 - 20251227_140616_ac1a7dad - markdown_it.rules_block.heading - DEBUG - heading.heading:13 - entering heading: StateBlock(line=354,level=2,tokens=726), 360, 445, True
2025-12-27 14:06:17 - 20251227_140616_ac1a7dad - markdown_it.rules_block.fence - DEBUG - fence.fence:10 - entering fence: StateBlock(line=354,level=2,tokens=734), 361, 445, True
2025-12-27 14:06:17 - 20251227_140616_ac1a7dad - markdown_it.rules_block.blockquote - DEBUG - blockquote.blockquote:13 - entering blockquote: StateBlock(line=354,level=2,tokens=734), 361, 445, True
2025-12-27 14:06:17 - 20251227_140616_ac1a7dad - markdown_it.rules_block.hr - DEBUG - hr.hr:14 - entering hr: StateBlock(line=354,level=2,tokens=734), 361, 445, True
2025-12-27 14:06:17 - 20251227_140616_ac1a7dad - markdown_it.rules_block.list - DEBUG - list.list_block:102 - entering list: StateBlock(line=354,level=2,tokens=734), 361, 445, True
2025-12-27 14:06:17 - 20251227_140616_ac1a7dad - markdown_it.rules_block.html_block - DEBUG - html_block.html_block:35 - entering html_block: StateBlock(line=354,level=2,tokens=734), 361, 445, True
2025-12-27 14:06:17 - 20251227_140616_ac1a7dad - markdown_it.rules_block.heading - DEBUG - heading.heading:13 - entering heading: StateBlock(line=354,level=2,tokens=734), 361, 445, True
2025-12-27 14:06:17 - 20251227_140616_ac1a7dad - markdown_it.rules_block.code - DEBUG - code.code:10 - entering code: StateBlock(line=362,level=0,tokens=736), 362, 445, False
2025-12-27 14:06:17 - 20251227_140616_ac1a7dad - markdown_it.rules_block.fence - DEBUG - fence.fence:10 - entering fence: StateBlock(line=362,level=0,tokens=736), 362, 445, False
2025-12-27 14:06:17 - 20251227_140616_ac1a7dad - markdown_it.rules_block.blockquote - DEBUG - blockquote.blockquote:13 - entering blockquote: StateBlock(line=362,level=0,tokens=736), 362, 445, False
2025-12-27 14:06:17 - 20251227_140616_ac1a7dad - markdown_it.rules_block.hr - DEBUG - hr.hr:14 - entering hr: StateBlock(line=362,level=0,tokens=736), 362, 445, False
2025-12-27 14:06:17 - 20251227_140616_ac1a7dad - markdown_it.rules_block.list - DEBUG - list.list_block:102 - entering list: StateBlock(line=362,level=0,tokens=736), 362, 445, False
2025-12-27 14:06:17 - 20251227_140616_ac1a7dad - markdown_it.rules_block.reference - DEBUG - reference.reference:10 - entering reference: StateBlock(line=362,level=0,tokens=736), 362, 445, False
2025-12-27 14:06:17 - 20251227_140616_ac1a7dad - markdown_it.rules_block.html_block - DEBUG - html_block.html_block:35 - entering html_block: StateBlock(line=362,level=0,tokens=736), 362, 445, False
2025-12-27 14:06:17 - 20251227_140616_ac1a7dad - markdown_it.rules_block.heading - DEBUG - heading.heading:13 - entering heading: StateBlock(line=362,level=0,tokens=736), 362, 445, False
2025-12-27 14:06:17 - 20251227_140616_ac1a7dad - markdown_it.rules_block.code - DEBUG - code.code:10 - entering code: StateBlock(line=364,level=0,tokens=739), 364, 445, False
2025-12-27 14:06:17 - 20251227_140616_ac1a7dad - markdown_it.rules_block.fence - DEBUG - fence.fence:10 - entering fence: StateBlock(line=364,level=0,tokens=739), 364, 445, False
2025-12-27 14:06:17 - 20251227_140616_ac1a7dad - markdown_it.rules_block.blockquote - DEBUG - blockquote.blockquote:13 - entering blockquote: StateBlock(line=364,level=0,tokens=739), 364, 445, False
2025-12-27 14:06:17 - 20251227_140616_ac1a7dad - markdown_it.rules_block.hr - DEBUG - hr.hr:14 - entering hr: StateBlock(line=364,level=0,tokens=739), 364, 445, False
2025-12-27 14:06:17 - 20251227_140616_ac1a7dad - markdown_it.rules_block.list - DEBUG - list.list_block:102 - entering list: StateBlock(line=364,level=0,tokens=739), 364, 445, False
2025-12-27 14:06:17 - 20251227_140616_ac1a7dad - markdown_it.rules_block.code - DEBUG - code.code:10 - entering code: StateBlock(line=364,level=2,tokens=741), 364, 445, False
2025-12-27 14:06:17 - 20251227_140616_ac1a7dad - markdown_it.rules_block.fence - DEBUG - fence.fence:10 - entering fence: StateBlock(line=364,level=2,tokens=741), 364, 445, False
2025-12-27 14:06:17 - 20251227_140616_ac1a7dad - markdown_it.rules_block.blockquote - DEBUG - blockquote.blockquote:13 - entering blockquote: StateBlock(line=364,level=2,tokens=741), 364, 445, False
2025-12-27 14:06:17 - 20251227_140616_ac1a7dad - markdown_it.rules_block.hr - DEBUG - hr.hr:14 - entering hr: StateBlock(line=364,level=2,tokens=741), 364, 445, False
2025-12-27 14:06:17 - 20251227_140616_ac1a7dad - markdown_it.rules_block.list - DEBUG - list.list_block:102 - entering list: StateBlock(line=364,level=2,tokens=741), 364, 445, False
2025-12-27 14:06:17 - 20251227_140616_ac1a7dad - markdown_it.rules_block.reference - DEBUG - reference.reference:10 - entering reference: StateBlock(line=364,level=2,tokens=741), 364, 445, False
2025-12-27 14:06:17 - 20251227_140616_ac1a7dad - markdown_it.rules_block.html_block - DEBUG - html_block.html_block:35 - entering html_block: StateBlock(line=364,level=2,tokens=741), 364, 445, False
2025-12-27 14:06:17 - 20251227_140616_ac1a7dad - markdown_it.rules_block.heading - DEBUG - heading.heading:13 - entering heading: StateBlock(line=364,level=2,tokens=741), 364, 445, False
2025-12-27 14:06:17 - 20251227_140616_ac1a7dad - markdown_it.rules_block.lheading - DEBUG - lheading.lheading:10 - entering lheading: StateBlock(line=364,level=2,tokens=741), 364, 445, False
2025-12-27 14:06:17 - 20251227_140616_ac1a7dad - markdown_it.rules_block.fence - DEBUG - fence.fence:10 - entering fence: StateBlock(line=364,level=2,tokens=741), 365, 445, True
2025-12-27 14:06:17 - 20251227_140616_ac1a7dad - markdown_it.rules_block.blockquote - DEBUG - blockquote.blockquote:13 - entering blockquote: StateBlock(line=364,level=2,tokens=741), 365, 445, True
2025-12-27 14:06:17 - 20251227_140616_ac1a7dad - markdown_it.rules_block.hr - DEBUG - hr.hr:14 - entering hr: StateBlock(line=364,level=2,tokens=741), 365, 445, True
2025-12-27 14:06:17 - 20251227_140616_ac1a7dad - markdown_it.rules_block.list - DEBUG - list.list_block:102 - entering list: StateBlock(line=364,level=2,tokens=741), 365, 445, True
2025-12-27 14:06:17 - 20251227_140616_ac1a7dad - markdown_it.rules_block.html_block - DEBUG - html_block.html_block:35 - entering html_block: StateBlock(line=364,level=2,tokens=741), 365, 445, True
2025-12-27 14:06:17 - 20251227_140616_ac1a7dad - markdown_it.rules_block.heading - DEBUG - heading.heading:13 - entering heading: StateBlock(line=364,level=2,tokens=741), 365, 445, True
2025-12-27 14:06:17 - 20251227_140616_ac1a7dad - markdown_it.rules_block.fence - DEBUG - fence.fence:10 - entering fence: StateBlock(line=364,level=2,tokens=741), 366, 445, True
2025-12-27 14:06:17 - 20251227_140616_ac1a7dad - markdown_it.rules_block.blockquote - DEBUG - blockquote.blockquote:13 - entering blockquote: StateBlock(line=364,level=2,tokens=741), 366, 445, True
2025-12-27 14:06:17 - 20251227_140616_ac1a7dad - markdown_it.rules_block.hr - DEBUG - hr.hr:14 - entering hr: StateBlock(line=364,level=2,tokens=741), 366, 445, True
2025-12-27 14:06:17 - 20251227_140616_ac1a7dad - markdown_it.rules_block.list - DEBUG - list.list_block:102 - entering list: StateBlock(line=364,level=2,tokens=741), 366, 445, True
2025-12-27 14:06:17 - 20251227_140616_ac1a7dad - markdown_it.rules_block.paragraph - DEBUG - paragraph.paragraph:10 - entering paragraph: StateBlock(line=364,level=2,tokens=741), 364, 445, False
2025-12-27 14:06:17 - 20251227_140616_ac1a7dad - markdown_it.rules_block.fence - DEBUG - fence.fence:10 - entering fence: StateBlock(line=364,level=2,tokens=741), 365, 445, True
2025-12-27 14:06:17 - 20251227_140616_ac1a7dad - markdown_it.rules_block.blockquote - DEBUG - blockquote.blockquote:13 - entering blockquote: StateBlock(line=364,level=2,tokens=741), 365, 445, True
2025-12-27 14:06:17 - 20251227_140616_ac1a7dad - markdown_it.rules_block.hr - DEBUG - hr.hr:14 - entering hr: StateBlock(line=364,level=2,tokens=741), 365, 445, True
2025-12-27 14:06:17 - 20251227_140616_ac1a7dad - markdown_it.rules_block.list - DEBUG - list.list_block:102 - entering list: StateBlock(line=364,level=2,tokens=741), 365, 445, True
2025-12-27 14:06:17 - 20251227_140616_ac1a7dad - markdown_it.rules_block.html_block - DEBUG - html_block.html_block:35 - entering html_block: StateBlock(line=364,level=2,tokens=741), 365, 445, True
2025-12-27 14:06:17 - 20251227_140616_ac1a7dad - markdown_it.rules_block.heading - DEBUG - heading.heading:13 - entering heading: StateBlock(line=364,level=2,tokens=741), 365, 445, True
2025-12-27 14:06:17 - 20251227_140616_ac1a7dad - markdown_it.rules_block.fence - DEBUG - fence.fence:10 - entering fence: StateBlock(line=364,level=2,tokens=741), 366, 445, True
2025-12-27 14:06:17 - 20251227_140616_ac1a7dad - markdown_it.rules_block.blockquote - DEBUG - blockquote.blockquote:13 - entering blockquote: StateBlock(line=364,level=2,tokens=741), 366, 445, True
2025-12-27 14:06:17 - 20251227_140616_ac1a7dad - markdown_it.rules_block.hr - DEBUG - hr.hr:14 - entering hr: StateBlock(line=364,level=2,tokens=741), 366, 445, True
2025-12-27 14:06:17 - 20251227_140616_ac1a7dad - markdown_it.rules_block.list - DEBUG - list.list_block:102 - entering list: StateBlock(line=364,level=2,tokens=741), 366, 445, True
2025-12-27 14:06:17 - 20251227_140616_ac1a7dad - markdown_it.rules_block.fence - DEBUG - fence.fence:10 - entering fence: StateBlock(line=366,level=1,tokens=745), 366, 445, True
2025-12-27 14:06:17 - 20251227_140616_ac1a7dad - markdown_it.rules_block.blockquote - DEBUG - blockquote.blockquote:13 - entering blockquote: StateBlock(line=366,level=1,tokens=745), 366, 445, True
2025-12-27 14:06:17 - 20251227_140616_ac1a7dad - markdown_it.rules_block.hr - DEBUG - hr.hr:14 - entering hr: StateBlock(line=366,level=1,tokens=745), 366, 445, True
2025-12-27 14:06:17 - 20251227_140616_ac1a7dad - markdown_it.rules_block.code - DEBUG - code.code:10 - entering code: StateBlock(line=366,level=2,tokens=746), 366, 445, False
2025-12-27 14:06:17 - 20251227_140616_ac1a7dad - markdown_it.rules_block.fence - DEBUG - fence.fence:10 - entering fence: StateBlock(line=366,level=2,tokens=746), 366, 445, False
2025-12-27 14:06:17 - 20251227_140616_ac1a7dad - markdown_it.rules_block.blockquote - DEBUG - blockquote.blockquote:13 - entering blockquote: StateBlock(line=366,level=2,tokens=746), 366, 445, False
2025-12-27 14:06:17 - 20251227_140616_ac1a7dad - markdown_it.rules_block.hr - DEBUG - hr.hr:14 - entering hr: StateBlock(line=366,level=2,tokens=746), 366, 445, False
2025-12-27 14:06:17 - 20251227_140616_ac1a7dad - markdown_it.rules_block.list - DEBUG - list.list_block:102 - entering list: StateBlock(line=366,level=2,tokens=746), 366, 445, False
2025-12-27 14:06:17 - 20251227_140616_ac1a7dad - markdown_it.rules_block.reference - DEBUG - reference.reference:10 - entering reference: StateBlock(line=366,level=2,tokens=746), 366, 445, False
2025-12-27 14:06:17 - 20251227_140616_ac1a7dad - markdown_it.rules_block.html_block - DEBUG - html_block.html_block:35 - entering html_block: StateBlock(line=366,level=2,tokens=746), 366, 445, False
2025-12-27 14:06:17 - 20251227_140616_ac1a7dad - markdown_it.rules_block.heading - DEBUG - heading.heading:13 - entering heading: StateBlock(line=366,level=2,tokens=746), 366, 445, False
2025-12-27 14:06:17 - 20251227_140616_ac1a7dad - markdown_it.rules_block.lheading - DEBUG - lheading.lheading:10 - entering lheading: StateBlock(line=366,level=2,tokens=746), 366, 445, False
2025-12-27 14:06:17 - 20251227_140616_ac1a7dad - markdown_it.rules_block.fence - DEBUG - fence.fence:10 - entering fence: StateBlock(line=366,level=2,tokens=746), 367, 445, True
2025-12-27 14:06:17 - 20251227_140616_ac1a7dad - markdown_it.rules_block.blockquote - DEBUG - blockquote.blockquote:13 - entering blockquote: StateBlock(line=366,level=2,tokens=746), 367, 445, True
2025-12-27 14:06:17 - 20251227_140616_ac1a7dad - markdown_it.rules_block.hr - DEBUG - hr.hr:14 - entering hr: StateBlock(line=366,level=2,tokens=746), 367, 445, True
2025-12-27 14:06:17 - 20251227_140616_ac1a7dad - markdown_it.rules_block.list - DEBUG - list.list_block:102 - entering list: StateBlock(line=366,level=2,tokens=746), 367, 445, True
2025-12-27 14:06:17 - 20251227_140616_ac1a7dad - markdown_it.rules_block.html_block - DEBUG - html_block.html_block:35 - entering html_block: StateBlock(line=366,level=2,tokens=746), 367, 445, True
2025-12-27 14:06:17 - 20251227_140616_ac1a7dad - markdown_it.rules_block.heading - DEBUG - heading.heading:13 - entering heading: StateBlock(line=366,level=2,tokens=746), 367, 445, True
2025-12-27 14:06:17 - 20251227_140616_ac1a7dad - markdown_it.rules_block.fence - DEBUG - fence.fence:10 - entering fence: StateBlock(line=366,level=2,tokens=746), 368, 445, True
2025-12-27 14:06:17 - 20251227_140616_ac1a7dad - markdown_it.rules_block.blockquote - DEBUG - blockquote.blockquote:13 - entering blockquote: StateBlock(line=366,level=2,tokens=746), 368, 445, True
2025-12-27 14:06:17 - 20251227_140616_ac1a7dad - markdown_it.rules_block.hr - DEBUG - hr.hr:14 - entering hr: StateBlock(line=366,level=2,tokens=746), 368, 445, True
2025-12-27 14:06:17 - 20251227_140616_ac1a7dad - markdown_it.rules_block.list - DEBUG - list.list_block:102 - entering list: StateBlock(line=366,level=2,tokens=746), 368, 445, True
2025-12-27 14:06:17 - 20251227_140616_ac1a7dad - markdown_it.rules_block.paragraph - DEBUG - paragraph.paragraph:10 - entering paragraph: StateBlock(line=366,level=2,tokens=746), 366, 445, False
2025-12-27 14:06:17 - 20251227_140616_ac1a7dad - markdown_it.rules_block.fence - DEBUG - fence.fence:10 - entering fence: StateBlock(line=366,level=2,tokens=746), 367, 445, True
2025-12-27 14:06:17 - 20251227_140616_ac1a7dad - markdown_it.rules_block.blockquote - DEBUG - blockquote.blockquote:13 - entering blockquote: StateBlock(line=366,level=2,tokens=746), 367, 445, True
2025-12-27 14:06:17 - 20251227_140616_ac1a7dad - markdown_it.rules_block.hr - DEBUG - hr.hr:14 - entering hr: StateBlock(line=366,level=2,tokens=746), 367, 445, True
2025-12-27 14:06:17 - 20251227_140616_ac1a7dad - markdown_it.rules_block.list - DEBUG - list.list_block:102 - entering list: StateBlock(line=366,level=2,tokens=746), 367, 445, True
2025-12-27 14:06:17 - 20251227_140616_ac1a7dad - markdown_it.rules_block.html_block - DEBUG - html_block.html_block:35 - entering html_block: StateBlock(line=366,level=2,tokens=746), 367, 445, True
2025-12-27 14:06:17 - 20251227_140616_ac1a7dad - markdown_it.rules_block.heading - DEBUG - heading.heading:13 - entering heading: StateBlock(line=366,level=2,tokens=746), 367, 445, True
2025-12-27 14:06:17 - 20251227_140616_ac1a7dad - markdown_it.rules_block.fence - DEBUG - fence.fence:10 - entering fence: StateBlock(line=366,level=2,tokens=746), 368, 445, True
2025-12-27 14:06:17 - 20251227_140616_ac1a7dad - markdown_it.rules_block.blockquote - DEBUG - blockquote.blockquote:13 - entering blockquote: StateBlock(line=366,level=2,tokens=746), 368, 445, True
2025-12-27 14:06:17 - 20251227_140616_ac1a7dad - markdown_it.rules_block.hr - DEBUG - hr.hr:14 - entering hr: StateBlock(line=366,level=2,tokens=746), 368, 445, True
2025-12-27 14:06:17 - 20251227_140616_ac1a7dad - markdown_it.rules_block.list - DEBUG - list.list_block:102 - entering list: StateBlock(line=366,level=2,tokens=746), 368, 445, True
2025-12-27 14:06:17 - 20251227_140616_ac1a7dad - markdown_it.rules_block.fence - DEBUG - fence.fence:10 - entering fence: StateBlock(line=368,level=1,tokens=750), 368, 445, True
2025-12-27 14:06:17 - 20251227_140616_ac1a7dad - markdown_it.rules_block.blockquote - DEBUG - blockquote.blockquote:13 - entering blockquote: StateBlock(line=368,level=1,tokens=750), 368, 445, True
2025-12-27 14:06:17 - 20251227_140616_ac1a7dad - markdown_it.rules_block.hr - DEBUG - hr.hr:14 - entering hr: StateBlock(line=368,level=1,tokens=750), 368, 445, True
2025-12-27 14:06:17 - 20251227_140616_ac1a7dad - markdown_it.rules_block.code - DEBUG - code.code:10 - entering code: StateBlock(line=368,level=2,tokens=751), 368, 445, False
2025-12-27 14:06:17 - 20251227_140616_ac1a7dad - markdown_it.rules_block.fence - DEBUG - fence.fence:10 - entering fence: StateBlock(line=368,level=2,tokens=751), 368, 445, False
2025-12-27 14:06:17 - 20251227_140616_ac1a7dad - markdown_it.rules_block.blockquote - DEBUG - blockquote.blockquote:13 - entering blockquote: StateBlock(line=368,level=2,tokens=751), 368, 445, False
2025-12-27 14:06:17 - 20251227_140616_ac1a7dad - markdown_it.rules_block.hr - DEBUG - hr.hr:14 - entering hr: StateBlock(line=368,level=2,tokens=751), 368, 445, False
2025-12-27 14:06:17 - 20251227_140616_ac1a7dad - markdown_it.rules_block.list - DEBUG - list.list_block:102 - entering list: StateBlock(line=368,level=2,tokens=751), 368, 445, False
2025-12-27 14:06:17 - 20251227_140616_ac1a7dad - markdown_it.rules_block.reference - DEBUG - reference.reference:10 - entering reference: StateBlock(line=368,level=2,tokens=751), 368, 445, False
2025-12-27 14:06:17 - 20251227_140616_ac1a7dad - markdown_it.rules_block.html_block - DEBUG - html_block.html_block:35 - entering html_block: StateBlock(line=368,level=2,tokens=751), 368, 445, False
2025-12-27 14:06:17 - 20251227_140616_ac1a7dad - markdown_it.rules_block.heading - DEBUG - heading.heading:13 - entering heading: StateBlock(line=368,level=2,tokens=751), 368, 445, False
2025-12-27 14:06:17 - 20251227_140616_ac1a7dad - markdown_it.rules_block.lheading - DEBUG - lheading.lheading:10 - entering lheading: StateBlock(line=368,level=2,tokens=751), 368, 445, False
2025-12-27 14:06:17 - 20251227_140616_ac1a7dad - markdown_it.rules_block.fence - DEBUG - fence.fence:10 - entering fence: StateBlock(line=368,level=2,tokens=751), 369, 445, True
2025-12-27 14:06:17 - 20251227_140616_ac1a7dad - markdown_it.rules_block.blockquote - DEBUG - blockquote.blockquote:13 - entering blockquote: StateBlock(line=368,level=2,tokens=751), 369, 445, True
2025-12-27 14:06:17 - 20251227_140616_ac1a7dad - markdown_it.rules_block.hr - DEBUG - hr.hr:14 - entering hr: StateBlock(line=368,level=2,tokens=751), 369, 445, True
2025-12-27 14:06:17 - 20251227_140616_ac1a7dad - markdown_it.rules_block.list - DEBUG - list.list_block:102 - entering list: StateBlock(line=368,level=2,tokens=751), 369, 445, True
2025-12-27 14:06:17 - 20251227_140616_ac1a7dad - markdown_it.rules_block.html_block - DEBUG - html_block.html_block:35 - entering html_block: StateBlock(line=368,level=2,tokens=751), 369, 445, True
2025-12-27 14:06:17 - 20251227_140616_ac1a7dad - markdown_it.rules_block.heading - DEBUG - heading.heading:13 - entering heading: StateBlock(line=368,level=2,tokens=751), 369, 445, True
2025-12-27 14:06:17 - 20251227_140616_ac1a7dad - markdown_it.rules_block.paragraph - DEBUG - paragraph.paragraph:10 - entering paragraph: StateBlock(line=368,level=2,tokens=751), 368, 445, False
2025-12-27 14:06:17 - 20251227_140616_ac1a7dad - markdown_it.rules_block.fence - DEBUG - fence.fence:10 - entering fence: StateBlock(line=368,level=2,tokens=751), 369, 445, True
2025-12-27 14:06:17 - 20251227_140616_ac1a7dad - markdown_it.rules_block.blockquote - DEBUG - blockquote.blockquote:13 - entering blockquote: StateBlock(line=368,level=2,tokens=751), 369, 445, True
2025-12-27 14:06:17 - 20251227_140616_ac1a7dad - markdown_it.rules_block.hr - DEBUG - hr.hr:14 - entering hr: StateBlock(line=368,level=2,tokens=751), 369, 445, True
2025-12-27 14:06:17 - 20251227_140616_ac1a7dad - markdown_it.rules_block.list - DEBUG - list.list_block:102 - entering list: StateBlock(line=368,level=2,tokens=751), 369, 445, True
2025-12-27 14:06:17 - 20251227_140616_ac1a7dad - markdown_it.rules_block.html_block - DEBUG - html_block.html_block:35 - entering html_block: StateBlock(line=368,level=2,tokens=751), 369, 445, True
2025-12-27 14:06:17 - 20251227_140616_ac1a7dad - markdown_it.rules_block.heading - DEBUG - heading.heading:13 - entering heading: StateBlock(line=368,level=2,tokens=751), 369, 445, True
2025-12-27 14:06:17 - 20251227_140616_ac1a7dad - markdown_it.rules_block.fence - DEBUG - fence.fence:10 - entering fence: StateBlock(line=371,level=1,tokens=755), 371, 445, True
2025-12-27 14:06:17 - 20251227_140616_ac1a7dad - markdown_it.rules_block.blockquote - DEBUG - blockquote.blockquote:13 - entering blockquote: StateBlock(line=371,level=1,tokens=755), 371, 445, True
2025-12-27 14:06:17 - 20251227_140616_ac1a7dad - markdown_it.rules_block.hr - DEBUG - hr.hr:14 - entering hr: StateBlock(line=371,level=1,tokens=755), 371, 445, True
2025-12-27 14:06:17 - 20251227_140616_ac1a7dad - markdown_it.rules_block.code - DEBUG - code.code:10 - entering code: StateBlock(line=371,level=0,tokens=756), 371, 445, False
2025-12-27 14:06:17 - 20251227_140616_ac1a7dad - markdown_it.rules_block.fence - DEBUG - fence.fence:10 - entering fence: StateBlock(line=371,level=0,tokens=756), 371, 445, False
2025-12-27 14:06:17 - 20251227_140616_ac1a7dad - markdown_it.rules_block.blockquote - DEBUG - blockquote.blockquote:13 - entering blockquote: StateBlock(line=371,level=0,tokens=756), 371, 445, False
2025-12-27 14:06:17 - 20251227_140616_ac1a7dad - markdown_it.rules_block.hr - DEBUG - hr.hr:14 - entering hr: StateBlock(line=371,level=0,tokens=756), 371, 445, False
2025-12-27 14:06:17 - 20251227_140616_ac1a7dad - markdown_it.rules_block.code - DEBUG - code.code:10 - entering code: StateBlock(line=373,level=0,tokens=757), 373, 445, False
2025-12-27 14:06:17 - 20251227_140616_ac1a7dad - markdown_it.rules_block.fence - DEBUG - fence.fence:10 - entering fence: StateBlock(line=373,level=0,tokens=757), 373, 445, False
2025-12-27 14:06:17 - 20251227_140616_ac1a7dad - markdown_it.rules_block.blockquote - DEBUG - blockquote.blockquote:13 - entering blockquote: StateBlock(line=373,level=0,tokens=757), 373, 445, False
2025-12-27 14:06:17 - 20251227_140616_ac1a7dad - markdown_it.rules_block.hr - DEBUG - hr.hr:14 - entering hr: StateBlock(line=373,level=0,tokens=757), 373, 445, False
2025-12-27 14:06:17 - 20251227_140616_ac1a7dad - markdown_it.rules_block.list - DEBUG - list.list_block:102 - entering list: StateBlock(line=373,level=0,tokens=757), 373, 445, False
2025-12-27 14:06:17 - 20251227_140616_ac1a7dad - markdown_it.rules_block.reference - DEBUG - reference.reference:10 - entering reference: StateBlock(line=373,level=0,tokens=757), 373, 445, False
2025-12-27 14:06:17 - 20251227_140616_ac1a7dad - markdown_it.rules_block.html_block - DEBUG - html_block.html_block:35 - entering html_block: StateBlock(line=373,level=0,tokens=757), 373, 445, False
2025-12-27 14:06:17 - 20251227_140616_ac1a7dad - markdown_it.rules_block.heading - DEBUG - heading.heading:13 - entering heading: StateBlock(line=373,level=0,tokens=757), 373, 445, False
2025-12-27 14:06:17 - 20251227_140616_ac1a7dad - markdown_it.rules_block.code - DEBUG - code.code:10 - entering code: StateBlock(line=375,level=0,tokens=760), 375, 445, False
2025-12-27 14:06:17 - 20251227_140616_ac1a7dad - markdown_it.rules_block.fence - DEBUG - fence.fence:10 - entering fence: StateBlock(line=375,level=0,tokens=760), 375, 445, False
2025-12-27 14:06:17 - 20251227_140616_ac1a7dad - markdown_it.rules_block.blockquote - DEBUG - blockquote.blockquote:13 - entering blockquote: StateBlock(line=375,level=0,tokens=760), 375, 445, False
2025-12-27 14:06:17 - 20251227_140616_ac1a7dad - markdown_it.rules_block.hr - DEBUG - hr.hr:14 - entering hr: StateBlock(line=375,level=0,tokens=760), 375, 445, False
2025-12-27 14:06:17 - 20251227_140616_ac1a7dad - markdown_it.rules_block.list - DEBUG - list.list_block:102 - entering list: StateBlock(line=375,level=0,tokens=760), 375, 445, False
2025-12-27 14:06:17 - 20251227_140616_ac1a7dad - markdown_it.rules_block.reference - DEBUG - reference.reference:10 - entering reference: StateBlock(line=375,level=0,tokens=760), 375, 445, False
2025-12-27 14:06:17 - 20251227_140616_ac1a7dad - markdown_it.rules_block.html_block - DEBUG - html_block.html_block:35 - entering html_block: StateBlock(line=375,level=0,tokens=760), 375, 445, False
2025-12-27 14:06:17 - 20251227_140616_ac1a7dad - markdown_it.rules_block.heading - DEBUG - heading.heading:13 - entering heading: StateBlock(line=375,level=0,tokens=760), 375, 445, False
2025-12-27 14:06:17 - 20251227_140616_ac1a7dad - markdown_it.rules_block.lheading - DEBUG - lheading.lheading:10 - entering lheading: StateBlock(line=375,level=0,tokens=760), 375, 445, False
2025-12-27 14:06:17 - 20251227_140616_ac1a7dad - markdown_it.rules_block.paragraph - DEBUG - paragraph.paragraph:10 - entering paragraph: StateBlock(line=375,level=0,tokens=760), 375, 445, False
2025-12-27 14:06:17 - 20251227_140616_ac1a7dad - markdown_it.rules_block.code - DEBUG - code.code:10 - entering code: StateBlock(line=377,level=0,tokens=763), 377, 445, False
2025-12-27 14:06:17 - 20251227_140616_ac1a7dad - markdown_it.rules_block.fence - DEBUG - fence.fence:10 - entering fence: StateBlock(line=377,level=0,tokens=763), 377, 445, False
2025-12-27 14:06:17 - 20251227_140616_ac1a7dad - markdown_it.rules_block.blockquote - DEBUG - blockquote.blockquote:13 - entering blockquote: StateBlock(line=377,level=0,tokens=763), 377, 445, False
2025-12-27 14:06:17 - 20251227_140616_ac1a7dad - markdown_it.rules_block.hr - DEBUG - hr.hr:14 - entering hr: StateBlock(line=377,level=0,tokens=763), 377, 445, False
2025-12-27 14:06:17 - 20251227_140616_ac1a7dad - markdown_it.rules_block.list - DEBUG - list.list_block:102 - entering list: StateBlock(line=377,level=0,tokens=763), 377, 445, False
2025-12-27 14:06:17 - 20251227_140616_ac1a7dad - markdown_it.rules_block.reference - DEBUG - reference.reference:10 - entering reference: StateBlock(line=377,level=0,tokens=763), 377, 445, False
2025-12-27 14:06:17 - 20251227_140616_ac1a7dad - markdown_it.rules_block.html_block - DEBUG - html_block.html_block:35 - entering html_block: StateBlock(line=377,level=0,tokens=763), 377, 445, False
2025-12-27 14:06:17 - 20251227_140616_ac1a7dad - markdown_it.rules_block.heading - DEBUG - heading.heading:13 - entering heading: StateBlock(line=377,level=0,tokens=763), 377, 445, False
2025-12-27 14:06:17 - 20251227_140616_ac1a7dad - markdown_it.rules_block.code - DEBUG - code.code:10 - entering code: StateBlock(line=379,level=0,tokens=766), 379, 445, False
2025-12-27 14:06:17 - 20251227_140616_ac1a7dad - markdown_it.rules_block.fence - DEBUG - fence.fence:10 - entering fence: StateBlock(line=379,level=0,tokens=766), 379, 445, False
2025-12-27 14:06:17 - 20251227_140616_ac1a7dad - markdown_it.rules_block.blockquote - DEBUG - blockquote.blockquote:13 - entering blockquote: StateBlock(line=379,level=0,tokens=766), 379, 445, False
2025-12-27 14:06:17 - 20251227_140616_ac1a7dad - markdown_it.rules_block.hr - DEBUG - hr.hr:14 - entering hr: StateBlock(line=379,level=0,tokens=766), 379, 445, False
2025-12-27 14:06:17 - 20251227_140616_ac1a7dad - markdown_it.rules_block.list - DEBUG - list.list_block:102 - entering list: StateBlock(line=379,level=0,tokens=766), 379, 445, False
2025-12-27 14:06:17 - 20251227_140616_ac1a7dad - markdown_it.rules_block.code - DEBUG - code.code:10 - entering code: StateBlock(line=379,level=2,tokens=768), 379, 445, False
2025-12-27 14:06:17 - 20251227_140616_ac1a7dad - markdown_it.rules_block.fence - DEBUG - fence.fence:10 - entering fence: StateBlock(line=379,level=2,tokens=768), 379, 445, False
2025-12-27 14:06:17 - 20251227_140616_ac1a7dad - markdown_it.rules_block.blockquote - DEBUG - blockquote.blockquote:13 - entering blockquote: StateBlock(line=379,level=2,tokens=768), 379, 445, False
2025-12-27 14:06:17 - 20251227_140616_ac1a7dad - markdown_it.rules_block.hr - DEBUG - hr.hr:14 - entering hr: StateBlock(line=379,level=2,tokens=768), 379, 445, False
2025-12-27 14:06:17 - 20251227_140616_ac1a7dad - markdown_it.rules_block.list - DEBUG - list.list_block:102 - entering list: StateBlock(line=379,level=2,tokens=768), 379, 445, False
2025-12-27 14:06:17 - 20251227_140616_ac1a7dad - markdown_it.rules_block.reference - DEBUG - reference.reference:10 - entering reference: StateBlock(line=379,level=2,tokens=768), 379, 445, False
2025-12-27 14:06:17 - 20251227_140616_ac1a7dad - markdown_it.rules_block.html_block - DEBUG - html_block.html_block:35 - entering html_block: StateBlock(line=379,level=2,tokens=768), 379, 445, False
2025-12-27 14:06:17 - 20251227_140616_ac1a7dad - markdown_it.rules_block.heading - DEBUG - heading.heading:13 - entering heading: StateBlock(line=379,level=2,tokens=768), 379, 445, False
2025-12-27 14:06:17 - 20251227_140616_ac1a7dad - markdown_it.rules_block.lheading - DEBUG - lheading.lheading:10 - entering lheading: StateBlock(line=379,level=2,tokens=768), 379, 445, False
2025-12-27 14:06:17 - 20251227_140616_ac1a7dad - markdown_it.rules_block.fence - DEBUG - fence.fence:10 - entering fence: StateBlock(line=379,level=2,tokens=768), 380, 445, True
2025-12-27 14:06:17 - 20251227_140616_ac1a7dad - markdown_it.rules_block.blockquote - DEBUG - blockquote.blockquote:13 - entering blockquote: StateBlock(line=379,level=2,tokens=768), 380, 445, True
2025-12-27 14:06:17 - 20251227_140616_ac1a7dad - markdown_it.rules_block.hr - DEBUG - hr.hr:14 - entering hr: StateBlock(line=379,level=2,tokens=768), 380, 445, True
2025-12-27 14:06:17 - 20251227_140616_ac1a7dad - markdown_it.rules_block.list - DEBUG - list.list_block:102 - entering list: StateBlock(line=379,level=2,tokens=768), 380, 445, True
2025-12-27 14:06:17 - 20251227_140616_ac1a7dad - markdown_it.rules_block.paragraph - DEBUG - paragraph.paragraph:10 - entering paragraph: StateBlock(line=379,level=2,tokens=768), 379, 445, False
2025-12-27 14:06:17 - 20251227_140616_ac1a7dad - markdown_it.rules_block.fence - DEBUG - fence.fence:10 - entering fence: StateBlock(line=379,level=2,tokens=768), 380, 445, True
2025-12-27 14:06:17 - 20251227_140616_ac1a7dad - markdown_it.rules_block.blockquote - DEBUG - blockquote.blockquote:13 - entering blockquote: StateBlock(line=379,level=2,tokens=768), 380, 445, True
2025-12-27 14:06:17 - 20251227_140616_ac1a7dad - markdown_it.rules_block.hr - DEBUG - hr.hr:14 - entering hr: StateBlock(line=379,level=2,tokens=768), 380, 445, True
2025-12-27 14:06:17 - 20251227_140616_ac1a7dad - markdown_it.rules_block.list - DEBUG - list.list_block:102 - entering list: StateBlock(line=379,level=2,tokens=768), 380, 445, True
2025-12-27 14:06:17 - 20251227_140616_ac1a7dad - markdown_it.rules_block.fence - DEBUG - fence.fence:10 - entering fence: StateBlock(line=380,level=1,tokens=772), 380, 445, True
2025-12-27 14:06:17 - 20251227_140616_ac1a7dad - markdown_it.rules_block.blockquote - DEBUG - blockquote.blockquote:13 - entering blockquote: StateBlock(line=380,level=1,tokens=772), 380, 445, True
2025-12-27 14:06:17 - 20251227_140616_ac1a7dad - markdown_it.rules_block.hr - DEBUG - hr.hr:14 - entering hr: StateBlock(line=380,level=1,tokens=772), 380, 445, True
2025-12-27 14:06:17 - 20251227_140616_ac1a7dad - markdown_it.rules_block.code - DEBUG - code.code:10 - entering code: StateBlock(line=380,level=2,tokens=773), 380, 445, False
2025-12-27 14:06:17 - 20251227_140616_ac1a7dad - markdown_it.rules_block.fence - DEBUG - fence.fence:10 - entering fence: StateBlock(line=380,level=2,tokens=773), 380, 445, False
2025-12-27 14:06:17 - 20251227_140616_ac1a7dad - markdown_it.rules_block.blockquote - DEBUG - blockquote.blockquote:13 - entering blockquote: StateBlock(line=380,level=2,tokens=773), 380, 445, False
2025-12-27 14:06:17 - 20251227_140616_ac1a7dad - markdown_it.rules_block.hr - DEBUG - hr.hr:14 - entering hr: StateBlock(line=380,level=2,tokens=773), 380, 445, False
2025-12-27 14:06:17 - 20251227_140616_ac1a7dad - markdown_it.rules_block.list - DEBUG - list.list_block:102 - entering list: StateBlock(line=380,level=2,tokens=773), 380, 445, False
2025-12-27 14:06:17 - 20251227_140616_ac1a7dad - markdown_it.rules_block.reference - DEBUG - reference.reference:10 - entering reference: StateBlock(line=380,level=2,tokens=773), 380, 445, False
2025-12-27 14:06:17 - 20251227_140616_ac1a7dad - markdown_it.rules_block.html_block - DEBUG - html_block.html_block:35 - entering html_block: StateBlock(line=380,level=2,tokens=773), 380, 445, False
2025-12-27 14:06:17 - 20251227_140616_ac1a7dad - markdown_it.rules_block.heading - DEBUG - heading.heading:13 - entering heading: StateBlock(line=380,level=2,tokens=773), 380, 445, False
2025-12-27 14:06:17 - 20251227_140616_ac1a7dad - markdown_it.rules_block.lheading - DEBUG - lheading.lheading:10 - entering lheading: StateBlock(line=380,level=2,tokens=773), 380, 445, False
2025-12-27 14:06:17 - 20251227_140616_ac1a7dad - markdown_it.rules_block.fence - DEBUG - fence.fence:10 - entering fence: StateBlock(line=380,level=2,tokens=773), 381, 445, True
2025-12-27 14:06:17 - 20251227_140616_ac1a7dad - markdown_it.rules_block.blockquote - DEBUG - blockquote.blockquote:13 - entering blockquote: StateBlock(line=380,level=2,tokens=773), 381, 445, True
2025-12-27 14:06:17 - 20251227_140616_ac1a7dad - markdown_it.rules_block.hr - DEBUG - hr.hr:14 - entering hr: StateBlock(line=380,level=2,tokens=773), 381, 445, True
2025-12-27 14:06:17 - 20251227_140616_ac1a7dad - markdown_it.rules_block.list - DEBUG - list.list_block:102 - entering list: StateBlock(line=380,level=2,tokens=773), 381, 445, True
2025-12-27 14:06:17 - 20251227_140616_ac1a7dad - markdown_it.rules_block.paragraph - DEBUG - paragraph.paragraph:10 - entering paragraph: StateBlock(line=380,level=2,tokens=773), 380, 445, False
2025-12-27 14:06:17 - 20251227_140616_ac1a7dad - markdown_it.rules_block.fence - DEBUG - fence.fence:10 - entering fence: StateBlock(line=380,level=2,tokens=773), 381, 445, True
2025-12-27 14:06:17 - 20251227_140616_ac1a7dad - markdown_it.rules_block.blockquote - DEBUG - blockquote.blockquote:13 - entering blockquote: StateBlock(line=380,level=2,tokens=773), 381, 445, True
2025-12-27 14:06:17 - 20251227_140616_ac1a7dad - markdown_it.rules_block.hr - DEBUG - hr.hr:14 - entering hr: StateBlock(line=380,level=2,tokens=773), 381, 445, True
2025-12-27 14:06:17 - 20251227_140616_ac1a7dad - markdown_it.rules_block.list - DEBUG - list.list_block:102 - entering list: StateBlock(line=380,level=2,tokens=773), 381, 445, True
2025-12-27 14:06:17 - 20251227_140616_ac1a7dad - markdown_it.rules_block.fence - DEBUG - fence.fence:10 - entering fence: StateBlock(line=381,level=1,tokens=777), 381, 445, True
2025-12-27 14:06:17 - 20251227_140616_ac1a7dad - markdown_it.rules_block.blockquote - DEBUG - blockquote.blockquote:13 - entering blockquote: StateBlock(line=381,level=1,tokens=777), 381, 445, True
2025-12-27 14:06:17 - 20251227_140616_ac1a7dad - markdown_it.rules_block.hr - DEBUG - hr.hr:14 - entering hr: StateBlock(line=381,level=1,tokens=777), 381, 445, True
2025-12-27 14:06:17 - 20251227_140616_ac1a7dad - markdown_it.rules_block.code - DEBUG - code.code:10 - entering code: StateBlock(line=381,level=2,tokens=778), 381, 445, False
2025-12-27 14:06:17 - 20251227_140616_ac1a7dad - markdown_it.rules_block.fence - DEBUG - fence.fence:10 - entering fence: StateBlock(line=381,level=2,tokens=778), 381, 445, False
2025-12-27 14:06:17 - 20251227_140616_ac1a7dad - markdown_it.rules_block.blockquote - DEBUG - blockquote.blockquote:13 - entering blockquote: StateBlock(line=381,level=2,tokens=778), 381, 445, False
2025-12-27 14:06:17 - 20251227_140616_ac1a7dad - markdown_it.rules_block.hr - DEBUG - hr.hr:14 - entering hr: StateBlock(line=381,level=2,tokens=778), 381, 445, False
2025-12-27 14:06:17 - 20251227_140616_ac1a7dad - markdown_it.rules_block.list - DEBUG - list.list_block:102 - entering list: StateBlock(line=381,level=2,tokens=778), 381, 445, False
2025-12-27 14:06:17 - 20251227_140616_ac1a7dad - markdown_it.rules_block.reference - DEBUG - reference.reference:10 - entering reference: StateBlock(line=381,level=2,tokens=778), 381, 445, False
2025-12-27 14:06:17 - 20251227_140616_ac1a7dad - markdown_it.rules_block.html_block - DEBUG - html_block.html_block:35 - entering html_block: StateBlock(line=381,level=2,tokens=778), 381, 445, False
2025-12-27 14:06:17 - 20251227_140616_ac1a7dad - markdown_it.rules_block.heading - DEBUG - heading.heading:13 - entering heading: StateBlock(line=381,level=2,tokens=778), 381, 445, False
2025-12-27 14:06:17 - 20251227_140616_ac1a7dad - markdown_it.rules_block.lheading - DEBUG - lheading.lheading:10 - entering lheading: StateBlock(line=381,level=2,tokens=778), 381, 445, False
2025-12-27 14:06:17 - 20251227_140616_ac1a7dad - markdown_it.rules_block.fence - DEBUG - fence.fence:10 - entering fence: StateBlock(line=381,level=2,tokens=778), 382, 445, True
2025-12-27 14:06:17 - 20251227_140616_ac1a7dad - markdown_it.rules_block.blockquote - DEBUG - blockquote.blockquote:13 - entering blockquote: StateBlock(line=381,level=2,tokens=778), 382, 445, True
2025-12-27 14:06:17 - 20251227_140616_ac1a7dad - markdown_it.rules_block.hr - DEBUG - hr.hr:14 - entering hr: StateBlock(line=381,level=2,tokens=778), 382, 445, True
2025-12-27 14:06:17 - 20251227_140616_ac1a7dad - markdown_it.rules_block.list - DEBUG - list.list_block:102 - entering list: StateBlock(line=381,level=2,tokens=778), 382, 445, True
2025-12-27 14:06:17 - 20251227_140616_ac1a7dad - markdown_it.rules_block.html_block - DEBUG - html_block.html_block:35 - entering html_block: StateBlock(line=381,level=2,tokens=778), 382, 445, True
2025-12-27 14:06:17 - 20251227_140616_ac1a7dad - markdown_it.rules_block.heading - DEBUG - heading.heading:13 - entering heading: StateBlock(line=381,level=2,tokens=778), 382, 445, True
2025-12-27 14:06:17 - 20251227_140616_ac1a7dad - markdown_it.rules_block.fence - DEBUG - fence.fence:10 - entering fence: StateBlock(line=381,level=2,tokens=778), 383, 445, True
2025-12-27 14:06:17 - 20251227_140616_ac1a7dad - markdown_it.rules_block.blockquote - DEBUG - blockquote.blockquote:13 - entering blockquote: StateBlock(line=381,level=2,tokens=778), 383, 445, True
2025-12-27 14:06:17 - 20251227_140616_ac1a7dad - markdown_it.rules_block.hr - DEBUG - hr.hr:14 - entering hr: StateBlock(line=381,level=2,tokens=778), 383, 445, True
2025-12-27 14:06:17 - 20251227_140616_ac1a7dad - markdown_it.rules_block.list - DEBUG - list.list_block:102 - entering list: StateBlock(line=381,level=2,tokens=778), 383, 445, True
2025-12-27 14:06:17 - 20251227_140616_ac1a7dad - markdown_it.rules_block.paragraph - DEBUG - paragraph.paragraph:10 - entering paragraph: StateBlock(line=381,level=2,tokens=778), 381, 445, False
2025-12-27 14:06:17 - 20251227_140616_ac1a7dad - markdown_it.rules_block.fence - DEBUG - fence.fence:10 - entering fence: StateBlock(line=381,level=2,tokens=778), 382, 445, True
2025-12-27 14:06:17 - 20251227_140616_ac1a7dad - markdown_it.rules_block.blockquote - DEBUG - blockquote.blockquote:13 - entering blockquote: StateBlock(line=381,level=2,tokens=778), 382, 445, True
2025-12-27 14:06:17 - 20251227_140616_ac1a7dad - markdown_it.rules_block.hr - DEBUG - hr.hr:14 - entering hr: StateBlock(line=381,level=2,tokens=778), 382, 445, True
2025-12-27 14:06:17 - 20251227_140616_ac1a7dad - markdown_it.rules_block.list - DEBUG - list.list_block:102 - entering list: StateBlock(line=381,level=2,tokens=778), 382, 445, True
2025-12-27 14:06:17 - 20251227_140616_ac1a7dad - markdown_it.rules_block.html_block - DEBUG - html_block.html_block:35 - entering html_block: StateBlock(line=381,level=2,tokens=778), 382, 445, True
2025-12-27 14:06:17 - 20251227_140616_ac1a7dad - markdown_it.rules_block.heading - DEBUG - heading.heading:13 - entering heading: StateBlock(line=381,level=2,tokens=778), 382, 445, True
2025-12-27 14:06:17 - 20251227_140616_ac1a7dad - markdown_it.rules_block.fence - DEBUG - fence.fence:10 - entering fence: StateBlock(line=381,level=2,tokens=778), 383, 445, True
2025-12-27 14:06:17 - 20251227_140616_ac1a7dad - markdown_it.rules_block.blockquote - DEBUG - blockquote.blockquote:13 - entering blockquote: StateBlock(line=381,level=2,tokens=778), 383, 445, True
2025-12-27 14:06:17 - 20251227_140616_ac1a7dad - markdown_it.rules_block.hr - DEBUG - hr.hr:14 - entering hr: StateBlock(line=381,level=2,tokens=778), 383, 445, True
2025-12-27 14:06:17 - 20251227_140616_ac1a7dad - markdown_it.rules_block.list - DEBUG - list.list_block:102 - entering list: StateBlock(line=381,level=2,tokens=778), 383, 445, True
2025-12-27 14:06:17 - 20251227_140616_ac1a7dad - markdown_it.rules_block.fence - DEBUG - fence.fence:10 - entering fence: StateBlock(line=383,level=1,tokens=782), 383, 445, True
2025-12-27 14:06:17 - 20251227_140616_ac1a7dad - markdown_it.rules_block.blockquote - DEBUG - blockquote.blockquote:13 - entering blockquote: StateBlock(line=383,level=1,tokens=782), 383, 445, True
2025-12-27 14:06:17 - 20251227_140616_ac1a7dad - markdown_it.rules_block.hr - DEBUG - hr.hr:14 - entering hr: StateBlock(line=383,level=1,tokens=782), 383, 445, True
2025-12-27 14:06:17 - 20251227_140616_ac1a7dad - markdown_it.rules_block.code - DEBUG - code.code:10 - entering code: StateBlock(line=383,level=2,tokens=783), 383, 445, False
2025-12-27 14:06:17 - 20251227_140616_ac1a7dad - markdown_it.rules_block.fence - DEBUG - fence.fence:10 - entering fence: StateBlock(line=383,level=2,tokens=783), 383, 445, False
2025-12-27 14:06:17 - 20251227_140616_ac1a7dad - markdown_it.rules_block.blockquote - DEBUG - blockquote.blockquote:13 - entering blockquote: StateBlock(line=383,level=2,tokens=783), 383, 445, False
2025-12-27 14:06:17 - 20251227_140616_ac1a7dad - markdown_it.rules_block.hr - DEBUG - hr.hr:14 - entering hr: StateBlock(line=383,level=2,tokens=783), 383, 445, False
2025-12-27 14:06:17 - 20251227_140616_ac1a7dad - markdown_it.rules_block.list - DEBUG - list.list_block:102 - entering list: StateBlock(line=383,level=2,tokens=783), 383, 445, False
2025-12-27 14:06:17 - 20251227_140616_ac1a7dad - markdown_it.rules_block.reference - DEBUG - reference.reference:10 - entering reference: StateBlock(line=383,level=2,tokens=783), 383, 445, False
2025-12-27 14:06:17 - 20251227_140616_ac1a7dad - markdown_it.rules_block.html_block - DEBUG - html_block.html_block:35 - entering html_block: StateBlock(line=383,level=2,tokens=783), 383, 445, False
2025-12-27 14:06:17 - 20251227_140616_ac1a7dad - markdown_it.rules_block.heading - DEBUG - heading.heading:13 - entering heading: StateBlock(line=383,level=2,tokens=783), 383, 445, False
2025-12-27 14:06:17 - 20251227_140616_ac1a7dad - markdown_it.rules_block.lheading - DEBUG - lheading.lheading:10 - entering lheading: StateBlock(line=383,level=2,tokens=783), 383, 445, False
2025-12-27 14:06:17 - 20251227_140616_ac1a7dad - markdown_it.rules_block.fence - DEBUG - fence.fence:10 - entering fence: StateBlock(line=383,level=2,tokens=783), 384, 445, True
2025-12-27 14:06:17 - 20251227_140616_ac1a7dad - markdown_it.rules_block.blockquote - DEBUG - blockquote.blockquote:13 - entering blockquote: StateBlock(line=383,level=2,tokens=783), 384, 445, True
2025-12-27 14:06:17 - 20251227_140616_ac1a7dad - markdown_it.rules_block.hr - DEBUG - hr.hr:14 - entering hr: StateBlock(line=383,level=2,tokens=783), 384, 445, True
2025-12-27 14:06:17 - 20251227_140616_ac1a7dad - markdown_it.rules_block.list - DEBUG - list.list_block:102 - entering list: StateBlock(line=383,level=2,tokens=783), 384, 445, True
2025-12-27 14:06:17 - 20251227_140616_ac1a7dad - markdown_it.rules_block.html_block - DEBUG - html_block.html_block:35 - entering html_block: StateBlock(line=383,level=2,tokens=783), 384, 445, True
2025-12-27 14:06:17 - 20251227_140616_ac1a7dad - markdown_it.rules_block.heading - DEBUG - heading.heading:13 - entering heading: StateBlock(line=383,level=2,tokens=783), 384, 445, True
2025-12-27 14:06:17 - 20251227_140616_ac1a7dad - markdown_it.rules_block.fence - DEBUG - fence.fence:10 - entering fence: StateBlock(line=383,level=2,tokens=783), 385, 445, True
2025-12-27 14:06:17 - 20251227_140616_ac1a7dad - markdown_it.rules_block.blockquote - DEBUG - blockquote.blockquote:13 - entering blockquote: StateBlock(line=383,level=2,tokens=783), 385, 445, True
2025-12-27 14:06:17 - 20251227_140616_ac1a7dad - markdown_it.rules_block.hr - DEBUG - hr.hr:14 - entering hr: StateBlock(line=383,level=2,tokens=783), 385, 445, True
2025-12-27 14:06:17 - 20251227_140616_ac1a7dad - markdown_it.rules_block.list - DEBUG - list.list_block:102 - entering list: StateBlock(line=383,level=2,tokens=783), 385, 445, True
2025-12-27 14:06:17 - 20251227_140616_ac1a7dad - markdown_it.rules_block.paragraph - DEBUG - paragraph.paragraph:10 - entering paragraph: StateBlock(line=383,level=2,tokens=783), 383, 445, False
2025-12-27 14:06:17 - 20251227_140616_ac1a7dad - markdown_it.rules_block.fence - DEBUG - fence.fence:10 - entering fence: StateBlock(line=383,level=2,tokens=783), 384, 445, True
2025-12-27 14:06:17 - 20251227_140616_ac1a7dad - markdown_it.rules_block.blockquote - DEBUG - blockquote.blockquote:13 - entering blockquote: StateBlock(line=383,level=2,tokens=783), 384, 445, True
2025-12-27 14:06:17 - 20251227_140616_ac1a7dad - markdown_it.rules_block.hr - DEBUG - hr.hr:14 - entering hr: StateBlock(line=383,level=2,tokens=783), 384, 445, True
2025-12-27 14:06:17 - 20251227_140616_ac1a7dad - markdown_it.rules_block.list - DEBUG - list.list_block:102 - entering list: StateBlock(line=383,level=2,tokens=783), 384, 445, True
2025-12-27 14:06:17 - 20251227_140616_ac1a7dad - markdown_it.rules_block.html_block - DEBUG - html_block.html_block:35 - entering html_block: StateBlock(line=383,level=2,tokens=783), 384, 445, True
2025-12-27 14:06:17 - 20251227_140616_ac1a7dad - markdown_it.rules_block.heading - DEBUG - heading.heading:13 - entering heading: StateBlock(line=383,level=2,tokens=783), 384, 445, True
2025-12-27 14:06:17 - 20251227_140616_ac1a7dad - markdown_it.rules_block.fence - DEBUG - fence.fence:10 - entering fence: StateBlock(line=383,level=2,tokens=783), 385, 445, True
2025-12-27 14:06:17 - 20251227_140616_ac1a7dad - markdown_it.rules_block.blockquote - DEBUG - blockquote.blockquote:13 - entering blockquote: StateBlock(line=383,level=2,tokens=783), 385, 445, True
2025-12-27 14:06:17 - 20251227_140616_ac1a7dad - markdown_it.rules_block.hr - DEBUG - hr.hr:14 - entering hr: StateBlock(line=383,level=2,tokens=783), 385, 445, True
2025-12-27 14:06:17 - 20251227_140616_ac1a7dad - markdown_it.rules_block.list - DEBUG - list.list_block:102 - entering list: StateBlock(line=383,level=2,tokens=783), 385, 445, True
2025-12-27 14:06:17 - 20251227_140616_ac1a7dad - markdown_it.rules_block.fence - DEBUG - fence.fence:10 - entering fence: StateBlock(line=385,level=1,tokens=787), 385, 445, True
2025-12-27 14:06:17 - 20251227_140616_ac1a7dad - markdown_it.rules_block.blockquote - DEBUG - blockquote.blockquote:13 - entering blockquote: StateBlock(line=385,level=1,tokens=787), 385, 445, True
2025-12-27 14:06:17 - 20251227_140616_ac1a7dad - markdown_it.rules_block.hr - DEBUG - hr.hr:14 - entering hr: StateBlock(line=385,level=1,tokens=787), 385, 445, True
2025-12-27 14:06:17 - 20251227_140616_ac1a7dad - markdown_it.rules_block.code - DEBUG - code.code:10 - entering code: StateBlock(line=385,level=2,tokens=788), 385, 445, False
2025-12-27 14:06:17 - 20251227_140616_ac1a7dad - markdown_it.rules_block.fence - DEBUG - fence.fence:10 - entering fence: StateBlock(line=385,level=2,tokens=788), 385, 445, False
2025-12-27 14:06:17 - 20251227_140616_ac1a7dad - markdown_it.rules_block.blockquote - DEBUG - blockquote.blockquote:13 - entering blockquote: StateBlock(line=385,level=2,tokens=788), 385, 445, False
2025-12-27 14:06:17 - 20251227_140616_ac1a7dad - markdown_it.rules_block.hr - DEBUG - hr.hr:14 - entering hr: StateBlock(line=385,level=2,tokens=788), 385, 445, False
2025-12-27 14:06:17 - 20251227_140616_ac1a7dad - markdown_it.rules_block.list - DEBUG - list.list_block:102 - entering list: StateBlock(line=385,level=2,tokens=788), 385, 445, False
2025-12-27 14:06:17 - 20251227_140616_ac1a7dad - markdown_it.rules_block.reference - DEBUG - reference.reference:10 - entering reference: StateBlock(line=385,level=2,tokens=788), 385, 445, False
2025-12-27 14:06:17 - 20251227_140616_ac1a7dad - markdown_it.rules_block.html_block - DEBUG - html_block.html_block:35 - entering html_block: StateBlock(line=385,level=2,tokens=788), 385, 445, False
2025-12-27 14:06:17 - 20251227_140616_ac1a7dad - markdown_it.rules_block.heading - DEBUG - heading.heading:13 - entering heading: StateBlock(line=385,level=2,tokens=788), 385, 445, False
2025-12-27 14:06:17 - 20251227_140616_ac1a7dad - markdown_it.rules_block.lheading - DEBUG - lheading.lheading:10 - entering lheading: StateBlock(line=385,level=2,tokens=788), 385, 445, False
2025-12-27 14:06:17 - 20251227_140616_ac1a7dad - markdown_it.rules_block.paragraph - DEBUG - paragraph.paragraph:10 - entering paragraph: StateBlock(line=385,level=2,tokens=788), 385, 445, False
2025-12-27 14:06:17 - 20251227_140616_ac1a7dad - markdown_it.rules_block.fence - DEBUG - fence.fence:10 - entering fence: StateBlock(line=387,level=1,tokens=792), 387, 445, True
2025-12-27 14:06:17 - 20251227_140616_ac1a7dad - markdown_it.rules_block.blockquote - DEBUG - blockquote.blockquote:13 - entering blockquote: StateBlock(line=387,level=1,tokens=792), 387, 445, True
2025-12-27 14:06:17 - 20251227_140616_ac1a7dad - markdown_it.rules_block.hr - DEBUG - hr.hr:14 - entering hr: StateBlock(line=387,level=1,tokens=792), 387, 445, True
2025-12-27 14:06:17 - 20251227_140616_ac1a7dad - markdown_it.rules_block.code - DEBUG - code.code:10 - entering code: StateBlock(line=387,level=0,tokens=793), 387, 445, False
2025-12-27 14:06:17 - 20251227_140616_ac1a7dad - markdown_it.rules_block.fence - DEBUG - fence.fence:10 - entering fence: StateBlock(line=387,level=0,tokens=793), 387, 445, False
2025-12-27 14:06:17 - 20251227_140616_ac1a7dad - markdown_it.rules_block.blockquote - DEBUG - blockquote.blockquote:13 - entering blockquote: StateBlock(line=387,level=0,tokens=793), 387, 445, False
2025-12-27 14:06:17 - 20251227_140616_ac1a7dad - markdown_it.rules_block.hr - DEBUG - hr.hr:14 - entering hr: StateBlock(line=387,level=0,tokens=793), 387, 445, False
2025-12-27 14:06:17 - 20251227_140616_ac1a7dad - markdown_it.rules_block.list - DEBUG - list.list_block:102 - entering list: StateBlock(line=387,level=0,tokens=793), 387, 445, False
2025-12-27 14:06:17 - 20251227_140616_ac1a7dad - markdown_it.rules_block.reference - DEBUG - reference.reference:10 - entering reference: StateBlock(line=387,level=0,tokens=793), 387, 445, False
2025-12-27 14:06:17 - 20251227_140616_ac1a7dad - markdown_it.rules_block.html_block - DEBUG - html_block.html_block:35 - entering html_block: StateBlock(line=387,level=0,tokens=793), 387, 445, False
2025-12-27 14:06:17 - 20251227_140616_ac1a7dad - markdown_it.rules_block.heading - DEBUG - heading.heading:13 - entering heading: StateBlock(line=387,level=0,tokens=793), 387, 445, False
2025-12-27 14:06:17 - 20251227_140616_ac1a7dad - markdown_it.rules_block.code - DEBUG - code.code:10 - entering code: StateBlock(line=389,level=0,tokens=796), 389, 445, False
2025-12-27 14:06:17 - 20251227_140616_ac1a7dad - markdown_it.rules_block.fence - DEBUG - fence.fence:10 - entering fence: StateBlock(line=389,level=0,tokens=796), 389, 445, False
2025-12-27 14:06:17 - 20251227_140616_ac1a7dad - markdown_it.rules_block.blockquote - DEBUG - blockquote.blockquote:13 - entering blockquote: StateBlock(line=389,level=0,tokens=796), 389, 445, False
2025-12-27 14:06:17 - 20251227_140616_ac1a7dad - markdown_it.rules_block.hr - DEBUG - hr.hr:14 - entering hr: StateBlock(line=389,level=0,tokens=796), 389, 445, False
2025-12-27 14:06:17 - 20251227_140616_ac1a7dad - markdown_it.rules_block.list - DEBUG - list.list_block:102 - entering list: StateBlock(line=389,level=0,tokens=796), 389, 445, False
2025-12-27 14:06:17 - 20251227_140616_ac1a7dad - markdown_it.rules_block.code - DEBUG - code.code:10 - entering code: StateBlock(line=389,level=2,tokens=798), 389, 445, False
2025-12-27 14:06:17 - 20251227_140616_ac1a7dad - markdown_it.rules_block.fence - DEBUG - fence.fence:10 - entering fence: StateBlock(line=389,level=2,tokens=798), 389, 445, False
2025-12-27 14:06:17 - 20251227_140616_ac1a7dad - markdown_it.rules_block.blockquote - DEBUG - blockquote.blockquote:13 - entering blockquote: StateBlock(line=389,level=2,tokens=798), 389, 445, False
2025-12-27 14:06:17 - 20251227_140616_ac1a7dad - markdown_it.rules_block.hr - DEBUG - hr.hr:14 - entering hr: StateBlock(line=389,level=2,tokens=798), 389, 445, False
2025-12-27 14:06:17 - 20251227_140616_ac1a7dad - markdown_it.rules_block.list - DEBUG - list.list_block:102 - entering list: StateBlock(line=389,level=2,tokens=798), 389, 445, False
2025-12-27 14:06:17 - 20251227_140616_ac1a7dad - markdown_it.rules_block.reference - DEBUG - reference.reference:10 - entering reference: StateBlock(line=389,level=2,tokens=798), 389, 445, False
2025-12-27 14:06:17 - 20251227_140616_ac1a7dad - markdown_it.rules_block.html_block - DEBUG - html_block.html_block:35 - entering html_block: StateBlock(line=389,level=2,tokens=798), 389, 445, False
2025-12-27 14:06:17 - 20251227_140616_ac1a7dad - markdown_it.rules_block.heading - DEBUG - heading.heading:13 - entering heading: StateBlock(line=389,level=2,tokens=798), 389, 445, False
2025-12-27 14:06:17 - 20251227_140616_ac1a7dad - markdown_it.rules_block.lheading - DEBUG - lheading.lheading:10 - entering lheading: StateBlock(line=389,level=2,tokens=798), 389, 445, False
2025-12-27 14:06:17 - 20251227_140616_ac1a7dad - markdown_it.rules_block.fence - DEBUG - fence.fence:10 - entering fence: StateBlock(line=389,level=2,tokens=798), 390, 445, True
2025-12-27 14:06:17 - 20251227_140616_ac1a7dad - markdown_it.rules_block.blockquote - DEBUG - blockquote.blockquote:13 - entering blockquote: StateBlock(line=389,level=2,tokens=798), 390, 445, True
2025-12-27 14:06:17 - 20251227_140616_ac1a7dad - markdown_it.rules_block.hr - DEBUG - hr.hr:14 - entering hr: StateBlock(line=389,level=2,tokens=798), 390, 445, True
2025-12-27 14:06:17 - 20251227_140616_ac1a7dad - markdown_it.rules_block.list - DEBUG - list.list_block:102 - entering list: StateBlock(line=389,level=2,tokens=798), 390, 445, True
2025-12-27 14:06:17 - 20251227_140616_ac1a7dad - markdown_it.rules_block.html_block - DEBUG - html_block.html_block:35 - entering html_block: StateBlock(line=389,level=2,tokens=798), 390, 445, True
2025-12-27 14:06:17 - 20251227_140616_ac1a7dad - markdown_it.rules_block.heading - DEBUG - heading.heading:13 - entering heading: StateBlock(line=389,level=2,tokens=798), 390, 445, True
2025-12-27 14:06:17 - 20251227_140616_ac1a7dad - markdown_it.rules_block.fence - DEBUG - fence.fence:10 - entering fence: StateBlock(line=389,level=2,tokens=798), 391, 445, True
2025-12-27 14:06:17 - 20251227_140616_ac1a7dad - markdown_it.rules_block.blockquote - DEBUG - blockquote.blockquote:13 - entering blockquote: StateBlock(line=389,level=2,tokens=798), 391, 445, True
2025-12-27 14:06:17 - 20251227_140616_ac1a7dad - markdown_it.rules_block.hr - DEBUG - hr.hr:14 - entering hr: StateBlock(line=389,level=2,tokens=798), 391, 445, True
2025-12-27 14:06:17 - 20251227_140616_ac1a7dad - markdown_it.rules_block.list - DEBUG - list.list_block:102 - entering list: StateBlock(line=389,level=2,tokens=798), 391, 445, True
2025-12-27 14:06:17 - 20251227_140616_ac1a7dad - markdown_it.rules_block.paragraph - DEBUG - paragraph.paragraph:10 - entering paragraph: StateBlock(line=389,level=2,tokens=798), 389, 445, False
2025-12-27 14:06:17 - 20251227_140616_ac1a7dad - markdown_it.rules_block.fence - DEBUG - fence.fence:10 - entering fence: StateBlock(line=389,level=2,tokens=798), 390, 445, True
2025-12-27 14:06:17 - 20251227_140616_ac1a7dad - markdown_it.rules_block.blockquote - DEBUG - blockquote.blockquote:13 - entering blockquote: StateBlock(line=389,level=2,tokens=798), 390, 445, True
2025-12-27 14:06:17 - 20251227_140616_ac1a7dad - markdown_it.rules_block.hr - DEBUG - hr.hr:14 - entering hr: StateBlock(line=389,level=2,tokens=798), 390, 445, True
2025-12-27 14:06:17 - 20251227_140616_ac1a7dad - markdown_it.rules_block.list - DEBUG - list.list_block:102 - entering list: StateBlock(line=389,level=2,tokens=798), 390, 445, True
2025-12-27 14:06:17 - 20251227_140616_ac1a7dad - markdown_it.rules_block.html_block - DEBUG - html_block.html_block:35 - entering html_block: StateBlock(line=389,level=2,tokens=798), 390, 445, True
2025-12-27 14:06:17 - 20251227_140616_ac1a7dad - markdown_it.rules_block.heading - DEBUG - heading.heading:13 - entering heading: StateBlock(line=389,level=2,tokens=798), 390, 445, True
2025-12-27 14:06:17 - 20251227_140616_ac1a7dad - markdown_it.rules_block.fence - DEBUG - fence.fence:10 - entering fence: StateBlock(line=389,level=2,tokens=798), 391, 445, True
2025-12-27 14:06:17 - 20251227_140616_ac1a7dad - markdown_it.rules_block.blockquote - DEBUG - blockquote.blockquote:13 - entering blockquote: StateBlock(line=389,level=2,tokens=798), 391, 445, True
2025-12-27 14:06:17 - 20251227_140616_ac1a7dad - markdown_it.rules_block.hr - DEBUG - hr.hr:14 - entering hr: StateBlock(line=389,level=2,tokens=798), 391, 445, True
2025-12-27 14:06:17 - 20251227_140616_ac1a7dad - markdown_it.rules_block.list - DEBUG - list.list_block:102 - entering list: StateBlock(line=389,level=2,tokens=798), 391, 445, True
2025-12-27 14:06:17 - 20251227_140616_ac1a7dad - markdown_it.rules_block.fence - DEBUG - fence.fence:10 - entering fence: StateBlock(line=391,level=1,tokens=802), 391, 445, True
2025-12-27 14:06:17 - 20251227_140616_ac1a7dad - markdown_it.rules_block.blockquote - DEBUG - blockquote.blockquote:13 - entering blockquote: StateBlock(line=391,level=1,tokens=802), 391, 445, True
2025-12-27 14:06:17 - 20251227_140616_ac1a7dad - markdown_it.rules_block.hr - DEBUG - hr.hr:14 - entering hr: StateBlock(line=391,level=1,tokens=802), 391, 445, True
2025-12-27 14:06:17 - 20251227_140616_ac1a7dad - markdown_it.rules_block.code - DEBUG - code.code:10 - entering code: StateBlock(line=391,level=2,tokens=803), 391, 445, False
2025-12-27 14:06:17 - 20251227_140616_ac1a7dad - markdown_it.rules_block.fence - DEBUG - fence.fence:10 - entering fence: StateBlock(line=391,level=2,tokens=803), 391, 445, False
2025-12-27 14:06:17 - 20251227_140616_ac1a7dad - markdown_it.rules_block.blockquote - DEBUG - blockquote.blockquote:13 - entering blockquote: StateBlock(line=391,level=2,tokens=803), 391, 445, False
2025-12-27 14:06:17 - 20251227_140616_ac1a7dad - markdown_it.rules_block.hr - DEBUG - hr.hr:14 - entering hr: StateBlock(line=391,level=2,tokens=803), 391, 445, False
2025-12-27 14:06:17 - 20251227_140616_ac1a7dad - markdown_it.rules_block.list - DEBUG - list.list_block:102 - entering list: StateBlock(line=391,level=2,tokens=803), 391, 445, False
2025-12-27 14:06:17 - 20251227_140616_ac1a7dad - markdown_it.rules_block.reference - DEBUG - reference.reference:10 - entering reference: StateBlock(line=391,level=2,tokens=803), 391, 445, False
2025-12-27 14:06:17 - 20251227_140616_ac1a7dad - markdown_it.rules_block.html_block - DEBUG - html_block.html_block:35 - entering html_block: StateBlock(line=391,level=2,tokens=803), 391, 445, False
2025-12-27 14:06:17 - 20251227_140616_ac1a7dad - markdown_it.rules_block.heading - DEBUG - heading.heading:13 - entering heading: StateBlock(line=391,level=2,tokens=803), 391, 445, False
2025-12-27 14:06:17 - 20251227_140616_ac1a7dad - markdown_it.rules_block.lheading - DEBUG - lheading.lheading:10 - entering lheading: StateBlock(line=391,level=2,tokens=803), 391, 445, False
2025-12-27 14:06:17 - 20251227_140616_ac1a7dad - markdown_it.rules_block.fence - DEBUG - fence.fence:10 - entering fence: StateBlock(line=391,level=2,tokens=803), 392, 445, True
2025-12-27 14:06:17 - 20251227_140616_ac1a7dad - markdown_it.rules_block.blockquote - DEBUG - blockquote.blockquote:13 - entering blockquote: StateBlock(line=391,level=2,tokens=803), 392, 445, True
2025-12-27 14:06:17 - 20251227_140616_ac1a7dad - markdown_it.rules_block.hr - DEBUG - hr.hr:14 - entering hr: StateBlock(line=391,level=2,tokens=803), 392, 445, True
2025-12-27 14:06:17 - 20251227_140616_ac1a7dad - markdown_it.rules_block.list - DEBUG - list.list_block:102 - entering list: StateBlock(line=391,level=2,tokens=803), 392, 445, True
2025-12-27 14:06:17 - 20251227_140616_ac1a7dad - markdown_it.rules_block.html_block - DEBUG - html_block.html_block:35 - entering html_block: StateBlock(line=391,level=2,tokens=803), 392, 445, True
2025-12-27 14:06:17 - 20251227_140616_ac1a7dad - markdown_it.rules_block.heading - DEBUG - heading.heading:13 - entering heading: StateBlock(line=391,level=2,tokens=803), 392, 445, True
2025-12-27 14:06:17 - 20251227_140616_ac1a7dad - markdown_it.rules_block.fence - DEBUG - fence.fence:10 - entering fence: StateBlock(line=391,level=2,tokens=803), 393, 445, True
2025-12-27 14:06:17 - 20251227_140616_ac1a7dad - markdown_it.rules_block.blockquote - DEBUG - blockquote.blockquote:13 - entering blockquote: StateBlock(line=391,level=2,tokens=803), 393, 445, True
2025-12-27 14:06:17 - 20251227_140616_ac1a7dad - markdown_it.rules_block.hr - DEBUG - hr.hr:14 - entering hr: StateBlock(line=391,level=2,tokens=803), 393, 445, True
2025-12-27 14:06:17 - 20251227_140616_ac1a7dad - markdown_it.rules_block.list - DEBUG - list.list_block:102 - entering list: StateBlock(line=391,level=2,tokens=803), 393, 445, True
2025-12-27 14:06:17 - 20251227_140616_ac1a7dad - markdown_it.rules_block.paragraph - DEBUG - paragraph.paragraph:10 - entering paragraph: StateBlock(line=391,level=2,tokens=803), 391, 445, False
2025-12-27 14:06:17 - 20251227_140616_ac1a7dad - markdown_it.rules_block.fence - DEBUG - fence.fence:10 - entering fence: StateBlock(line=391,level=2,tokens=803), 392, 445, True
2025-12-27 14:06:17 - 20251227_140616_ac1a7dad - markdown_it.rules_block.blockquote - DEBUG - blockquote.blockquote:13 - entering blockquote: StateBlock(line=391,level=2,tokens=803), 392, 445, True
2025-12-27 14:06:17 - 20251227_140616_ac1a7dad - markdown_it.rules_block.hr - DEBUG - hr.hr:14 - entering hr: StateBlock(line=391,level=2,tokens=803), 392, 445, True
2025-12-27 14:06:17 - 20251227_140616_ac1a7dad - markdown_it.rules_block.list - DEBUG - list.list_block:102 - entering list: StateBlock(line=391,level=2,tokens=803), 392, 445, True
2025-12-27 14:06:17 - 20251227_140616_ac1a7dad - markdown_it.rules_block.html_block - DEBUG - html_block.html_block:35 - entering html_block: StateBlock(line=391,level=2,tokens=803), 392, 445, True
2025-12-27 14:06:17 - 20251227_140616_ac1a7dad - markdown_it.rules_block.heading - DEBUG - heading.heading:13 - entering heading: StateBlock(line=391,level=2,tokens=803), 392, 445, True
2025-12-27 14:06:17 - 20251227_140616_ac1a7dad - markdown_it.rules_block.fence - DEBUG - fence.fence:10 - entering fence: StateBlock(line=391,level=2,tokens=803), 393, 445, True
2025-12-27 14:06:17 - 20251227_140616_ac1a7dad - markdown_it.rules_block.blockquote - DEBUG - blockquote.blockquote:13 - entering blockquote: StateBlock(line=391,level=2,tokens=803), 393, 445, True
2025-12-27 14:06:17 - 20251227_140616_ac1a7dad - markdown_it.rules_block.hr - DEBUG - hr.hr:14 - entering hr: StateBlock(line=391,level=2,tokens=803), 393, 445, True
2025-12-27 14:06:17 - 20251227_140616_ac1a7dad - markdown_it.rules_block.list - DEBUG - list.list_block:102 - entering list: StateBlock(line=391,level=2,tokens=803), 393, 445, True
2025-12-27 14:06:17 - 20251227_140616_ac1a7dad - markdown_it.rules_block.fence - DEBUG - fence.fence:10 - entering fence: StateBlock(line=393,level=1,tokens=807), 393, 445, True
2025-12-27 14:06:17 - 20251227_140616_ac1a7dad - markdown_it.rules_block.blockquote - DEBUG - blockquote.blockquote:13 - entering blockquote: StateBlock(line=393,level=1,tokens=807), 393, 445, True
2025-12-27 14:06:17 - 20251227_140616_ac1a7dad - markdown_it.rules_block.hr - DEBUG - hr.hr:14 - entering hr: StateBlock(line=393,level=1,tokens=807), 393, 445, True
2025-12-27 14:06:17 - 20251227_140616_ac1a7dad - markdown_it.rules_block.code - DEBUG - code.code:10 - entering code: StateBlock(line=393,level=2,tokens=808), 393, 445, False
2025-12-27 14:06:17 - 20251227_140616_ac1a7dad - markdown_it.rules_block.fence - DEBUG - fence.fence:10 - entering fence: StateBlock(line=393,level=2,tokens=808), 393, 445, False
2025-12-27 14:06:17 - 20251227_140616_ac1a7dad - markdown_it.rules_block.blockquote - DEBUG - blockquote.blockquote:13 - entering blockquote: StateBlock(line=393,level=2,tokens=808), 393, 445, False
2025-12-27 14:06:17 - 20251227_140616_ac1a7dad - markdown_it.rules_block.hr - DEBUG - hr.hr:14 - entering hr: StateBlock(line=393,level=2,tokens=808), 393, 445, False
2025-12-27 14:06:17 - 20251227_140616_ac1a7dad - markdown_it.rules_block.list - DEBUG - list.list_block:102 - entering list: StateBlock(line=393,level=2,tokens=808), 393, 445, False
2025-12-27 14:06:17 - 20251227_140616_ac1a7dad - markdown_it.rules_block.reference - DEBUG - reference.reference:10 - entering reference: StateBlock(line=393,level=2,tokens=808), 393, 445, False
2025-12-27 14:06:17 - 20251227_140616_ac1a7dad - markdown_it.rules_block.html_block - DEBUG - html_block.html_block:35 - entering html_block: StateBlock(line=393,level=2,tokens=808), 393, 445, False
2025-12-27 14:06:17 - 20251227_140616_ac1a7dad - markdown_it.rules_block.heading - DEBUG - heading.heading:13 - entering heading: StateBlock(line=393,level=2,tokens=808), 393, 445, False
2025-12-27 14:06:17 - 20251227_140616_ac1a7dad - markdown_it.rules_block.lheading - DEBUG - lheading.lheading:10 - entering lheading: StateBlock(line=393,level=2,tokens=808), 393, 445, False
2025-12-27 14:06:17 - 20251227_140616_ac1a7dad - markdown_it.rules_block.fence - DEBUG - fence.fence:10 - entering fence: StateBlock(line=393,level=2,tokens=808), 394, 445, True
2025-12-27 14:06:17 - 20251227_140616_ac1a7dad - markdown_it.rules_block.blockquote - DEBUG - blockquote.blockquote:13 - entering blockquote: StateBlock(line=393,level=2,tokens=808), 394, 445, True
2025-12-27 14:06:17 - 20251227_140616_ac1a7dad - markdown_it.rules_block.hr - DEBUG - hr.hr:14 - entering hr: StateBlock(line=393,level=2,tokens=808), 394, 445, True
2025-12-27 14:06:17 - 20251227_140616_ac1a7dad - markdown_it.rules_block.list - DEBUG - list.list_block:102 - entering list: StateBlock(line=393,level=2,tokens=808), 394, 445, True
2025-12-27 14:06:17 - 20251227_140616_ac1a7dad - markdown_it.rules_block.html_block - DEBUG - html_block.html_block:35 - entering html_block: StateBlock(line=393,level=2,tokens=808), 394, 445, True
2025-12-27 14:06:17 - 20251227_140616_ac1a7dad - markdown_it.rules_block.heading - DEBUG - heading.heading:13 - entering heading: StateBlock(line=393,level=2,tokens=808), 394, 445, True
2025-12-27 14:06:17 - 20251227_140616_ac1a7dad - markdown_it.rules_block.paragraph - DEBUG - paragraph.paragraph:10 - entering paragraph: StateBlock(line=393,level=2,tokens=808), 393, 445, False
2025-12-27 14:06:17 - 20251227_140616_ac1a7dad - markdown_it.rules_block.fence - DEBUG - fence.fence:10 - entering fence: StateBlock(line=393,level=2,tokens=808), 394, 445, True
2025-12-27 14:06:17 - 20251227_140616_ac1a7dad - markdown_it.rules_block.blockquote - DEBUG - blockquote.blockquote:13 - entering blockquote: StateBlock(line=393,level=2,tokens=808), 394, 445, True
2025-12-27 14:06:17 - 20251227_140616_ac1a7dad - markdown_it.rules_block.hr - DEBUG - hr.hr:14 - entering hr: StateBlock(line=393,level=2,tokens=808), 394, 445, True
2025-12-27 14:06:17 - 20251227_140616_ac1a7dad - markdown_it.rules_block.list - DEBUG - list.list_block:102 - entering list: StateBlock(line=393,level=2,tokens=808), 394, 445, True
2025-12-27 14:06:17 - 20251227_140616_ac1a7dad - markdown_it.rules_block.html_block - DEBUG - html_block.html_block:35 - entering html_block: StateBlock(line=393,level=2,tokens=808), 394, 445, True
2025-12-27 14:06:17 - 20251227_140616_ac1a7dad - markdown_it.rules_block.heading - DEBUG - heading.heading:13 - entering heading: StateBlock(line=393,level=2,tokens=808), 394, 445, True
2025-12-27 14:06:17 - 20251227_140616_ac1a7dad - markdown_it.rules_block.fence - DEBUG - fence.fence:10 - entering fence: StateBlock(line=396,level=1,tokens=812), 396, 445, True
2025-12-27 14:06:17 - 20251227_140616_ac1a7dad - markdown_it.rules_block.blockquote - DEBUG - blockquote.blockquote:13 - entering blockquote: StateBlock(line=396,level=1,tokens=812), 396, 445, True
2025-12-27 14:06:17 - 20251227_140616_ac1a7dad - markdown_it.rules_block.hr - DEBUG - hr.hr:14 - entering hr: StateBlock(line=396,level=1,tokens=812), 396, 445, True
2025-12-27 14:06:17 - 20251227_140616_ac1a7dad - markdown_it.rules_block.code - DEBUG - code.code:10 - entering code: StateBlock(line=396,level=0,tokens=813), 396, 445, False
2025-12-27 14:06:17 - 20251227_140616_ac1a7dad - markdown_it.rules_block.fence - DEBUG - fence.fence:10 - entering fence: StateBlock(line=396,level=0,tokens=813), 396, 445, False
2025-12-27 14:06:17 - 20251227_140616_ac1a7dad - markdown_it.rules_block.blockquote - DEBUG - blockquote.blockquote:13 - entering blockquote: StateBlock(line=396,level=0,tokens=813), 396, 445, False
2025-12-27 14:06:17 - 20251227_140616_ac1a7dad - markdown_it.rules_block.hr - DEBUG - hr.hr:14 - entering hr: StateBlock(line=396,level=0,tokens=813), 396, 445, False
2025-12-27 14:06:17 - 20251227_140616_ac1a7dad - markdown_it.rules_block.list - DEBUG - list.list_block:102 - entering list: StateBlock(line=396,level=0,tokens=813), 396, 445, False
2025-12-27 14:06:17 - 20251227_140616_ac1a7dad - markdown_it.rules_block.reference - DEBUG - reference.reference:10 - entering reference: StateBlock(line=396,level=0,tokens=813), 396, 445, False
2025-12-27 14:06:17 - 20251227_140616_ac1a7dad - markdown_it.rules_block.html_block - DEBUG - html_block.html_block:35 - entering html_block: StateBlock(line=396,level=0,tokens=813), 396, 445, False
2025-12-27 14:06:17 - 20251227_140616_ac1a7dad - markdown_it.rules_block.heading - DEBUG - heading.heading:13 - entering heading: StateBlock(line=396,level=0,tokens=813), 396, 445, False
2025-12-27 14:06:17 - 20251227_140616_ac1a7dad - markdown_it.rules_block.code - DEBUG - code.code:10 - entering code: StateBlock(line=398,level=0,tokens=816), 398, 445, False
2025-12-27 14:06:17 - 20251227_140616_ac1a7dad - markdown_it.rules_block.fence - DEBUG - fence.fence:10 - entering fence: StateBlock(line=398,level=0,tokens=816), 398, 445, False
2025-12-27 14:06:17 - 20251227_140616_ac1a7dad - markdown_it.rules_block.blockquote - DEBUG - blockquote.blockquote:13 - entering blockquote: StateBlock(line=398,level=0,tokens=816), 398, 445, False
2025-12-27 14:06:17 - 20251227_140616_ac1a7dad - markdown_it.rules_block.hr - DEBUG - hr.hr:14 - entering hr: StateBlock(line=398,level=0,tokens=816), 398, 445, False
2025-12-27 14:06:17 - 20251227_140616_ac1a7dad - markdown_it.rules_block.list - DEBUG - list.list_block:102 - entering list: StateBlock(line=398,level=0,tokens=816), 398, 445, False
2025-12-27 14:06:17 - 20251227_140616_ac1a7dad - markdown_it.rules_block.code - DEBUG - code.code:10 - entering code: StateBlock(line=398,level=2,tokens=818), 398, 445, False
2025-12-27 14:06:17 - 20251227_140616_ac1a7dad - markdown_it.rules_block.fence - DEBUG - fence.fence:10 - entering fence: StateBlock(line=398,level=2,tokens=818), 398, 445, False
2025-12-27 14:06:17 - 20251227_140616_ac1a7dad - markdown_it.rules_block.blockquote - DEBUG - blockquote.blockquote:13 - entering blockquote: StateBlock(line=398,level=2,tokens=818), 398, 445, False
2025-12-27 14:06:17 - 20251227_140616_ac1a7dad - markdown_it.rules_block.hr - DEBUG - hr.hr:14 - entering hr: StateBlock(line=398,level=2,tokens=818), 398, 445, False
2025-12-27 14:06:17 - 20251227_140616_ac1a7dad - markdown_it.rules_block.list - DEBUG - list.list_block:102 - entering list: StateBlock(line=398,level=2,tokens=818), 398, 445, False
2025-12-27 14:06:17 - 20251227_140616_ac1a7dad - markdown_it.rules_block.reference - DEBUG - reference.reference:10 - entering reference: StateBlock(line=398,level=2,tokens=818), 398, 445, False
2025-12-27 14:06:17 - 20251227_140616_ac1a7dad - markdown_it.rules_block.html_block - DEBUG - html_block.html_block:35 - entering html_block: StateBlock(line=398,level=2,tokens=818), 398, 445, False
2025-12-27 14:06:17 - 20251227_140616_ac1a7dad - markdown_it.rules_block.heading - DEBUG - heading.heading:13 - entering heading: StateBlock(line=398,level=2,tokens=818), 398, 445, False
2025-12-27 14:06:17 - 20251227_140616_ac1a7dad - markdown_it.rules_block.lheading - DEBUG - lheading.lheading:10 - entering lheading: StateBlock(line=398,level=2,tokens=818), 398, 445, False
2025-12-27 14:06:17 - 20251227_140616_ac1a7dad - markdown_it.rules_block.fence - DEBUG - fence.fence:10 - entering fence: StateBlock(line=398,level=2,tokens=818), 399, 445, True
2025-12-27 14:06:17 - 20251227_140616_ac1a7dad - markdown_it.rules_block.blockquote - DEBUG - blockquote.blockquote:13 - entering blockquote: StateBlock(line=398,level=2,tokens=818), 399, 445, True
2025-12-27 14:06:17 - 20251227_140616_ac1a7dad - markdown_it.rules_block.hr - DEBUG - hr.hr:14 - entering hr: StateBlock(line=398,level=2,tokens=818), 399, 445, True
2025-12-27 14:06:17 - 20251227_140616_ac1a7dad - markdown_it.rules_block.list - DEBUG - list.list_block:102 - entering list: StateBlock(line=398,level=2,tokens=818), 399, 445, True
2025-12-27 14:06:17 - 20251227_140616_ac1a7dad - markdown_it.rules_block.html_block - DEBUG - html_block.html_block:35 - entering html_block: StateBlock(line=398,level=2,tokens=818), 399, 445, True
2025-12-27 14:06:17 - 20251227_140616_ac1a7dad - markdown_it.rules_block.heading - DEBUG - heading.heading:13 - entering heading: StateBlock(line=398,level=2,tokens=818), 399, 445, True
2025-12-27 14:06:17 - 20251227_140616_ac1a7dad - markdown_it.rules_block.fence - DEBUG - fence.fence:10 - entering fence: StateBlock(line=398,level=2,tokens=818), 400, 445, True
2025-12-27 14:06:17 - 20251227_140616_ac1a7dad - markdown_it.rules_block.blockquote - DEBUG - blockquote.blockquote:13 - entering blockquote: StateBlock(line=398,level=2,tokens=818), 400, 445, True
2025-12-27 14:06:17 - 20251227_140616_ac1a7dad - markdown_it.rules_block.hr - DEBUG - hr.hr:14 - entering hr: StateBlock(line=398,level=2,tokens=818), 400, 445, True
2025-12-27 14:06:17 - 20251227_140616_ac1a7dad - markdown_it.rules_block.list - DEBUG - list.list_block:102 - entering list: StateBlock(line=398,level=2,tokens=818), 400, 445, True
2025-12-27 14:06:17 - 20251227_140616_ac1a7dad - markdown_it.rules_block.paragraph - DEBUG - paragraph.paragraph:10 - entering paragraph: StateBlock(line=398,level=2,tokens=818), 398, 445, False
2025-12-27 14:06:17 - 20251227_140616_ac1a7dad - markdown_it.rules_block.fence - DEBUG - fence.fence:10 - entering fence: StateBlock(line=398,level=2,tokens=818), 399, 445, True
2025-12-27 14:06:17 - 20251227_140616_ac1a7dad - markdown_it.rules_block.blockquote - DEBUG - blockquote.blockquote:13 - entering blockquote: StateBlock(line=398,level=2,tokens=818), 399, 445, True
2025-12-27 14:06:17 - 20251227_140616_ac1a7dad - markdown_it.rules_block.hr - DEBUG - hr.hr:14 - entering hr: StateBlock(line=398,level=2,tokens=818), 399, 445, True
2025-12-27 14:06:17 - 20251227_140616_ac1a7dad - markdown_it.rules_block.list - DEBUG - list.list_block:102 - entering list: StateBlock(line=398,level=2,tokens=818), 399, 445, True
2025-12-27 14:06:17 - 20251227_140616_ac1a7dad - markdown_it.rules_block.html_block - DEBUG - html_block.html_block:35 - entering html_block: StateBlock(line=398,level=2,tokens=818), 399, 445, True
2025-12-27 14:06:17 - 20251227_140616_ac1a7dad - markdown_it.rules_block.heading - DEBUG - heading.heading:13 - entering heading: StateBlock(line=398,level=2,tokens=818), 399, 445, True
2025-12-27 14:06:17 - 20251227_140616_ac1a7dad - markdown_it.rules_block.fence - DEBUG - fence.fence:10 - entering fence: StateBlock(line=398,level=2,tokens=818), 400, 445, True
2025-12-27 14:06:17 - 20251227_140616_ac1a7dad - markdown_it.rules_block.blockquote - DEBUG - blockquote.blockquote:13 - entering blockquote: StateBlock(line=398,level=2,tokens=818), 400, 445, True
2025-12-27 14:06:17 - 20251227_140616_ac1a7dad - markdown_it.rules_block.hr - DEBUG - hr.hr:14 - entering hr: StateBlock(line=398,level=2,tokens=818), 400, 445, True
2025-12-27 14:06:17 - 20251227_140616_ac1a7dad - markdown_it.rules_block.list - DEBUG - list.list_block:102 - entering list: StateBlock(line=398,level=2,tokens=818), 400, 445, True
2025-12-27 14:06:17 - 20251227_140616_ac1a7dad - markdown_it.rules_block.fence - DEBUG - fence.fence:10 - entering fence: StateBlock(line=400,level=1,tokens=822), 400, 445, True
2025-12-27 14:06:17 - 20251227_140616_ac1a7dad - markdown_it.rules_block.blockquote - DEBUG - blockquote.blockquote:13 - entering blockquote: StateBlock(line=400,level=1,tokens=822), 400, 445, True
2025-12-27 14:06:17 - 20251227_140616_ac1a7dad - markdown_it.rules_block.hr - DEBUG - hr.hr:14 - entering hr: StateBlock(line=400,level=1,tokens=822), 400, 445, True
2025-12-27 14:06:17 - 20251227_140616_ac1a7dad - markdown_it.rules_block.code - DEBUG - code.code:10 - entering code: StateBlock(line=400,level=2,tokens=823), 400, 445, False
2025-12-27 14:06:17 - 20251227_140616_ac1a7dad - markdown_it.rules_block.fence - DEBUG - fence.fence:10 - entering fence: StateBlock(line=400,level=2,tokens=823), 400, 445, False
2025-12-27 14:06:17 - 20251227_140616_ac1a7dad - markdown_it.rules_block.blockquote - DEBUG - blockquote.blockquote:13 - entering blockquote: StateBlock(line=400,level=2,tokens=823), 400, 445, False
2025-12-27 14:06:17 - 20251227_140616_ac1a7dad - markdown_it.rules_block.hr - DEBUG - hr.hr:14 - entering hr: StateBlock(line=400,level=2,tokens=823), 400, 445, False
2025-12-27 14:06:17 - 20251227_140616_ac1a7dad - markdown_it.rules_block.list - DEBUG - list.list_block:102 - entering list: StateBlock(line=400,level=2,tokens=823), 400, 445, False
2025-12-27 14:06:17 - 20251227_140616_ac1a7dad - markdown_it.rules_block.reference - DEBUG - reference.reference:10 - entering reference: StateBlock(line=400,level=2,tokens=823), 400, 445, False
2025-12-27 14:06:17 - 20251227_140616_ac1a7dad - markdown_it.rules_block.html_block - DEBUG - html_block.html_block:35 - entering html_block: StateBlock(line=400,level=2,tokens=823), 400, 445, False
2025-12-27 14:06:17 - 20251227_140616_ac1a7dad - markdown_it.rules_block.heading - DEBUG - heading.heading:13 - entering heading: StateBlock(line=400,level=2,tokens=823), 400, 445, False
2025-12-27 14:06:17 - 20251227_140616_ac1a7dad - markdown_it.rules_block.lheading - DEBUG - lheading.lheading:10 - entering lheading: StateBlock(line=400,level=2,tokens=823), 400, 445, False
2025-12-27 14:06:17 - 20251227_140616_ac1a7dad - markdown_it.rules_block.fence - DEBUG - fence.fence:10 - entering fence: StateBlock(line=400,level=2,tokens=823), 401, 445, True
2025-12-27 14:06:17 - 20251227_140616_ac1a7dad - markdown_it.rules_block.blockquote - DEBUG - blockquote.blockquote:13 - entering blockquote: StateBlock(line=400,level=2,tokens=823), 401, 445, True
2025-12-27 14:06:17 - 20251227_140616_ac1a7dad - markdown_it.rules_block.hr - DEBUG - hr.hr:14 - entering hr: StateBlock(line=400,level=2,tokens=823), 401, 445, True
2025-12-27 14:06:17 - 20251227_140616_ac1a7dad - markdown_it.rules_block.list - DEBUG - list.list_block:102 - entering list: StateBlock(line=400,level=2,tokens=823), 401, 445, True
2025-12-27 14:06:17 - 20251227_140616_ac1a7dad - markdown_it.rules_block.html_block - DEBUG - html_block.html_block:35 - entering html_block: StateBlock(line=400,level=2,tokens=823), 401, 445, True
2025-12-27 14:06:17 - 20251227_140616_ac1a7dad - markdown_it.rules_block.heading - DEBUG - heading.heading:13 - entering heading: StateBlock(line=400,level=2,tokens=823), 401, 445, True
2025-12-27 14:06:17 - 20251227_140616_ac1a7dad - markdown_it.rules_block.fence - DEBUG - fence.fence:10 - entering fence: StateBlock(line=400,level=2,tokens=823), 402, 445, True
2025-12-27 14:06:17 - 20251227_140616_ac1a7dad - markdown_it.rules_block.blockquote - DEBUG - blockquote.blockquote:13 - entering blockquote: StateBlock(line=400,level=2,tokens=823), 402, 445, True
2025-12-27 14:06:17 - 20251227_140616_ac1a7dad - markdown_it.rules_block.hr - DEBUG - hr.hr:14 - entering hr: StateBlock(line=400,level=2,tokens=823), 402, 445, True
2025-12-27 14:06:17 - 20251227_140616_ac1a7dad - markdown_it.rules_block.list - DEBUG - list.list_block:102 - entering list: StateBlock(line=400,level=2,tokens=823), 402, 445, True
2025-12-27 14:06:17 - 20251227_140616_ac1a7dad - markdown_it.rules_block.paragraph - DEBUG - paragraph.paragraph:10 - entering paragraph: StateBlock(line=400,level=2,tokens=823), 400, 445, False
2025-12-27 14:06:17 - 20251227_140616_ac1a7dad - markdown_it.rules_block.fence - DEBUG - fence.fence:10 - entering fence: StateBlock(line=400,level=2,tokens=823), 401, 445, True
2025-12-27 14:06:17 - 20251227_140616_ac1a7dad - markdown_it.rules_block.blockquote - DEBUG - blockquote.blockquote:13 - entering blockquote: StateBlock(line=400,level=2,tokens=823), 401, 445, True
2025-12-27 14:06:17 - 20251227_140616_ac1a7dad - markdown_it.rules_block.hr - DEBUG - hr.hr:14 - entering hr: StateBlock(line=400,level=2,tokens=823), 401, 445, True
2025-12-27 14:06:17 - 20251227_140616_ac1a7dad - markdown_it.rules_block.list - DEBUG - list.list_block:102 - entering list: StateBlock(line=400,level=2,tokens=823), 401, 445, True
2025-12-27 14:06:17 - 20251227_140616_ac1a7dad - markdown_it.rules_block.html_block - DEBUG - html_block.html_block:35 - entering html_block: StateBlock(line=400,level=2,tokens=823), 401, 445, True
2025-12-27 14:06:17 - 20251227_140616_ac1a7dad - markdown_it.rules_block.heading - DEBUG - heading.heading:13 - entering heading: StateBlock(line=400,level=2,tokens=823), 401, 445, True
2025-12-27 14:06:17 - 20251227_140616_ac1a7dad - markdown_it.rules_block.fence - DEBUG - fence.fence:10 - entering fence: StateBlock(line=400,level=2,tokens=823), 402, 445, True
2025-12-27 14:06:17 - 20251227_140616_ac1a7dad - markdown_it.rules_block.blockquote - DEBUG - blockquote.blockquote:13 - entering blockquote: StateBlock(line=400,level=2,tokens=823), 402, 445, True
2025-12-27 14:06:17 - 20251227_140616_ac1a7dad - markdown_it.rules_block.hr - DEBUG - hr.hr:14 - entering hr: StateBlock(line=400,level=2,tokens=823), 402, 445, True
2025-12-27 14:06:17 - 20251227_140616_ac1a7dad - markdown_it.rules_block.list - DEBUG - list.list_block:102 - entering list: StateBlock(line=400,level=2,tokens=823), 402, 445, True
2025-12-27 14:06:17 - 20251227_140616_ac1a7dad - markdown_it.rules_block.fence - DEBUG - fence.fence:10 - entering fence: StateBlock(line=402,level=1,tokens=827), 402, 445, True
2025-12-27 14:06:17 - 20251227_140616_ac1a7dad - markdown_it.rules_block.blockquote - DEBUG - blockquote.blockquote:13 - entering blockquote: StateBlock(line=402,level=1,tokens=827), 402, 445, True
2025-12-27 14:06:17 - 20251227_140616_ac1a7dad - markdown_it.rules_block.hr - DEBUG - hr.hr:14 - entering hr: StateBlock(line=402,level=1,tokens=827), 402, 445, True
2025-12-27 14:06:17 - 20251227_140616_ac1a7dad - markdown_it.rules_block.code - DEBUG - code.code:10 - entering code: StateBlock(line=402,level=2,tokens=828), 402, 445, False
2025-12-27 14:06:17 - 20251227_140616_ac1a7dad - markdown_it.rules_block.fence - DEBUG - fence.fence:10 - entering fence: StateBlock(line=402,level=2,tokens=828), 402, 445, False
2025-12-27 14:06:17 - 20251227_140616_ac1a7dad - markdown_it.rules_block.blockquote - DEBUG - blockquote.blockquote:13 - entering blockquote: StateBlock(line=402,level=2,tokens=828), 402, 445, False
2025-12-27 14:06:17 - 20251227_140616_ac1a7dad - markdown_it.rules_block.hr - DEBUG - hr.hr:14 - entering hr: StateBlock(line=402,level=2,tokens=828), 402, 445, False
2025-12-27 14:06:17 - 20251227_140616_ac1a7dad - markdown_it.rules_block.list - DEBUG - list.list_block:102 - entering list: StateBlock(line=402,level=2,tokens=828), 402, 445, False
2025-12-27 14:06:17 - 20251227_140616_ac1a7dad - markdown_it.rules_block.reference - DEBUG - reference.reference:10 - entering reference: StateBlock(line=402,level=2,tokens=828), 402, 445, False
2025-12-27 14:06:17 - 20251227_140616_ac1a7dad - markdown_it.rules_block.html_block - DEBUG - html_block.html_block:35 - entering html_block: StateBlock(line=402,level=2,tokens=828), 402, 445, False
2025-12-27 14:06:17 - 20251227_140616_ac1a7dad - markdown_it.rules_block.heading - DEBUG - heading.heading:13 - entering heading: StateBlock(line=402,level=2,tokens=828), 402, 445, False
2025-12-27 14:06:17 - 20251227_140616_ac1a7dad - markdown_it.rules_block.lheading - DEBUG - lheading.lheading:10 - entering lheading: StateBlock(line=402,level=2,tokens=828), 402, 445, False
2025-12-27 14:06:17 - 20251227_140616_ac1a7dad - markdown_it.rules_block.paragraph - DEBUG - paragraph.paragraph:10 - entering paragraph: StateBlock(line=402,level=2,tokens=828), 402, 445, False
2025-12-27 14:06:17 - 20251227_140616_ac1a7dad - markdown_it.rules_block.fence - DEBUG - fence.fence:10 - entering fence: StateBlock(line=404,level=1,tokens=832), 404, 445, True
2025-12-27 14:06:17 - 20251227_140616_ac1a7dad - markdown_it.rules_block.blockquote - DEBUG - blockquote.blockquote:13 - entering blockquote: StateBlock(line=404,level=1,tokens=832), 404, 445, True
2025-12-27 14:06:17 - 20251227_140616_ac1a7dad - markdown_it.rules_block.hr - DEBUG - hr.hr:14 - entering hr: StateBlock(line=404,level=1,tokens=832), 404, 445, True
2025-12-27 14:06:17 - 20251227_140616_ac1a7dad - markdown_it.rules_block.code - DEBUG - code.code:10 - entering code: StateBlock(line=404,level=0,tokens=833), 404, 445, False
2025-12-27 14:06:17 - 20251227_140616_ac1a7dad - markdown_it.rules_block.fence - DEBUG - fence.fence:10 - entering fence: StateBlock(line=404,level=0,tokens=833), 404, 445, False
2025-12-27 14:06:17 - 20251227_140616_ac1a7dad - markdown_it.rules_block.blockquote - DEBUG - blockquote.blockquote:13 - entering blockquote: StateBlock(line=404,level=0,tokens=833), 404, 445, False
2025-12-27 14:06:17 - 20251227_140616_ac1a7dad - markdown_it.rules_block.hr - DEBUG - hr.hr:14 - entering hr: StateBlock(line=404,level=0,tokens=833), 404, 445, False
2025-12-27 14:06:17 - 20251227_140616_ac1a7dad - markdown_it.rules_block.list - DEBUG - list.list_block:102 - entering list: StateBlock(line=404,level=0,tokens=833), 404, 445, False
2025-12-27 14:06:17 - 20251227_140616_ac1a7dad - markdown_it.rules_block.reference - DEBUG - reference.reference:10 - entering reference: StateBlock(line=404,level=0,tokens=833), 404, 445, False
2025-12-27 14:06:17 - 20251227_140616_ac1a7dad - markdown_it.rules_block.html_block - DEBUG - html_block.html_block:35 - entering html_block: StateBlock(line=404,level=0,tokens=833), 404, 445, False
2025-12-27 14:06:17 - 20251227_140616_ac1a7dad - markdown_it.rules_block.heading - DEBUG - heading.heading:13 - entering heading: StateBlock(line=404,level=0,tokens=833), 404, 445, False
2025-12-27 14:06:17 - 20251227_140616_ac1a7dad - markdown_it.rules_block.code - DEBUG - code.code:10 - entering code: StateBlock(line=406,level=0,tokens=836), 406, 445, False
2025-12-27 14:06:17 - 20251227_140616_ac1a7dad - markdown_it.rules_block.fence - DEBUG - fence.fence:10 - entering fence: StateBlock(line=406,level=0,tokens=836), 406, 445, False
2025-12-27 14:06:17 - 20251227_140616_ac1a7dad - markdown_it.rules_block.blockquote - DEBUG - blockquote.blockquote:13 - entering blockquote: StateBlock(line=406,level=0,tokens=836), 406, 445, False
2025-12-27 14:06:17 - 20251227_140616_ac1a7dad - markdown_it.rules_block.hr - DEBUG - hr.hr:14 - entering hr: StateBlock(line=406,level=0,tokens=836), 406, 445, False
2025-12-27 14:06:17 - 20251227_140616_ac1a7dad - markdown_it.rules_block.list - DEBUG - list.list_block:102 - entering list: StateBlock(line=406,level=0,tokens=836), 406, 445, False
2025-12-27 14:06:17 - 20251227_140616_ac1a7dad - markdown_it.rules_block.code - DEBUG - code.code:10 - entering code: StateBlock(line=406,level=2,tokens=838), 406, 445, False
2025-12-27 14:06:17 - 20251227_140616_ac1a7dad - markdown_it.rules_block.fence - DEBUG - fence.fence:10 - entering fence: StateBlock(line=406,level=2,tokens=838), 406, 445, False
2025-12-27 14:06:17 - 20251227_140616_ac1a7dad - markdown_it.rules_block.blockquote - DEBUG - blockquote.blockquote:13 - entering blockquote: StateBlock(line=406,level=2,tokens=838), 406, 445, False
2025-12-27 14:06:17 - 20251227_140616_ac1a7dad - markdown_it.rules_block.hr - DEBUG - hr.hr:14 - entering hr: StateBlock(line=406,level=2,tokens=838), 406, 445, False
2025-12-27 14:06:17 - 20251227_140616_ac1a7dad - markdown_it.rules_block.list - DEBUG - list.list_block:102 - entering list: StateBlock(line=406,level=2,tokens=838), 406, 445, False
2025-12-27 14:06:17 - 20251227_140616_ac1a7dad - markdown_it.rules_block.reference - DEBUG - reference.reference:10 - entering reference: StateBlock(line=406,level=2,tokens=838), 406, 445, False
2025-12-27 14:06:17 - 20251227_140616_ac1a7dad - markdown_it.rules_block.html_block - DEBUG - html_block.html_block:35 - entering html_block: StateBlock(line=406,level=2,tokens=838), 406, 445, False
2025-12-27 14:06:17 - 20251227_140616_ac1a7dad - markdown_it.rules_block.heading - DEBUG - heading.heading:13 - entering heading: StateBlock(line=406,level=2,tokens=838), 406, 445, False
2025-12-27 14:06:17 - 20251227_140616_ac1a7dad - markdown_it.rules_block.lheading - DEBUG - lheading.lheading:10 - entering lheading: StateBlock(line=406,level=2,tokens=838), 406, 445, False
2025-12-27 14:06:17 - 20251227_140616_ac1a7dad - markdown_it.rules_block.fence - DEBUG - fence.fence:10 - entering fence: StateBlock(line=406,level=2,tokens=838), 407, 445, True
2025-12-27 14:06:17 - 20251227_140616_ac1a7dad - markdown_it.rules_block.blockquote - DEBUG - blockquote.blockquote:13 - entering blockquote: StateBlock(line=406,level=2,tokens=838), 407, 445, True
2025-12-27 14:06:17 - 20251227_140616_ac1a7dad - markdown_it.rules_block.hr - DEBUG - hr.hr:14 - entering hr: StateBlock(line=406,level=2,tokens=838), 407, 445, True
2025-12-27 14:06:17 - 20251227_140616_ac1a7dad - markdown_it.rules_block.list - DEBUG - list.list_block:102 - entering list: StateBlock(line=406,level=2,tokens=838), 407, 445, True
2025-12-27 14:06:17 - 20251227_140616_ac1a7dad - markdown_it.rules_block.html_block - DEBUG - html_block.html_block:35 - entering html_block: StateBlock(line=406,level=2,tokens=838), 407, 445, True
2025-12-27 14:06:17 - 20251227_140616_ac1a7dad - markdown_it.rules_block.heading - DEBUG - heading.heading:13 - entering heading: StateBlock(line=406,level=2,tokens=838), 407, 445, True
2025-12-27 14:06:17 - 20251227_140616_ac1a7dad - markdown_it.rules_block.fence - DEBUG - fence.fence:10 - entering fence: StateBlock(line=406,level=2,tokens=838), 408, 445, True
2025-12-27 14:06:17 - 20251227_140616_ac1a7dad - markdown_it.rules_block.blockquote - DEBUG - blockquote.blockquote:13 - entering blockquote: StateBlock(line=406,level=2,tokens=838), 408, 445, True
2025-12-27 14:06:17 - 20251227_140616_ac1a7dad - markdown_it.rules_block.hr - DEBUG - hr.hr:14 - entering hr: StateBlock(line=406,level=2,tokens=838), 408, 445, True
2025-12-27 14:06:17 - 20251227_140616_ac1a7dad - markdown_it.rules_block.list - DEBUG - list.list_block:102 - entering list: StateBlock(line=406,level=2,tokens=838), 408, 445, True
2025-12-27 14:06:17 - 20251227_140616_ac1a7dad - markdown_it.rules_block.paragraph - DEBUG - paragraph.paragraph:10 - entering paragraph: StateBlock(line=406,level=2,tokens=838), 406, 445, False
2025-12-27 14:06:17 - 20251227_140616_ac1a7dad - markdown_it.rules_block.fence - DEBUG - fence.fence:10 - entering fence: StateBlock(line=406,level=2,tokens=838), 407, 445, True
2025-12-27 14:06:17 - 20251227_140616_ac1a7dad - markdown_it.rules_block.blockquote - DEBUG - blockquote.blockquote:13 - entering blockquote: StateBlock(line=406,level=2,tokens=838), 407, 445, True
2025-12-27 14:06:17 - 20251227_140616_ac1a7dad - markdown_it.rules_block.hr - DEBUG - hr.hr:14 - entering hr: StateBlock(line=406,level=2,tokens=838), 407, 445, True
2025-12-27 14:06:17 - 20251227_140616_ac1a7dad - markdown_it.rules_block.list - DEBUG - list.list_block:102 - entering list: StateBlock(line=406,level=2,tokens=838), 407, 445, True
2025-12-27 14:06:17 - 20251227_140616_ac1a7dad - markdown_it.rules_block.html_block - DEBUG - html_block.html_block:35 - entering html_block: StateBlock(line=406,level=2,tokens=838), 407, 445, True
2025-12-27 14:06:17 - 20251227_140616_ac1a7dad - markdown_it.rules_block.heading - DEBUG - heading.heading:13 - entering heading: StateBlock(line=406,level=2,tokens=838), 407, 445, True
2025-12-27 14:06:17 - 20251227_140616_ac1a7dad - markdown_it.rules_block.fence - DEBUG - fence.fence:10 - entering fence: StateBlock(line=406,level=2,tokens=838), 408, 445, True
2025-12-27 14:06:17 - 20251227_140616_ac1a7dad - markdown_it.rules_block.blockquote - DEBUG - blockquote.blockquote:13 - entering blockquote: StateBlock(line=406,level=2,tokens=838), 408, 445, True
2025-12-27 14:06:17 - 20251227_140616_ac1a7dad - markdown_it.rules_block.hr - DEBUG - hr.hr:14 - entering hr: StateBlock(line=406,level=2,tokens=838), 408, 445, True
2025-12-27 14:06:17 - 20251227_140616_ac1a7dad - markdown_it.rules_block.list - DEBUG - list.list_block:102 - entering list: StateBlock(line=406,level=2,tokens=838), 408, 445, True
2025-12-27 14:06:17 - 20251227_140616_ac1a7dad - markdown_it.rules_block.fence - DEBUG - fence.fence:10 - entering fence: StateBlock(line=408,level=1,tokens=842), 408, 445, True
2025-12-27 14:06:17 - 20251227_140616_ac1a7dad - markdown_it.rules_block.blockquote - DEBUG - blockquote.blockquote:13 - entering blockquote: StateBlock(line=408,level=1,tokens=842), 408, 445, True
2025-12-27 14:06:17 - 20251227_140616_ac1a7dad - markdown_it.rules_block.hr - DEBUG - hr.hr:14 - entering hr: StateBlock(line=408,level=1,tokens=842), 408, 445, True
2025-12-27 14:06:17 - 20251227_140616_ac1a7dad - markdown_it.rules_block.code - DEBUG - code.code:10 - entering code: StateBlock(line=408,level=2,tokens=843), 408, 445, False
2025-12-27 14:06:17 - 20251227_140616_ac1a7dad - markdown_it.rules_block.fence - DEBUG - fence.fence:10 - entering fence: StateBlock(line=408,level=2,tokens=843), 408, 445, False
2025-12-27 14:06:17 - 20251227_140616_ac1a7dad - markdown_it.rules_block.blockquote - DEBUG - blockquote.blockquote:13 - entering blockquote: StateBlock(line=408,level=2,tokens=843), 408, 445, False
2025-12-27 14:06:17 - 20251227_140616_ac1a7dad - markdown_it.rules_block.hr - DEBUG - hr.hr:14 - entering hr: StateBlock(line=408,level=2,tokens=843), 408, 445, False
2025-12-27 14:06:17 - 20251227_140616_ac1a7dad - markdown_it.rules_block.list - DEBUG - list.list_block:102 - entering list: StateBlock(line=408,level=2,tokens=843), 408, 445, False
2025-12-27 14:06:17 - 20251227_140616_ac1a7dad - markdown_it.rules_block.reference - DEBUG - reference.reference:10 - entering reference: StateBlock(line=408,level=2,tokens=843), 408, 445, False
2025-12-27 14:06:17 - 20251227_140616_ac1a7dad - markdown_it.rules_block.html_block - DEBUG - html_block.html_block:35 - entering html_block: StateBlock(line=408,level=2,tokens=843), 408, 445, False
2025-12-27 14:06:17 - 20251227_140616_ac1a7dad - markdown_it.rules_block.heading - DEBUG - heading.heading:13 - entering heading: StateBlock(line=408,level=2,tokens=843), 408, 445, False
2025-12-27 14:06:17 - 20251227_140616_ac1a7dad - markdown_it.rules_block.lheading - DEBUG - lheading.lheading:10 - entering lheading: StateBlock(line=408,level=2,tokens=843), 408, 445, False
2025-12-27 14:06:17 - 20251227_140616_ac1a7dad - markdown_it.rules_block.paragraph - DEBUG - paragraph.paragraph:10 - entering paragraph: StateBlock(line=408,level=2,tokens=843), 408, 445, False
2025-12-27 14:06:17 - 20251227_140616_ac1a7dad - markdown_it.rules_block.fence - DEBUG - fence.fence:10 - entering fence: StateBlock(line=410,level=1,tokens=847), 410, 445, True
2025-12-27 14:06:17 - 20251227_140616_ac1a7dad - markdown_it.rules_block.blockquote - DEBUG - blockquote.blockquote:13 - entering blockquote: StateBlock(line=410,level=1,tokens=847), 410, 445, True
2025-12-27 14:06:17 - 20251227_140616_ac1a7dad - markdown_it.rules_block.hr - DEBUG - hr.hr:14 - entering hr: StateBlock(line=410,level=1,tokens=847), 410, 445, True
2025-12-27 14:06:17 - 20251227_140616_ac1a7dad - markdown_it.rules_block.code - DEBUG - code.code:10 - entering code: StateBlock(line=410,level=0,tokens=848), 410, 445, False
2025-12-27 14:06:17 - 20251227_140616_ac1a7dad - markdown_it.rules_block.fence - DEBUG - fence.fence:10 - entering fence: StateBlock(line=410,level=0,tokens=848), 410, 445, False
2025-12-27 14:06:17 - 20251227_140616_ac1a7dad - markdown_it.rules_block.blockquote - DEBUG - blockquote.blockquote:13 - entering blockquote: StateBlock(line=410,level=0,tokens=848), 410, 445, False
2025-12-27 14:06:17 - 20251227_140616_ac1a7dad - markdown_it.rules_block.hr - DEBUG - hr.hr:14 - entering hr: StateBlock(line=410,level=0,tokens=848), 410, 445, False
2025-12-27 14:06:17 - 20251227_140616_ac1a7dad - markdown_it.rules_block.list - DEBUG - list.list_block:102 - entering list: StateBlock(line=410,level=0,tokens=848), 410, 445, False
2025-12-27 14:06:17 - 20251227_140616_ac1a7dad - markdown_it.rules_block.reference - DEBUG - reference.reference:10 - entering reference: StateBlock(line=410,level=0,tokens=848), 410, 445, False
2025-12-27 14:06:17 - 20251227_140616_ac1a7dad - markdown_it.rules_block.html_block - DEBUG - html_block.html_block:35 - entering html_block: StateBlock(line=410,level=0,tokens=848), 410, 445, False
2025-12-27 14:06:17 - 20251227_140616_ac1a7dad - markdown_it.rules_block.heading - DEBUG - heading.heading:13 - entering heading: StateBlock(line=410,level=0,tokens=848), 410, 445, False
2025-12-27 14:06:17 - 20251227_140616_ac1a7dad - markdown_it.rules_block.code - DEBUG - code.code:10 - entering code: StateBlock(line=412,level=0,tokens=851), 412, 445, False
2025-12-27 14:06:17 - 20251227_140616_ac1a7dad - markdown_it.rules_block.fence - DEBUG - fence.fence:10 - entering fence: StateBlock(line=412,level=0,tokens=851), 412, 445, False
2025-12-27 14:06:17 - 20251227_140616_ac1a7dad - markdown_it.rules_block.blockquote - DEBUG - blockquote.blockquote:13 - entering blockquote: StateBlock(line=412,level=0,tokens=851), 412, 445, False
2025-12-27 14:06:17 - 20251227_140616_ac1a7dad - markdown_it.rules_block.hr - DEBUG - hr.hr:14 - entering hr: StateBlock(line=412,level=0,tokens=851), 412, 445, False
2025-12-27 14:06:17 - 20251227_140616_ac1a7dad - markdown_it.rules_block.list - DEBUG - list.list_block:102 - entering list: StateBlock(line=412,level=0,tokens=851), 412, 445, False
2025-12-27 14:06:17 - 20251227_140616_ac1a7dad - markdown_it.rules_block.code - DEBUG - code.code:10 - entering code: StateBlock(line=412,level=2,tokens=853), 412, 445, False
2025-12-27 14:06:17 - 20251227_140616_ac1a7dad - markdown_it.rules_block.fence - DEBUG - fence.fence:10 - entering fence: StateBlock(line=412,level=2,tokens=853), 412, 445, False
2025-12-27 14:06:17 - 20251227_140616_ac1a7dad - markdown_it.rules_block.blockquote - DEBUG - blockquote.blockquote:13 - entering blockquote: StateBlock(line=412,level=2,tokens=853), 412, 445, False
2025-12-27 14:06:17 - 20251227_140616_ac1a7dad - markdown_it.rules_block.hr - DEBUG - hr.hr:14 - entering hr: StateBlock(line=412,level=2,tokens=853), 412, 445, False
2025-12-27 14:06:17 - 20251227_140616_ac1a7dad - markdown_it.rules_block.list - DEBUG - list.list_block:102 - entering list: StateBlock(line=412,level=2,tokens=853), 412, 445, False
2025-12-27 14:06:17 - 20251227_140616_ac1a7dad - markdown_it.rules_block.reference - DEBUG - reference.reference:10 - entering reference: StateBlock(line=412,level=2,tokens=853), 412, 445, False
2025-12-27 14:06:17 - 20251227_140616_ac1a7dad - markdown_it.rules_block.html_block - DEBUG - html_block.html_block:35 - entering html_block: StateBlock(line=412,level=2,tokens=853), 412, 445, False
2025-12-27 14:06:17 - 20251227_140616_ac1a7dad - markdown_it.rules_block.heading - DEBUG - heading.heading:13 - entering heading: StateBlock(line=412,level=2,tokens=853), 412, 445, False
2025-12-27 14:06:17 - 20251227_140616_ac1a7dad - markdown_it.rules_block.lheading - DEBUG - lheading.lheading:10 - entering lheading: StateBlock(line=412,level=2,tokens=853), 412, 445, False
2025-12-27 14:06:17 - 20251227_140616_ac1a7dad - markdown_it.rules_block.fence - DEBUG - fence.fence:10 - entering fence: StateBlock(line=412,level=2,tokens=853), 413, 445, True
2025-12-27 14:06:17 - 20251227_140616_ac1a7dad - markdown_it.rules_block.blockquote - DEBUG - blockquote.blockquote:13 - entering blockquote: StateBlock(line=412,level=2,tokens=853), 413, 445, True
2025-12-27 14:06:17 - 20251227_140616_ac1a7dad - markdown_it.rules_block.hr - DEBUG - hr.hr:14 - entering hr: StateBlock(line=412,level=2,tokens=853), 413, 445, True
2025-12-27 14:06:17 - 20251227_140616_ac1a7dad - markdown_it.rules_block.list - DEBUG - list.list_block:102 - entering list: StateBlock(line=412,level=2,tokens=853), 413, 445, True
2025-12-27 14:06:17 - 20251227_140616_ac1a7dad - markdown_it.rules_block.paragraph - DEBUG - paragraph.paragraph:10 - entering paragraph: StateBlock(line=412,level=2,tokens=853), 412, 445, False
2025-12-27 14:06:17 - 20251227_140616_ac1a7dad - markdown_it.rules_block.fence - DEBUG - fence.fence:10 - entering fence: StateBlock(line=412,level=2,tokens=853), 413, 445, True
2025-12-27 14:06:17 - 20251227_140616_ac1a7dad - markdown_it.rules_block.blockquote - DEBUG - blockquote.blockquote:13 - entering blockquote: StateBlock(line=412,level=2,tokens=853), 413, 445, True
2025-12-27 14:06:17 - 20251227_140616_ac1a7dad - markdown_it.rules_block.hr - DEBUG - hr.hr:14 - entering hr: StateBlock(line=412,level=2,tokens=853), 413, 445, True
2025-12-27 14:06:17 - 20251227_140616_ac1a7dad - markdown_it.rules_block.list - DEBUG - list.list_block:102 - entering list: StateBlock(line=412,level=2,tokens=853), 413, 445, True
2025-12-27 14:06:17 - 20251227_140616_ac1a7dad - markdown_it.rules_block.fence - DEBUG - fence.fence:10 - entering fence: StateBlock(line=413,level=1,tokens=857), 413, 445, True
2025-12-27 14:06:17 - 20251227_140616_ac1a7dad - markdown_it.rules_block.blockquote - DEBUG - blockquote.blockquote:13 - entering blockquote: StateBlock(line=413,level=1,tokens=857), 413, 445, True
2025-12-27 14:06:17 - 20251227_140616_ac1a7dad - markdown_it.rules_block.hr - DEBUG - hr.hr:14 - entering hr: StateBlock(line=413,level=1,tokens=857), 413, 445, True
2025-12-27 14:06:17 - 20251227_140616_ac1a7dad - markdown_it.rules_block.code - DEBUG - code.code:10 - entering code: StateBlock(line=413,level=2,tokens=858), 413, 445, False
2025-12-27 14:06:17 - 20251227_140616_ac1a7dad - markdown_it.rules_block.fence - DEBUG - fence.fence:10 - entering fence: StateBlock(line=413,level=2,tokens=858), 413, 445, False
2025-12-27 14:06:17 - 20251227_140616_ac1a7dad - markdown_it.rules_block.blockquote - DEBUG - blockquote.blockquote:13 - entering blockquote: StateBlock(line=413,level=2,tokens=858), 413, 445, False
2025-12-27 14:06:17 - 20251227_140616_ac1a7dad - markdown_it.rules_block.hr - DEBUG - hr.hr:14 - entering hr: StateBlock(line=413,level=2,tokens=858), 413, 445, False
2025-12-27 14:06:17 - 20251227_140616_ac1a7dad - markdown_it.rules_block.list - DEBUG - list.list_block:102 - entering list: StateBlock(line=413,level=2,tokens=858), 413, 445, False
2025-12-27 14:06:17 - 20251227_140616_ac1a7dad - markdown_it.rules_block.reference - DEBUG - reference.reference:10 - entering reference: StateBlock(line=413,level=2,tokens=858), 413, 445, False
2025-12-27 14:06:17 - 20251227_140616_ac1a7dad - markdown_it.rules_block.html_block - DEBUG - html_block.html_block:35 - entering html_block: StateBlock(line=413,level=2,tokens=858), 413, 445, False
2025-12-27 14:06:17 - 20251227_140616_ac1a7dad - markdown_it.rules_block.heading - DEBUG - heading.heading:13 - entering heading: StateBlock(line=413,level=2,tokens=858), 413, 445, False
2025-12-27 14:06:17 - 20251227_140616_ac1a7dad - markdown_it.rules_block.lheading - DEBUG - lheading.lheading:10 - entering lheading: StateBlock(line=413,level=2,tokens=858), 413, 445, False
2025-12-27 14:06:17 - 20251227_140616_ac1a7dad - markdown_it.rules_block.fence - DEBUG - fence.fence:10 - entering fence: StateBlock(line=413,level=2,tokens=858), 414, 445, True
2025-12-27 14:06:17 - 20251227_140616_ac1a7dad - markdown_it.rules_block.blockquote - DEBUG - blockquote.blockquote:13 - entering blockquote: StateBlock(line=413,level=2,tokens=858), 414, 445, True
2025-12-27 14:06:17 - 20251227_140616_ac1a7dad - markdown_it.rules_block.hr - DEBUG - hr.hr:14 - entering hr: StateBlock(line=413,level=2,tokens=858), 414, 445, True
2025-12-27 14:06:17 - 20251227_140616_ac1a7dad - markdown_it.rules_block.list - DEBUG - list.list_block:102 - entering list: StateBlock(line=413,level=2,tokens=858), 414, 445, True
2025-12-27 14:06:17 - 20251227_140616_ac1a7dad - markdown_it.rules_block.html_block - DEBUG - html_block.html_block:35 - entering html_block: StateBlock(line=413,level=2,tokens=858), 414, 445, True
2025-12-27 14:06:17 - 20251227_140616_ac1a7dad - markdown_it.rules_block.heading - DEBUG - heading.heading:13 - entering heading: StateBlock(line=413,level=2,tokens=858), 414, 445, True
2025-12-27 14:06:17 - 20251227_140616_ac1a7dad - markdown_it.rules_block.fence - DEBUG - fence.fence:10 - entering fence: StateBlock(line=413,level=2,tokens=858), 415, 445, True
2025-12-27 14:06:17 - 20251227_140616_ac1a7dad - markdown_it.rules_block.blockquote - DEBUG - blockquote.blockquote:13 - entering blockquote: StateBlock(line=413,level=2,tokens=858), 415, 445, True
2025-12-27 14:06:17 - 20251227_140616_ac1a7dad - markdown_it.rules_block.hr - DEBUG - hr.hr:14 - entering hr: StateBlock(line=413,level=2,tokens=858), 415, 445, True
2025-12-27 14:06:17 - 20251227_140616_ac1a7dad - markdown_it.rules_block.list - DEBUG - list.list_block:102 - entering list: StateBlock(line=413,level=2,tokens=858), 415, 445, True
2025-12-27 14:06:17 - 20251227_140616_ac1a7dad - markdown_it.rules_block.paragraph - DEBUG - paragraph.paragraph:10 - entering paragraph: StateBlock(line=413,level=2,tokens=858), 413, 445, False
2025-12-27 14:06:17 - 20251227_140616_ac1a7dad - markdown_it.rules_block.fence - DEBUG - fence.fence:10 - entering fence: StateBlock(line=413,level=2,tokens=858), 414, 445, True
2025-12-27 14:06:17 - 20251227_140616_ac1a7dad - markdown_it.rules_block.blockquote - DEBUG - blockquote.blockquote:13 - entering blockquote: StateBlock(line=413,level=2,tokens=858), 414, 445, True
2025-12-27 14:06:17 - 20251227_140616_ac1a7dad - markdown_it.rules_block.hr - DEBUG - hr.hr:14 - entering hr: StateBlock(line=413,level=2,tokens=858), 414, 445, True
2025-12-27 14:06:17 - 20251227_140616_ac1a7dad - markdown_it.rules_block.list - DEBUG - list.list_block:102 - entering list: StateBlock(line=413,level=2,tokens=858), 414, 445, True
2025-12-27 14:06:17 - 20251227_140616_ac1a7dad - markdown_it.rules_block.html_block - DEBUG - html_block.html_block:35 - entering html_block: StateBlock(line=413,level=2,tokens=858), 414, 445, True
2025-12-27 14:06:17 - 20251227_140616_ac1a7dad - markdown_it.rules_block.heading - DEBUG - heading.heading:13 - entering heading: StateBlock(line=413,level=2,tokens=858), 414, 445, True
2025-12-27 14:06:17 - 20251227_140616_ac1a7dad - markdown_it.rules_block.fence - DEBUG - fence.fence:10 - entering fence: StateBlock(line=413,level=2,tokens=858), 415, 445, True
2025-12-27 14:06:17 - 20251227_140616_ac1a7dad - markdown_it.rules_block.blockquote - DEBUG - blockquote.blockquote:13 - entering blockquote: StateBlock(line=413,level=2,tokens=858), 415, 445, True
2025-12-27 14:06:17 - 20251227_140616_ac1a7dad - markdown_it.rules_block.hr - DEBUG - hr.hr:14 - entering hr: StateBlock(line=413,level=2,tokens=858), 415, 445, True
2025-12-27 14:06:17 - 20251227_140616_ac1a7dad - markdown_it.rules_block.list - DEBUG - list.list_block:102 - entering list: StateBlock(line=413,level=2,tokens=858), 415, 445, True
2025-12-27 14:06:17 - 20251227_140616_ac1a7dad - markdown_it.rules_block.fence - DEBUG - fence.fence:10 - entering fence: StateBlock(line=415,level=1,tokens=862), 415, 445, True
2025-12-27 14:06:17 - 20251227_140616_ac1a7dad - markdown_it.rules_block.blockquote - DEBUG - blockquote.blockquote:13 - entering blockquote: StateBlock(line=415,level=1,tokens=862), 415, 445, True
2025-12-27 14:06:17 - 20251227_140616_ac1a7dad - markdown_it.rules_block.hr - DEBUG - hr.hr:14 - entering hr: StateBlock(line=415,level=1,tokens=862), 415, 445, True
2025-12-27 14:06:17 - 20251227_140616_ac1a7dad - markdown_it.rules_block.code - DEBUG - code.code:10 - entering code: StateBlock(line=415,level=2,tokens=863), 415, 445, False
2025-12-27 14:06:17 - 20251227_140616_ac1a7dad - markdown_it.rules_block.fence - DEBUG - fence.fence:10 - entering fence: StateBlock(line=415,level=2,tokens=863), 415, 445, False
2025-12-27 14:06:17 - 20251227_140616_ac1a7dad - markdown_it.rules_block.blockquote - DEBUG - blockquote.blockquote:13 - entering blockquote: StateBlock(line=415,level=2,tokens=863), 415, 445, False
2025-12-27 14:06:17 - 20251227_140616_ac1a7dad - markdown_it.rules_block.hr - DEBUG - hr.hr:14 - entering hr: StateBlock(line=415,level=2,tokens=863), 415, 445, False
2025-12-27 14:06:17 - 20251227_140616_ac1a7dad - markdown_it.rules_block.list - DEBUG - list.list_block:102 - entering list: StateBlock(line=415,level=2,tokens=863), 415, 445, False
2025-12-27 14:06:17 - 20251227_140616_ac1a7dad - markdown_it.rules_block.reference - DEBUG - reference.reference:10 - entering reference: StateBlock(line=415,level=2,tokens=863), 415, 445, False
2025-12-27 14:06:17 - 20251227_140616_ac1a7dad - markdown_it.rules_block.html_block - DEBUG - html_block.html_block:35 - entering html_block: StateBlock(line=415,level=2,tokens=863), 415, 445, False
2025-12-27 14:06:17 - 20251227_140616_ac1a7dad - markdown_it.rules_block.heading - DEBUG - heading.heading:13 - entering heading: StateBlock(line=415,level=2,tokens=863), 415, 445, False
2025-12-27 14:06:17 - 20251227_140616_ac1a7dad - markdown_it.rules_block.lheading - DEBUG - lheading.lheading:10 - entering lheading: StateBlock(line=415,level=2,tokens=863), 415, 445, False
2025-12-27 14:06:17 - 20251227_140616_ac1a7dad - markdown_it.rules_block.fence - DEBUG - fence.fence:10 - entering fence: StateBlock(line=415,level=2,tokens=863), 416, 445, True
2025-12-27 14:06:17 - 20251227_140616_ac1a7dad - markdown_it.rules_block.blockquote - DEBUG - blockquote.blockquote:13 - entering blockquote: StateBlock(line=415,level=2,tokens=863), 416, 445, True
2025-12-27 14:06:17 - 20251227_140616_ac1a7dad - markdown_it.rules_block.hr - DEBUG - hr.hr:14 - entering hr: StateBlock(line=415,level=2,tokens=863), 416, 445, True
2025-12-27 14:06:17 - 20251227_140616_ac1a7dad - markdown_it.rules_block.list - DEBUG - list.list_block:102 - entering list: StateBlock(line=415,level=2,tokens=863), 416, 445, True
2025-12-27 14:06:17 - 20251227_140616_ac1a7dad - markdown_it.rules_block.html_block - DEBUG - html_block.html_block:35 - entering html_block: StateBlock(line=415,level=2,tokens=863), 416, 445, True
2025-12-27 14:06:17 - 20251227_140616_ac1a7dad - markdown_it.rules_block.heading - DEBUG - heading.heading:13 - entering heading: StateBlock(line=415,level=2,tokens=863), 416, 445, True
2025-12-27 14:06:17 - 20251227_140616_ac1a7dad - markdown_it.rules_block.fence - DEBUG - fence.fence:10 - entering fence: StateBlock(line=415,level=2,tokens=863), 417, 445, True
2025-12-27 14:06:17 - 20251227_140616_ac1a7dad - markdown_it.rules_block.blockquote - DEBUG - blockquote.blockquote:13 - entering blockquote: StateBlock(line=415,level=2,tokens=863), 417, 445, True
2025-12-27 14:06:17 - 20251227_140616_ac1a7dad - markdown_it.rules_block.hr - DEBUG - hr.hr:14 - entering hr: StateBlock(line=415,level=2,tokens=863), 417, 445, True
2025-12-27 14:06:17 - 20251227_140616_ac1a7dad - markdown_it.rules_block.list - DEBUG - list.list_block:102 - entering list: StateBlock(line=415,level=2,tokens=863), 417, 445, True
2025-12-27 14:06:17 - 20251227_140616_ac1a7dad - markdown_it.rules_block.paragraph - DEBUG - paragraph.paragraph:10 - entering paragraph: StateBlock(line=415,level=2,tokens=863), 415, 445, False
2025-12-27 14:06:17 - 20251227_140616_ac1a7dad - markdown_it.rules_block.fence - DEBUG - fence.fence:10 - entering fence: StateBlock(line=415,level=2,tokens=863), 416, 445, True
2025-12-27 14:06:17 - 20251227_140616_ac1a7dad - markdown_it.rules_block.blockquote - DEBUG - blockquote.blockquote:13 - entering blockquote: StateBlock(line=415,level=2,tokens=863), 416, 445, True
2025-12-27 14:06:17 - 20251227_140616_ac1a7dad - markdown_it.rules_block.hr - DEBUG - hr.hr:14 - entering hr: StateBlock(line=415,level=2,tokens=863), 416, 445, True
2025-12-27 14:06:17 - 20251227_140616_ac1a7dad - markdown_it.rules_block.list - DEBUG - list.list_block:102 - entering list: StateBlock(line=415,level=2,tokens=863), 416, 445, True
2025-12-27 14:06:17 - 20251227_140616_ac1a7dad - markdown_it.rules_block.html_block - DEBUG - html_block.html_block:35 - entering html_block: StateBlock(line=415,level=2,tokens=863), 416, 445, True
2025-12-27 14:06:17 - 20251227_140616_ac1a7dad - markdown_it.rules_block.heading - DEBUG - heading.heading:13 - entering heading: StateBlock(line=415,level=2,tokens=863), 416, 445, True
2025-12-27 14:06:17 - 20251227_140616_ac1a7dad - markdown_it.rules_block.fence - DEBUG - fence.fence:10 - entering fence: StateBlock(line=415,level=2,tokens=863), 417, 445, True
2025-12-27 14:06:17 - 20251227_140616_ac1a7dad - markdown_it.rules_block.blockquote - DEBUG - blockquote.blockquote:13 - entering blockquote: StateBlock(line=415,level=2,tokens=863), 417, 445, True
2025-12-27 14:06:17 - 20251227_140616_ac1a7dad - markdown_it.rules_block.hr - DEBUG - hr.hr:14 - entering hr: StateBlock(line=415,level=2,tokens=863), 417, 445, True
2025-12-27 14:06:17 - 20251227_140616_ac1a7dad - markdown_it.rules_block.list - DEBUG - list.list_block:102 - entering list: StateBlock(line=415,level=2,tokens=863), 417, 445, True
2025-12-27 14:06:17 - 20251227_140616_ac1a7dad - markdown_it.rules_block.fence - DEBUG - fence.fence:10 - entering fence: StateBlock(line=417,level=1,tokens=867), 417, 445, True
2025-12-27 14:06:17 - 20251227_140616_ac1a7dad - markdown_it.rules_block.blockquote - DEBUG - blockquote.blockquote:13 - entering blockquote: StateBlock(line=417,level=1,tokens=867), 417, 445, True
2025-12-27 14:06:17 - 20251227_140616_ac1a7dad - markdown_it.rules_block.hr - DEBUG - hr.hr:14 - entering hr: StateBlock(line=417,level=1,tokens=867), 417, 445, True
2025-12-27 14:06:17 - 20251227_140616_ac1a7dad - markdown_it.rules_block.code - DEBUG - code.code:10 - entering code: StateBlock(line=417,level=2,tokens=868), 417, 445, False
2025-12-27 14:06:17 - 20251227_140616_ac1a7dad - markdown_it.rules_block.fence - DEBUG - fence.fence:10 - entering fence: StateBlock(line=417,level=2,tokens=868), 417, 445, False
2025-12-27 14:06:17 - 20251227_140616_ac1a7dad - markdown_it.rules_block.blockquote - DEBUG - blockquote.blockquote:13 - entering blockquote: StateBlock(line=417,level=2,tokens=868), 417, 445, False
2025-12-27 14:06:17 - 20251227_140616_ac1a7dad - markdown_it.rules_block.hr - DEBUG - hr.hr:14 - entering hr: StateBlock(line=417,level=2,tokens=868), 417, 445, False
2025-12-27 14:06:17 - 20251227_140616_ac1a7dad - markdown_it.rules_block.list - DEBUG - list.list_block:102 - entering list: StateBlock(line=417,level=2,tokens=868), 417, 445, False
2025-12-27 14:06:17 - 20251227_140616_ac1a7dad - markdown_it.rules_block.reference - DEBUG - reference.reference:10 - entering reference: StateBlock(line=417,level=2,tokens=868), 417, 445, False
2025-12-27 14:06:17 - 20251227_140616_ac1a7dad - markdown_it.rules_block.html_block - DEBUG - html_block.html_block:35 - entering html_block: StateBlock(line=417,level=2,tokens=868), 417, 445, False
2025-12-27 14:06:17 - 20251227_140616_ac1a7dad - markdown_it.rules_block.heading - DEBUG - heading.heading:13 - entering heading: StateBlock(line=417,level=2,tokens=868), 417, 445, False
2025-12-27 14:06:17 - 20251227_140616_ac1a7dad - markdown_it.rules_block.lheading - DEBUG - lheading.lheading:10 - entering lheading: StateBlock(line=417,level=2,tokens=868), 417, 445, False
2025-12-27 14:06:17 - 20251227_140616_ac1a7dad - markdown_it.rules_block.paragraph - DEBUG - paragraph.paragraph:10 - entering paragraph: StateBlock(line=417,level=2,tokens=868), 417, 445, False
2025-12-27 14:06:17 - 20251227_140616_ac1a7dad - markdown_it.rules_block.fence - DEBUG - fence.fence:10 - entering fence: StateBlock(line=419,level=1,tokens=872), 419, 445, True
2025-12-27 14:06:17 - 20251227_140616_ac1a7dad - markdown_it.rules_block.blockquote - DEBUG - blockquote.blockquote:13 - entering blockquote: StateBlock(line=419,level=1,tokens=872), 419, 445, True
2025-12-27 14:06:17 - 20251227_140616_ac1a7dad - markdown_it.rules_block.hr - DEBUG - hr.hr:14 - entering hr: StateBlock(line=419,level=1,tokens=872), 419, 445, True
2025-12-27 14:06:17 - 20251227_140616_ac1a7dad - markdown_it.rules_block.code - DEBUG - code.code:10 - entering code: StateBlock(line=419,level=0,tokens=873), 419, 445, False
2025-12-27 14:06:17 - 20251227_140616_ac1a7dad - markdown_it.rules_block.fence - DEBUG - fence.fence:10 - entering fence: StateBlock(line=419,level=0,tokens=873), 419, 445, False
2025-12-27 14:06:17 - 20251227_140616_ac1a7dad - markdown_it.rules_block.blockquote - DEBUG - blockquote.blockquote:13 - entering blockquote: StateBlock(line=419,level=0,tokens=873), 419, 445, False
2025-12-27 14:06:17 - 20251227_140616_ac1a7dad - markdown_it.rules_block.hr - DEBUG - hr.hr:14 - entering hr: StateBlock(line=419,level=0,tokens=873), 419, 445, False
2025-12-27 14:06:17 - 20251227_140616_ac1a7dad - markdown_it.rules_block.list - DEBUG - list.list_block:102 - entering list: StateBlock(line=419,level=0,tokens=873), 419, 445, False
2025-12-27 14:06:17 - 20251227_140616_ac1a7dad - markdown_it.rules_block.reference - DEBUG - reference.reference:10 - entering reference: StateBlock(line=419,level=0,tokens=873), 419, 445, False
2025-12-27 14:06:17 - 20251227_140616_ac1a7dad - markdown_it.rules_block.html_block - DEBUG - html_block.html_block:35 - entering html_block: StateBlock(line=419,level=0,tokens=873), 419, 445, False
2025-12-27 14:06:17 - 20251227_140616_ac1a7dad - markdown_it.rules_block.heading - DEBUG - heading.heading:13 - entering heading: StateBlock(line=419,level=0,tokens=873), 419, 445, False
2025-12-27 14:06:17 - 20251227_140616_ac1a7dad - markdown_it.rules_block.lheading - DEBUG - lheading.lheading:10 - entering lheading: StateBlock(line=419,level=0,tokens=873), 419, 445, False
2025-12-27 14:06:17 - 20251227_140616_ac1a7dad - markdown_it.rules_block.fence - DEBUG - fence.fence:10 - entering fence: StateBlock(line=419,level=0,tokens=873), 420, 445, True
2025-12-27 14:06:17 - 20251227_140616_ac1a7dad - markdown_it.rules_block.blockquote - DEBUG - blockquote.blockquote:13 - entering blockquote: StateBlock(line=419,level=0,tokens=873), 420, 445, True
2025-12-27 14:06:17 - 20251227_140616_ac1a7dad - markdown_it.rules_block.hr - DEBUG - hr.hr:14 - entering hr: StateBlock(line=419,level=0,tokens=873), 420, 445, True
2025-12-27 14:06:17 - 20251227_140616_ac1a7dad - markdown_it.rules_block.list - DEBUG - list.list_block:102 - entering list: StateBlock(line=419,level=0,tokens=873), 420, 445, True
2025-12-27 14:06:17 - 20251227_140616_ac1a7dad - markdown_it.rules_block.html_block - DEBUG - html_block.html_block:35 - entering html_block: StateBlock(line=419,level=0,tokens=873), 420, 445, True
2025-12-27 14:06:17 - 20251227_140616_ac1a7dad - markdown_it.rules_block.heading - DEBUG - heading.heading:13 - entering heading: StateBlock(line=419,level=0,tokens=873), 420, 445, True
2025-12-27 14:06:17 - 20251227_140616_ac1a7dad - markdown_it.rules_block.fence - DEBUG - fence.fence:10 - entering fence: StateBlock(line=419,level=0,tokens=873), 421, 445, True
2025-12-27 14:06:17 - 20251227_140616_ac1a7dad - markdown_it.rules_block.blockquote - DEBUG - blockquote.blockquote:13 - entering blockquote: StateBlock(line=419,level=0,tokens=873), 421, 445, True
2025-12-27 14:06:17 - 20251227_140616_ac1a7dad - markdown_it.rules_block.hr - DEBUG - hr.hr:14 - entering hr: StateBlock(line=419,level=0,tokens=873), 421, 445, True
2025-12-27 14:06:17 - 20251227_140616_ac1a7dad - markdown_it.rules_block.list - DEBUG - list.list_block:102 - entering list: StateBlock(line=419,level=0,tokens=873), 421, 445, True
2025-12-27 14:06:17 - 20251227_140616_ac1a7dad - markdown_it.rules_block.html_block - DEBUG - html_block.html_block:35 - entering html_block: StateBlock(line=419,level=0,tokens=873), 421, 445, True
2025-12-27 14:06:17 - 20251227_140616_ac1a7dad - markdown_it.rules_block.heading - DEBUG - heading.heading:13 - entering heading: StateBlock(line=419,level=0,tokens=873), 421, 445, True
2025-12-27 14:06:17 - 20251227_140616_ac1a7dad - markdown_it.rules_block.fence - DEBUG - fence.fence:10 - entering fence: StateBlock(line=419,level=0,tokens=873), 422, 445, True
2025-12-27 14:06:17 - 20251227_140616_ac1a7dad - markdown_it.rules_block.blockquote - DEBUG - blockquote.blockquote:13 - entering blockquote: StateBlock(line=419,level=0,tokens=873), 422, 445, True
2025-12-27 14:06:17 - 20251227_140616_ac1a7dad - markdown_it.rules_block.hr - DEBUG - hr.hr:14 - entering hr: StateBlock(line=419,level=0,tokens=873), 422, 445, True
2025-12-27 14:06:17 - 20251227_140616_ac1a7dad - markdown_it.rules_block.list - DEBUG - list.list_block:102 - entering list: StateBlock(line=419,level=0,tokens=873), 422, 445, True
2025-12-27 14:06:17 - 20251227_140616_ac1a7dad - markdown_it.rules_block.html_block - DEBUG - html_block.html_block:35 - entering html_block: StateBlock(line=419,level=0,tokens=873), 422, 445, True
2025-12-27 14:06:17 - 20251227_140616_ac1a7dad - markdown_it.rules_block.heading - DEBUG - heading.heading:13 - entering heading: StateBlock(line=419,level=0,tokens=873), 422, 445, True
2025-12-27 14:06:17 - 20251227_140616_ac1a7dad - markdown_it.rules_block.paragraph - DEBUG - paragraph.paragraph:10 - entering paragraph: StateBlock(line=419,level=0,tokens=873), 419, 445, False
2025-12-27 14:06:17 - 20251227_140616_ac1a7dad - markdown_it.rules_block.fence - DEBUG - fence.fence:10 - entering fence: StateBlock(line=419,level=0,tokens=873), 420, 445, True
2025-12-27 14:06:17 - 20251227_140616_ac1a7dad - markdown_it.rules_block.blockquote - DEBUG - blockquote.blockquote:13 - entering blockquote: StateBlock(line=419,level=0,tokens=873), 420, 445, True
2025-12-27 14:06:17 - 20251227_140616_ac1a7dad - markdown_it.rules_block.hr - DEBUG - hr.hr:14 - entering hr: StateBlock(line=419,level=0,tokens=873), 420, 445, True
2025-12-27 14:06:17 - 20251227_140616_ac1a7dad - markdown_it.rules_block.list - DEBUG - list.list_block:102 - entering list: StateBlock(line=419,level=0,tokens=873), 420, 445, True
2025-12-27 14:06:17 - 20251227_140616_ac1a7dad - markdown_it.rules_block.html_block - DEBUG - html_block.html_block:35 - entering html_block: StateBlock(line=419,level=0,tokens=873), 420, 445, True
2025-12-27 14:06:17 - 20251227_140616_ac1a7dad - markdown_it.rules_block.heading - DEBUG - heading.heading:13 - entering heading: StateBlock(line=419,level=0,tokens=873), 420, 445, True
2025-12-27 14:06:17 - 20251227_140616_ac1a7dad - markdown_it.rules_block.fence - DEBUG - fence.fence:10 - entering fence: StateBlock(line=419,level=0,tokens=873), 421, 445, True
2025-12-27 14:06:17 - 20251227_140616_ac1a7dad - markdown_it.rules_block.blockquote - DEBUG - blockquote.blockquote:13 - entering blockquote: StateBlock(line=419,level=0,tokens=873), 421, 445, True
2025-12-27 14:06:17 - 20251227_140616_ac1a7dad - markdown_it.rules_block.hr - DEBUG - hr.hr:14 - entering hr: StateBlock(line=419,level=0,tokens=873), 421, 445, True
2025-12-27 14:06:17 - 20251227_140616_ac1a7dad - markdown_it.rules_block.list - DEBUG - list.list_block:102 - entering list: StateBlock(line=419,level=0,tokens=873), 421, 445, True
2025-12-27 14:06:17 - 20251227_140616_ac1a7dad - markdown_it.rules_block.html_block - DEBUG - html_block.html_block:35 - entering html_block: StateBlock(line=419,level=0,tokens=873), 421, 445, True
2025-12-27 14:06:17 - 20251227_140616_ac1a7dad - markdown_it.rules_block.heading - DEBUG - heading.heading:13 - entering heading: StateBlock(line=419,level=0,tokens=873), 421, 445, True
2025-12-27 14:06:17 - 20251227_140616_ac1a7dad - markdown_it.rules_block.fence - DEBUG - fence.fence:10 - entering fence: StateBlock(line=419,level=0,tokens=873), 422, 445, True
2025-12-27 14:06:17 - 20251227_140616_ac1a7dad - markdown_it.rules_block.blockquote - DEBUG - blockquote.blockquote:13 - entering blockquote: StateBlock(line=419,level=0,tokens=873), 422, 445, True
2025-12-27 14:06:17 - 20251227_140616_ac1a7dad - markdown_it.rules_block.hr - DEBUG - hr.hr:14 - entering hr: StateBlock(line=419,level=0,tokens=873), 422, 445, True
2025-12-27 14:06:17 - 20251227_140616_ac1a7dad - markdown_it.rules_block.list - DEBUG - list.list_block:102 - entering list: StateBlock(line=419,level=0,tokens=873), 422, 445, True
2025-12-27 14:06:17 - 20251227_140616_ac1a7dad - markdown_it.rules_block.html_block - DEBUG - html_block.html_block:35 - entering html_block: StateBlock(line=419,level=0,tokens=873), 422, 445, True
2025-12-27 14:06:17 - 20251227_140616_ac1a7dad - markdown_it.rules_block.heading - DEBUG - heading.heading:13 - entering heading: StateBlock(line=419,level=0,tokens=873), 422, 445, True
2025-12-27 14:06:17 - 20251227_140616_ac1a7dad - markdown_it.rules_block.code - DEBUG - code.code:10 - entering code: StateBlock(line=424,level=0,tokens=876), 424, 445, False
2025-12-27 14:06:17 - 20251227_140616_ac1a7dad - markdown_it.rules_block.fence - DEBUG - fence.fence:10 - entering fence: StateBlock(line=424,level=0,tokens=876), 424, 445, False
2025-12-27 14:06:17 - 20251227_140616_ac1a7dad - markdown_it.rules_block.blockquote - DEBUG - blockquote.blockquote:13 - entering blockquote: StateBlock(line=424,level=0,tokens=876), 424, 445, False
2025-12-27 14:06:17 - 20251227_140616_ac1a7dad - markdown_it.rules_block.hr - DEBUG - hr.hr:14 - entering hr: StateBlock(line=424,level=0,tokens=876), 424, 445, False
2025-12-27 14:06:17 - 20251227_140616_ac1a7dad - markdown_it.rules_block.code - DEBUG - code.code:10 - entering code: StateBlock(line=426,level=0,tokens=877), 426, 445, False
2025-12-27 14:06:17 - 20251227_140616_ac1a7dad - markdown_it.rules_block.fence - DEBUG - fence.fence:10 - entering fence: StateBlock(line=426,level=0,tokens=877), 426, 445, False
2025-12-27 14:06:17 - 20251227_140616_ac1a7dad - markdown_it.rules_block.blockquote - DEBUG - blockquote.blockquote:13 - entering blockquote: StateBlock(line=426,level=0,tokens=877), 426, 445, False
2025-12-27 14:06:17 - 20251227_140616_ac1a7dad - markdown_it.rules_block.hr - DEBUG - hr.hr:14 - entering hr: StateBlock(line=426,level=0,tokens=877), 426, 445, False
2025-12-27 14:06:17 - 20251227_140616_ac1a7dad - markdown_it.rules_block.list - DEBUG - list.list_block:102 - entering list: StateBlock(line=426,level=0,tokens=877), 426, 445, False
2025-12-27 14:06:17 - 20251227_140616_ac1a7dad - markdown_it.rules_block.reference - DEBUG - reference.reference:10 - entering reference: StateBlock(line=426,level=0,tokens=877), 426, 445, False
2025-12-27 14:06:17 - 20251227_140616_ac1a7dad - markdown_it.rules_block.html_block - DEBUG - html_block.html_block:35 - entering html_block: StateBlock(line=426,level=0,tokens=877), 426, 445, False
2025-12-27 14:06:17 - 20251227_140616_ac1a7dad - markdown_it.rules_block.heading - DEBUG - heading.heading:13 - entering heading: StateBlock(line=426,level=0,tokens=877), 426, 445, False
2025-12-27 14:06:17 - 20251227_140616_ac1a7dad - markdown_it.rules_block.lheading - DEBUG - lheading.lheading:10 - entering lheading: StateBlock(line=426,level=0,tokens=877), 426, 445, False
2025-12-27 14:06:17 - 20251227_140616_ac1a7dad - markdown_it.rules_block.paragraph - DEBUG - paragraph.paragraph:10 - entering paragraph: StateBlock(line=426,level=0,tokens=877), 426, 445, False
2025-12-27 14:06:17 - 20251227_140616_ac1a7dad - markdown_it.rules_block.code - DEBUG - code.code:10 - entering code: StateBlock(line=428,level=0,tokens=880), 428, 445, False
2025-12-27 14:06:17 - 20251227_140616_ac1a7dad - markdown_it.rules_block.fence - DEBUG - fence.fence:10 - entering fence: StateBlock(line=428,level=0,tokens=880), 428, 445, False
2025-12-27 14:06:17 - 20251227_140616_ac1a7dad - markdown_it.rules_block.blockquote - DEBUG - blockquote.blockquote:13 - entering blockquote: StateBlock(line=428,level=0,tokens=880), 428, 445, False
2025-12-27 14:06:17 - 20251227_140616_ac1a7dad - markdown_it.rules_block.hr - DEBUG - hr.hr:14 - entering hr: StateBlock(line=428,level=0,tokens=880), 428, 445, False
2025-12-27 14:06:17 - 20251227_140616_ac1a7dad - markdown_it.rules_block.list - DEBUG - list.list_block:102 - entering list: StateBlock(line=428,level=0,tokens=880), 428, 445, False
2025-12-27 14:06:17 - 20251227_140616_ac1a7dad - markdown_it.rules_block.reference - DEBUG - reference.reference:10 - entering reference: StateBlock(line=428,level=0,tokens=880), 428, 445, False
2025-12-27 14:06:17 - 20251227_140616_ac1a7dad - markdown_it.rules_block.html_block - DEBUG - html_block.html_block:35 - entering html_block: StateBlock(line=428,level=0,tokens=880), 428, 445, False
2025-12-27 14:06:17 - 20251227_140616_ac1a7dad - markdown_it.rules_block.heading - DEBUG - heading.heading:13 - entering heading: StateBlock(line=428,level=0,tokens=880), 428, 445, False
2025-12-27 14:06:17 - 20251227_140616_ac1a7dad - markdown_it.rules_block.lheading - DEBUG - lheading.lheading:10 - entering lheading: StateBlock(line=428,level=0,tokens=880), 428, 445, False
2025-12-27 14:06:17 - 20251227_140616_ac1a7dad - markdown_it.rules_block.paragraph - DEBUG - paragraph.paragraph:10 - entering paragraph: StateBlock(line=428,level=0,tokens=880), 428, 445, False
2025-12-27 14:06:17 - 20251227_140616_ac1a7dad - markdown_it.rules_block.code - DEBUG - code.code:10 - entering code: StateBlock(line=430,level=0,tokens=883), 430, 445, False
2025-12-27 14:06:17 - 20251227_140616_ac1a7dad - markdown_it.rules_block.fence - DEBUG - fence.fence:10 - entering fence: StateBlock(line=430,level=0,tokens=883), 430, 445, False
2025-12-27 14:06:17 - 20251227_140616_ac1a7dad - markdown_it.rules_block.blockquote - DEBUG - blockquote.blockquote:13 - entering blockquote: StateBlock(line=430,level=0,tokens=883), 430, 445, False
2025-12-27 14:06:17 - 20251227_140616_ac1a7dad - markdown_it.rules_block.hr - DEBUG - hr.hr:14 - entering hr: StateBlock(line=430,level=0,tokens=883), 430, 445, False
2025-12-27 14:06:17 - 20251227_140616_ac1a7dad - markdown_it.rules_block.list - DEBUG - list.list_block:102 - entering list: StateBlock(line=430,level=0,tokens=883), 430, 445, False
2025-12-27 14:06:17 - 20251227_140616_ac1a7dad - markdown_it.rules_block.code - DEBUG - code.code:10 - entering code: StateBlock(line=430,level=2,tokens=885), 430, 445, False
2025-12-27 14:06:17 - 20251227_140616_ac1a7dad - markdown_it.rules_block.fence - DEBUG - fence.fence:10 - entering fence: StateBlock(line=430,level=2,tokens=885), 430, 445, False
2025-12-27 14:06:17 - 20251227_140616_ac1a7dad - markdown_it.rules_block.blockquote - DEBUG - blockquote.blockquote:13 - entering blockquote: StateBlock(line=430,level=2,tokens=885), 430, 445, False
2025-12-27 14:06:17 - 20251227_140616_ac1a7dad - markdown_it.rules_block.hr - DEBUG - hr.hr:14 - entering hr: StateBlock(line=430,level=2,tokens=885), 430, 445, False
2025-12-27 14:06:17 - 20251227_140616_ac1a7dad - markdown_it.rules_block.list - DEBUG - list.list_block:102 - entering list: StateBlock(line=430,level=2,tokens=885), 430, 445, False
2025-12-27 14:06:17 - 20251227_140616_ac1a7dad - markdown_it.rules_block.reference - DEBUG - reference.reference:10 - entering reference: StateBlock(line=430,level=2,tokens=885), 430, 445, False
2025-12-27 14:06:17 - 20251227_140616_ac1a7dad - markdown_it.rules_block.html_block - DEBUG - html_block.html_block:35 - entering html_block: StateBlock(line=430,level=2,tokens=885), 430, 445, False
2025-12-27 14:06:17 - 20251227_140616_ac1a7dad - markdown_it.rules_block.heading - DEBUG - heading.heading:13 - entering heading: StateBlock(line=430,level=2,tokens=885), 430, 445, False
2025-12-27 14:06:17 - 20251227_140616_ac1a7dad - markdown_it.rules_block.lheading - DEBUG - lheading.lheading:10 - entering lheading: StateBlock(line=430,level=2,tokens=885), 430, 445, False
2025-12-27 14:06:17 - 20251227_140616_ac1a7dad - markdown_it.rules_block.fence - DEBUG - fence.fence:10 - entering fence: StateBlock(line=430,level=2,tokens=885), 431, 445, True
2025-12-27 14:06:17 - 20251227_140616_ac1a7dad - markdown_it.rules_block.blockquote - DEBUG - blockquote.blockquote:13 - entering blockquote: StateBlock(line=430,level=2,tokens=885), 431, 445, True
2025-12-27 14:06:17 - 20251227_140616_ac1a7dad - markdown_it.rules_block.hr - DEBUG - hr.hr:14 - entering hr: StateBlock(line=430,level=2,tokens=885), 431, 445, True
2025-12-27 14:06:17 - 20251227_140616_ac1a7dad - markdown_it.rules_block.list - DEBUG - list.list_block:102 - entering list: StateBlock(line=430,level=2,tokens=885), 431, 445, True
2025-12-27 14:06:17 - 20251227_140616_ac1a7dad - markdown_it.rules_block.paragraph - DEBUG - paragraph.paragraph:10 - entering paragraph: StateBlock(line=430,level=2,tokens=885), 430, 445, False
2025-12-27 14:06:17 - 20251227_140616_ac1a7dad - markdown_it.rules_block.fence - DEBUG - fence.fence:10 - entering fence: StateBlock(line=430,level=2,tokens=885), 431, 445, True
2025-12-27 14:06:17 - 20251227_140616_ac1a7dad - markdown_it.rules_block.blockquote - DEBUG - blockquote.blockquote:13 - entering blockquote: StateBlock(line=430,level=2,tokens=885), 431, 445, True
2025-12-27 14:06:17 - 20251227_140616_ac1a7dad - markdown_it.rules_block.hr - DEBUG - hr.hr:14 - entering hr: StateBlock(line=430,level=2,tokens=885), 431, 445, True
2025-12-27 14:06:17 - 20251227_140616_ac1a7dad - markdown_it.rules_block.list - DEBUG - list.list_block:102 - entering list: StateBlock(line=430,level=2,tokens=885), 431, 445, True
2025-12-27 14:06:17 - 20251227_140616_ac1a7dad - markdown_it.rules_block.fence - DEBUG - fence.fence:10 - entering fence: StateBlock(line=431,level=1,tokens=889), 431, 445, True
2025-12-27 14:06:17 - 20251227_140616_ac1a7dad - markdown_it.rules_block.blockquote - DEBUG - blockquote.blockquote:13 - entering blockquote: StateBlock(line=431,level=1,tokens=889), 431, 445, True
2025-12-27 14:06:17 - 20251227_140616_ac1a7dad - markdown_it.rules_block.hr - DEBUG - hr.hr:14 - entering hr: StateBlock(line=431,level=1,tokens=889), 431, 445, True
2025-12-27 14:06:17 - 20251227_140616_ac1a7dad - markdown_it.rules_block.code - DEBUG - code.code:10 - entering code: StateBlock(line=431,level=2,tokens=890), 431, 445, False
2025-12-27 14:06:17 - 20251227_140616_ac1a7dad - markdown_it.rules_block.fence - DEBUG - fence.fence:10 - entering fence: StateBlock(line=431,level=2,tokens=890), 431, 445, False
2025-12-27 14:06:17 - 20251227_140616_ac1a7dad - markdown_it.rules_block.blockquote - DEBUG - blockquote.blockquote:13 - entering blockquote: StateBlock(line=431,level=2,tokens=890), 431, 445, False
2025-12-27 14:06:17 - 20251227_140616_ac1a7dad - markdown_it.rules_block.hr - DEBUG - hr.hr:14 - entering hr: StateBlock(line=431,level=2,tokens=890), 431, 445, False
2025-12-27 14:06:17 - 20251227_140616_ac1a7dad - markdown_it.rules_block.list - DEBUG - list.list_block:102 - entering list: StateBlock(line=431,level=2,tokens=890), 431, 445, False
2025-12-27 14:06:17 - 20251227_140616_ac1a7dad - markdown_it.rules_block.reference - DEBUG - reference.reference:10 - entering reference: StateBlock(line=431,level=2,tokens=890), 431, 445, False
2025-12-27 14:06:17 - 20251227_140616_ac1a7dad - markdown_it.rules_block.html_block - DEBUG - html_block.html_block:35 - entering html_block: StateBlock(line=431,level=2,tokens=890), 431, 445, False
2025-12-27 14:06:17 - 20251227_140616_ac1a7dad - markdown_it.rules_block.heading - DEBUG - heading.heading:13 - entering heading: StateBlock(line=431,level=2,tokens=890), 431, 445, False
2025-12-27 14:06:17 - 20251227_140616_ac1a7dad - markdown_it.rules_block.lheading - DEBUG - lheading.lheading:10 - entering lheading: StateBlock(line=431,level=2,tokens=890), 431, 445, False
2025-12-27 14:06:17 - 20251227_140616_ac1a7dad - markdown_it.rules_block.fence - DEBUG - fence.fence:10 - entering fence: StateBlock(line=431,level=2,tokens=890), 432, 445, True
2025-12-27 14:06:17 - 20251227_140616_ac1a7dad - markdown_it.rules_block.blockquote - DEBUG - blockquote.blockquote:13 - entering blockquote: StateBlock(line=431,level=2,tokens=890), 432, 445, True
2025-12-27 14:06:17 - 20251227_140616_ac1a7dad - markdown_it.rules_block.hr - DEBUG - hr.hr:14 - entering hr: StateBlock(line=431,level=2,tokens=890), 432, 445, True
2025-12-27 14:06:17 - 20251227_140616_ac1a7dad - markdown_it.rules_block.list - DEBUG - list.list_block:102 - entering list: StateBlock(line=431,level=2,tokens=890), 432, 445, True
2025-12-27 14:06:17 - 20251227_140616_ac1a7dad - markdown_it.rules_block.paragraph - DEBUG - paragraph.paragraph:10 - entering paragraph: StateBlock(line=431,level=2,tokens=890), 431, 445, False
2025-12-27 14:06:17 - 20251227_140616_ac1a7dad - markdown_it.rules_block.fence - DEBUG - fence.fence:10 - entering fence: StateBlock(line=431,level=2,tokens=890), 432, 445, True
2025-12-27 14:06:17 - 20251227_140616_ac1a7dad - markdown_it.rules_block.blockquote - DEBUG - blockquote.blockquote:13 - entering blockquote: StateBlock(line=431,level=2,tokens=890), 432, 445, True
2025-12-27 14:06:17 - 20251227_140616_ac1a7dad - markdown_it.rules_block.hr - DEBUG - hr.hr:14 - entering hr: StateBlock(line=431,level=2,tokens=890), 432, 445, True
2025-12-27 14:06:17 - 20251227_140616_ac1a7dad - markdown_it.rules_block.list - DEBUG - list.list_block:102 - entering list: StateBlock(line=431,level=2,tokens=890), 432, 445, True
2025-12-27 14:06:17 - 20251227_140616_ac1a7dad - markdown_it.rules_block.fence - DEBUG - fence.fence:10 - entering fence: StateBlock(line=432,level=1,tokens=894), 432, 445, True
2025-12-27 14:06:17 - 20251227_140616_ac1a7dad - markdown_it.rules_block.blockquote - DEBUG - blockquote.blockquote:13 - entering blockquote: StateBlock(line=432,level=1,tokens=894), 432, 445, True
2025-12-27 14:06:17 - 20251227_140616_ac1a7dad - markdown_it.rules_block.hr - DEBUG - hr.hr:14 - entering hr: StateBlock(line=432,level=1,tokens=894), 432, 445, True
2025-12-27 14:06:17 - 20251227_140616_ac1a7dad - markdown_it.rules_block.code - DEBUG - code.code:10 - entering code: StateBlock(line=432,level=2,tokens=895), 432, 445, False
2025-12-27 14:06:17 - 20251227_140616_ac1a7dad - markdown_it.rules_block.fence - DEBUG - fence.fence:10 - entering fence: StateBlock(line=432,level=2,tokens=895), 432, 445, False
2025-12-27 14:06:17 - 20251227_140616_ac1a7dad - markdown_it.rules_block.blockquote - DEBUG - blockquote.blockquote:13 - entering blockquote: StateBlock(line=432,level=2,tokens=895), 432, 445, False
2025-12-27 14:06:17 - 20251227_140616_ac1a7dad - markdown_it.rules_block.hr - DEBUG - hr.hr:14 - entering hr: StateBlock(line=432,level=2,tokens=895), 432, 445, False
2025-12-27 14:06:17 - 20251227_140616_ac1a7dad - markdown_it.rules_block.list - DEBUG - list.list_block:102 - entering list: StateBlock(line=432,level=2,tokens=895), 432, 445, False
2025-12-27 14:06:17 - 20251227_140616_ac1a7dad - markdown_it.rules_block.reference - DEBUG - reference.reference:10 - entering reference: StateBlock(line=432,level=2,tokens=895), 432, 445, False
2025-12-27 14:06:17 - 20251227_140616_ac1a7dad - markdown_it.rules_block.html_block - DEBUG - html_block.html_block:35 - entering html_block: StateBlock(line=432,level=2,tokens=895), 432, 445, False
2025-12-27 14:06:17 - 20251227_140616_ac1a7dad - markdown_it.rules_block.heading - DEBUG - heading.heading:13 - entering heading: StateBlock(line=432,level=2,tokens=895), 432, 445, False
2025-12-27 14:06:17 - 20251227_140616_ac1a7dad - markdown_it.rules_block.lheading - DEBUG - lheading.lheading:10 - entering lheading: StateBlock(line=432,level=2,tokens=895), 432, 445, False
2025-12-27 14:06:17 - 20251227_140616_ac1a7dad - markdown_it.rules_block.fence - DEBUG - fence.fence:10 - entering fence: StateBlock(line=432,level=2,tokens=895), 433, 445, True
2025-12-27 14:06:17 - 20251227_140616_ac1a7dad - markdown_it.rules_block.blockquote - DEBUG - blockquote.blockquote:13 - entering blockquote: StateBlock(line=432,level=2,tokens=895), 433, 445, True
2025-12-27 14:06:17 - 20251227_140616_ac1a7dad - markdown_it.rules_block.hr - DEBUG - hr.hr:14 - entering hr: StateBlock(line=432,level=2,tokens=895), 433, 445, True
2025-12-27 14:06:17 - 20251227_140616_ac1a7dad - markdown_it.rules_block.list - DEBUG - list.list_block:102 - entering list: StateBlock(line=432,level=2,tokens=895), 433, 445, True
2025-12-27 14:06:17 - 20251227_140616_ac1a7dad - markdown_it.rules_block.paragraph - DEBUG - paragraph.paragraph:10 - entering paragraph: StateBlock(line=432,level=2,tokens=895), 432, 445, False
2025-12-27 14:06:17 - 20251227_140616_ac1a7dad - markdown_it.rules_block.fence - DEBUG - fence.fence:10 - entering fence: StateBlock(line=432,level=2,tokens=895), 433, 445, True
2025-12-27 14:06:17 - 20251227_140616_ac1a7dad - markdown_it.rules_block.blockquote - DEBUG - blockquote.blockquote:13 - entering blockquote: StateBlock(line=432,level=2,tokens=895), 433, 445, True
2025-12-27 14:06:17 - 20251227_140616_ac1a7dad - markdown_it.rules_block.hr - DEBUG - hr.hr:14 - entering hr: StateBlock(line=432,level=2,tokens=895), 433, 445, True
2025-12-27 14:06:17 - 20251227_140616_ac1a7dad - markdown_it.rules_block.list - DEBUG - list.list_block:102 - entering list: StateBlock(line=432,level=2,tokens=895), 433, 445, True
2025-12-27 14:06:17 - 20251227_140616_ac1a7dad - markdown_it.rules_block.fence - DEBUG - fence.fence:10 - entering fence: StateBlock(line=433,level=1,tokens=899), 433, 445, True
2025-12-27 14:06:17 - 20251227_140616_ac1a7dad - markdown_it.rules_block.blockquote - DEBUG - blockquote.blockquote:13 - entering blockquote: StateBlock(line=433,level=1,tokens=899), 433, 445, True
2025-12-27 14:06:17 - 20251227_140616_ac1a7dad - markdown_it.rules_block.hr - DEBUG - hr.hr:14 - entering hr: StateBlock(line=433,level=1,tokens=899), 433, 445, True
2025-12-27 14:06:17 - 20251227_140616_ac1a7dad - markdown_it.rules_block.code - DEBUG - code.code:10 - entering code: StateBlock(line=433,level=2,tokens=900), 433, 445, False
2025-12-27 14:06:17 - 20251227_140616_ac1a7dad - markdown_it.rules_block.fence - DEBUG - fence.fence:10 - entering fence: StateBlock(line=433,level=2,tokens=900), 433, 445, False
2025-12-27 14:06:17 - 20251227_140616_ac1a7dad - markdown_it.rules_block.blockquote - DEBUG - blockquote.blockquote:13 - entering blockquote: StateBlock(line=433,level=2,tokens=900), 433, 445, False
2025-12-27 14:06:17 - 20251227_140616_ac1a7dad - markdown_it.rules_block.hr - DEBUG - hr.hr:14 - entering hr: StateBlock(line=433,level=2,tokens=900), 433, 445, False
2025-12-27 14:06:17 - 20251227_140616_ac1a7dad - markdown_it.rules_block.list - DEBUG - list.list_block:102 - entering list: StateBlock(line=433,level=2,tokens=900), 433, 445, False
2025-12-27 14:06:17 - 20251227_140616_ac1a7dad - markdown_it.rules_block.reference - DEBUG - reference.reference:10 - entering reference: StateBlock(line=433,level=2,tokens=900), 433, 445, False
2025-12-27 14:06:17 - 20251227_140616_ac1a7dad - markdown_it.rules_block.html_block - DEBUG - html_block.html_block:35 - entering html_block: StateBlock(line=433,level=2,tokens=900), 433, 445, False
2025-12-27 14:06:17 - 20251227_140616_ac1a7dad - markdown_it.rules_block.heading - DEBUG - heading.heading:13 - entering heading: StateBlock(line=433,level=2,tokens=900), 433, 445, False
2025-12-27 14:06:17 - 20251227_140616_ac1a7dad - markdown_it.rules_block.lheading - DEBUG - lheading.lheading:10 - entering lheading: StateBlock(line=433,level=2,tokens=900), 433, 445, False
2025-12-27 14:06:17 - 20251227_140616_ac1a7dad - markdown_it.rules_block.fence - DEBUG - fence.fence:10 - entering fence: StateBlock(line=433,level=2,tokens=900), 434, 445, True
2025-12-27 14:06:17 - 20251227_140616_ac1a7dad - markdown_it.rules_block.blockquote - DEBUG - blockquote.blockquote:13 - entering blockquote: StateBlock(line=433,level=2,tokens=900), 434, 445, True
2025-12-27 14:06:17 - 20251227_140616_ac1a7dad - markdown_it.rules_block.hr - DEBUG - hr.hr:14 - entering hr: StateBlock(line=433,level=2,tokens=900), 434, 445, True
2025-12-27 14:06:17 - 20251227_140616_ac1a7dad - markdown_it.rules_block.list - DEBUG - list.list_block:102 - entering list: StateBlock(line=433,level=2,tokens=900), 434, 445, True
2025-12-27 14:06:17 - 20251227_140616_ac1a7dad - markdown_it.rules_block.paragraph - DEBUG - paragraph.paragraph:10 - entering paragraph: StateBlock(line=433,level=2,tokens=900), 433, 445, False
2025-12-27 14:06:17 - 20251227_140616_ac1a7dad - markdown_it.rules_block.fence - DEBUG - fence.fence:10 - entering fence: StateBlock(line=433,level=2,tokens=900), 434, 445, True
2025-12-27 14:06:17 - 20251227_140616_ac1a7dad - markdown_it.rules_block.blockquote - DEBUG - blockquote.blockquote:13 - entering blockquote: StateBlock(line=433,level=2,tokens=900), 434, 445, True
2025-12-27 14:06:17 - 20251227_140616_ac1a7dad - markdown_it.rules_block.hr - DEBUG - hr.hr:14 - entering hr: StateBlock(line=433,level=2,tokens=900), 434, 445, True
2025-12-27 14:06:17 - 20251227_140616_ac1a7dad - markdown_it.rules_block.list - DEBUG - list.list_block:102 - entering list: StateBlock(line=433,level=2,tokens=900), 434, 445, True
2025-12-27 14:06:17 - 20251227_140616_ac1a7dad - markdown_it.rules_block.fence - DEBUG - fence.fence:10 - entering fence: StateBlock(line=434,level=1,tokens=904), 434, 445, True
2025-12-27 14:06:17 - 20251227_140616_ac1a7dad - markdown_it.rules_block.blockquote - DEBUG - blockquote.blockquote:13 - entering blockquote: StateBlock(line=434,level=1,tokens=904), 434, 445, True
2025-12-27 14:06:17 - 20251227_140616_ac1a7dad - markdown_it.rules_block.hr - DEBUG - hr.hr:14 - entering hr: StateBlock(line=434,level=1,tokens=904), 434, 445, True
2025-12-27 14:06:17 - 20251227_140616_ac1a7dad - markdown_it.rules_block.code - DEBUG - code.code:10 - entering code: StateBlock(line=434,level=2,tokens=905), 434, 445, False
2025-12-27 14:06:17 - 20251227_140616_ac1a7dad - markdown_it.rules_block.fence - DEBUG - fence.fence:10 - entering fence: StateBlock(line=434,level=2,tokens=905), 434, 445, False
2025-12-27 14:06:17 - 20251227_140616_ac1a7dad - markdown_it.rules_block.blockquote - DEBUG - blockquote.blockquote:13 - entering blockquote: StateBlock(line=434,level=2,tokens=905), 434, 445, False
2025-12-27 14:06:17 - 20251227_140616_ac1a7dad - markdown_it.rules_block.hr - DEBUG - hr.hr:14 - entering hr: StateBlock(line=434,level=2,tokens=905), 434, 445, False
2025-12-27 14:06:17 - 20251227_140616_ac1a7dad - markdown_it.rules_block.list - DEBUG - list.list_block:102 - entering list: StateBlock(line=434,level=2,tokens=905), 434, 445, False
2025-12-27 14:06:17 - 20251227_140616_ac1a7dad - markdown_it.rules_block.reference - DEBUG - reference.reference:10 - entering reference: StateBlock(line=434,level=2,tokens=905), 434, 445, False
2025-12-27 14:06:17 - 20251227_140616_ac1a7dad - markdown_it.rules_block.html_block - DEBUG - html_block.html_block:35 - entering html_block: StateBlock(line=434,level=2,tokens=905), 434, 445, False
2025-12-27 14:06:17 - 20251227_140616_ac1a7dad - markdown_it.rules_block.heading - DEBUG - heading.heading:13 - entering heading: StateBlock(line=434,level=2,tokens=905), 434, 445, False
2025-12-27 14:06:17 - 20251227_140616_ac1a7dad - markdown_it.rules_block.lheading - DEBUG - lheading.lheading:10 - entering lheading: StateBlock(line=434,level=2,tokens=905), 434, 445, False
2025-12-27 14:06:17 - 20251227_140616_ac1a7dad - markdown_it.rules_block.fence - DEBUG - fence.fence:10 - entering fence: StateBlock(line=434,level=2,tokens=905), 435, 445, True
2025-12-27 14:06:17 - 20251227_140616_ac1a7dad - markdown_it.rules_block.blockquote - DEBUG - blockquote.blockquote:13 - entering blockquote: StateBlock(line=434,level=2,tokens=905), 435, 445, True
2025-12-27 14:06:17 - 20251227_140616_ac1a7dad - markdown_it.rules_block.hr - DEBUG - hr.hr:14 - entering hr: StateBlock(line=434,level=2,tokens=905), 435, 445, True
2025-12-27 14:06:17 - 20251227_140616_ac1a7dad - markdown_it.rules_block.list - DEBUG - list.list_block:102 - entering list: StateBlock(line=434,level=2,tokens=905), 435, 445, True
2025-12-27 14:06:17 - 20251227_140616_ac1a7dad - markdown_it.rules_block.paragraph - DEBUG - paragraph.paragraph:10 - entering paragraph: StateBlock(line=434,level=2,tokens=905), 434, 445, False
2025-12-27 14:06:17 - 20251227_140616_ac1a7dad - markdown_it.rules_block.fence - DEBUG - fence.fence:10 - entering fence: StateBlock(line=434,level=2,tokens=905), 435, 445, True
2025-12-27 14:06:17 - 20251227_140616_ac1a7dad - markdown_it.rules_block.blockquote - DEBUG - blockquote.blockquote:13 - entering blockquote: StateBlock(line=434,level=2,tokens=905), 435, 445, True
2025-12-27 14:06:17 - 20251227_140616_ac1a7dad - markdown_it.rules_block.hr - DEBUG - hr.hr:14 - entering hr: StateBlock(line=434,level=2,tokens=905), 435, 445, True
2025-12-27 14:06:17 - 20251227_140616_ac1a7dad - markdown_it.rules_block.list - DEBUG - list.list_block:102 - entering list: StateBlock(line=434,level=2,tokens=905), 435, 445, True
2025-12-27 14:06:17 - 20251227_140616_ac1a7dad - markdown_it.rules_block.fence - DEBUG - fence.fence:10 - entering fence: StateBlock(line=435,level=1,tokens=909), 435, 445, True
2025-12-27 14:06:17 - 20251227_140616_ac1a7dad - markdown_it.rules_block.blockquote - DEBUG - blockquote.blockquote:13 - entering blockquote: StateBlock(line=435,level=1,tokens=909), 435, 445, True
2025-12-27 14:06:17 - 20251227_140616_ac1a7dad - markdown_it.rules_block.hr - DEBUG - hr.hr:14 - entering hr: StateBlock(line=435,level=1,tokens=909), 435, 445, True
2025-12-27 14:06:17 - 20251227_140616_ac1a7dad - markdown_it.rules_block.code - DEBUG - code.code:10 - entering code: StateBlock(line=435,level=2,tokens=910), 435, 445, False
2025-12-27 14:06:17 - 20251227_140616_ac1a7dad - markdown_it.rules_block.fence - DEBUG - fence.fence:10 - entering fence: StateBlock(line=435,level=2,tokens=910), 435, 445, False
2025-12-27 14:06:17 - 20251227_140616_ac1a7dad - markdown_it.rules_block.blockquote - DEBUG - blockquote.blockquote:13 - entering blockquote: StateBlock(line=435,level=2,tokens=910), 435, 445, False
2025-12-27 14:06:17 - 20251227_140616_ac1a7dad - markdown_it.rules_block.hr - DEBUG - hr.hr:14 - entering hr: StateBlock(line=435,level=2,tokens=910), 435, 445, False
2025-12-27 14:06:17 - 20251227_140616_ac1a7dad - markdown_it.rules_block.list - DEBUG - list.list_block:102 - entering list: StateBlock(line=435,level=2,tokens=910), 435, 445, False
2025-12-27 14:06:17 - 20251227_140616_ac1a7dad - markdown_it.rules_block.reference - DEBUG - reference.reference:10 - entering reference: StateBlock(line=435,level=2,tokens=910), 435, 445, False
2025-12-27 14:06:17 - 20251227_140616_ac1a7dad - markdown_it.rules_block.html_block - DEBUG - html_block.html_block:35 - entering html_block: StateBlock(line=435,level=2,tokens=910), 435, 445, False
2025-12-27 14:06:17 - 20251227_140616_ac1a7dad - markdown_it.rules_block.heading - DEBUG - heading.heading:13 - entering heading: StateBlock(line=435,level=2,tokens=910), 435, 445, False
2025-12-27 14:06:17 - 20251227_140616_ac1a7dad - markdown_it.rules_block.lheading - DEBUG - lheading.lheading:10 - entering lheading: StateBlock(line=435,level=2,tokens=910), 435, 445, False
2025-12-27 14:06:17 - 20251227_140616_ac1a7dad - markdown_it.rules_block.fence - DEBUG - fence.fence:10 - entering fence: StateBlock(line=435,level=2,tokens=910), 436, 445, True
2025-12-27 14:06:17 - 20251227_140616_ac1a7dad - markdown_it.rules_block.blockquote - DEBUG - blockquote.blockquote:13 - entering blockquote: StateBlock(line=435,level=2,tokens=910), 436, 445, True
2025-12-27 14:06:17 - 20251227_140616_ac1a7dad - markdown_it.rules_block.hr - DEBUG - hr.hr:14 - entering hr: StateBlock(line=435,level=2,tokens=910), 436, 445, True
2025-12-27 14:06:17 - 20251227_140616_ac1a7dad - markdown_it.rules_block.list - DEBUG - list.list_block:102 - entering list: StateBlock(line=435,level=2,tokens=910), 436, 445, True
2025-12-27 14:06:17 - 20251227_140616_ac1a7dad - markdown_it.rules_block.paragraph - DEBUG - paragraph.paragraph:10 - entering paragraph: StateBlock(line=435,level=2,tokens=910), 435, 445, False
2025-12-27 14:06:17 - 20251227_140616_ac1a7dad - markdown_it.rules_block.fence - DEBUG - fence.fence:10 - entering fence: StateBlock(line=435,level=2,tokens=910), 436, 445, True
2025-12-27 14:06:17 - 20251227_140616_ac1a7dad - markdown_it.rules_block.blockquote - DEBUG - blockquote.blockquote:13 - entering blockquote: StateBlock(line=435,level=2,tokens=910), 436, 445, True
2025-12-27 14:06:17 - 20251227_140616_ac1a7dad - markdown_it.rules_block.hr - DEBUG - hr.hr:14 - entering hr: StateBlock(line=435,level=2,tokens=910), 436, 445, True
2025-12-27 14:06:17 - 20251227_140616_ac1a7dad - markdown_it.rules_block.list - DEBUG - list.list_block:102 - entering list: StateBlock(line=435,level=2,tokens=910), 436, 445, True
2025-12-27 14:06:17 - 20251227_140616_ac1a7dad - markdown_it.rules_block.fence - DEBUG - fence.fence:10 - entering fence: StateBlock(line=436,level=1,tokens=914), 436, 445, True
2025-12-27 14:06:17 - 20251227_140616_ac1a7dad - markdown_it.rules_block.blockquote - DEBUG - blockquote.blockquote:13 - entering blockquote: StateBlock(line=436,level=1,tokens=914), 436, 445, True
2025-12-27 14:06:17 - 20251227_140616_ac1a7dad - markdown_it.rules_block.hr - DEBUG - hr.hr:14 - entering hr: StateBlock(line=436,level=1,tokens=914), 436, 445, True
2025-12-27 14:06:17 - 20251227_140616_ac1a7dad - markdown_it.rules_block.code - DEBUG - code.code:10 - entering code: StateBlock(line=436,level=2,tokens=915), 436, 445, False
2025-12-27 14:06:17 - 20251227_140616_ac1a7dad - markdown_it.rules_block.fence - DEBUG - fence.fence:10 - entering fence: StateBlock(line=436,level=2,tokens=915), 436, 445, False
2025-12-27 14:06:17 - 20251227_140616_ac1a7dad - markdown_it.rules_block.blockquote - DEBUG - blockquote.blockquote:13 - entering blockquote: StateBlock(line=436,level=2,tokens=915), 436, 445, False
2025-12-27 14:06:17 - 20251227_140616_ac1a7dad - markdown_it.rules_block.hr - DEBUG - hr.hr:14 - entering hr: StateBlock(line=436,level=2,tokens=915), 436, 445, False
2025-12-27 14:06:17 - 20251227_140616_ac1a7dad - markdown_it.rules_block.list - DEBUG - list.list_block:102 - entering list: StateBlock(line=436,level=2,tokens=915), 436, 445, False
2025-12-27 14:06:17 - 20251227_140616_ac1a7dad - markdown_it.rules_block.reference - DEBUG - reference.reference:10 - entering reference: StateBlock(line=436,level=2,tokens=915), 436, 445, False
2025-12-27 14:06:17 - 20251227_140616_ac1a7dad - markdown_it.rules_block.html_block - DEBUG - html_block.html_block:35 - entering html_block: StateBlock(line=436,level=2,tokens=915), 436, 445, False
2025-12-27 14:06:17 - 20251227_140616_ac1a7dad - markdown_it.rules_block.heading - DEBUG - heading.heading:13 - entering heading: StateBlock(line=436,level=2,tokens=915), 436, 445, False
2025-12-27 14:06:17 - 20251227_140616_ac1a7dad - markdown_it.rules_block.lheading - DEBUG - lheading.lheading:10 - entering lheading: StateBlock(line=436,level=2,tokens=915), 436, 445, False
2025-12-27 14:06:17 - 20251227_140616_ac1a7dad - markdown_it.rules_block.fence - DEBUG - fence.fence:10 - entering fence: StateBlock(line=436,level=2,tokens=915), 437, 445, True
2025-12-27 14:06:17 - 20251227_140616_ac1a7dad - markdown_it.rules_block.blockquote - DEBUG - blockquote.blockquote:13 - entering blockquote: StateBlock(line=436,level=2,tokens=915), 437, 445, True
2025-12-27 14:06:17 - 20251227_140616_ac1a7dad - markdown_it.rules_block.hr - DEBUG - hr.hr:14 - entering hr: StateBlock(line=436,level=2,tokens=915), 437, 445, True
2025-12-27 14:06:17 - 20251227_140616_ac1a7dad - markdown_it.rules_block.list - DEBUG - list.list_block:102 - entering list: StateBlock(line=436,level=2,tokens=915), 437, 445, True
2025-12-27 14:06:17 - 20251227_140616_ac1a7dad - markdown_it.rules_block.paragraph - DEBUG - paragraph.paragraph:10 - entering paragraph: StateBlock(line=436,level=2,tokens=915), 436, 445, False
2025-12-27 14:06:17 - 20251227_140616_ac1a7dad - markdown_it.rules_block.fence - DEBUG - fence.fence:10 - entering fence: StateBlock(line=436,level=2,tokens=915), 437, 445, True
2025-12-27 14:06:17 - 20251227_140616_ac1a7dad - markdown_it.rules_block.blockquote - DEBUG - blockquote.blockquote:13 - entering blockquote: StateBlock(line=436,level=2,tokens=915), 437, 445, True
2025-12-27 14:06:17 - 20251227_140616_ac1a7dad - markdown_it.rules_block.hr - DEBUG - hr.hr:14 - entering hr: StateBlock(line=436,level=2,tokens=915), 437, 445, True
2025-12-27 14:06:17 - 20251227_140616_ac1a7dad - markdown_it.rules_block.list - DEBUG - list.list_block:102 - entering list: StateBlock(line=436,level=2,tokens=915), 437, 445, True
2025-12-27 14:06:17 - 20251227_140616_ac1a7dad - markdown_it.rules_block.fence - DEBUG - fence.fence:10 - entering fence: StateBlock(line=437,level=1,tokens=919), 437, 445, True
2025-12-27 14:06:17 - 20251227_140616_ac1a7dad - markdown_it.rules_block.blockquote - DEBUG - blockquote.blockquote:13 - entering blockquote: StateBlock(line=437,level=1,tokens=919), 437, 445, True
2025-12-27 14:06:17 - 20251227_140616_ac1a7dad - markdown_it.rules_block.hr - DEBUG - hr.hr:14 - entering hr: StateBlock(line=437,level=1,tokens=919), 437, 445, True
2025-12-27 14:06:17 - 20251227_140616_ac1a7dad - markdown_it.rules_block.code - DEBUG - code.code:10 - entering code: StateBlock(line=437,level=2,tokens=920), 437, 445, False
2025-12-27 14:06:17 - 20251227_140616_ac1a7dad - markdown_it.rules_block.fence - DEBUG - fence.fence:10 - entering fence: StateBlock(line=437,level=2,tokens=920), 437, 445, False
2025-12-27 14:06:17 - 20251227_140616_ac1a7dad - markdown_it.rules_block.blockquote - DEBUG - blockquote.blockquote:13 - entering blockquote: StateBlock(line=437,level=2,tokens=920), 437, 445, False
2025-12-27 14:06:17 - 20251227_140616_ac1a7dad - markdown_it.rules_block.hr - DEBUG - hr.hr:14 - entering hr: StateBlock(line=437,level=2,tokens=920), 437, 445, False
2025-12-27 14:06:17 - 20251227_140616_ac1a7dad - markdown_it.rules_block.list - DEBUG - list.list_block:102 - entering list: StateBlock(line=437,level=2,tokens=920), 437, 445, False
2025-12-27 14:06:17 - 20251227_140616_ac1a7dad - markdown_it.rules_block.reference - DEBUG - reference.reference:10 - entering reference: StateBlock(line=437,level=2,tokens=920), 437, 445, False
2025-12-27 14:06:17 - 20251227_140616_ac1a7dad - markdown_it.rules_block.html_block - DEBUG - html_block.html_block:35 - entering html_block: StateBlock(line=437,level=2,tokens=920), 437, 445, False
2025-12-27 14:06:17 - 20251227_140616_ac1a7dad - markdown_it.rules_block.heading - DEBUG - heading.heading:13 - entering heading: StateBlock(line=437,level=2,tokens=920), 437, 445, False
2025-12-27 14:06:17 - 20251227_140616_ac1a7dad - markdown_it.rules_block.lheading - DEBUG - lheading.lheading:10 - entering lheading: StateBlock(line=437,level=2,tokens=920), 437, 445, False
2025-12-27 14:06:17 - 20251227_140616_ac1a7dad - markdown_it.rules_block.fence - DEBUG - fence.fence:10 - entering fence: StateBlock(line=437,level=2,tokens=920), 438, 445, True
2025-12-27 14:06:17 - 20251227_140616_ac1a7dad - markdown_it.rules_block.blockquote - DEBUG - blockquote.blockquote:13 - entering blockquote: StateBlock(line=437,level=2,tokens=920), 438, 445, True
2025-12-27 14:06:17 - 20251227_140616_ac1a7dad - markdown_it.rules_block.hr - DEBUG - hr.hr:14 - entering hr: StateBlock(line=437,level=2,tokens=920), 438, 445, True
2025-12-27 14:06:17 - 20251227_140616_ac1a7dad - markdown_it.rules_block.list - DEBUG - list.list_block:102 - entering list: StateBlock(line=437,level=2,tokens=920), 438, 445, True
2025-12-27 14:06:17 - 20251227_140616_ac1a7dad - markdown_it.rules_block.paragraph - DEBUG - paragraph.paragraph:10 - entering paragraph: StateBlock(line=437,level=2,tokens=920), 437, 445, False
2025-12-27 14:06:17 - 20251227_140616_ac1a7dad - markdown_it.rules_block.fence - DEBUG - fence.fence:10 - entering fence: StateBlock(line=437,level=2,tokens=920), 438, 445, True
2025-12-27 14:06:17 - 20251227_140616_ac1a7dad - markdown_it.rules_block.blockquote - DEBUG - blockquote.blockquote:13 - entering blockquote: StateBlock(line=437,level=2,tokens=920), 438, 445, True
2025-12-27 14:06:17 - 20251227_140616_ac1a7dad - markdown_it.rules_block.hr - DEBUG - hr.hr:14 - entering hr: StateBlock(line=437,level=2,tokens=920), 438, 445, True
2025-12-27 14:06:17 - 20251227_140616_ac1a7dad - markdown_it.rules_block.list - DEBUG - list.list_block:102 - entering list: StateBlock(line=437,level=2,tokens=920), 438, 445, True
2025-12-27 14:06:17 - 20251227_140616_ac1a7dad - markdown_it.rules_block.fence - DEBUG - fence.fence:10 - entering fence: StateBlock(line=438,level=1,tokens=924), 438, 445, True
2025-12-27 14:06:17 - 20251227_140616_ac1a7dad - markdown_it.rules_block.blockquote - DEBUG - blockquote.blockquote:13 - entering blockquote: StateBlock(line=438,level=1,tokens=924), 438, 445, True
2025-12-27 14:06:17 - 20251227_140616_ac1a7dad - markdown_it.rules_block.hr - DEBUG - hr.hr:14 - entering hr: StateBlock(line=438,level=1,tokens=924), 438, 445, True
2025-12-27 14:06:17 - 20251227_140616_ac1a7dad - markdown_it.rules_block.code - DEBUG - code.code:10 - entering code: StateBlock(line=438,level=2,tokens=925), 438, 445, False
2025-12-27 14:06:17 - 20251227_140616_ac1a7dad - markdown_it.rules_block.fence - DEBUG - fence.fence:10 - entering fence: StateBlock(line=438,level=2,tokens=925), 438, 445, False
2025-12-27 14:06:17 - 20251227_140616_ac1a7dad - markdown_it.rules_block.blockquote - DEBUG - blockquote.blockquote:13 - entering blockquote: StateBlock(line=438,level=2,tokens=925), 438, 445, False
2025-12-27 14:06:17 - 20251227_140616_ac1a7dad - markdown_it.rules_block.hr - DEBUG - hr.hr:14 - entering hr: StateBlock(line=438,level=2,tokens=925), 438, 445, False
2025-12-27 14:06:17 - 20251227_140616_ac1a7dad - markdown_it.rules_block.list - DEBUG - list.list_block:102 - entering list: StateBlock(line=438,level=2,tokens=925), 438, 445, False
2025-12-27 14:06:17 - 20251227_140616_ac1a7dad - markdown_it.rules_block.reference - DEBUG - reference.reference:10 - entering reference: StateBlock(line=438,level=2,tokens=925), 438, 445, False
2025-12-27 14:06:17 - 20251227_140616_ac1a7dad - markdown_it.rules_block.html_block - DEBUG - html_block.html_block:35 - entering html_block: StateBlock(line=438,level=2,tokens=925), 438, 445, False
2025-12-27 14:06:17 - 20251227_140616_ac1a7dad - markdown_it.rules_block.heading - DEBUG - heading.heading:13 - entering heading: StateBlock(line=438,level=2,tokens=925), 438, 445, False
2025-12-27 14:06:17 - 20251227_140616_ac1a7dad - markdown_it.rules_block.lheading - DEBUG - lheading.lheading:10 - entering lheading: StateBlock(line=438,level=2,tokens=925), 438, 445, False
2025-12-27 14:06:17 - 20251227_140616_ac1a7dad - markdown_it.rules_block.fence - DEBUG - fence.fence:10 - entering fence: StateBlock(line=438,level=2,tokens=925), 439, 445, True
2025-12-27 14:06:17 - 20251227_140616_ac1a7dad - markdown_it.rules_block.blockquote - DEBUG - blockquote.blockquote:13 - entering blockquote: StateBlock(line=438,level=2,tokens=925), 439, 445, True
2025-12-27 14:06:17 - 20251227_140616_ac1a7dad - markdown_it.rules_block.hr - DEBUG - hr.hr:14 - entering hr: StateBlock(line=438,level=2,tokens=925), 439, 445, True
2025-12-27 14:06:17 - 20251227_140616_ac1a7dad - markdown_it.rules_block.list - DEBUG - list.list_block:102 - entering list: StateBlock(line=438,level=2,tokens=925), 439, 445, True
2025-12-27 14:06:17 - 20251227_140616_ac1a7dad - markdown_it.rules_block.paragraph - DEBUG - paragraph.paragraph:10 - entering paragraph: StateBlock(line=438,level=2,tokens=925), 438, 445, False
2025-12-27 14:06:17 - 20251227_140616_ac1a7dad - markdown_it.rules_block.fence - DEBUG - fence.fence:10 - entering fence: StateBlock(line=438,level=2,tokens=925), 439, 445, True
2025-12-27 14:06:17 - 20251227_140616_ac1a7dad - markdown_it.rules_block.blockquote - DEBUG - blockquote.blockquote:13 - entering blockquote: StateBlock(line=438,level=2,tokens=925), 439, 445, True
2025-12-27 14:06:17 - 20251227_140616_ac1a7dad - markdown_it.rules_block.hr - DEBUG - hr.hr:14 - entering hr: StateBlock(line=438,level=2,tokens=925), 439, 445, True
2025-12-27 14:06:17 - 20251227_140616_ac1a7dad - markdown_it.rules_block.list - DEBUG - list.list_block:102 - entering list: StateBlock(line=438,level=2,tokens=925), 439, 445, True
2025-12-27 14:06:17 - 20251227_140616_ac1a7dad - markdown_it.rules_block.fence - DEBUG - fence.fence:10 - entering fence: StateBlock(line=439,level=1,tokens=929), 439, 445, True
2025-12-27 14:06:17 - 20251227_140616_ac1a7dad - markdown_it.rules_block.blockquote - DEBUG - blockquote.blockquote:13 - entering blockquote: StateBlock(line=439,level=1,tokens=929), 439, 445, True
2025-12-27 14:06:17 - 20251227_140616_ac1a7dad - markdown_it.rules_block.hr - DEBUG - hr.hr:14 - entering hr: StateBlock(line=439,level=1,tokens=929), 439, 445, True
2025-12-27 14:06:17 - 20251227_140616_ac1a7dad - markdown_it.rules_block.code - DEBUG - code.code:10 - entering code: StateBlock(line=439,level=2,tokens=930), 439, 445, False
2025-12-27 14:06:17 - 20251227_140616_ac1a7dad - markdown_it.rules_block.fence - DEBUG - fence.fence:10 - entering fence: StateBlock(line=439,level=2,tokens=930), 439, 445, False
2025-12-27 14:06:17 - 20251227_140616_ac1a7dad - markdown_it.rules_block.blockquote - DEBUG - blockquote.blockquote:13 - entering blockquote: StateBlock(line=439,level=2,tokens=930), 439, 445, False
2025-12-27 14:06:17 - 20251227_140616_ac1a7dad - markdown_it.rules_block.hr - DEBUG - hr.hr:14 - entering hr: StateBlock(line=439,level=2,tokens=930), 439, 445, False
2025-12-27 14:06:17 - 20251227_140616_ac1a7dad - markdown_it.rules_block.list - DEBUG - list.list_block:102 - entering list: StateBlock(line=439,level=2,tokens=930), 439, 445, False
2025-12-27 14:06:17 - 20251227_140616_ac1a7dad - markdown_it.rules_block.reference - DEBUG - reference.reference:10 - entering reference: StateBlock(line=439,level=2,tokens=930), 439, 445, False
2025-12-27 14:06:17 - 20251227_140616_ac1a7dad - markdown_it.rules_block.html_block - DEBUG - html_block.html_block:35 - entering html_block: StateBlock(line=439,level=2,tokens=930), 439, 445, False
2025-12-27 14:06:17 - 20251227_140616_ac1a7dad - markdown_it.rules_block.heading - DEBUG - heading.heading:13 - entering heading: StateBlock(line=439,level=2,tokens=930), 439, 445, False
2025-12-27 14:06:17 - 20251227_140616_ac1a7dad - markdown_it.rules_block.lheading - DEBUG - lheading.lheading:10 - entering lheading: StateBlock(line=439,level=2,tokens=930), 439, 445, False
2025-12-27 14:06:17 - 20251227_140616_ac1a7dad - markdown_it.rules_block.fence - DEBUG - fence.fence:10 - entering fence: StateBlock(line=439,level=2,tokens=930), 440, 445, True
2025-12-27 14:06:17 - 20251227_140616_ac1a7dad - markdown_it.rules_block.blockquote - DEBUG - blockquote.blockquote:13 - entering blockquote: StateBlock(line=439,level=2,tokens=930), 440, 445, True
2025-12-27 14:06:17 - 20251227_140616_ac1a7dad - markdown_it.rules_block.hr - DEBUG - hr.hr:14 - entering hr: StateBlock(line=439,level=2,tokens=930), 440, 445, True
2025-12-27 14:06:17 - 20251227_140616_ac1a7dad - markdown_it.rules_block.list - DEBUG - list.list_block:102 - entering list: StateBlock(line=439,level=2,tokens=930), 440, 445, True
2025-12-27 14:06:17 - 20251227_140616_ac1a7dad - markdown_it.rules_block.html_block - DEBUG - html_block.html_block:35 - entering html_block: StateBlock(line=439,level=2,tokens=930), 440, 445, True
2025-12-27 14:06:17 - 20251227_140616_ac1a7dad - markdown_it.rules_block.heading - DEBUG - heading.heading:13 - entering heading: StateBlock(line=439,level=2,tokens=930), 440, 445, True
2025-12-27 14:06:17 - 20251227_140616_ac1a7dad - markdown_it.rules_block.fence - DEBUG - fence.fence:10 - entering fence: StateBlock(line=439,level=2,tokens=930), 441, 445, True
2025-12-27 14:06:17 - 20251227_140616_ac1a7dad - markdown_it.rules_block.blockquote - DEBUG - blockquote.blockquote:13 - entering blockquote: StateBlock(line=439,level=2,tokens=930), 441, 445, True
2025-12-27 14:06:17 - 20251227_140616_ac1a7dad - markdown_it.rules_block.hr - DEBUG - hr.hr:14 - entering hr: StateBlock(line=439,level=2,tokens=930), 441, 445, True
2025-12-27 14:06:17 - 20251227_140616_ac1a7dad - markdown_it.rules_block.list - DEBUG - list.list_block:102 - entering list: StateBlock(line=439,level=2,tokens=930), 441, 445, True
2025-12-27 14:06:17 - 20251227_140616_ac1a7dad - markdown_it.rules_block.paragraph - DEBUG - paragraph.paragraph:10 - entering paragraph: StateBlock(line=439,level=2,tokens=930), 439, 445, False
2025-12-27 14:06:17 - 20251227_140616_ac1a7dad - markdown_it.rules_block.fence - DEBUG - fence.fence:10 - entering fence: StateBlock(line=439,level=2,tokens=930), 440, 445, True
2025-12-27 14:06:17 - 20251227_140616_ac1a7dad - markdown_it.rules_block.blockquote - DEBUG - blockquote.blockquote:13 - entering blockquote: StateBlock(line=439,level=2,tokens=930), 440, 445, True
2025-12-27 14:06:17 - 20251227_140616_ac1a7dad - markdown_it.rules_block.hr - DEBUG - hr.hr:14 - entering hr: StateBlock(line=439,level=2,tokens=930), 440, 445, True
2025-12-27 14:06:17 - 20251227_140616_ac1a7dad - markdown_it.rules_block.list - DEBUG - list.list_block:102 - entering list: StateBlock(line=439,level=2,tokens=930), 440, 445, True
2025-12-27 14:06:17 - 20251227_140616_ac1a7dad - markdown_it.rules_block.html_block - DEBUG - html_block.html_block:35 - entering html_block: StateBlock(line=439,level=2,tokens=930), 440, 445, True
2025-12-27 14:06:17 - 20251227_140616_ac1a7dad - markdown_it.rules_block.heading - DEBUG - heading.heading:13 - entering heading: StateBlock(line=439,level=2,tokens=930), 440, 445, True
2025-12-27 14:06:17 - 20251227_140616_ac1a7dad - markdown_it.rules_block.fence - DEBUG - fence.fence:10 - entering fence: StateBlock(line=439,level=2,tokens=930), 441, 445, True
2025-12-27 14:06:17 - 20251227_140616_ac1a7dad - markdown_it.rules_block.blockquote - DEBUG - blockquote.blockquote:13 - entering blockquote: StateBlock(line=439,level=2,tokens=930), 441, 445, True
2025-12-27 14:06:17 - 20251227_140616_ac1a7dad - markdown_it.rules_block.hr - DEBUG - hr.hr:14 - entering hr: StateBlock(line=439,level=2,tokens=930), 441, 445, True
2025-12-27 14:06:17 - 20251227_140616_ac1a7dad - markdown_it.rules_block.list - DEBUG - list.list_block:102 - entering list: StateBlock(line=439,level=2,tokens=930), 441, 445, True
2025-12-27 14:06:17 - 20251227_140616_ac1a7dad - markdown_it.rules_block.fence - DEBUG - fence.fence:10 - entering fence: StateBlock(line=441,level=1,tokens=934), 441, 445, True
2025-12-27 14:06:17 - 20251227_140616_ac1a7dad - markdown_it.rules_block.blockquote - DEBUG - blockquote.blockquote:13 - entering blockquote: StateBlock(line=441,level=1,tokens=934), 441, 445, True
2025-12-27 14:06:17 - 20251227_140616_ac1a7dad - markdown_it.rules_block.hr - DEBUG - hr.hr:14 - entering hr: StateBlock(line=441,level=1,tokens=934), 441, 445, True
2025-12-27 14:06:17 - 20251227_140616_ac1a7dad - markdown_it.rules_block.code - DEBUG - code.code:10 - entering code: StateBlock(line=441,level=2,tokens=935), 441, 445, False
2025-12-27 14:06:17 - 20251227_140616_ac1a7dad - markdown_it.rules_block.fence - DEBUG - fence.fence:10 - entering fence: StateBlock(line=441,level=2,tokens=935), 441, 445, False
2025-12-27 14:06:17 - 20251227_140616_ac1a7dad - markdown_it.rules_block.blockquote - DEBUG - blockquote.blockquote:13 - entering blockquote: StateBlock(line=441,level=2,tokens=935), 441, 445, False
2025-12-27 14:06:17 - 20251227_140616_ac1a7dad - markdown_it.rules_block.hr - DEBUG - hr.hr:14 - entering hr: StateBlock(line=441,level=2,tokens=935), 441, 445, False
2025-12-27 14:06:17 - 20251227_140616_ac1a7dad - markdown_it.rules_block.list - DEBUG - list.list_block:102 - entering list: StateBlock(line=441,level=2,tokens=935), 441, 445, False
2025-12-27 14:06:17 - 20251227_140616_ac1a7dad - markdown_it.rules_block.reference - DEBUG - reference.reference:10 - entering reference: StateBlock(line=441,level=2,tokens=935), 441, 445, False
2025-12-27 14:06:17 - 20251227_140616_ac1a7dad - markdown_it.rules_block.html_block - DEBUG - html_block.html_block:35 - entering html_block: StateBlock(line=441,level=2,tokens=935), 441, 445, False
2025-12-27 14:06:17 - 20251227_140616_ac1a7dad - markdown_it.rules_block.heading - DEBUG - heading.heading:13 - entering heading: StateBlock(line=441,level=2,tokens=935), 441, 445, False
2025-12-27 14:06:17 - 20251227_140616_ac1a7dad - markdown_it.rules_block.lheading - DEBUG - lheading.lheading:10 - entering lheading: StateBlock(line=441,level=2,tokens=935), 441, 445, False
2025-12-27 14:06:17 - 20251227_140616_ac1a7dad - markdown_it.rules_block.fence - DEBUG - fence.fence:10 - entering fence: StateBlock(line=441,level=2,tokens=935), 442, 445, True
2025-12-27 14:06:17 - 20251227_140616_ac1a7dad - markdown_it.rules_block.blockquote - DEBUG - blockquote.blockquote:13 - entering blockquote: StateBlock(line=441,level=2,tokens=935), 442, 445, True
2025-12-27 14:06:17 - 20251227_140616_ac1a7dad - markdown_it.rules_block.hr - DEBUG - hr.hr:14 - entering hr: StateBlock(line=441,level=2,tokens=935), 442, 445, True
2025-12-27 14:06:17 - 20251227_140616_ac1a7dad - markdown_it.rules_block.list - DEBUG - list.list_block:102 - entering list: StateBlock(line=441,level=2,tokens=935), 442, 445, True
2025-12-27 14:06:17 - 20251227_140616_ac1a7dad - markdown_it.rules_block.html_block - DEBUG - html_block.html_block:35 - entering html_block: StateBlock(line=441,level=2,tokens=935), 442, 445, True
2025-12-27 14:06:17 - 20251227_140616_ac1a7dad - markdown_it.rules_block.heading - DEBUG - heading.heading:13 - entering heading: StateBlock(line=441,level=2,tokens=935), 442, 445, True
2025-12-27 14:06:17 - 20251227_140616_ac1a7dad - markdown_it.rules_block.fence - DEBUG - fence.fence:10 - entering fence: StateBlock(line=441,level=2,tokens=935), 443, 445, True
2025-12-27 14:06:17 - 20251227_140616_ac1a7dad - markdown_it.rules_block.blockquote - DEBUG - blockquote.blockquote:13 - entering blockquote: StateBlock(line=441,level=2,tokens=935), 443, 445, True
2025-12-27 14:06:17 - 20251227_140616_ac1a7dad - markdown_it.rules_block.hr - DEBUG - hr.hr:14 - entering hr: StateBlock(line=441,level=2,tokens=935), 443, 445, True
2025-12-27 14:06:17 - 20251227_140616_ac1a7dad - markdown_it.rules_block.list - DEBUG - list.list_block:102 - entering list: StateBlock(line=441,level=2,tokens=935), 443, 445, True
2025-12-27 14:06:17 - 20251227_140616_ac1a7dad - markdown_it.rules_block.paragraph - DEBUG - paragraph.paragraph:10 - entering paragraph: StateBlock(line=441,level=2,tokens=935), 441, 445, False
2025-12-27 14:06:17 - 20251227_140616_ac1a7dad - markdown_it.rules_block.fence - DEBUG - fence.fence:10 - entering fence: StateBlock(line=441,level=2,tokens=935), 442, 445, True
2025-12-27 14:06:17 - 20251227_140616_ac1a7dad - markdown_it.rules_block.blockquote - DEBUG - blockquote.blockquote:13 - entering blockquote: StateBlock(line=441,level=2,tokens=935), 442, 445, True
2025-12-27 14:06:17 - 20251227_140616_ac1a7dad - markdown_it.rules_block.hr - DEBUG - hr.hr:14 - entering hr: StateBlock(line=441,level=2,tokens=935), 442, 445, True
2025-12-27 14:06:17 - 20251227_140616_ac1a7dad - markdown_it.rules_block.list - DEBUG - list.list_block:102 - entering list: StateBlock(line=441,level=2,tokens=935), 442, 445, True
2025-12-27 14:06:17 - 20251227_140616_ac1a7dad - markdown_it.rules_block.html_block - DEBUG - html_block.html_block:35 - entering html_block: StateBlock(line=441,level=2,tokens=935), 442, 445, True
2025-12-27 14:06:17 - 20251227_140616_ac1a7dad - markdown_it.rules_block.heading - DEBUG - heading.heading:13 - entering heading: StateBlock(line=441,level=2,tokens=935), 442, 445, True
2025-12-27 14:06:17 - 20251227_140616_ac1a7dad - markdown_it.rules_block.fence - DEBUG - fence.fence:10 - entering fence: StateBlock(line=441,level=2,tokens=935), 443, 445, True
2025-12-27 14:06:17 - 20251227_140616_ac1a7dad - markdown_it.rules_block.blockquote - DEBUG - blockquote.blockquote:13 - entering blockquote: StateBlock(line=441,level=2,tokens=935), 443, 445, True
2025-12-27 14:06:17 - 20251227_140616_ac1a7dad - markdown_it.rules_block.hr - DEBUG - hr.hr:14 - entering hr: StateBlock(line=441,level=2,tokens=935), 443, 445, True
2025-12-27 14:06:17 - 20251227_140616_ac1a7dad - markdown_it.rules_block.list - DEBUG - list.list_block:102 - entering list: StateBlock(line=441,level=2,tokens=935), 443, 445, True
2025-12-27 14:06:17 - 20251227_140616_ac1a7dad - markdown_it.rules_block.fence - DEBUG - fence.fence:10 - entering fence: StateBlock(line=443,level=1,tokens=939), 443, 445, True
2025-12-27 14:06:17 - 20251227_140616_ac1a7dad - markdown_it.rules_block.blockquote - DEBUG - blockquote.blockquote:13 - entering blockquote: StateBlock(line=443,level=1,tokens=939), 443, 445, True
2025-12-27 14:06:17 - 20251227_140616_ac1a7dad - markdown_it.rules_block.hr - DEBUG - hr.hr:14 - entering hr: StateBlock(line=443,level=1,tokens=939), 443, 445, True
2025-12-27 14:06:17 - 20251227_140616_ac1a7dad - markdown_it.rules_block.code - DEBUG - code.code:10 - entering code: StateBlock(line=443,level=2,tokens=940), 443, 445, False
2025-12-27 14:06:17 - 20251227_140616_ac1a7dad - markdown_it.rules_block.fence - DEBUG - fence.fence:10 - entering fence: StateBlock(line=443,level=2,tokens=940), 443, 445, False
2025-12-27 14:06:17 - 20251227_140616_ac1a7dad - markdown_it.rules_block.blockquote - DEBUG - blockquote.blockquote:13 - entering blockquote: StateBlock(line=443,level=2,tokens=940), 443, 445, False
2025-12-27 14:06:17 - 20251227_140616_ac1a7dad - markdown_it.rules_block.hr - DEBUG - hr.hr:14 - entering hr: StateBlock(line=443,level=2,tokens=940), 443, 445, False
2025-12-27 14:06:17 - 20251227_140616_ac1a7dad - markdown_it.rules_block.list - DEBUG - list.list_block:102 - entering list: StateBlock(line=443,level=2,tokens=940), 443, 445, False
2025-12-27 14:06:17 - 20251227_140616_ac1a7dad - markdown_it.rules_block.reference - DEBUG - reference.reference:10 - entering reference: StateBlock(line=443,level=2,tokens=940), 443, 445, False
2025-12-27 14:06:17 - 20251227_140616_ac1a7dad - markdown_it.rules_block.html_block - DEBUG - html_block.html_block:35 - entering html_block: StateBlock(line=443,level=2,tokens=940), 443, 445, False
2025-12-27 14:06:17 - 20251227_140616_ac1a7dad - markdown_it.rules_block.heading - DEBUG - heading.heading:13 - entering heading: StateBlock(line=443,level=2,tokens=940), 443, 445, False
2025-12-27 14:06:17 - 20251227_140616_ac1a7dad - markdown_it.rules_block.lheading - DEBUG - lheading.lheading:10 - entering lheading: StateBlock(line=443,level=2,tokens=940), 443, 445, False
2025-12-27 14:06:17 - 20251227_140616_ac1a7dad - markdown_it.rules_block.fence - DEBUG - fence.fence:10 - entering fence: StateBlock(line=443,level=2,tokens=940), 444, 445, True
2025-12-27 14:06:17 - 20251227_140616_ac1a7dad - markdown_it.rules_block.blockquote - DEBUG - blockquote.blockquote:13 - entering blockquote: StateBlock(line=443,level=2,tokens=940), 444, 445, True
2025-12-27 14:06:17 - 20251227_140616_ac1a7dad - markdown_it.rules_block.hr - DEBUG - hr.hr:14 - entering hr: StateBlock(line=443,level=2,tokens=940), 444, 445, True
2025-12-27 14:06:17 - 20251227_140616_ac1a7dad - markdown_it.rules_block.list - DEBUG - list.list_block:102 - entering list: StateBlock(line=443,level=2,tokens=940), 444, 445, True
2025-12-27 14:06:17 - 20251227_140616_ac1a7dad - markdown_it.rules_block.paragraph - DEBUG - paragraph.paragraph:10 - entering paragraph: StateBlock(line=443,level=2,tokens=940), 443, 445, False
2025-12-27 14:06:17 - 20251227_140616_ac1a7dad - markdown_it.rules_block.fence - DEBUG - fence.fence:10 - entering fence: StateBlock(line=443,level=2,tokens=940), 444, 445, True
2025-12-27 14:06:17 - 20251227_140616_ac1a7dad - markdown_it.rules_block.blockquote - DEBUG - blockquote.blockquote:13 - entering blockquote: StateBlock(line=443,level=2,tokens=940), 444, 445, True
2025-12-27 14:06:17 - 20251227_140616_ac1a7dad - markdown_it.rules_block.hr - DEBUG - hr.hr:14 - entering hr: StateBlock(line=443,level=2,tokens=940), 444, 445, True
2025-12-27 14:06:17 - 20251227_140616_ac1a7dad - markdown_it.rules_block.list - DEBUG - list.list_block:102 - entering list: StateBlock(line=443,level=2,tokens=940), 444, 445, True
2025-12-27 14:06:17 - 20251227_140616_ac1a7dad - markdown_it.rules_block.fence - DEBUG - fence.fence:10 - entering fence: StateBlock(line=444,level=1,tokens=944), 444, 445, True
2025-12-27 14:06:17 - 20251227_140616_ac1a7dad - markdown_it.rules_block.blockquote - DEBUG - blockquote.blockquote:13 - entering blockquote: StateBlock(line=444,level=1,tokens=944), 444, 445, True
2025-12-27 14:06:17 - 20251227_140616_ac1a7dad - markdown_it.rules_block.hr - DEBUG - hr.hr:14 - entering hr: StateBlock(line=444,level=1,tokens=944), 444, 445, True
2025-12-27 14:06:17 - 20251227_140616_ac1a7dad - markdown_it.rules_block.code - DEBUG - code.code:10 - entering code: StateBlock(line=444,level=2,tokens=945), 444, 445, False
2025-12-27 14:06:17 - 20251227_140616_ac1a7dad - markdown_it.rules_block.fence - DEBUG - fence.fence:10 - entering fence: StateBlock(line=444,level=2,tokens=945), 444, 445, False
2025-12-27 14:06:17 - 20251227_140616_ac1a7dad - markdown_it.rules_block.blockquote - DEBUG - blockquote.blockquote:13 - entering blockquote: StateBlock(line=444,level=2,tokens=945), 444, 445, False
2025-12-27 14:06:17 - 20251227_140616_ac1a7dad - markdown_it.rules_block.hr - DEBUG - hr.hr:14 - entering hr: StateBlock(line=444,level=2,tokens=945), 444, 445, False
2025-12-27 14:06:17 - 20251227_140616_ac1a7dad - markdown_it.rules_block.list - DEBUG - list.list_block:102 - entering list: StateBlock(line=444,level=2,tokens=945), 444, 445, False
2025-12-27 14:06:17 - 20251227_140616_ac1a7dad - markdown_it.rules_block.reference - DEBUG - reference.reference:10 - entering reference: StateBlock(line=444,level=2,tokens=945), 444, 445, False
2025-12-27 14:06:17 - 20251227_140616_ac1a7dad - markdown_it.rules_block.html_block - DEBUG - html_block.html_block:35 - entering html_block: StateBlock(line=444,level=2,tokens=945), 444, 445, False
2025-12-27 14:06:17 - 20251227_140616_ac1a7dad - markdown_it.rules_block.heading - DEBUG - heading.heading:13 - entering heading: StateBlock(line=444,level=2,tokens=945), 444, 445, False
2025-12-27 14:06:17 - 20251227_140616_ac1a7dad - markdown_it.rules_block.lheading - DEBUG - lheading.lheading:10 - entering lheading: StateBlock(line=444,level=2,tokens=945), 444, 445, False
2025-12-27 14:06:17 - 20251227_140616_ac1a7dad - markdown_it.rules_block.paragraph - DEBUG - paragraph.paragraph:10 - entering paragraph: StateBlock(line=444,level=2,tokens=945), 444, 445, False
2025-12-27 14:06:17 - 20251227_140616_ac1a7dad - aichemist_codex.converters.md2pdf - DEBUG - to_pdf.convert_md_to_pdf:258 - Saving PDF to: D:\Steve\Documents\HumanRights\Key_Evidence_Quotes.pdf
2025-12-27 14:06:17 - 20251227_140616_ac1a7dad - aichemist_codex.converters.md2pdf - DEBUG - to_pdf.convert_md_to_pdf:262 - Successfully saved PDF to: D:\Steve\Documents\HumanRights\Key_Evidence_Quotes.pdf
2025-12-27 14:06:17 - 20251227_140616_ac1a7dad - aichemist_codex.converters.md2pdf - ERROR - to_pdf.convert_md_to_pdf:295 - [CONVERSION_MD2PDF_003] Error converting Markdown to PDF: record_conversion_attempt() missing 1 required positional argument: 'conversion_type'
Traceback (most recent call last):
  File "D:\Coding\SafeAppeals2.0\python\transmutation_codex\plugins\markdown\to_pdf.py", line 275, in convert_md_to_pdf
    record_conversion_attempt(
    ~~~~~~~~~~~~~~~~~~~~~~~~~^
        converter_name="md2pdf",
        ^^^^^^^^^^^^^^^^^^^^^^^^
    ...<2 lines>...
        success=True,
        ^^^^^^^^^^^^^
    )
    ^
TypeError: record_conversion_attempt() missing 1 required positional argument: 'conversion_type'
2025-12-27 14:06:17 - 20251227_140616_ac1a7dad - aichemist_codex.electron_bridge - WARNING - conversion_handler.handle_single_conversion:121 - Initial conversion attempt failed: Markdown to PDF conversion failed: record_conversion_attempt() missing 1 required positional argument: 'conversion_type' (source_format=md, target_format=pdf, source_file=D:\Steve\Documents\HumanRights\Submission\Key_Evidence_Quotes.md, error_code=CONVERSION_MD2PDF_003)
Traceback (most recent call last):
  File "D:\Coding\SafeAppeals2.0\python\transmutation_codex\plugins\markdown\to_pdf.py", line 275, in convert_md_to_pdf
    record_conversion_attempt(
    ~~~~~~~~~~~~~~~~~~~~~~~~~^
        converter_name="md2pdf",
        ^^^^^^^^^^^^^^^^^^^^^^^^
    ...<2 lines>...
        success=True,
        ^^^^^^^^^^^^^
    )
    ^
TypeError: record_conversion_attempt() missing 1 required positional argument: 'conversion_type'

During handling of the above exception, another exception occurred:

Traceback (most recent call last):
  File "D:\Coding\SafeAppeals2.0\python\transmutation_codex\adapters\bridges\conversion_handler.py", line 116, in handle_single_conversion
    result_path = converter_callable(
        str(input_path), str(output_path), **args.options
    )
  File "D:\Coding\SafeAppeals2.0\python\transmutation_codex\core\decorators.py", line 113, in wrapper
    return func(input_path, output_path, **kwargs)
  File "D:\Coding\SafeAppeals2.0\python\transmutation_codex\plugins\markdown\to_pdf.py", line 297, in convert_md_to_pdf
    raise_conversion_error(
    ~~~~~~~~~~~~~~~~~~~~~~^
        f"Markdown to PDF conversion failed: {e}",
        ^^^^^^^^^^^^^^^^^^^^^^^^^^^^^^^^^^^^^^^^^^
    ...<3 lines>...
        error_code=error_code,
        ^^^^^^^^^^^^^^^^^^^^^^
    )
    ^
  File "D:\Coding\SafeAppeals2.0\python\transmutation_codex\core\exceptions.py", line 563, in raise_conversion_error
    raise ConversionError(message, source_format, target_format, source_file, error_code)
transmutation_codex.core.exceptions.ConversionError: Markdown to PDF conversion failed: record_conversion_attempt() missing 1 required positional argument: 'conversion_type' (source_format=md, target_format=pdf, source_file=D:\Steve\Documents\HumanRights\Submission\Key_Evidence_Quotes.md, error_code=CONVERSION_MD2PDF_003)
2025-12-27 14:06:17 - 20251227_140616_ac1a7dad - aichemist_codex.electron_bridge - ERROR - conversion_handler.handle_single_conversion:176 - [BRIDGE_004] Conversion failed: Markdown to PDF conversion failed: record_conversion_attempt() missing 1 required positional argument: 'conversion_type' (source_format=md, target_format=pdf, source_file=D:\Steve\Documents\HumanRights\Submission\Key_Evidence_Quotes.md, error_code=CONVERSION_MD2PDF_003)
Traceback (most recent call last):
  File "D:\Coding\SafeAppeals2.0\python\transmutation_codex\plugins\markdown\to_pdf.py", line 275, in convert_md_to_pdf
    record_conversion_attempt(
    ~~~~~~~~~~~~~~~~~~~~~~~~~^
        converter_name="md2pdf",
        ^^^^^^^^^^^^^^^^^^^^^^^^
    ...<2 lines>...
        success=True,
        ^^^^^^^^^^^^^
    )
    ^
TypeError: record_conversion_attempt() missing 1 required positional argument: 'conversion_type'

During handling of the above exception, another exception occurred:

Traceback (most recent call last):
  File "D:\Coding\SafeAppeals2.0\python\transmutation_codex\adapters\bridges\conversion_handler.py", line 116, in handle_single_conversion
    result_path = converter_callable(
        str(input_path), str(output_path), **args.options
    )
  File "D:\Coding\SafeAppeals2.0\python\transmutation_codex\core\decorators.py", line 113, in wrapper
    return func(input_path, output_path, **kwargs)
  File "D:\Coding\SafeAppeals2.0\python\transmutation_codex\plugins\markdown\to_pdf.py", line 297, in convert_md_to_pdf
    raise_conversion_error(
    ~~~~~~~~~~~~~~~~~~~~~~^
        f"Markdown to PDF conversion failed: {e}",
        ^^^^^^^^^^^^^^^^^^^^^^^^^^^^^^^^^^^^^^^^^^
    ...<3 lines>...
        error_code=error_code,
        ^^^^^^^^^^^^^^^^^^^^^^
    )
    ^
  File "D:\Coding\SafeAppeals2.0\python\transmutation_codex\core\exceptions.py", line 563, in raise_conversion_error
    raise ConversionError(message, source_format, target_format, source_file, error_code)
transmutation_codex.core.exceptions.ConversionError: Markdown to PDF conversion failed: record_conversion_attempt() missing 1 required positional argument: 'conversion_type' (source_format=md, target_format=pdf, source_file=D:\Steve\Documents\HumanRights\Submission\Key_Evidence_Quotes.md, error_code=CONVERSION_MD2PDF_003)
2025-12-27 14:06:17 - 20251227_140616_ac1a7dad - aichemist_codex.electron_bridge - ERROR - progress_reporter.report_error:97 - Reporting error (conversion): Markdown to PDF conversion failed: record_conversion_attempt() missing 1 required positional argument: 'conversion_type' (source_format=md, target_format=pdf, source_file=D:\Steve\Documents\HumanRights\Submission\Key_Evidence_Quotes.md, error_code=CONVERSION_MD2PDF_003)
2025-12-27 14:06:17 - 20251227_140616_ac1a7dad - aichemist_codex.electron_bridge - DEBUG - base.send_json_message:49 - Sending PROGRESS message: {"current": 30, "total": 100, "message": "Error: Markdown to PDF conversion failed: record_conversion_attempt() missing 1 required positional argument: 'conversion_type' (source_format=md, target_form...
2025-12-27 14:06:17 - 20251227_140616_ac1a7dad - aichemist_codex.electron_bridge - DEBUG - base.send_json_message:49 - Sending ERROR message: {"error": "Markdown to PDF conversion failed: record_conversion_attempt() missing 1 required positional argument: 'conversion_type' (source_format=md, target_format=pdf, source_file=D:\\Steve\\Documen...
2025-12-27 14:06:17 - 20251227_140616_ac1a7dad - aichemist_codex.electron_bridge - DEBUG - base.send_json_message:49 - Sending RESULT message: {"success": false, "message": "Conversion failed: Markdown to PDF conversion failed: record_conversion_attempt() missing 1 required positional argument: 'conversion_type' (source_format=md, target_for...
2025-12-27 14:06:17 - 20251227_140616_ac1a7dad - aichemist_codex.electron_bridge - ERROR - conversion_handler.handle_conversion:411 - [BRIDGE_004] Conversion error: Conversion failed: Markdown to PDF conversion failed: record_conversion_attempt() missing 1 required positional argument: 'conversion_type' (source_format=md, target_format=pdf, source_file=D:\Steve\Documents\HumanRights\Submission\Key_Evidence_Quotes.md, error_code=CONVERSION_MD2PDF_003)
Traceback (most recent call last):
  File "D:\Coding\SafeAppeals2.0\python\transmutation_codex\plugins\markdown\to_pdf.py", line 275, in convert_md_to_pdf
    record_conversion_attempt(
    ~~~~~~~~~~~~~~~~~~~~~~~~~^
        converter_name="md2pdf",
        ^^^^^^^^^^^^^^^^^^^^^^^^
    ...<2 lines>...
        success=True,
        ^^^^^^^^^^^^^
    )
    ^
TypeError: record_conversion_attempt() missing 1 required positional argument: 'conversion_type'

During handling of the above exception, another exception occurred:

Traceback (most recent call last):
  File "D:\Coding\SafeAppeals2.0\python\transmutation_codex\adapters\bridges\conversion_handler.py", line 116, in handle_single_conversion
    result_path = converter_callable(
        str(input_path), str(output_path), **args.options
    )
  File "D:\Coding\SafeAppeals2.0\python\transmutation_codex\core\decorators.py", line 113, in wrapper
    return func(input_path, output_path, **kwargs)
  File "D:\Coding\SafeAppeals2.0\python\transmutation_codex\plugins\markdown\to_pdf.py", line 297, in convert_md_to_pdf
    raise_conversion_error(
    ~~~~~~~~~~~~~~~~~~~~~~^
        f"Markdown to PDF conversion failed: {e}",
        ^^^^^^^^^^^^^^^^^^^^^^^^^^^^^^^^^^^^^^^^^^
    ...<3 lines>...
        error_code=error_code,
        ^^^^^^^^^^^^^^^^^^^^^^
    )
    ^
  File "D:\Coding\SafeAppeals2.0\python\transmutation_codex\core\exceptions.py", line 563, in raise_conversion_error
    raise ConversionError(message, source_format, target_format, source_file, error_code)
transmutation_codex.core.exceptions.ConversionError: Markdown to PDF conversion failed: record_conversion_attempt() missing 1 required positional argument: 'conversion_type' (source_format=md, target_format=pdf, source_file=D:\Steve\Documents\HumanRights\Submission\Key_Evidence_Quotes.md, error_code=CONVERSION_MD2PDF_003)

The above exception was the direct cause of the following exception:

Traceback (most recent call last):
  File "D:\Coding\SafeAppeals2.0\python\transmutation_codex\adapters\bridges\conversion_handler.py", line 391, in handle_conversion
    handle_single_conversion(args, reporter)
    ~~~~~~~~~~~~~~~~~~~~~~~~^^^^^^^^^^^^^^^^
  File "D:\Coding\SafeAppeals2.0\python\transmutation_codex\adapters\bridges\conversion_handler.py", line 189, in handle_single_conversion
    raise BridgeConversionError(f"Conversion failed: {e}") from e
transmutation_codex.adapters.bridges.base.BridgeConversionError: Conversion failed: Markdown to PDF conversion failed: record_conversion_attempt() missing 1 required positional argument: 'conversion_type' (source_format=md, target_format=pdf, source_file=D:\Steve\Documents\HumanRights\Submission\Key_Evidence_Quotes.md, error_code=CONVERSION_MD2PDF_003)
2025-12-27 14:06:17 - 20251227_140616_ac1a7dad - aichemist_codex.electron_bridge - INFO - electron_bridge.main:50 - Electron bridge exiting with code 1
