2025-12-28 19:37:37 - 20251228_193737_08d5b1f3 - root - INFO - logger._configure_programmatic_logging:343 - Logging configured programmatically. Session ID: 20251228_193737_08d5b1f3. File log: D:\Coding\SafeAppeals2.0\python\logs\python\app_session_20251228_193737_08d5b1f3.log
2025-12-28 19:37:37 - 20251228_193737_08d5b1f3 - aichemist_codex.electron_bridge - INFO - electron_bridge.main:40 - Electron bridge starting
2025-12-28 19:37:37 - 20251228_193737_08d5b1f3 - aichemist_codex.electron_bridge - DEBUG - argument_parser.validate:62 - Validating arguments for mode: convert
2025-12-28 19:37:37 - 20251228_193737_08d5b1f3 - aichemist_codex.electron_bridge - DEBUG - argument_parser._validate_convert:84 - Validating convert mode arguments
2025-12-28 19:37:37 - 20251228_193737_08d5b1f3 - aichemist_codex.electron_bridge - DEBUG - base.validate_file_exists:150 - Validating file exists: d:\Steve\Documents\HumanRights\For_Clinic\09_Case_Analysis_Summaries\Timeline_Detailed_Master.md
2025-12-28 19:37:37 - 20251228_193737_08d5b1f3 - aichemist_codex.electron_bridge - DEBUG - base.validate_file_exists:160 - File validation passed: d:\Steve\Documents\HumanRights\For_Clinic\09_Case_Analysis_Summaries\Timeline_Detailed_Master.md
2025-12-28 19:37:37 - 20251228_193737_08d5b1f3 - aichemist_codex.electron_bridge - DEBUG - base.validate_output_directory:178 - Validating output directory: d:\Steve\Documents\HumanRights
2025-12-28 19:37:37 - 20251228_193737_08d5b1f3 - aichemist_codex.electron_bridge - DEBUG - base.validate_output_directory:188 - Output directory is writable: d:\Steve\Documents\HumanRights
2025-12-28 19:37:37 - 20251228_193737_08d5b1f3 - aichemist_codex.electron_bridge - DEBUG - argument_parser.validate:74 - Argument validation passed
2025-12-28 19:37:37 - 20251228_193737_08d5b1f3 - aichemist_codex.electron_bridge - INFO - electron_bridge.main:45 - Bridge mode: convert, type: md2pdf
2025-12-28 19:37:37 - 20251228_193737_08d5b1f3 - aichemist_codex.electron_bridge - DEBUG - progress_reporter.report:55 - Reporting progress: 0/100 - Initializing conversion...
2025-12-28 19:37:37 - 20251228_193737_08d5b1f3 - aichemist_codex.electron_bridge - DEBUG - base.send_json_message:49 - Sending PROGRESS message: {"current": 0, "total": 100, "message": "Initializing conversion...", "type": "single_progress", "filename": ""}...
2025-12-28 19:37:37 - 20251228_193737_08d5b1f3 - aichemist_codex.electron_bridge - DEBUG - progress_reporter.report:55 - Reporting progress: 10/100 - Loading converter...
2025-12-28 19:37:37 - 20251228_193737_08d5b1f3 - aichemist_codex.electron_bridge - DEBUG - base.send_json_message:49 - Sending PROGRESS message: {"current": 10, "total": 100, "message": "Loading converter...", "type": "single_progress", "filename": ""}...
2025-12-28 19:37:37 - 20251228_193737_08d5b1f3 - aichemist_codex.electron_bridge - DEBUG - conversion_handler.handle_single_conversion:41 - Importing plugins to trigger auto-registration
2025-12-28 19:37:37 - 20251228_193737_08d5b1f3 - aichemist_codex.converters.md2html - DEBUG - to_html.<module>:38 - Markdown library available
2025-12-28 19:37:37 - 20251228_193737_08d5b1f3 - aichemist_codex.plugins - DEBUG - __init__.<module>:20 - Markdown to HTML converter loaded
2025-12-28 19:37:37 - 20251228_193737_08d5b1f3 - aichemist_codex.plugins - DEBUG - __init__.<module>:29 - Markdown to PDF converter loaded
2025-12-28 19:37:37 - 20251228_193737_08d5b1f3 - aichemist_codex.plugins - DEBUG - __init__.<module>:38 - Markdown to DOCX converter loaded
2025-12-28 19:37:37 - 20251228_193737_08d5b1f3 - aichemist_codex.plugins - WARNING - __init__.<module>:55 - PDF to Markdown converters not available: No module named 'ocrmypdf'
2025-12-28 19:37:37 - 20251228_193737_08d5b1f3 - aichemist_codex.plugins - WARNING - __init__.<module>:64 - PDF to HTML converter not available: No module named 'ocrmypdf'
2025-12-28 19:37:37 - 20251228_193737_08d5b1f3 - aichemist_codex.plugins - WARNING - __init__.<module>:73 - PDF to Editable converter not available: No module named 'ocrmypdf'
2025-12-28 19:37:37 - 20251228_193737_08d5b1f3 - aichemist_codex.plugins - DEBUG - __init__.<module>:81 - DOCX to Markdown converter loaded
2025-12-28 19:37:37 - 20251228_193737_08d5b1f3 - aichemist_codex.plugins - DEBUG - __init__.<module>:90 - DOCX to PDF converter loaded
2025-12-28 19:37:37 - 20251228_193737_08d5b1f3 - aichemist_codex.plugins - DEBUG - __init__.<module>:100 - HTML to PDF converter loaded
2025-12-28 19:37:37 - 20251228_193737_08d5b1f3 - aichemist_codex.plugins - WARNING - __init__.<module>:112 - TXT to PDF converter not available: No module named 'reportlab'
2025-12-28 19:37:37 - 20251228_193737_08d5b1f3 - aichemist_codex.plugins - DEBUG - __init__.<module>:125 - Excel converters loaded
2025-12-28 19:37:37 - 20251228_193737_08d5b1f3 - aichemist_codex.plugins - DEBUG - __init__.<module>:136 - CSV converters loaded
2025-12-28 19:37:37 - 20251228_193737_08d5b1f3 - aichemist_codex.plugins - DEBUG - __init__.<module>:150 - PowerPoint converters loaded
2025-12-28 19:37:37 - 20251228_193737_08d5b1f3 - aichemist_codex.plugins - DEBUG - __init__.<module>:162 - Image converters loaded
2025-12-28 19:37:37 - 20251228_193737_08d5b1f3 - aichemist_codex.plugins - WARNING - __init__.<module>:174 - PDF to Excel converter not available: No module named 'ocrmypdf'
2025-12-28 19:37:37 - 20251228_193737_08d5b1f3 - aichemist_codex.plugins - WARNING - __init__.<module>:184 - PDF to Images converter not available: No module named 'ocrmypdf'
2025-12-28 19:37:37 - 20251228_193737_08d5b1f3 - aichemist_codex.plugins - WARNING - __init__.<module>:199 - Advanced PDF operations not available: No module named 'ocrmypdf'
2025-12-28 19:37:37 - 20251228_193737_08d5b1f3 - aichemist_codex.plugins - DEBUG - __init__.<module>:211 - EPUB converters loaded
2025-12-28 19:37:37 - 20251228_193737_08d5b1f3 - aichemist_codex.plugins - ERROR - __init__.<module>:227 - EPUB creation converters failed: name 'Document' is not defined
Traceback (most recent call last):
  File "D:\Coding\SafeAppeals2.0\python\transmutation_codex\plugins\__init__.py", line 219, in <module>
    from .docx.to_epub import convert_docx_to_epub
  File "D:\Coding\SafeAppeals2.0\python\transmutation_codex\plugins\docx\to_epub.py", line 248, in <module>
    def _docx_to_html(doc: Document) -> str:
                           ^^^^^^^^
NameError: name 'Document' is not defined
2025-12-28 19:37:37 - 20251228_193737_08d5b1f3 - aichemist_codex.plugins - INFO - __init__.<module>:229 - Plugin package initialized - all converters registered
2025-12-28 19:37:37 - 20251228_193737_08d5b1f3 - aichemist_codex.electron_bridge - DEBUG - conversion_handler.handle_single_conversion:44 - Successfully imported plugins
2025-12-28 19:37:37 - 20251228_193737_08d5b1f3 - aichemist_codex.electron_bridge - DEBUG - conversion_handler.handle_single_conversion:54 - Parsing conversion type: md2pdf
2025-12-28 19:37:37 - 20251228_193737_08d5b1f3 - aichemist_codex.electron_bridge - DEBUG - conversion_handler.handle_single_conversion:64 - Parsed conversion: md -> pdf
2025-12-28 19:37:37 - 20251228_193737_08d5b1f3 - aichemist_codex.electron_bridge - DEBUG - progress_reporter.report:55 - Reporting progress: 20/100 - Finding converter for md2pdf...
2025-12-28 19:37:37 - 20251228_193737_08d5b1f3 - aichemist_codex.electron_bridge - DEBUG - base.send_json_message:49 - Sending PROGRESS message: {"current": 20, "total": 100, "message": "Finding converter for md2pdf...", "type": "single_progress", "filename": ""}...
2025-12-28 19:37:37 - 20251228_193737_08d5b1f3 - aichemist_codex.electron_bridge - DEBUG - conversion_handler.handle_single_conversion:68 - Looking up converter in registry: md -> pdf
2025-12-28 19:37:37 - 20251228_193737_08d5b1f3 - aichemist_codex.electron_bridge - INFO - conversion_handler.handle_single_conversion:88 - Using converter: md_to_pdf_convert_md_to_pdf (priority: 10, version: 1.0.0)
2025-12-28 19:37:37 - 20251228_193737_08d5b1f3 - aichemist_codex.electron_bridge - DEBUG - progress_reporter.report:55 - Reporting progress: 30/100 - Converting Timeline_Detailed_Master.md...
2025-12-28 19:37:37 - 20251228_193737_08d5b1f3 - aichemist_codex.electron_bridge - DEBUG - base.send_json_message:49 - Sending PROGRESS message: {"current": 30, "total": 100, "message": "Converting Timeline_Detailed_Master.md...", "type": "single_progress", "filename": "Timeline_Detailed_Master.md"}...
2025-12-28 19:37:37 - 20251228_193737_08d5b1f3 - aichemist_codex.electron_bridge - INFO - conversion_handler.handle_single_conversion:107 - Executing conversion: Timeline_Detailed_Master.md -> Timeline_Detailed_Master.pdf
2025-12-28 19:37:37 - 20251228_193737_08d5b1f3 - aichemist_codex.electron_bridge - DEBUG - conversion_handler.handle_single_conversion:108 - Converter options: {'force_ocr': False, 'include_charts': False, 'preserve_formatting': False, 'include_notes': False, 'include_images': False, 'use_lossless_compression': False, 'reduce_image_resolution': False, 'export_bookmarks': False, 'export_notes': False, 'pdfa': False, 'deskew': False, 'clean': False, 'redo_ocr': False}
2025-12-28 19:37:37 - 20251228_193737_08d5b1f3 - aichemist_codex.electron_bridge - DEBUG - conversion_handler.handle_single_conversion:115 - Calling converter function
2025-12-28 19:37:37 - 20251228_193737_08d5b1f3 - aichemist_codex.transmutation_codex.utils.validators - DEBUG - validators.validate_file_path:51 - Validating file path: d:\Steve\Documents\HumanRights\For_Clinic\09_Case_Analysis_Summaries\Timeline_Detailed_Master.md
2025-12-28 19:37:37 - 20251228_193737_08d5b1f3 - aichemist_codex.transmutation_codex.utils.validators - DEBUG - validators.validate_file_path:89 - File path validation passed: d:\Steve\Documents\HumanRights\For_Clinic\09_Case_Analysis_Summaries\Timeline_Detailed_Master.md
2025-12-28 19:37:37 - 20251228_193737_08d5b1f3 - aichemist_codex.transmutation_codex.utils.validators - DEBUG - validators.validate_file_size:193 - Validating file size: d:\Steve\Documents\HumanRights\For_Clinic\09_Case_Analysis_Summaries\Timeline_Detailed_Master.md (max: 50MB)
2025-12-28 19:37:37 - 20251228_193737_08d5b1f3 - aichemist_codex.transmutation_codex.utils.validators - DEBUG - validators.validate_file_size:214 - File size: 0.01MB
2025-12-28 19:37:37 - 20251228_193737_08d5b1f3 - aichemist_codex.transmutation_codex.utils.validators - DEBUG - validators.validate_file_size:221 - File size validation passed: 0.01MB
2025-12-28 19:37:37 - 20251228_193737_08d5b1f3 - aichemist_codex.converters.md2pdf - INFO - to_pdf.convert_md_to_pdf:127 - Starting Markdown to PDF conversion: d:\Steve\Documents\HumanRights\For_Clinic\09_Case_Analysis_Summaries\Timeline_Detailed_Master.md
2025-12-28 19:37:37 - 20251228_193737_08d5b1f3 - aichemist_codex.converters.md2pdf - DEBUG - to_pdf.convert_md_to_pdf:132 - Feature access check passed for md2pdf
2025-12-28 19:37:37 - 20251228_193737_08d5b1f3 - aichemist_codex.converters.md2pdf - DEBUG - to_pdf.convert_md_to_pdf:139 - Resolved input path: D:\Steve\Documents\HumanRights\For_Clinic\09_Case_Analysis_Summaries\Timeline_Detailed_Master.md
2025-12-28 19:37:37 - 20251228_193737_08d5b1f3 - aichemist_codex.converters.md2pdf - DEBUG - to_pdf.convert_md_to_pdf:144 - File size check passed
2025-12-28 19:37:37 - 20251228_193737_08d5b1f3 - aichemist_codex.converters.md2pdf - INFO - to_pdf.convert_md_to_pdf:182 - Converting D:\Steve\Documents\HumanRights\For_Clinic\09_Case_Analysis_Summaries\Timeline_Detailed_Master.md to PDF using marker: '<!-- pagebreak -->'
2025-12-28 19:37:37 - 20251228_193737_08d5b1f3 - aichemist_codex.converters.md2pdf - DEBUG - to_pdf.convert_md_to_pdf:188 - Reading markdown file content
2025-12-28 19:37:37 - 20251228_193737_08d5b1f3 - aichemist_codex.converters.md2pdf - DEBUG - to_pdf.convert_md_to_pdf:193 - Successfully read 6177 characters from markdown file
2025-12-28 19:37:37 - 20251228_193737_08d5b1f3 - aichemist_codex.converters.md2pdf - DEBUG - to_pdf.convert_md_to_pdf:208 - Using title: MASTER CASE TIMELINE
2025-12-28 19:37:37 - 20251228_193737_08d5b1f3 - aichemist_codex.converters.md2pdf - DEBUG - to_pdf.convert_md_to_pdf:228 - Injected default table styles.
2025-12-28 19:37:37 - 20251228_193737_08d5b1f3 - aichemist_codex.converters.md2pdf - INFO - to_pdf.convert_md_to_pdf:252 - No page breaks found.
2025-12-28 19:37:37 - 20251228_193737_08d5b1f3 - markdown_it.rules_block.code - DEBUG - code.code:10 - entering code: StateBlock(line=1,level=0,tokens=0), 1, 205, False
2025-12-28 19:37:37 - 20251228_193737_08d5b1f3 - markdown_it.rules_block.fence - DEBUG - fence.fence:10 - entering fence: StateBlock(line=1,level=0,tokens=0), 1, 205, False
2025-12-28 19:37:37 - 20251228_193737_08d5b1f3 - markdown_it.rules_block.blockquote - DEBUG - blockquote.blockquote:13 - entering blockquote: StateBlock(line=1,level=0,tokens=0), 1, 205, False
2025-12-28 19:37:37 - 20251228_193737_08d5b1f3 - markdown_it.rules_block.hr - DEBUG - hr.hr:14 - entering hr: StateBlock(line=1,level=0,tokens=0), 1, 205, False
2025-12-28 19:37:37 - 20251228_193737_08d5b1f3 - markdown_it.rules_block.list - DEBUG - list.list_block:102 - entering list: StateBlock(line=1,level=0,tokens=0), 1, 205, False
2025-12-28 19:37:37 - 20251228_193737_08d5b1f3 - markdown_it.rules_block.reference - DEBUG - reference.reference:10 - entering reference: StateBlock(line=1,level=0,tokens=0), 1, 205, False
2025-12-28 19:37:37 - 20251228_193737_08d5b1f3 - markdown_it.rules_block.html_block - DEBUG - html_block.html_block:35 - entering html_block: StateBlock(line=1,level=0,tokens=0), 1, 205, False
2025-12-28 19:37:37 - 20251228_193737_08d5b1f3 - markdown_it.rules_block.code - DEBUG - code.code:10 - entering code: StateBlock(line=23,level=0,tokens=1), 23, 205, False
2025-12-28 19:37:37 - 20251228_193737_08d5b1f3 - markdown_it.rules_block.fence - DEBUG - fence.fence:10 - entering fence: StateBlock(line=23,level=0,tokens=1), 23, 205, False
2025-12-28 19:37:37 - 20251228_193737_08d5b1f3 - markdown_it.rules_block.blockquote - DEBUG - blockquote.blockquote:13 - entering blockquote: StateBlock(line=23,level=0,tokens=1), 23, 205, False
2025-12-28 19:37:37 - 20251228_193737_08d5b1f3 - markdown_it.rules_block.hr - DEBUG - hr.hr:14 - entering hr: StateBlock(line=23,level=0,tokens=1), 23, 205, False
2025-12-28 19:37:37 - 20251228_193737_08d5b1f3 - markdown_it.rules_block.list - DEBUG - list.list_block:102 - entering list: StateBlock(line=23,level=0,tokens=1), 23, 205, False
2025-12-28 19:37:37 - 20251228_193737_08d5b1f3 - markdown_it.rules_block.reference - DEBUG - reference.reference:10 - entering reference: StateBlock(line=23,level=0,tokens=1), 23, 205, False
2025-12-28 19:37:37 - 20251228_193737_08d5b1f3 - markdown_it.rules_block.html_block - DEBUG - html_block.html_block:35 - entering html_block: StateBlock(line=23,level=0,tokens=1), 23, 205, False
2025-12-28 19:37:37 - 20251228_193737_08d5b1f3 - markdown_it.rules_block.heading - DEBUG - heading.heading:13 - entering heading: StateBlock(line=23,level=0,tokens=1), 23, 205, False
2025-12-28 19:37:37 - 20251228_193737_08d5b1f3 - markdown_it.rules_block.code - DEBUG - code.code:10 - entering code: StateBlock(line=24,level=0,tokens=4), 24, 205, False
2025-12-28 19:37:37 - 20251228_193737_08d5b1f3 - markdown_it.rules_block.fence - DEBUG - fence.fence:10 - entering fence: StateBlock(line=24,level=0,tokens=4), 24, 205, False
2025-12-28 19:37:37 - 20251228_193737_08d5b1f3 - markdown_it.rules_block.blockquote - DEBUG - blockquote.blockquote:13 - entering blockquote: StateBlock(line=24,level=0,tokens=4), 24, 205, False
2025-12-28 19:37:37 - 20251228_193737_08d5b1f3 - markdown_it.rules_block.hr - DEBUG - hr.hr:14 - entering hr: StateBlock(line=24,level=0,tokens=4), 24, 205, False
2025-12-28 19:37:37 - 20251228_193737_08d5b1f3 - markdown_it.rules_block.list - DEBUG - list.list_block:102 - entering list: StateBlock(line=24,level=0,tokens=4), 24, 205, False
2025-12-28 19:37:37 - 20251228_193737_08d5b1f3 - markdown_it.rules_block.reference - DEBUG - reference.reference:10 - entering reference: StateBlock(line=24,level=0,tokens=4), 24, 205, False
2025-12-28 19:37:37 - 20251228_193737_08d5b1f3 - markdown_it.rules_block.html_block - DEBUG - html_block.html_block:35 - entering html_block: StateBlock(line=24,level=0,tokens=4), 24, 205, False
2025-12-28 19:37:37 - 20251228_193737_08d5b1f3 - markdown_it.rules_block.heading - DEBUG - heading.heading:13 - entering heading: StateBlock(line=24,level=0,tokens=4), 24, 205, False
2025-12-28 19:37:37 - 20251228_193737_08d5b1f3 - markdown_it.rules_block.code - DEBUG - code.code:10 - entering code: StateBlock(line=25,level=0,tokens=7), 25, 205, False
2025-12-28 19:37:37 - 20251228_193737_08d5b1f3 - markdown_it.rules_block.fence - DEBUG - fence.fence:10 - entering fence: StateBlock(line=25,level=0,tokens=7), 25, 205, False
2025-12-28 19:37:37 - 20251228_193737_08d5b1f3 - markdown_it.rules_block.blockquote - DEBUG - blockquote.blockquote:13 - entering blockquote: StateBlock(line=25,level=0,tokens=7), 25, 205, False
2025-12-28 19:37:37 - 20251228_193737_08d5b1f3 - markdown_it.rules_block.hr - DEBUG - hr.hr:14 - entering hr: StateBlock(line=25,level=0,tokens=7), 25, 205, False
2025-12-28 19:37:37 - 20251228_193737_08d5b1f3 - markdown_it.rules_block.list - DEBUG - list.list_block:102 - entering list: StateBlock(line=25,level=0,tokens=7), 25, 205, False
2025-12-28 19:37:37 - 20251228_193737_08d5b1f3 - markdown_it.rules_block.reference - DEBUG - reference.reference:10 - entering reference: StateBlock(line=25,level=0,tokens=7), 25, 205, False
2025-12-28 19:37:37 - 20251228_193737_08d5b1f3 - markdown_it.rules_block.html_block - DEBUG - html_block.html_block:35 - entering html_block: StateBlock(line=25,level=0,tokens=7), 25, 205, False
2025-12-28 19:37:37 - 20251228_193737_08d5b1f3 - markdown_it.rules_block.heading - DEBUG - heading.heading:13 - entering heading: StateBlock(line=25,level=0,tokens=7), 25, 205, False
2025-12-28 19:37:37 - 20251228_193737_08d5b1f3 - markdown_it.rules_block.lheading - DEBUG - lheading.lheading:10 - entering lheading: StateBlock(line=25,level=0,tokens=7), 25, 205, False
2025-12-28 19:37:37 - 20251228_193737_08d5b1f3 - markdown_it.rules_block.fence - DEBUG - fence.fence:10 - entering fence: StateBlock(line=25,level=0,tokens=7), 26, 205, True
2025-12-28 19:37:37 - 20251228_193737_08d5b1f3 - markdown_it.rules_block.blockquote - DEBUG - blockquote.blockquote:13 - entering blockquote: StateBlock(line=25,level=0,tokens=7), 26, 205, True
2025-12-28 19:37:37 - 20251228_193737_08d5b1f3 - markdown_it.rules_block.hr - DEBUG - hr.hr:14 - entering hr: StateBlock(line=25,level=0,tokens=7), 26, 205, True
2025-12-28 19:37:37 - 20251228_193737_08d5b1f3 - markdown_it.rules_block.list - DEBUG - list.list_block:102 - entering list: StateBlock(line=25,level=0,tokens=7), 26, 205, True
2025-12-28 19:37:37 - 20251228_193737_08d5b1f3 - markdown_it.rules_block.html_block - DEBUG - html_block.html_block:35 - entering html_block: StateBlock(line=25,level=0,tokens=7), 26, 205, True
2025-12-28 19:37:37 - 20251228_193737_08d5b1f3 - markdown_it.rules_block.heading - DEBUG - heading.heading:13 - entering heading: StateBlock(line=25,level=0,tokens=7), 26, 205, True
2025-12-28 19:37:37 - 20251228_193737_08d5b1f3 - markdown_it.rules_block.paragraph - DEBUG - paragraph.paragraph:10 - entering paragraph: StateBlock(line=25,level=0,tokens=7), 25, 205, False
2025-12-28 19:37:37 - 20251228_193737_08d5b1f3 - markdown_it.rules_block.fence - DEBUG - fence.fence:10 - entering fence: StateBlock(line=25,level=0,tokens=7), 26, 205, True
2025-12-28 19:37:37 - 20251228_193737_08d5b1f3 - markdown_it.rules_block.blockquote - DEBUG - blockquote.blockquote:13 - entering blockquote: StateBlock(line=25,level=0,tokens=7), 26, 205, True
2025-12-28 19:37:37 - 20251228_193737_08d5b1f3 - markdown_it.rules_block.hr - DEBUG - hr.hr:14 - entering hr: StateBlock(line=25,level=0,tokens=7), 26, 205, True
2025-12-28 19:37:37 - 20251228_193737_08d5b1f3 - markdown_it.rules_block.list - DEBUG - list.list_block:102 - entering list: StateBlock(line=25,level=0,tokens=7), 26, 205, True
2025-12-28 19:37:37 - 20251228_193737_08d5b1f3 - markdown_it.rules_block.html_block - DEBUG - html_block.html_block:35 - entering html_block: StateBlock(line=25,level=0,tokens=7), 26, 205, True
2025-12-28 19:37:37 - 20251228_193737_08d5b1f3 - markdown_it.rules_block.heading - DEBUG - heading.heading:13 - entering heading: StateBlock(line=25,level=0,tokens=7), 26, 205, True
2025-12-28 19:37:37 - 20251228_193737_08d5b1f3 - markdown_it.rules_block.code - DEBUG - code.code:10 - entering code: StateBlock(line=28,level=0,tokens=10), 28, 205, False
2025-12-28 19:37:37 - 20251228_193737_08d5b1f3 - markdown_it.rules_block.fence - DEBUG - fence.fence:10 - entering fence: StateBlock(line=28,level=0,tokens=10), 28, 205, False
2025-12-28 19:37:37 - 20251228_193737_08d5b1f3 - markdown_it.rules_block.blockquote - DEBUG - blockquote.blockquote:13 - entering blockquote: StateBlock(line=28,level=0,tokens=10), 28, 205, False
2025-12-28 19:37:37 - 20251228_193737_08d5b1f3 - markdown_it.rules_block.hr - DEBUG - hr.hr:14 - entering hr: StateBlock(line=28,level=0,tokens=10), 28, 205, False
2025-12-28 19:37:37 - 20251228_193737_08d5b1f3 - markdown_it.rules_block.code - DEBUG - code.code:10 - entering code: StateBlock(line=30,level=0,tokens=11), 30, 205, False
2025-12-28 19:37:37 - 20251228_193737_08d5b1f3 - markdown_it.rules_block.fence - DEBUG - fence.fence:10 - entering fence: StateBlock(line=30,level=0,tokens=11), 30, 205, False
2025-12-28 19:37:37 - 20251228_193737_08d5b1f3 - markdown_it.rules_block.blockquote - DEBUG - blockquote.blockquote:13 - entering blockquote: StateBlock(line=30,level=0,tokens=11), 30, 205, False
2025-12-28 19:37:37 - 20251228_193737_08d5b1f3 - markdown_it.rules_block.hr - DEBUG - hr.hr:14 - entering hr: StateBlock(line=30,level=0,tokens=11), 30, 205, False
2025-12-28 19:37:37 - 20251228_193737_08d5b1f3 - markdown_it.rules_block.list - DEBUG - list.list_block:102 - entering list: StateBlock(line=30,level=0,tokens=11), 30, 205, False
2025-12-28 19:37:37 - 20251228_193737_08d5b1f3 - markdown_it.rules_block.reference - DEBUG - reference.reference:10 - entering reference: StateBlock(line=30,level=0,tokens=11), 30, 205, False
2025-12-28 19:37:37 - 20251228_193737_08d5b1f3 - markdown_it.rules_block.html_block - DEBUG - html_block.html_block:35 - entering html_block: StateBlock(line=30,level=0,tokens=11), 30, 205, False
2025-12-28 19:37:37 - 20251228_193737_08d5b1f3 - markdown_it.rules_block.heading - DEBUG - heading.heading:13 - entering heading: StateBlock(line=30,level=0,tokens=11), 30, 205, False
2025-12-28 19:37:37 - 20251228_193737_08d5b1f3 - markdown_it.rules_block.code - DEBUG - code.code:10 - entering code: StateBlock(line=31,level=0,tokens=14), 31, 205, False
2025-12-28 19:37:37 - 20251228_193737_08d5b1f3 - markdown_it.rules_block.fence - DEBUG - fence.fence:10 - entering fence: StateBlock(line=31,level=0,tokens=14), 31, 205, False
2025-12-28 19:37:37 - 20251228_193737_08d5b1f3 - markdown_it.rules_block.blockquote - DEBUG - blockquote.blockquote:13 - entering blockquote: StateBlock(line=31,level=0,tokens=14), 31, 205, False
2025-12-28 19:37:37 - 20251228_193737_08d5b1f3 - markdown_it.rules_block.hr - DEBUG - hr.hr:14 - entering hr: StateBlock(line=31,level=0,tokens=14), 31, 205, False
2025-12-28 19:37:37 - 20251228_193737_08d5b1f3 - markdown_it.rules_block.list - DEBUG - list.list_block:102 - entering list: StateBlock(line=31,level=0,tokens=14), 31, 205, False
2025-12-28 19:37:37 - 20251228_193737_08d5b1f3 - markdown_it.rules_block.reference - DEBUG - reference.reference:10 - entering reference: StateBlock(line=31,level=0,tokens=14), 31, 205, False
2025-12-28 19:37:37 - 20251228_193737_08d5b1f3 - markdown_it.rules_block.html_block - DEBUG - html_block.html_block:35 - entering html_block: StateBlock(line=31,level=0,tokens=14), 31, 205, False
2025-12-28 19:37:37 - 20251228_193737_08d5b1f3 - markdown_it.rules_block.heading - DEBUG - heading.heading:13 - entering heading: StateBlock(line=31,level=0,tokens=14), 31, 205, False
2025-12-28 19:37:37 - 20251228_193737_08d5b1f3 - markdown_it.rules_block.lheading - DEBUG - lheading.lheading:10 - entering lheading: StateBlock(line=31,level=0,tokens=14), 31, 205, False
2025-12-28 19:37:37 - 20251228_193737_08d5b1f3 - markdown_it.rules_block.fence - DEBUG - fence.fence:10 - entering fence: StateBlock(line=31,level=0,tokens=14), 32, 205, True
2025-12-28 19:37:37 - 20251228_193737_08d5b1f3 - markdown_it.rules_block.blockquote - DEBUG - blockquote.blockquote:13 - entering blockquote: StateBlock(line=31,level=0,tokens=14), 32, 205, True
2025-12-28 19:37:37 - 20251228_193737_08d5b1f3 - markdown_it.rules_block.hr - DEBUG - hr.hr:14 - entering hr: StateBlock(line=31,level=0,tokens=14), 32, 205, True
2025-12-28 19:37:37 - 20251228_193737_08d5b1f3 - markdown_it.rules_block.list - DEBUG - list.list_block:102 - entering list: StateBlock(line=31,level=0,tokens=14), 32, 205, True
2025-12-28 19:37:37 - 20251228_193737_08d5b1f3 - markdown_it.rules_block.html_block - DEBUG - html_block.html_block:35 - entering html_block: StateBlock(line=31,level=0,tokens=14), 32, 205, True
2025-12-28 19:37:37 - 20251228_193737_08d5b1f3 - markdown_it.rules_block.heading - DEBUG - heading.heading:13 - entering heading: StateBlock(line=31,level=0,tokens=14), 32, 205, True
2025-12-28 19:37:37 - 20251228_193737_08d5b1f3 - markdown_it.rules_block.fence - DEBUG - fence.fence:10 - entering fence: StateBlock(line=31,level=0,tokens=14), 33, 205, True
2025-12-28 19:37:37 - 20251228_193737_08d5b1f3 - markdown_it.rules_block.blockquote - DEBUG - blockquote.blockquote:13 - entering blockquote: StateBlock(line=31,level=0,tokens=14), 33, 205, True
2025-12-28 19:37:37 - 20251228_193737_08d5b1f3 - markdown_it.rules_block.hr - DEBUG - hr.hr:14 - entering hr: StateBlock(line=31,level=0,tokens=14), 33, 205, True
2025-12-28 19:37:37 - 20251228_193737_08d5b1f3 - markdown_it.rules_block.list - DEBUG - list.list_block:102 - entering list: StateBlock(line=31,level=0,tokens=14), 33, 205, True
2025-12-28 19:37:37 - 20251228_193737_08d5b1f3 - markdown_it.rules_block.html_block - DEBUG - html_block.html_block:35 - entering html_block: StateBlock(line=31,level=0,tokens=14), 33, 205, True
2025-12-28 19:37:37 - 20251228_193737_08d5b1f3 - markdown_it.rules_block.heading - DEBUG - heading.heading:13 - entering heading: StateBlock(line=31,level=0,tokens=14), 33, 205, True
2025-12-28 19:37:37 - 20251228_193737_08d5b1f3 - markdown_it.rules_block.fence - DEBUG - fence.fence:10 - entering fence: StateBlock(line=31,level=0,tokens=14), 34, 205, True
2025-12-28 19:37:37 - 20251228_193737_08d5b1f3 - markdown_it.rules_block.blockquote - DEBUG - blockquote.blockquote:13 - entering blockquote: StateBlock(line=31,level=0,tokens=14), 34, 205, True
2025-12-28 19:37:37 - 20251228_193737_08d5b1f3 - markdown_it.rules_block.hr - DEBUG - hr.hr:14 - entering hr: StateBlock(line=31,level=0,tokens=14), 34, 205, True
2025-12-28 19:37:37 - 20251228_193737_08d5b1f3 - markdown_it.rules_block.list - DEBUG - list.list_block:102 - entering list: StateBlock(line=31,level=0,tokens=14), 34, 205, True
2025-12-28 19:37:37 - 20251228_193737_08d5b1f3 - markdown_it.rules_block.html_block - DEBUG - html_block.html_block:35 - entering html_block: StateBlock(line=31,level=0,tokens=14), 34, 205, True
2025-12-28 19:37:37 - 20251228_193737_08d5b1f3 - markdown_it.rules_block.heading - DEBUG - heading.heading:13 - entering heading: StateBlock(line=31,level=0,tokens=14), 34, 205, True
2025-12-28 19:37:37 - 20251228_193737_08d5b1f3 - markdown_it.rules_block.fence - DEBUG - fence.fence:10 - entering fence: StateBlock(line=31,level=0,tokens=14), 35, 205, True
2025-12-28 19:37:37 - 20251228_193737_08d5b1f3 - markdown_it.rules_block.blockquote - DEBUG - blockquote.blockquote:13 - entering blockquote: StateBlock(line=31,level=0,tokens=14), 35, 205, True
2025-12-28 19:37:37 - 20251228_193737_08d5b1f3 - markdown_it.rules_block.hr - DEBUG - hr.hr:14 - entering hr: StateBlock(line=31,level=0,tokens=14), 35, 205, True
2025-12-28 19:37:37 - 20251228_193737_08d5b1f3 - markdown_it.rules_block.list - DEBUG - list.list_block:102 - entering list: StateBlock(line=31,level=0,tokens=14), 35, 205, True
2025-12-28 19:37:37 - 20251228_193737_08d5b1f3 - markdown_it.rules_block.html_block - DEBUG - html_block.html_block:35 - entering html_block: StateBlock(line=31,level=0,tokens=14), 35, 205, True
2025-12-28 19:37:37 - 20251228_193737_08d5b1f3 - markdown_it.rules_block.heading - DEBUG - heading.heading:13 - entering heading: StateBlock(line=31,level=0,tokens=14), 35, 205, True
2025-12-28 19:37:37 - 20251228_193737_08d5b1f3 - markdown_it.rules_block.paragraph - DEBUG - paragraph.paragraph:10 - entering paragraph: StateBlock(line=31,level=0,tokens=14), 31, 205, False
2025-12-28 19:37:37 - 20251228_193737_08d5b1f3 - markdown_it.rules_block.fence - DEBUG - fence.fence:10 - entering fence: StateBlock(line=31,level=0,tokens=14), 32, 205, True
2025-12-28 19:37:37 - 20251228_193737_08d5b1f3 - markdown_it.rules_block.blockquote - DEBUG - blockquote.blockquote:13 - entering blockquote: StateBlock(line=31,level=0,tokens=14), 32, 205, True
2025-12-28 19:37:37 - 20251228_193737_08d5b1f3 - markdown_it.rules_block.hr - DEBUG - hr.hr:14 - entering hr: StateBlock(line=31,level=0,tokens=14), 32, 205, True
2025-12-28 19:37:37 - 20251228_193737_08d5b1f3 - markdown_it.rules_block.list - DEBUG - list.list_block:102 - entering list: StateBlock(line=31,level=0,tokens=14), 32, 205, True
2025-12-28 19:37:37 - 20251228_193737_08d5b1f3 - markdown_it.rules_block.html_block - DEBUG - html_block.html_block:35 - entering html_block: StateBlock(line=31,level=0,tokens=14), 32, 205, True
2025-12-28 19:37:37 - 20251228_193737_08d5b1f3 - markdown_it.rules_block.heading - DEBUG - heading.heading:13 - entering heading: StateBlock(line=31,level=0,tokens=14), 32, 205, True
2025-12-28 19:37:37 - 20251228_193737_08d5b1f3 - markdown_it.rules_block.fence - DEBUG - fence.fence:10 - entering fence: StateBlock(line=31,level=0,tokens=14), 33, 205, True
2025-12-28 19:37:37 - 20251228_193737_08d5b1f3 - markdown_it.rules_block.blockquote - DEBUG - blockquote.blockquote:13 - entering blockquote: StateBlock(line=31,level=0,tokens=14), 33, 205, True
2025-12-28 19:37:37 - 20251228_193737_08d5b1f3 - markdown_it.rules_block.hr - DEBUG - hr.hr:14 - entering hr: StateBlock(line=31,level=0,tokens=14), 33, 205, True
2025-12-28 19:37:37 - 20251228_193737_08d5b1f3 - markdown_it.rules_block.list - DEBUG - list.list_block:102 - entering list: StateBlock(line=31,level=0,tokens=14), 33, 205, True
2025-12-28 19:37:37 - 20251228_193737_08d5b1f3 - markdown_it.rules_block.html_block - DEBUG - html_block.html_block:35 - entering html_block: StateBlock(line=31,level=0,tokens=14), 33, 205, True
2025-12-28 19:37:37 - 20251228_193737_08d5b1f3 - markdown_it.rules_block.heading - DEBUG - heading.heading:13 - entering heading: StateBlock(line=31,level=0,tokens=14), 33, 205, True
2025-12-28 19:37:37 - 20251228_193737_08d5b1f3 - markdown_it.rules_block.fence - DEBUG - fence.fence:10 - entering fence: StateBlock(line=31,level=0,tokens=14), 34, 205, True
2025-12-28 19:37:37 - 20251228_193737_08d5b1f3 - markdown_it.rules_block.blockquote - DEBUG - blockquote.blockquote:13 - entering blockquote: StateBlock(line=31,level=0,tokens=14), 34, 205, True
2025-12-28 19:37:37 - 20251228_193737_08d5b1f3 - markdown_it.rules_block.hr - DEBUG - hr.hr:14 - entering hr: StateBlock(line=31,level=0,tokens=14), 34, 205, True
2025-12-28 19:37:37 - 20251228_193737_08d5b1f3 - markdown_it.rules_block.list - DEBUG - list.list_block:102 - entering list: StateBlock(line=31,level=0,tokens=14), 34, 205, True
2025-12-28 19:37:37 - 20251228_193737_08d5b1f3 - markdown_it.rules_block.html_block - DEBUG - html_block.html_block:35 - entering html_block: StateBlock(line=31,level=0,tokens=14), 34, 205, True
2025-12-28 19:37:37 - 20251228_193737_08d5b1f3 - markdown_it.rules_block.heading - DEBUG - heading.heading:13 - entering heading: StateBlock(line=31,level=0,tokens=14), 34, 205, True
2025-12-28 19:37:37 - 20251228_193737_08d5b1f3 - markdown_it.rules_block.fence - DEBUG - fence.fence:10 - entering fence: StateBlock(line=31,level=0,tokens=14), 35, 205, True
2025-12-28 19:37:37 - 20251228_193737_08d5b1f3 - markdown_it.rules_block.blockquote - DEBUG - blockquote.blockquote:13 - entering blockquote: StateBlock(line=31,level=0,tokens=14), 35, 205, True
2025-12-28 19:37:37 - 20251228_193737_08d5b1f3 - markdown_it.rules_block.hr - DEBUG - hr.hr:14 - entering hr: StateBlock(line=31,level=0,tokens=14), 35, 205, True
2025-12-28 19:37:37 - 20251228_193737_08d5b1f3 - markdown_it.rules_block.list - DEBUG - list.list_block:102 - entering list: StateBlock(line=31,level=0,tokens=14), 35, 205, True
2025-12-28 19:37:37 - 20251228_193737_08d5b1f3 - markdown_it.rules_block.html_block - DEBUG - html_block.html_block:35 - entering html_block: StateBlock(line=31,level=0,tokens=14), 35, 205, True
2025-12-28 19:37:37 - 20251228_193737_08d5b1f3 - markdown_it.rules_block.heading - DEBUG - heading.heading:13 - entering heading: StateBlock(line=31,level=0,tokens=14), 35, 205, True
2025-12-28 19:37:37 - 20251228_193737_08d5b1f3 - markdown_it.rules_block.code - DEBUG - code.code:10 - entering code: StateBlock(line=37,level=0,tokens=17), 37, 205, False
2025-12-28 19:37:37 - 20251228_193737_08d5b1f3 - markdown_it.rules_block.fence - DEBUG - fence.fence:10 - entering fence: StateBlock(line=37,level=0,tokens=17), 37, 205, False
2025-12-28 19:37:37 - 20251228_193737_08d5b1f3 - markdown_it.rules_block.blockquote - DEBUG - blockquote.blockquote:13 - entering blockquote: StateBlock(line=37,level=0,tokens=17), 37, 205, False
2025-12-28 19:37:37 - 20251228_193737_08d5b1f3 - markdown_it.rules_block.hr - DEBUG - hr.hr:14 - entering hr: StateBlock(line=37,level=0,tokens=17), 37, 205, False
2025-12-28 19:37:37 - 20251228_193737_08d5b1f3 - markdown_it.rules_block.code - DEBUG - code.code:10 - entering code: StateBlock(line=39,level=0,tokens=18), 39, 205, False
2025-12-28 19:37:37 - 20251228_193737_08d5b1f3 - markdown_it.rules_block.fence - DEBUG - fence.fence:10 - entering fence: StateBlock(line=39,level=0,tokens=18), 39, 205, False
2025-12-28 19:37:37 - 20251228_193737_08d5b1f3 - markdown_it.rules_block.blockquote - DEBUG - blockquote.blockquote:13 - entering blockquote: StateBlock(line=39,level=0,tokens=18), 39, 205, False
2025-12-28 19:37:37 - 20251228_193737_08d5b1f3 - markdown_it.rules_block.hr - DEBUG - hr.hr:14 - entering hr: StateBlock(line=39,level=0,tokens=18), 39, 205, False
2025-12-28 19:37:37 - 20251228_193737_08d5b1f3 - markdown_it.rules_block.list - DEBUG - list.list_block:102 - entering list: StateBlock(line=39,level=0,tokens=18), 39, 205, False
2025-12-28 19:37:37 - 20251228_193737_08d5b1f3 - markdown_it.rules_block.reference - DEBUG - reference.reference:10 - entering reference: StateBlock(line=39,level=0,tokens=18), 39, 205, False
2025-12-28 19:37:37 - 20251228_193737_08d5b1f3 - markdown_it.rules_block.html_block - DEBUG - html_block.html_block:35 - entering html_block: StateBlock(line=39,level=0,tokens=18), 39, 205, False
2025-12-28 19:37:37 - 20251228_193737_08d5b1f3 - markdown_it.rules_block.heading - DEBUG - heading.heading:13 - entering heading: StateBlock(line=39,level=0,tokens=18), 39, 205, False
2025-12-28 19:37:37 - 20251228_193737_08d5b1f3 - markdown_it.rules_block.code - DEBUG - code.code:10 - entering code: StateBlock(line=40,level=0,tokens=21), 40, 205, False
2025-12-28 19:37:37 - 20251228_193737_08d5b1f3 - markdown_it.rules_block.fence - DEBUG - fence.fence:10 - entering fence: StateBlock(line=40,level=0,tokens=21), 40, 205, False
2025-12-28 19:37:37 - 20251228_193737_08d5b1f3 - markdown_it.rules_block.blockquote - DEBUG - blockquote.blockquote:13 - entering blockquote: StateBlock(line=40,level=0,tokens=21), 40, 205, False
2025-12-28 19:37:37 - 20251228_193737_08d5b1f3 - markdown_it.rules_block.hr - DEBUG - hr.hr:14 - entering hr: StateBlock(line=40,level=0,tokens=21), 40, 205, False
2025-12-28 19:37:37 - 20251228_193737_08d5b1f3 - markdown_it.rules_block.list - DEBUG - list.list_block:102 - entering list: StateBlock(line=40,level=0,tokens=21), 40, 205, False
2025-12-28 19:37:37 - 20251228_193737_08d5b1f3 - markdown_it.rules_block.reference - DEBUG - reference.reference:10 - entering reference: StateBlock(line=40,level=0,tokens=21), 40, 205, False
2025-12-28 19:37:37 - 20251228_193737_08d5b1f3 - markdown_it.rules_block.html_block - DEBUG - html_block.html_block:35 - entering html_block: StateBlock(line=40,level=0,tokens=21), 40, 205, False
2025-12-28 19:37:37 - 20251228_193737_08d5b1f3 - markdown_it.rules_block.heading - DEBUG - heading.heading:13 - entering heading: StateBlock(line=40,level=0,tokens=21), 40, 205, False
2025-12-28 19:37:37 - 20251228_193737_08d5b1f3 - markdown_it.rules_block.lheading - DEBUG - lheading.lheading:10 - entering lheading: StateBlock(line=40,level=0,tokens=21), 40, 205, False
2025-12-28 19:37:37 - 20251228_193737_08d5b1f3 - markdown_it.rules_block.fence - DEBUG - fence.fence:10 - entering fence: StateBlock(line=40,level=0,tokens=21), 41, 205, True
2025-12-28 19:37:37 - 20251228_193737_08d5b1f3 - markdown_it.rules_block.blockquote - DEBUG - blockquote.blockquote:13 - entering blockquote: StateBlock(line=40,level=0,tokens=21), 41, 205, True
2025-12-28 19:37:37 - 20251228_193737_08d5b1f3 - markdown_it.rules_block.hr - DEBUG - hr.hr:14 - entering hr: StateBlock(line=40,level=0,tokens=21), 41, 205, True
2025-12-28 19:37:37 - 20251228_193737_08d5b1f3 - markdown_it.rules_block.list - DEBUG - list.list_block:102 - entering list: StateBlock(line=40,level=0,tokens=21), 41, 205, True
2025-12-28 19:37:37 - 20251228_193737_08d5b1f3 - markdown_it.rules_block.html_block - DEBUG - html_block.html_block:35 - entering html_block: StateBlock(line=40,level=0,tokens=21), 41, 205, True
2025-12-28 19:37:37 - 20251228_193737_08d5b1f3 - markdown_it.rules_block.heading - DEBUG - heading.heading:13 - entering heading: StateBlock(line=40,level=0,tokens=21), 41, 205, True
2025-12-28 19:37:37 - 20251228_193737_08d5b1f3 - markdown_it.rules_block.fence - DEBUG - fence.fence:10 - entering fence: StateBlock(line=40,level=0,tokens=21), 42, 205, True
2025-12-28 19:37:37 - 20251228_193737_08d5b1f3 - markdown_it.rules_block.blockquote - DEBUG - blockquote.blockquote:13 - entering blockquote: StateBlock(line=40,level=0,tokens=21), 42, 205, True
2025-12-28 19:37:37 - 20251228_193737_08d5b1f3 - markdown_it.rules_block.hr - DEBUG - hr.hr:14 - entering hr: StateBlock(line=40,level=0,tokens=21), 42, 205, True
2025-12-28 19:37:37 - 20251228_193737_08d5b1f3 - markdown_it.rules_block.list - DEBUG - list.list_block:102 - entering list: StateBlock(line=40,level=0,tokens=21), 42, 205, True
2025-12-28 19:37:37 - 20251228_193737_08d5b1f3 - markdown_it.rules_block.html_block - DEBUG - html_block.html_block:35 - entering html_block: StateBlock(line=40,level=0,tokens=21), 42, 205, True
2025-12-28 19:37:37 - 20251228_193737_08d5b1f3 - markdown_it.rules_block.heading - DEBUG - heading.heading:13 - entering heading: StateBlock(line=40,level=0,tokens=21), 42, 205, True
2025-12-28 19:37:37 - 20251228_193737_08d5b1f3 - markdown_it.rules_block.fence - DEBUG - fence.fence:10 - entering fence: StateBlock(line=40,level=0,tokens=21), 43, 205, True
2025-12-28 19:37:37 - 20251228_193737_08d5b1f3 - markdown_it.rules_block.blockquote - DEBUG - blockquote.blockquote:13 - entering blockquote: StateBlock(line=40,level=0,tokens=21), 43, 205, True
2025-12-28 19:37:37 - 20251228_193737_08d5b1f3 - markdown_it.rules_block.hr - DEBUG - hr.hr:14 - entering hr: StateBlock(line=40,level=0,tokens=21), 43, 205, True
2025-12-28 19:37:37 - 20251228_193737_08d5b1f3 - markdown_it.rules_block.list - DEBUG - list.list_block:102 - entering list: StateBlock(line=40,level=0,tokens=21), 43, 205, True
2025-12-28 19:37:37 - 20251228_193737_08d5b1f3 - markdown_it.rules_block.html_block - DEBUG - html_block.html_block:35 - entering html_block: StateBlock(line=40,level=0,tokens=21), 43, 205, True
2025-12-28 19:37:37 - 20251228_193737_08d5b1f3 - markdown_it.rules_block.heading - DEBUG - heading.heading:13 - entering heading: StateBlock(line=40,level=0,tokens=21), 43, 205, True
2025-12-28 19:37:37 - 20251228_193737_08d5b1f3 - markdown_it.rules_block.paragraph - DEBUG - paragraph.paragraph:10 - entering paragraph: StateBlock(line=40,level=0,tokens=21), 40, 205, False
2025-12-28 19:37:37 - 20251228_193737_08d5b1f3 - markdown_it.rules_block.fence - DEBUG - fence.fence:10 - entering fence: StateBlock(line=40,level=0,tokens=21), 41, 205, True
2025-12-28 19:37:37 - 20251228_193737_08d5b1f3 - markdown_it.rules_block.blockquote - DEBUG - blockquote.blockquote:13 - entering blockquote: StateBlock(line=40,level=0,tokens=21), 41, 205, True
2025-12-28 19:37:37 - 20251228_193737_08d5b1f3 - markdown_it.rules_block.hr - DEBUG - hr.hr:14 - entering hr: StateBlock(line=40,level=0,tokens=21), 41, 205, True
2025-12-28 19:37:37 - 20251228_193737_08d5b1f3 - markdown_it.rules_block.list - DEBUG - list.list_block:102 - entering list: StateBlock(line=40,level=0,tokens=21), 41, 205, True
2025-12-28 19:37:37 - 20251228_193737_08d5b1f3 - markdown_it.rules_block.html_block - DEBUG - html_block.html_block:35 - entering html_block: StateBlock(line=40,level=0,tokens=21), 41, 205, True
2025-12-28 19:37:37 - 20251228_193737_08d5b1f3 - markdown_it.rules_block.heading - DEBUG - heading.heading:13 - entering heading: StateBlock(line=40,level=0,tokens=21), 41, 205, True
2025-12-28 19:37:37 - 20251228_193737_08d5b1f3 - markdown_it.rules_block.fence - DEBUG - fence.fence:10 - entering fence: StateBlock(line=40,level=0,tokens=21), 42, 205, True
2025-12-28 19:37:37 - 20251228_193737_08d5b1f3 - markdown_it.rules_block.blockquote - DEBUG - blockquote.blockquote:13 - entering blockquote: StateBlock(line=40,level=0,tokens=21), 42, 205, True
2025-12-28 19:37:37 - 20251228_193737_08d5b1f3 - markdown_it.rules_block.hr - DEBUG - hr.hr:14 - entering hr: StateBlock(line=40,level=0,tokens=21), 42, 205, True
2025-12-28 19:37:37 - 20251228_193737_08d5b1f3 - markdown_it.rules_block.list - DEBUG - list.list_block:102 - entering list: StateBlock(line=40,level=0,tokens=21), 42, 205, True
2025-12-28 19:37:37 - 20251228_193737_08d5b1f3 - markdown_it.rules_block.html_block - DEBUG - html_block.html_block:35 - entering html_block: StateBlock(line=40,level=0,tokens=21), 42, 205, True
2025-12-28 19:37:37 - 20251228_193737_08d5b1f3 - markdown_it.rules_block.heading - DEBUG - heading.heading:13 - entering heading: StateBlock(line=40,level=0,tokens=21), 42, 205, True
2025-12-28 19:37:37 - 20251228_193737_08d5b1f3 - markdown_it.rules_block.fence - DEBUG - fence.fence:10 - entering fence: StateBlock(line=40,level=0,tokens=21), 43, 205, True
2025-12-28 19:37:37 - 20251228_193737_08d5b1f3 - markdown_it.rules_block.blockquote - DEBUG - blockquote.blockquote:13 - entering blockquote: StateBlock(line=40,level=0,tokens=21), 43, 205, True
2025-12-28 19:37:37 - 20251228_193737_08d5b1f3 - markdown_it.rules_block.hr - DEBUG - hr.hr:14 - entering hr: StateBlock(line=40,level=0,tokens=21), 43, 205, True
2025-12-28 19:37:37 - 20251228_193737_08d5b1f3 - markdown_it.rules_block.list - DEBUG - list.list_block:102 - entering list: StateBlock(line=40,level=0,tokens=21), 43, 205, True
2025-12-28 19:37:37 - 20251228_193737_08d5b1f3 - markdown_it.rules_block.html_block - DEBUG - html_block.html_block:35 - entering html_block: StateBlock(line=40,level=0,tokens=21), 43, 205, True
2025-12-28 19:37:37 - 20251228_193737_08d5b1f3 - markdown_it.rules_block.heading - DEBUG - heading.heading:13 - entering heading: StateBlock(line=40,level=0,tokens=21), 43, 205, True
2025-12-28 19:37:37 - 20251228_193737_08d5b1f3 - markdown_it.rules_block.code - DEBUG - code.code:10 - entering code: StateBlock(line=45,level=0,tokens=24), 45, 205, False
2025-12-28 19:37:37 - 20251228_193737_08d5b1f3 - markdown_it.rules_block.fence - DEBUG - fence.fence:10 - entering fence: StateBlock(line=45,level=0,tokens=24), 45, 205, False
2025-12-28 19:37:37 - 20251228_193737_08d5b1f3 - markdown_it.rules_block.blockquote - DEBUG - blockquote.blockquote:13 - entering blockquote: StateBlock(line=45,level=0,tokens=24), 45, 205, False
2025-12-28 19:37:37 - 20251228_193737_08d5b1f3 - markdown_it.rules_block.hr - DEBUG - hr.hr:14 - entering hr: StateBlock(line=45,level=0,tokens=24), 45, 205, False
2025-12-28 19:37:37 - 20251228_193737_08d5b1f3 - markdown_it.rules_block.list - DEBUG - list.list_block:102 - entering list: StateBlock(line=45,level=0,tokens=24), 45, 205, False
2025-12-28 19:37:37 - 20251228_193737_08d5b1f3 - markdown_it.rules_block.reference - DEBUG - reference.reference:10 - entering reference: StateBlock(line=45,level=0,tokens=24), 45, 205, False
2025-12-28 19:37:37 - 20251228_193737_08d5b1f3 - markdown_it.rules_block.html_block - DEBUG - html_block.html_block:35 - entering html_block: StateBlock(line=45,level=0,tokens=24), 45, 205, False
2025-12-28 19:37:37 - 20251228_193737_08d5b1f3 - markdown_it.rules_block.heading - DEBUG - heading.heading:13 - entering heading: StateBlock(line=45,level=0,tokens=24), 45, 205, False
2025-12-28 19:37:37 - 20251228_193737_08d5b1f3 - markdown_it.rules_block.lheading - DEBUG - lheading.lheading:10 - entering lheading: StateBlock(line=45,level=0,tokens=24), 45, 205, False
2025-12-28 19:37:37 - 20251228_193737_08d5b1f3 - markdown_it.rules_block.fence - DEBUG - fence.fence:10 - entering fence: StateBlock(line=45,level=0,tokens=24), 46, 205, True
2025-12-28 19:37:37 - 20251228_193737_08d5b1f3 - markdown_it.rules_block.blockquote - DEBUG - blockquote.blockquote:13 - entering blockquote: StateBlock(line=45,level=0,tokens=24), 46, 205, True
2025-12-28 19:37:37 - 20251228_193737_08d5b1f3 - markdown_it.rules_block.hr - DEBUG - hr.hr:14 - entering hr: StateBlock(line=45,level=0,tokens=24), 46, 205, True
2025-12-28 19:37:37 - 20251228_193737_08d5b1f3 - markdown_it.rules_block.list - DEBUG - list.list_block:102 - entering list: StateBlock(line=45,level=0,tokens=24), 46, 205, True
2025-12-28 19:37:37 - 20251228_193737_08d5b1f3 - markdown_it.rules_block.html_block - DEBUG - html_block.html_block:35 - entering html_block: StateBlock(line=45,level=0,tokens=24), 46, 205, True
2025-12-28 19:37:37 - 20251228_193737_08d5b1f3 - markdown_it.rules_block.heading - DEBUG - heading.heading:13 - entering heading: StateBlock(line=45,level=0,tokens=24), 46, 205, True
2025-12-28 19:37:37 - 20251228_193737_08d5b1f3 - markdown_it.rules_block.fence - DEBUG - fence.fence:10 - entering fence: StateBlock(line=45,level=0,tokens=24), 47, 205, True
2025-12-28 19:37:37 - 20251228_193737_08d5b1f3 - markdown_it.rules_block.blockquote - DEBUG - blockquote.blockquote:13 - entering blockquote: StateBlock(line=45,level=0,tokens=24), 47, 205, True
2025-12-28 19:37:37 - 20251228_193737_08d5b1f3 - markdown_it.rules_block.hr - DEBUG - hr.hr:14 - entering hr: StateBlock(line=45,level=0,tokens=24), 47, 205, True
2025-12-28 19:37:37 - 20251228_193737_08d5b1f3 - markdown_it.rules_block.list - DEBUG - list.list_block:102 - entering list: StateBlock(line=45,level=0,tokens=24), 47, 205, True
2025-12-28 19:37:37 - 20251228_193737_08d5b1f3 - markdown_it.rules_block.html_block - DEBUG - html_block.html_block:35 - entering html_block: StateBlock(line=45,level=0,tokens=24), 47, 205, True
2025-12-28 19:37:37 - 20251228_193737_08d5b1f3 - markdown_it.rules_block.heading - DEBUG - heading.heading:13 - entering heading: StateBlock(line=45,level=0,tokens=24), 47, 205, True
2025-12-28 19:37:37 - 20251228_193737_08d5b1f3 - markdown_it.rules_block.fence - DEBUG - fence.fence:10 - entering fence: StateBlock(line=45,level=0,tokens=24), 48, 205, True
2025-12-28 19:37:37 - 20251228_193737_08d5b1f3 - markdown_it.rules_block.blockquote - DEBUG - blockquote.blockquote:13 - entering blockquote: StateBlock(line=45,level=0,tokens=24), 48, 205, True
2025-12-28 19:37:37 - 20251228_193737_08d5b1f3 - markdown_it.rules_block.hr - DEBUG - hr.hr:14 - entering hr: StateBlock(line=45,level=0,tokens=24), 48, 205, True
2025-12-28 19:37:37 - 20251228_193737_08d5b1f3 - markdown_it.rules_block.list - DEBUG - list.list_block:102 - entering list: StateBlock(line=45,level=0,tokens=24), 48, 205, True
2025-12-28 19:37:37 - 20251228_193737_08d5b1f3 - markdown_it.rules_block.html_block - DEBUG - html_block.html_block:35 - entering html_block: StateBlock(line=45,level=0,tokens=24), 48, 205, True
2025-12-28 19:37:37 - 20251228_193737_08d5b1f3 - markdown_it.rules_block.heading - DEBUG - heading.heading:13 - entering heading: StateBlock(line=45,level=0,tokens=24), 48, 205, True
2025-12-28 19:37:37 - 20251228_193737_08d5b1f3 - markdown_it.rules_block.paragraph - DEBUG - paragraph.paragraph:10 - entering paragraph: StateBlock(line=45,level=0,tokens=24), 45, 205, False
2025-12-28 19:37:37 - 20251228_193737_08d5b1f3 - markdown_it.rules_block.fence - DEBUG - fence.fence:10 - entering fence: StateBlock(line=45,level=0,tokens=24), 46, 205, True
2025-12-28 19:37:37 - 20251228_193737_08d5b1f3 - markdown_it.rules_block.blockquote - DEBUG - blockquote.blockquote:13 - entering blockquote: StateBlock(line=45,level=0,tokens=24), 46, 205, True
2025-12-28 19:37:37 - 20251228_193737_08d5b1f3 - markdown_it.rules_block.hr - DEBUG - hr.hr:14 - entering hr: StateBlock(line=45,level=0,tokens=24), 46, 205, True
2025-12-28 19:37:37 - 20251228_193737_08d5b1f3 - markdown_it.rules_block.list - DEBUG - list.list_block:102 - entering list: StateBlock(line=45,level=0,tokens=24), 46, 205, True
2025-12-28 19:37:37 - 20251228_193737_08d5b1f3 - markdown_it.rules_block.html_block - DEBUG - html_block.html_block:35 - entering html_block: StateBlock(line=45,level=0,tokens=24), 46, 205, True
2025-12-28 19:37:37 - 20251228_193737_08d5b1f3 - markdown_it.rules_block.heading - DEBUG - heading.heading:13 - entering heading: StateBlock(line=45,level=0,tokens=24), 46, 205, True
2025-12-28 19:37:37 - 20251228_193737_08d5b1f3 - markdown_it.rules_block.fence - DEBUG - fence.fence:10 - entering fence: StateBlock(line=45,level=0,tokens=24), 47, 205, True
2025-12-28 19:37:37 - 20251228_193737_08d5b1f3 - markdown_it.rules_block.blockquote - DEBUG - blockquote.blockquote:13 - entering blockquote: StateBlock(line=45,level=0,tokens=24), 47, 205, True
2025-12-28 19:37:37 - 20251228_193737_08d5b1f3 - markdown_it.rules_block.hr - DEBUG - hr.hr:14 - entering hr: StateBlock(line=45,level=0,tokens=24), 47, 205, True
2025-12-28 19:37:37 - 20251228_193737_08d5b1f3 - markdown_it.rules_block.list - DEBUG - list.list_block:102 - entering list: StateBlock(line=45,level=0,tokens=24), 47, 205, True
2025-12-28 19:37:37 - 20251228_193737_08d5b1f3 - markdown_it.rules_block.html_block - DEBUG - html_block.html_block:35 - entering html_block: StateBlock(line=45,level=0,tokens=24), 47, 205, True
2025-12-28 19:37:37 - 20251228_193737_08d5b1f3 - markdown_it.rules_block.heading - DEBUG - heading.heading:13 - entering heading: StateBlock(line=45,level=0,tokens=24), 47, 205, True
2025-12-28 19:37:37 - 20251228_193737_08d5b1f3 - markdown_it.rules_block.fence - DEBUG - fence.fence:10 - entering fence: StateBlock(line=45,level=0,tokens=24), 48, 205, True
2025-12-28 19:37:37 - 20251228_193737_08d5b1f3 - markdown_it.rules_block.blockquote - DEBUG - blockquote.blockquote:13 - entering blockquote: StateBlock(line=45,level=0,tokens=24), 48, 205, True
2025-12-28 19:37:37 - 20251228_193737_08d5b1f3 - markdown_it.rules_block.hr - DEBUG - hr.hr:14 - entering hr: StateBlock(line=45,level=0,tokens=24), 48, 205, True
2025-12-28 19:37:37 - 20251228_193737_08d5b1f3 - markdown_it.rules_block.list - DEBUG - list.list_block:102 - entering list: StateBlock(line=45,level=0,tokens=24), 48, 205, True
2025-12-28 19:37:37 - 20251228_193737_08d5b1f3 - markdown_it.rules_block.html_block - DEBUG - html_block.html_block:35 - entering html_block: StateBlock(line=45,level=0,tokens=24), 48, 205, True
2025-12-28 19:37:37 - 20251228_193737_08d5b1f3 - markdown_it.rules_block.heading - DEBUG - heading.heading:13 - entering heading: StateBlock(line=45,level=0,tokens=24), 48, 205, True
2025-12-28 19:37:37 - 20251228_193737_08d5b1f3 - markdown_it.rules_block.code - DEBUG - code.code:10 - entering code: StateBlock(line=50,level=0,tokens=27), 50, 205, False
2025-12-28 19:37:37 - 20251228_193737_08d5b1f3 - markdown_it.rules_block.fence - DEBUG - fence.fence:10 - entering fence: StateBlock(line=50,level=0,tokens=27), 50, 205, False
2025-12-28 19:37:37 - 20251228_193737_08d5b1f3 - markdown_it.rules_block.blockquote - DEBUG - blockquote.blockquote:13 - entering blockquote: StateBlock(line=50,level=0,tokens=27), 50, 205, False
2025-12-28 19:37:37 - 20251228_193737_08d5b1f3 - markdown_it.rules_block.hr - DEBUG - hr.hr:14 - entering hr: StateBlock(line=50,level=0,tokens=27), 50, 205, False
2025-12-28 19:37:37 - 20251228_193737_08d5b1f3 - markdown_it.rules_block.code - DEBUG - code.code:10 - entering code: StateBlock(line=52,level=0,tokens=28), 52, 205, False
2025-12-28 19:37:37 - 20251228_193737_08d5b1f3 - markdown_it.rules_block.fence - DEBUG - fence.fence:10 - entering fence: StateBlock(line=52,level=0,tokens=28), 52, 205, False
2025-12-28 19:37:37 - 20251228_193737_08d5b1f3 - markdown_it.rules_block.blockquote - DEBUG - blockquote.blockquote:13 - entering blockquote: StateBlock(line=52,level=0,tokens=28), 52, 205, False
2025-12-28 19:37:37 - 20251228_193737_08d5b1f3 - markdown_it.rules_block.hr - DEBUG - hr.hr:14 - entering hr: StateBlock(line=52,level=0,tokens=28), 52, 205, False
2025-12-28 19:37:37 - 20251228_193737_08d5b1f3 - markdown_it.rules_block.list - DEBUG - list.list_block:102 - entering list: StateBlock(line=52,level=0,tokens=28), 52, 205, False
2025-12-28 19:37:37 - 20251228_193737_08d5b1f3 - markdown_it.rules_block.reference - DEBUG - reference.reference:10 - entering reference: StateBlock(line=52,level=0,tokens=28), 52, 205, False
2025-12-28 19:37:37 - 20251228_193737_08d5b1f3 - markdown_it.rules_block.html_block - DEBUG - html_block.html_block:35 - entering html_block: StateBlock(line=52,level=0,tokens=28), 52, 205, False
2025-12-28 19:37:37 - 20251228_193737_08d5b1f3 - markdown_it.rules_block.heading - DEBUG - heading.heading:13 - entering heading: StateBlock(line=52,level=0,tokens=28), 52, 205, False
2025-12-28 19:37:37 - 20251228_193737_08d5b1f3 - markdown_it.rules_block.code - DEBUG - code.code:10 - entering code: StateBlock(line=53,level=0,tokens=31), 53, 205, False
2025-12-28 19:37:37 - 20251228_193737_08d5b1f3 - markdown_it.rules_block.fence - DEBUG - fence.fence:10 - entering fence: StateBlock(line=53,level=0,tokens=31), 53, 205, False
2025-12-28 19:37:37 - 20251228_193737_08d5b1f3 - markdown_it.rules_block.blockquote - DEBUG - blockquote.blockquote:13 - entering blockquote: StateBlock(line=53,level=0,tokens=31), 53, 205, False
2025-12-28 19:37:37 - 20251228_193737_08d5b1f3 - markdown_it.rules_block.hr - DEBUG - hr.hr:14 - entering hr: StateBlock(line=53,level=0,tokens=31), 53, 205, False
2025-12-28 19:37:37 - 20251228_193737_08d5b1f3 - markdown_it.rules_block.list - DEBUG - list.list_block:102 - entering list: StateBlock(line=53,level=0,tokens=31), 53, 205, False
2025-12-28 19:37:37 - 20251228_193737_08d5b1f3 - markdown_it.rules_block.reference - DEBUG - reference.reference:10 - entering reference: StateBlock(line=53,level=0,tokens=31), 53, 205, False
2025-12-28 19:37:37 - 20251228_193737_08d5b1f3 - markdown_it.rules_block.html_block - DEBUG - html_block.html_block:35 - entering html_block: StateBlock(line=53,level=0,tokens=31), 53, 205, False
2025-12-28 19:37:37 - 20251228_193737_08d5b1f3 - markdown_it.rules_block.heading - DEBUG - heading.heading:13 - entering heading: StateBlock(line=53,level=0,tokens=31), 53, 205, False
2025-12-28 19:37:37 - 20251228_193737_08d5b1f3 - markdown_it.rules_block.lheading - DEBUG - lheading.lheading:10 - entering lheading: StateBlock(line=53,level=0,tokens=31), 53, 205, False
2025-12-28 19:37:37 - 20251228_193737_08d5b1f3 - markdown_it.rules_block.fence - DEBUG - fence.fence:10 - entering fence: StateBlock(line=53,level=0,tokens=31), 54, 205, True
2025-12-28 19:37:37 - 20251228_193737_08d5b1f3 - markdown_it.rules_block.blockquote - DEBUG - blockquote.blockquote:13 - entering blockquote: StateBlock(line=53,level=0,tokens=31), 54, 205, True
2025-12-28 19:37:37 - 20251228_193737_08d5b1f3 - markdown_it.rules_block.hr - DEBUG - hr.hr:14 - entering hr: StateBlock(line=53,level=0,tokens=31), 54, 205, True
2025-12-28 19:37:37 - 20251228_193737_08d5b1f3 - markdown_it.rules_block.list - DEBUG - list.list_block:102 - entering list: StateBlock(line=53,level=0,tokens=31), 54, 205, True
2025-12-28 19:37:37 - 20251228_193737_08d5b1f3 - markdown_it.rules_block.html_block - DEBUG - html_block.html_block:35 - entering html_block: StateBlock(line=53,level=0,tokens=31), 54, 205, True
2025-12-28 19:37:37 - 20251228_193737_08d5b1f3 - markdown_it.rules_block.heading - DEBUG - heading.heading:13 - entering heading: StateBlock(line=53,level=0,tokens=31), 54, 205, True
2025-12-28 19:37:37 - 20251228_193737_08d5b1f3 - markdown_it.rules_block.fence - DEBUG - fence.fence:10 - entering fence: StateBlock(line=53,level=0,tokens=31), 55, 205, True
2025-12-28 19:37:37 - 20251228_193737_08d5b1f3 - markdown_it.rules_block.blockquote - DEBUG - blockquote.blockquote:13 - entering blockquote: StateBlock(line=53,level=0,tokens=31), 55, 205, True
2025-12-28 19:37:37 - 20251228_193737_08d5b1f3 - markdown_it.rules_block.hr - DEBUG - hr.hr:14 - entering hr: StateBlock(line=53,level=0,tokens=31), 55, 205, True
2025-12-28 19:37:37 - 20251228_193737_08d5b1f3 - markdown_it.rules_block.list - DEBUG - list.list_block:102 - entering list: StateBlock(line=53,level=0,tokens=31), 55, 205, True
2025-12-28 19:37:37 - 20251228_193737_08d5b1f3 - markdown_it.rules_block.html_block - DEBUG - html_block.html_block:35 - entering html_block: StateBlock(line=53,level=0,tokens=31), 55, 205, True
2025-12-28 19:37:37 - 20251228_193737_08d5b1f3 - markdown_it.rules_block.heading - DEBUG - heading.heading:13 - entering heading: StateBlock(line=53,level=0,tokens=31), 55, 205, True
2025-12-28 19:37:37 - 20251228_193737_08d5b1f3 - markdown_it.rules_block.paragraph - DEBUG - paragraph.paragraph:10 - entering paragraph: StateBlock(line=53,level=0,tokens=31), 53, 205, False
2025-12-28 19:37:37 - 20251228_193737_08d5b1f3 - markdown_it.rules_block.fence - DEBUG - fence.fence:10 - entering fence: StateBlock(line=53,level=0,tokens=31), 54, 205, True
2025-12-28 19:37:37 - 20251228_193737_08d5b1f3 - markdown_it.rules_block.blockquote - DEBUG - blockquote.blockquote:13 - entering blockquote: StateBlock(line=53,level=0,tokens=31), 54, 205, True
2025-12-28 19:37:37 - 20251228_193737_08d5b1f3 - markdown_it.rules_block.hr - DEBUG - hr.hr:14 - entering hr: StateBlock(line=53,level=0,tokens=31), 54, 205, True
2025-12-28 19:37:37 - 20251228_193737_08d5b1f3 - markdown_it.rules_block.list - DEBUG - list.list_block:102 - entering list: StateBlock(line=53,level=0,tokens=31), 54, 205, True
2025-12-28 19:37:37 - 20251228_193737_08d5b1f3 - markdown_it.rules_block.html_block - DEBUG - html_block.html_block:35 - entering html_block: StateBlock(line=53,level=0,tokens=31), 54, 205, True
2025-12-28 19:37:37 - 20251228_193737_08d5b1f3 - markdown_it.rules_block.heading - DEBUG - heading.heading:13 - entering heading: StateBlock(line=53,level=0,tokens=31), 54, 205, True
2025-12-28 19:37:37 - 20251228_193737_08d5b1f3 - markdown_it.rules_block.fence - DEBUG - fence.fence:10 - entering fence: StateBlock(line=53,level=0,tokens=31), 55, 205, True
2025-12-28 19:37:37 - 20251228_193737_08d5b1f3 - markdown_it.rules_block.blockquote - DEBUG - blockquote.blockquote:13 - entering blockquote: StateBlock(line=53,level=0,tokens=31), 55, 205, True
2025-12-28 19:37:37 - 20251228_193737_08d5b1f3 - markdown_it.rules_block.hr - DEBUG - hr.hr:14 - entering hr: StateBlock(line=53,level=0,tokens=31), 55, 205, True
2025-12-28 19:37:37 - 20251228_193737_08d5b1f3 - markdown_it.rules_block.list - DEBUG - list.list_block:102 - entering list: StateBlock(line=53,level=0,tokens=31), 55, 205, True
2025-12-28 19:37:37 - 20251228_193737_08d5b1f3 - markdown_it.rules_block.html_block - DEBUG - html_block.html_block:35 - entering html_block: StateBlock(line=53,level=0,tokens=31), 55, 205, True
2025-12-28 19:37:37 - 20251228_193737_08d5b1f3 - markdown_it.rules_block.heading - DEBUG - heading.heading:13 - entering heading: StateBlock(line=53,level=0,tokens=31), 55, 205, True
2025-12-28 19:37:37 - 20251228_193737_08d5b1f3 - markdown_it.rules_block.code - DEBUG - code.code:10 - entering code: StateBlock(line=57,level=0,tokens=34), 57, 205, False
2025-12-28 19:37:37 - 20251228_193737_08d5b1f3 - markdown_it.rules_block.fence - DEBUG - fence.fence:10 - entering fence: StateBlock(line=57,level=0,tokens=34), 57, 205, False
2025-12-28 19:37:37 - 20251228_193737_08d5b1f3 - markdown_it.rules_block.blockquote - DEBUG - blockquote.blockquote:13 - entering blockquote: StateBlock(line=57,level=0,tokens=34), 57, 205, False
2025-12-28 19:37:37 - 20251228_193737_08d5b1f3 - markdown_it.rules_block.hr - DEBUG - hr.hr:14 - entering hr: StateBlock(line=57,level=0,tokens=34), 57, 205, False
2025-12-28 19:37:37 - 20251228_193737_08d5b1f3 - markdown_it.rules_block.list - DEBUG - list.list_block:102 - entering list: StateBlock(line=57,level=0,tokens=34), 57, 205, False
2025-12-28 19:37:37 - 20251228_193737_08d5b1f3 - markdown_it.rules_block.reference - DEBUG - reference.reference:10 - entering reference: StateBlock(line=57,level=0,tokens=34), 57, 205, False
2025-12-28 19:37:37 - 20251228_193737_08d5b1f3 - markdown_it.rules_block.html_block - DEBUG - html_block.html_block:35 - entering html_block: StateBlock(line=57,level=0,tokens=34), 57, 205, False
2025-12-28 19:37:37 - 20251228_193737_08d5b1f3 - markdown_it.rules_block.heading - DEBUG - heading.heading:13 - entering heading: StateBlock(line=57,level=0,tokens=34), 57, 205, False
2025-12-28 19:37:37 - 20251228_193737_08d5b1f3 - markdown_it.rules_block.lheading - DEBUG - lheading.lheading:10 - entering lheading: StateBlock(line=57,level=0,tokens=34), 57, 205, False
2025-12-28 19:37:37 - 20251228_193737_08d5b1f3 - markdown_it.rules_block.fence - DEBUG - fence.fence:10 - entering fence: StateBlock(line=57,level=0,tokens=34), 58, 205, True
2025-12-28 19:37:37 - 20251228_193737_08d5b1f3 - markdown_it.rules_block.blockquote - DEBUG - blockquote.blockquote:13 - entering blockquote: StateBlock(line=57,level=0,tokens=34), 58, 205, True
2025-12-28 19:37:37 - 20251228_193737_08d5b1f3 - markdown_it.rules_block.hr - DEBUG - hr.hr:14 - entering hr: StateBlock(line=57,level=0,tokens=34), 58, 205, True
2025-12-28 19:37:37 - 20251228_193737_08d5b1f3 - markdown_it.rules_block.list - DEBUG - list.list_block:102 - entering list: StateBlock(line=57,level=0,tokens=34), 58, 205, True
2025-12-28 19:37:37 - 20251228_193737_08d5b1f3 - markdown_it.rules_block.html_block - DEBUG - html_block.html_block:35 - entering html_block: StateBlock(line=57,level=0,tokens=34), 58, 205, True
2025-12-28 19:37:37 - 20251228_193737_08d5b1f3 - markdown_it.rules_block.heading - DEBUG - heading.heading:13 - entering heading: StateBlock(line=57,level=0,tokens=34), 58, 205, True
2025-12-28 19:37:37 - 20251228_193737_08d5b1f3 - markdown_it.rules_block.fence - DEBUG - fence.fence:10 - entering fence: StateBlock(line=57,level=0,tokens=34), 59, 205, True
2025-12-28 19:37:37 - 20251228_193737_08d5b1f3 - markdown_it.rules_block.blockquote - DEBUG - blockquote.blockquote:13 - entering blockquote: StateBlock(line=57,level=0,tokens=34), 59, 205, True
2025-12-28 19:37:37 - 20251228_193737_08d5b1f3 - markdown_it.rules_block.hr - DEBUG - hr.hr:14 - entering hr: StateBlock(line=57,level=0,tokens=34), 59, 205, True
2025-12-28 19:37:37 - 20251228_193737_08d5b1f3 - markdown_it.rules_block.list - DEBUG - list.list_block:102 - entering list: StateBlock(line=57,level=0,tokens=34), 59, 205, True
2025-12-28 19:37:37 - 20251228_193737_08d5b1f3 - markdown_it.rules_block.html_block - DEBUG - html_block.html_block:35 - entering html_block: StateBlock(line=57,level=0,tokens=34), 59, 205, True
2025-12-28 19:37:37 - 20251228_193737_08d5b1f3 - markdown_it.rules_block.heading - DEBUG - heading.heading:13 - entering heading: StateBlock(line=57,level=0,tokens=34), 59, 205, True
2025-12-28 19:37:37 - 20251228_193737_08d5b1f3 - markdown_it.rules_block.fence - DEBUG - fence.fence:10 - entering fence: StateBlock(line=57,level=0,tokens=34), 60, 205, True
2025-12-28 19:37:37 - 20251228_193737_08d5b1f3 - markdown_it.rules_block.blockquote - DEBUG - blockquote.blockquote:13 - entering blockquote: StateBlock(line=57,level=0,tokens=34), 60, 205, True
2025-12-28 19:37:37 - 20251228_193737_08d5b1f3 - markdown_it.rules_block.hr - DEBUG - hr.hr:14 - entering hr: StateBlock(line=57,level=0,tokens=34), 60, 205, True
2025-12-28 19:37:37 - 20251228_193737_08d5b1f3 - markdown_it.rules_block.list - DEBUG - list.list_block:102 - entering list: StateBlock(line=57,level=0,tokens=34), 60, 205, True
2025-12-28 19:37:37 - 20251228_193737_08d5b1f3 - markdown_it.rules_block.html_block - DEBUG - html_block.html_block:35 - entering html_block: StateBlock(line=57,level=0,tokens=34), 60, 205, True
2025-12-28 19:37:37 - 20251228_193737_08d5b1f3 - markdown_it.rules_block.heading - DEBUG - heading.heading:13 - entering heading: StateBlock(line=57,level=0,tokens=34), 60, 205, True
2025-12-28 19:37:37 - 20251228_193737_08d5b1f3 - markdown_it.rules_block.paragraph - DEBUG - paragraph.paragraph:10 - entering paragraph: StateBlock(line=57,level=0,tokens=34), 57, 205, False
2025-12-28 19:37:37 - 20251228_193737_08d5b1f3 - markdown_it.rules_block.fence - DEBUG - fence.fence:10 - entering fence: StateBlock(line=57,level=0,tokens=34), 58, 205, True
2025-12-28 19:37:37 - 20251228_193737_08d5b1f3 - markdown_it.rules_block.blockquote - DEBUG - blockquote.blockquote:13 - entering blockquote: StateBlock(line=57,level=0,tokens=34), 58, 205, True
2025-12-28 19:37:37 - 20251228_193737_08d5b1f3 - markdown_it.rules_block.hr - DEBUG - hr.hr:14 - entering hr: StateBlock(line=57,level=0,tokens=34), 58, 205, True
2025-12-28 19:37:37 - 20251228_193737_08d5b1f3 - markdown_it.rules_block.list - DEBUG - list.list_block:102 - entering list: StateBlock(line=57,level=0,tokens=34), 58, 205, True
2025-12-28 19:37:37 - 20251228_193737_08d5b1f3 - markdown_it.rules_block.html_block - DEBUG - html_block.html_block:35 - entering html_block: StateBlock(line=57,level=0,tokens=34), 58, 205, True
2025-12-28 19:37:37 - 20251228_193737_08d5b1f3 - markdown_it.rules_block.heading - DEBUG - heading.heading:13 - entering heading: StateBlock(line=57,level=0,tokens=34), 58, 205, True
2025-12-28 19:37:37 - 20251228_193737_08d5b1f3 - markdown_it.rules_block.fence - DEBUG - fence.fence:10 - entering fence: StateBlock(line=57,level=0,tokens=34), 59, 205, True
2025-12-28 19:37:37 - 20251228_193737_08d5b1f3 - markdown_it.rules_block.blockquote - DEBUG - blockquote.blockquote:13 - entering blockquote: StateBlock(line=57,level=0,tokens=34), 59, 205, True
2025-12-28 19:37:37 - 20251228_193737_08d5b1f3 - markdown_it.rules_block.hr - DEBUG - hr.hr:14 - entering hr: StateBlock(line=57,level=0,tokens=34), 59, 205, True
2025-12-28 19:37:37 - 20251228_193737_08d5b1f3 - markdown_it.rules_block.list - DEBUG - list.list_block:102 - entering list: StateBlock(line=57,level=0,tokens=34), 59, 205, True
2025-12-28 19:37:37 - 20251228_193737_08d5b1f3 - markdown_it.rules_block.html_block - DEBUG - html_block.html_block:35 - entering html_block: StateBlock(line=57,level=0,tokens=34), 59, 205, True
2025-12-28 19:37:37 - 20251228_193737_08d5b1f3 - markdown_it.rules_block.heading - DEBUG - heading.heading:13 - entering heading: StateBlock(line=57,level=0,tokens=34), 59, 205, True
2025-12-28 19:37:37 - 20251228_193737_08d5b1f3 - markdown_it.rules_block.fence - DEBUG - fence.fence:10 - entering fence: StateBlock(line=57,level=0,tokens=34), 60, 205, True
2025-12-28 19:37:37 - 20251228_193737_08d5b1f3 - markdown_it.rules_block.blockquote - DEBUG - blockquote.blockquote:13 - entering blockquote: StateBlock(line=57,level=0,tokens=34), 60, 205, True
2025-12-28 19:37:37 - 20251228_193737_08d5b1f3 - markdown_it.rules_block.hr - DEBUG - hr.hr:14 - entering hr: StateBlock(line=57,level=0,tokens=34), 60, 205, True
2025-12-28 19:37:37 - 20251228_193737_08d5b1f3 - markdown_it.rules_block.list - DEBUG - list.list_block:102 - entering list: StateBlock(line=57,level=0,tokens=34), 60, 205, True
2025-12-28 19:37:37 - 20251228_193737_08d5b1f3 - markdown_it.rules_block.html_block - DEBUG - html_block.html_block:35 - entering html_block: StateBlock(line=57,level=0,tokens=34), 60, 205, True
2025-12-28 19:37:37 - 20251228_193737_08d5b1f3 - markdown_it.rules_block.heading - DEBUG - heading.heading:13 - entering heading: StateBlock(line=57,level=0,tokens=34), 60, 205, True
2025-12-28 19:37:37 - 20251228_193737_08d5b1f3 - markdown_it.rules_block.code - DEBUG - code.code:10 - entering code: StateBlock(line=62,level=0,tokens=37), 62, 205, False
2025-12-28 19:37:37 - 20251228_193737_08d5b1f3 - markdown_it.rules_block.fence - DEBUG - fence.fence:10 - entering fence: StateBlock(line=62,level=0,tokens=37), 62, 205, False
2025-12-28 19:37:37 - 20251228_193737_08d5b1f3 - markdown_it.rules_block.blockquote - DEBUG - blockquote.blockquote:13 - entering blockquote: StateBlock(line=62,level=0,tokens=37), 62, 205, False
2025-12-28 19:37:37 - 20251228_193737_08d5b1f3 - markdown_it.rules_block.hr - DEBUG - hr.hr:14 - entering hr: StateBlock(line=62,level=0,tokens=37), 62, 205, False
2025-12-28 19:37:37 - 20251228_193737_08d5b1f3 - markdown_it.rules_block.list - DEBUG - list.list_block:102 - entering list: StateBlock(line=62,level=0,tokens=37), 62, 205, False
2025-12-28 19:37:37 - 20251228_193737_08d5b1f3 - markdown_it.rules_block.reference - DEBUG - reference.reference:10 - entering reference: StateBlock(line=62,level=0,tokens=37), 62, 205, False
2025-12-28 19:37:37 - 20251228_193737_08d5b1f3 - markdown_it.rules_block.html_block - DEBUG - html_block.html_block:35 - entering html_block: StateBlock(line=62,level=0,tokens=37), 62, 205, False
2025-12-28 19:37:37 - 20251228_193737_08d5b1f3 - markdown_it.rules_block.heading - DEBUG - heading.heading:13 - entering heading: StateBlock(line=62,level=0,tokens=37), 62, 205, False
2025-12-28 19:37:37 - 20251228_193737_08d5b1f3 - markdown_it.rules_block.lheading - DEBUG - lheading.lheading:10 - entering lheading: StateBlock(line=62,level=0,tokens=37), 62, 205, False
2025-12-28 19:37:37 - 20251228_193737_08d5b1f3 - markdown_it.rules_block.fence - DEBUG - fence.fence:10 - entering fence: StateBlock(line=62,level=0,tokens=37), 63, 205, True
2025-12-28 19:37:37 - 20251228_193737_08d5b1f3 - markdown_it.rules_block.blockquote - DEBUG - blockquote.blockquote:13 - entering blockquote: StateBlock(line=62,level=0,tokens=37), 63, 205, True
2025-12-28 19:37:37 - 20251228_193737_08d5b1f3 - markdown_it.rules_block.hr - DEBUG - hr.hr:14 - entering hr: StateBlock(line=62,level=0,tokens=37), 63, 205, True
2025-12-28 19:37:37 - 20251228_193737_08d5b1f3 - markdown_it.rules_block.list - DEBUG - list.list_block:102 - entering list: StateBlock(line=62,level=0,tokens=37), 63, 205, True
2025-12-28 19:37:37 - 20251228_193737_08d5b1f3 - markdown_it.rules_block.html_block - DEBUG - html_block.html_block:35 - entering html_block: StateBlock(line=62,level=0,tokens=37), 63, 205, True
2025-12-28 19:37:37 - 20251228_193737_08d5b1f3 - markdown_it.rules_block.heading - DEBUG - heading.heading:13 - entering heading: StateBlock(line=62,level=0,tokens=37), 63, 205, True
2025-12-28 19:37:37 - 20251228_193737_08d5b1f3 - markdown_it.rules_block.fence - DEBUG - fence.fence:10 - entering fence: StateBlock(line=62,level=0,tokens=37), 64, 205, True
2025-12-28 19:37:37 - 20251228_193737_08d5b1f3 - markdown_it.rules_block.blockquote - DEBUG - blockquote.blockquote:13 - entering blockquote: StateBlock(line=62,level=0,tokens=37), 64, 205, True
2025-12-28 19:37:37 - 20251228_193737_08d5b1f3 - markdown_it.rules_block.hr - DEBUG - hr.hr:14 - entering hr: StateBlock(line=62,level=0,tokens=37), 64, 205, True
2025-12-28 19:37:37 - 20251228_193737_08d5b1f3 - markdown_it.rules_block.list - DEBUG - list.list_block:102 - entering list: StateBlock(line=62,level=0,tokens=37), 64, 205, True
2025-12-28 19:37:37 - 20251228_193737_08d5b1f3 - markdown_it.rules_block.html_block - DEBUG - html_block.html_block:35 - entering html_block: StateBlock(line=62,level=0,tokens=37), 64, 205, True
2025-12-28 19:37:37 - 20251228_193737_08d5b1f3 - markdown_it.rules_block.heading - DEBUG - heading.heading:13 - entering heading: StateBlock(line=62,level=0,tokens=37), 64, 205, True
2025-12-28 19:37:37 - 20251228_193737_08d5b1f3 - markdown_it.rules_block.paragraph - DEBUG - paragraph.paragraph:10 - entering paragraph: StateBlock(line=62,level=0,tokens=37), 62, 205, False
2025-12-28 19:37:37 - 20251228_193737_08d5b1f3 - markdown_it.rules_block.fence - DEBUG - fence.fence:10 - entering fence: StateBlock(line=62,level=0,tokens=37), 63, 205, True
2025-12-28 19:37:37 - 20251228_193737_08d5b1f3 - markdown_it.rules_block.blockquote - DEBUG - blockquote.blockquote:13 - entering blockquote: StateBlock(line=62,level=0,tokens=37), 63, 205, True
2025-12-28 19:37:37 - 20251228_193737_08d5b1f3 - markdown_it.rules_block.hr - DEBUG - hr.hr:14 - entering hr: StateBlock(line=62,level=0,tokens=37), 63, 205, True
2025-12-28 19:37:37 - 20251228_193737_08d5b1f3 - markdown_it.rules_block.list - DEBUG - list.list_block:102 - entering list: StateBlock(line=62,level=0,tokens=37), 63, 205, True
2025-12-28 19:37:37 - 20251228_193737_08d5b1f3 - markdown_it.rules_block.html_block - DEBUG - html_block.html_block:35 - entering html_block: StateBlock(line=62,level=0,tokens=37), 63, 205, True
2025-12-28 19:37:37 - 20251228_193737_08d5b1f3 - markdown_it.rules_block.heading - DEBUG - heading.heading:13 - entering heading: StateBlock(line=62,level=0,tokens=37), 63, 205, True
2025-12-28 19:37:37 - 20251228_193737_08d5b1f3 - markdown_it.rules_block.fence - DEBUG - fence.fence:10 - entering fence: StateBlock(line=62,level=0,tokens=37), 64, 205, True
2025-12-28 19:37:37 - 20251228_193737_08d5b1f3 - markdown_it.rules_block.blockquote - DEBUG - blockquote.blockquote:13 - entering blockquote: StateBlock(line=62,level=0,tokens=37), 64, 205, True
2025-12-28 19:37:37 - 20251228_193737_08d5b1f3 - markdown_it.rules_block.hr - DEBUG - hr.hr:14 - entering hr: StateBlock(line=62,level=0,tokens=37), 64, 205, True
2025-12-28 19:37:37 - 20251228_193737_08d5b1f3 - markdown_it.rules_block.list - DEBUG - list.list_block:102 - entering list: StateBlock(line=62,level=0,tokens=37), 64, 205, True
2025-12-28 19:37:37 - 20251228_193737_08d5b1f3 - markdown_it.rules_block.html_block - DEBUG - html_block.html_block:35 - entering html_block: StateBlock(line=62,level=0,tokens=37), 64, 205, True
2025-12-28 19:37:37 - 20251228_193737_08d5b1f3 - markdown_it.rules_block.heading - DEBUG - heading.heading:13 - entering heading: StateBlock(line=62,level=0,tokens=37), 64, 205, True
2025-12-28 19:37:37 - 20251228_193737_08d5b1f3 - markdown_it.rules_block.code - DEBUG - code.code:10 - entering code: StateBlock(line=66,level=0,tokens=40), 66, 205, False
2025-12-28 19:37:37 - 20251228_193737_08d5b1f3 - markdown_it.rules_block.fence - DEBUG - fence.fence:10 - entering fence: StateBlock(line=66,level=0,tokens=40), 66, 205, False
2025-12-28 19:37:37 - 20251228_193737_08d5b1f3 - markdown_it.rules_block.blockquote - DEBUG - blockquote.blockquote:13 - entering blockquote: StateBlock(line=66,level=0,tokens=40), 66, 205, False
2025-12-28 19:37:37 - 20251228_193737_08d5b1f3 - markdown_it.rules_block.hr - DEBUG - hr.hr:14 - entering hr: StateBlock(line=66,level=0,tokens=40), 66, 205, False
2025-12-28 19:37:37 - 20251228_193737_08d5b1f3 - markdown_it.rules_block.code - DEBUG - code.code:10 - entering code: StateBlock(line=68,level=0,tokens=41), 68, 205, False
2025-12-28 19:37:37 - 20251228_193737_08d5b1f3 - markdown_it.rules_block.fence - DEBUG - fence.fence:10 - entering fence: StateBlock(line=68,level=0,tokens=41), 68, 205, False
2025-12-28 19:37:37 - 20251228_193737_08d5b1f3 - markdown_it.rules_block.blockquote - DEBUG - blockquote.blockquote:13 - entering blockquote: StateBlock(line=68,level=0,tokens=41), 68, 205, False
2025-12-28 19:37:37 - 20251228_193737_08d5b1f3 - markdown_it.rules_block.hr - DEBUG - hr.hr:14 - entering hr: StateBlock(line=68,level=0,tokens=41), 68, 205, False
2025-12-28 19:37:37 - 20251228_193737_08d5b1f3 - markdown_it.rules_block.list - DEBUG - list.list_block:102 - entering list: StateBlock(line=68,level=0,tokens=41), 68, 205, False
2025-12-28 19:37:37 - 20251228_193737_08d5b1f3 - markdown_it.rules_block.reference - DEBUG - reference.reference:10 - entering reference: StateBlock(line=68,level=0,tokens=41), 68, 205, False
2025-12-28 19:37:37 - 20251228_193737_08d5b1f3 - markdown_it.rules_block.html_block - DEBUG - html_block.html_block:35 - entering html_block: StateBlock(line=68,level=0,tokens=41), 68, 205, False
2025-12-28 19:37:37 - 20251228_193737_08d5b1f3 - markdown_it.rules_block.heading - DEBUG - heading.heading:13 - entering heading: StateBlock(line=68,level=0,tokens=41), 68, 205, False
2025-12-28 19:37:37 - 20251228_193737_08d5b1f3 - markdown_it.rules_block.code - DEBUG - code.code:10 - entering code: StateBlock(line=69,level=0,tokens=44), 69, 205, False
2025-12-28 19:37:37 - 20251228_193737_08d5b1f3 - markdown_it.rules_block.fence - DEBUG - fence.fence:10 - entering fence: StateBlock(line=69,level=0,tokens=44), 69, 205, False
2025-12-28 19:37:37 - 20251228_193737_08d5b1f3 - markdown_it.rules_block.blockquote - DEBUG - blockquote.blockquote:13 - entering blockquote: StateBlock(line=69,level=0,tokens=44), 69, 205, False
2025-12-28 19:37:37 - 20251228_193737_08d5b1f3 - markdown_it.rules_block.hr - DEBUG - hr.hr:14 - entering hr: StateBlock(line=69,level=0,tokens=44), 69, 205, False
2025-12-28 19:37:37 - 20251228_193737_08d5b1f3 - markdown_it.rules_block.list - DEBUG - list.list_block:102 - entering list: StateBlock(line=69,level=0,tokens=44), 69, 205, False
2025-12-28 19:37:37 - 20251228_193737_08d5b1f3 - markdown_it.rules_block.reference - DEBUG - reference.reference:10 - entering reference: StateBlock(line=69,level=0,tokens=44), 69, 205, False
2025-12-28 19:37:37 - 20251228_193737_08d5b1f3 - markdown_it.rules_block.html_block - DEBUG - html_block.html_block:35 - entering html_block: StateBlock(line=69,level=0,tokens=44), 69, 205, False
2025-12-28 19:37:37 - 20251228_193737_08d5b1f3 - markdown_it.rules_block.heading - DEBUG - heading.heading:13 - entering heading: StateBlock(line=69,level=0,tokens=44), 69, 205, False
2025-12-28 19:37:37 - 20251228_193737_08d5b1f3 - markdown_it.rules_block.lheading - DEBUG - lheading.lheading:10 - entering lheading: StateBlock(line=69,level=0,tokens=44), 69, 205, False
2025-12-28 19:37:37 - 20251228_193737_08d5b1f3 - markdown_it.rules_block.fence - DEBUG - fence.fence:10 - entering fence: StateBlock(line=69,level=0,tokens=44), 70, 205, True
2025-12-28 19:37:37 - 20251228_193737_08d5b1f3 - markdown_it.rules_block.blockquote - DEBUG - blockquote.blockquote:13 - entering blockquote: StateBlock(line=69,level=0,tokens=44), 70, 205, True
2025-12-28 19:37:37 - 20251228_193737_08d5b1f3 - markdown_it.rules_block.hr - DEBUG - hr.hr:14 - entering hr: StateBlock(line=69,level=0,tokens=44), 70, 205, True
2025-12-28 19:37:37 - 20251228_193737_08d5b1f3 - markdown_it.rules_block.list - DEBUG - list.list_block:102 - entering list: StateBlock(line=69,level=0,tokens=44), 70, 205, True
2025-12-28 19:37:37 - 20251228_193737_08d5b1f3 - markdown_it.rules_block.html_block - DEBUG - html_block.html_block:35 - entering html_block: StateBlock(line=69,level=0,tokens=44), 70, 205, True
2025-12-28 19:37:37 - 20251228_193737_08d5b1f3 - markdown_it.rules_block.heading - DEBUG - heading.heading:13 - entering heading: StateBlock(line=69,level=0,tokens=44), 70, 205, True
2025-12-28 19:37:37 - 20251228_193737_08d5b1f3 - markdown_it.rules_block.fence - DEBUG - fence.fence:10 - entering fence: StateBlock(line=69,level=0,tokens=44), 71, 205, True
2025-12-28 19:37:37 - 20251228_193737_08d5b1f3 - markdown_it.rules_block.blockquote - DEBUG - blockquote.blockquote:13 - entering blockquote: StateBlock(line=69,level=0,tokens=44), 71, 205, True
2025-12-28 19:37:37 - 20251228_193737_08d5b1f3 - markdown_it.rules_block.hr - DEBUG - hr.hr:14 - entering hr: StateBlock(line=69,level=0,tokens=44), 71, 205, True
2025-12-28 19:37:37 - 20251228_193737_08d5b1f3 - markdown_it.rules_block.list - DEBUG - list.list_block:102 - entering list: StateBlock(line=69,level=0,tokens=44), 71, 205, True
2025-12-28 19:37:37 - 20251228_193737_08d5b1f3 - markdown_it.rules_block.html_block - DEBUG - html_block.html_block:35 - entering html_block: StateBlock(line=69,level=0,tokens=44), 71, 205, True
2025-12-28 19:37:37 - 20251228_193737_08d5b1f3 - markdown_it.rules_block.heading - DEBUG - heading.heading:13 - entering heading: StateBlock(line=69,level=0,tokens=44), 71, 205, True
2025-12-28 19:37:37 - 20251228_193737_08d5b1f3 - markdown_it.rules_block.paragraph - DEBUG - paragraph.paragraph:10 - entering paragraph: StateBlock(line=69,level=0,tokens=44), 69, 205, False
2025-12-28 19:37:37 - 20251228_193737_08d5b1f3 - markdown_it.rules_block.fence - DEBUG - fence.fence:10 - entering fence: StateBlock(line=69,level=0,tokens=44), 70, 205, True
2025-12-28 19:37:37 - 20251228_193737_08d5b1f3 - markdown_it.rules_block.blockquote - DEBUG - blockquote.blockquote:13 - entering blockquote: StateBlock(line=69,level=0,tokens=44), 70, 205, True
2025-12-28 19:37:37 - 20251228_193737_08d5b1f3 - markdown_it.rules_block.hr - DEBUG - hr.hr:14 - entering hr: StateBlock(line=69,level=0,tokens=44), 70, 205, True
2025-12-28 19:37:37 - 20251228_193737_08d5b1f3 - markdown_it.rules_block.list - DEBUG - list.list_block:102 - entering list: StateBlock(line=69,level=0,tokens=44), 70, 205, True
2025-12-28 19:37:37 - 20251228_193737_08d5b1f3 - markdown_it.rules_block.html_block - DEBUG - html_block.html_block:35 - entering html_block: StateBlock(line=69,level=0,tokens=44), 70, 205, True
2025-12-28 19:37:37 - 20251228_193737_08d5b1f3 - markdown_it.rules_block.heading - DEBUG - heading.heading:13 - entering heading: StateBlock(line=69,level=0,tokens=44), 70, 205, True
2025-12-28 19:37:37 - 20251228_193737_08d5b1f3 - markdown_it.rules_block.fence - DEBUG - fence.fence:10 - entering fence: StateBlock(line=69,level=0,tokens=44), 71, 205, True
2025-12-28 19:37:37 - 20251228_193737_08d5b1f3 - markdown_it.rules_block.blockquote - DEBUG - blockquote.blockquote:13 - entering blockquote: StateBlock(line=69,level=0,tokens=44), 71, 205, True
2025-12-28 19:37:37 - 20251228_193737_08d5b1f3 - markdown_it.rules_block.hr - DEBUG - hr.hr:14 - entering hr: StateBlock(line=69,level=0,tokens=44), 71, 205, True
2025-12-28 19:37:37 - 20251228_193737_08d5b1f3 - markdown_it.rules_block.list - DEBUG - list.list_block:102 - entering list: StateBlock(line=69,level=0,tokens=44), 71, 205, True
2025-12-28 19:37:37 - 20251228_193737_08d5b1f3 - markdown_it.rules_block.html_block - DEBUG - html_block.html_block:35 - entering html_block: StateBlock(line=69,level=0,tokens=44), 71, 205, True
2025-12-28 19:37:37 - 20251228_193737_08d5b1f3 - markdown_it.rules_block.heading - DEBUG - heading.heading:13 - entering heading: StateBlock(line=69,level=0,tokens=44), 71, 205, True
2025-12-28 19:37:37 - 20251228_193737_08d5b1f3 - markdown_it.rules_block.code - DEBUG - code.code:10 - entering code: StateBlock(line=73,level=0,tokens=47), 73, 205, False
2025-12-28 19:37:37 - 20251228_193737_08d5b1f3 - markdown_it.rules_block.fence - DEBUG - fence.fence:10 - entering fence: StateBlock(line=73,level=0,tokens=47), 73, 205, False
2025-12-28 19:37:37 - 20251228_193737_08d5b1f3 - markdown_it.rules_block.blockquote - DEBUG - blockquote.blockquote:13 - entering blockquote: StateBlock(line=73,level=0,tokens=47), 73, 205, False
2025-12-28 19:37:37 - 20251228_193737_08d5b1f3 - markdown_it.rules_block.hr - DEBUG - hr.hr:14 - entering hr: StateBlock(line=73,level=0,tokens=47), 73, 205, False
2025-12-28 19:37:37 - 20251228_193737_08d5b1f3 - markdown_it.rules_block.list - DEBUG - list.list_block:102 - entering list: StateBlock(line=73,level=0,tokens=47), 73, 205, False
2025-12-28 19:37:37 - 20251228_193737_08d5b1f3 - markdown_it.rules_block.reference - DEBUG - reference.reference:10 - entering reference: StateBlock(line=73,level=0,tokens=47), 73, 205, False
2025-12-28 19:37:37 - 20251228_193737_08d5b1f3 - markdown_it.rules_block.html_block - DEBUG - html_block.html_block:35 - entering html_block: StateBlock(line=73,level=0,tokens=47), 73, 205, False
2025-12-28 19:37:37 - 20251228_193737_08d5b1f3 - markdown_it.rules_block.heading - DEBUG - heading.heading:13 - entering heading: StateBlock(line=73,level=0,tokens=47), 73, 205, False
2025-12-28 19:37:37 - 20251228_193737_08d5b1f3 - markdown_it.rules_block.lheading - DEBUG - lheading.lheading:10 - entering lheading: StateBlock(line=73,level=0,tokens=47), 73, 205, False
2025-12-28 19:37:37 - 20251228_193737_08d5b1f3 - markdown_it.rules_block.fence - DEBUG - fence.fence:10 - entering fence: StateBlock(line=73,level=0,tokens=47), 74, 205, True
2025-12-28 19:37:37 - 20251228_193737_08d5b1f3 - markdown_it.rules_block.blockquote - DEBUG - blockquote.blockquote:13 - entering blockquote: StateBlock(line=73,level=0,tokens=47), 74, 205, True
2025-12-28 19:37:37 - 20251228_193737_08d5b1f3 - markdown_it.rules_block.hr - DEBUG - hr.hr:14 - entering hr: StateBlock(line=73,level=0,tokens=47), 74, 205, True
2025-12-28 19:37:37 - 20251228_193737_08d5b1f3 - markdown_it.rules_block.list - DEBUG - list.list_block:102 - entering list: StateBlock(line=73,level=0,tokens=47), 74, 205, True
2025-12-28 19:37:37 - 20251228_193737_08d5b1f3 - markdown_it.rules_block.html_block - DEBUG - html_block.html_block:35 - entering html_block: StateBlock(line=73,level=0,tokens=47), 74, 205, True
2025-12-28 19:37:37 - 20251228_193737_08d5b1f3 - markdown_it.rules_block.heading - DEBUG - heading.heading:13 - entering heading: StateBlock(line=73,level=0,tokens=47), 74, 205, True
2025-12-28 19:37:37 - 20251228_193737_08d5b1f3 - markdown_it.rules_block.fence - DEBUG - fence.fence:10 - entering fence: StateBlock(line=73,level=0,tokens=47), 75, 205, True
2025-12-28 19:37:37 - 20251228_193737_08d5b1f3 - markdown_it.rules_block.blockquote - DEBUG - blockquote.blockquote:13 - entering blockquote: StateBlock(line=73,level=0,tokens=47), 75, 205, True
2025-12-28 19:37:37 - 20251228_193737_08d5b1f3 - markdown_it.rules_block.hr - DEBUG - hr.hr:14 - entering hr: StateBlock(line=73,level=0,tokens=47), 75, 205, True
2025-12-28 19:37:37 - 20251228_193737_08d5b1f3 - markdown_it.rules_block.list - DEBUG - list.list_block:102 - entering list: StateBlock(line=73,level=0,tokens=47), 75, 205, True
2025-12-28 19:37:37 - 20251228_193737_08d5b1f3 - markdown_it.rules_block.html_block - DEBUG - html_block.html_block:35 - entering html_block: StateBlock(line=73,level=0,tokens=47), 75, 205, True
2025-12-28 19:37:37 - 20251228_193737_08d5b1f3 - markdown_it.rules_block.heading - DEBUG - heading.heading:13 - entering heading: StateBlock(line=73,level=0,tokens=47), 75, 205, True
2025-12-28 19:37:37 - 20251228_193737_08d5b1f3 - markdown_it.rules_block.paragraph - DEBUG - paragraph.paragraph:10 - entering paragraph: StateBlock(line=73,level=0,tokens=47), 73, 205, False
2025-12-28 19:37:37 - 20251228_193737_08d5b1f3 - markdown_it.rules_block.fence - DEBUG - fence.fence:10 - entering fence: StateBlock(line=73,level=0,tokens=47), 74, 205, True
2025-12-28 19:37:37 - 20251228_193737_08d5b1f3 - markdown_it.rules_block.blockquote - DEBUG - blockquote.blockquote:13 - entering blockquote: StateBlock(line=73,level=0,tokens=47), 74, 205, True
2025-12-28 19:37:37 - 20251228_193737_08d5b1f3 - markdown_it.rules_block.hr - DEBUG - hr.hr:14 - entering hr: StateBlock(line=73,level=0,tokens=47), 74, 205, True
2025-12-28 19:37:37 - 20251228_193737_08d5b1f3 - markdown_it.rules_block.list - DEBUG - list.list_block:102 - entering list: StateBlock(line=73,level=0,tokens=47), 74, 205, True
2025-12-28 19:37:37 - 20251228_193737_08d5b1f3 - markdown_it.rules_block.html_block - DEBUG - html_block.html_block:35 - entering html_block: StateBlock(line=73,level=0,tokens=47), 74, 205, True
2025-12-28 19:37:37 - 20251228_193737_08d5b1f3 - markdown_it.rules_block.heading - DEBUG - heading.heading:13 - entering heading: StateBlock(line=73,level=0,tokens=47), 74, 205, True
2025-12-28 19:37:37 - 20251228_193737_08d5b1f3 - markdown_it.rules_block.fence - DEBUG - fence.fence:10 - entering fence: StateBlock(line=73,level=0,tokens=47), 75, 205, True
2025-12-28 19:37:37 - 20251228_193737_08d5b1f3 - markdown_it.rules_block.blockquote - DEBUG - blockquote.blockquote:13 - entering blockquote: StateBlock(line=73,level=0,tokens=47), 75, 205, True
2025-12-28 19:37:37 - 20251228_193737_08d5b1f3 - markdown_it.rules_block.hr - DEBUG - hr.hr:14 - entering hr: StateBlock(line=73,level=0,tokens=47), 75, 205, True
2025-12-28 19:37:37 - 20251228_193737_08d5b1f3 - markdown_it.rules_block.list - DEBUG - list.list_block:102 - entering list: StateBlock(line=73,level=0,tokens=47), 75, 205, True
2025-12-28 19:37:37 - 20251228_193737_08d5b1f3 - markdown_it.rules_block.html_block - DEBUG - html_block.html_block:35 - entering html_block: StateBlock(line=73,level=0,tokens=47), 75, 205, True
2025-12-28 19:37:37 - 20251228_193737_08d5b1f3 - markdown_it.rules_block.heading - DEBUG - heading.heading:13 - entering heading: StateBlock(line=73,level=0,tokens=47), 75, 205, True
2025-12-28 19:37:37 - 20251228_193737_08d5b1f3 - markdown_it.rules_block.code - DEBUG - code.code:10 - entering code: StateBlock(line=77,level=0,tokens=50), 77, 205, False
2025-12-28 19:37:37 - 20251228_193737_08d5b1f3 - markdown_it.rules_block.fence - DEBUG - fence.fence:10 - entering fence: StateBlock(line=77,level=0,tokens=50), 77, 205, False
2025-12-28 19:37:37 - 20251228_193737_08d5b1f3 - markdown_it.rules_block.blockquote - DEBUG - blockquote.blockquote:13 - entering blockquote: StateBlock(line=77,level=0,tokens=50), 77, 205, False
2025-12-28 19:37:37 - 20251228_193737_08d5b1f3 - markdown_it.rules_block.hr - DEBUG - hr.hr:14 - entering hr: StateBlock(line=77,level=0,tokens=50), 77, 205, False
2025-12-28 19:37:37 - 20251228_193737_08d5b1f3 - markdown_it.rules_block.list - DEBUG - list.list_block:102 - entering list: StateBlock(line=77,level=0,tokens=50), 77, 205, False
2025-12-28 19:37:37 - 20251228_193737_08d5b1f3 - markdown_it.rules_block.reference - DEBUG - reference.reference:10 - entering reference: StateBlock(line=77,level=0,tokens=50), 77, 205, False
2025-12-28 19:37:37 - 20251228_193737_08d5b1f3 - markdown_it.rules_block.html_block - DEBUG - html_block.html_block:35 - entering html_block: StateBlock(line=77,level=0,tokens=50), 77, 205, False
2025-12-28 19:37:37 - 20251228_193737_08d5b1f3 - markdown_it.rules_block.heading - DEBUG - heading.heading:13 - entering heading: StateBlock(line=77,level=0,tokens=50), 77, 205, False
2025-12-28 19:37:37 - 20251228_193737_08d5b1f3 - markdown_it.rules_block.lheading - DEBUG - lheading.lheading:10 - entering lheading: StateBlock(line=77,level=0,tokens=50), 77, 205, False
2025-12-28 19:37:37 - 20251228_193737_08d5b1f3 - markdown_it.rules_block.fence - DEBUG - fence.fence:10 - entering fence: StateBlock(line=77,level=0,tokens=50), 78, 205, True
2025-12-28 19:37:37 - 20251228_193737_08d5b1f3 - markdown_it.rules_block.blockquote - DEBUG - blockquote.blockquote:13 - entering blockquote: StateBlock(line=77,level=0,tokens=50), 78, 205, True
2025-12-28 19:37:37 - 20251228_193737_08d5b1f3 - markdown_it.rules_block.hr - DEBUG - hr.hr:14 - entering hr: StateBlock(line=77,level=0,tokens=50), 78, 205, True
2025-12-28 19:37:37 - 20251228_193737_08d5b1f3 - markdown_it.rules_block.list - DEBUG - list.list_block:102 - entering list: StateBlock(line=77,level=0,tokens=50), 78, 205, True
2025-12-28 19:37:37 - 20251228_193737_08d5b1f3 - markdown_it.rules_block.html_block - DEBUG - html_block.html_block:35 - entering html_block: StateBlock(line=77,level=0,tokens=50), 78, 205, True
2025-12-28 19:37:37 - 20251228_193737_08d5b1f3 - markdown_it.rules_block.heading - DEBUG - heading.heading:13 - entering heading: StateBlock(line=77,level=0,tokens=50), 78, 205, True
2025-12-28 19:37:37 - 20251228_193737_08d5b1f3 - markdown_it.rules_block.fence - DEBUG - fence.fence:10 - entering fence: StateBlock(line=77,level=0,tokens=50), 79, 205, True
2025-12-28 19:37:37 - 20251228_193737_08d5b1f3 - markdown_it.rules_block.blockquote - DEBUG - blockquote.blockquote:13 - entering blockquote: StateBlock(line=77,level=0,tokens=50), 79, 205, True
2025-12-28 19:37:37 - 20251228_193737_08d5b1f3 - markdown_it.rules_block.hr - DEBUG - hr.hr:14 - entering hr: StateBlock(line=77,level=0,tokens=50), 79, 205, True
2025-12-28 19:37:37 - 20251228_193737_08d5b1f3 - markdown_it.rules_block.list - DEBUG - list.list_block:102 - entering list: StateBlock(line=77,level=0,tokens=50), 79, 205, True
2025-12-28 19:37:37 - 20251228_193737_08d5b1f3 - markdown_it.rules_block.html_block - DEBUG - html_block.html_block:35 - entering html_block: StateBlock(line=77,level=0,tokens=50), 79, 205, True
2025-12-28 19:37:37 - 20251228_193737_08d5b1f3 - markdown_it.rules_block.heading - DEBUG - heading.heading:13 - entering heading: StateBlock(line=77,level=0,tokens=50), 79, 205, True
2025-12-28 19:37:37 - 20251228_193737_08d5b1f3 - markdown_it.rules_block.paragraph - DEBUG - paragraph.paragraph:10 - entering paragraph: StateBlock(line=77,level=0,tokens=50), 77, 205, False
2025-12-28 19:37:37 - 20251228_193737_08d5b1f3 - markdown_it.rules_block.fence - DEBUG - fence.fence:10 - entering fence: StateBlock(line=77,level=0,tokens=50), 78, 205, True
2025-12-28 19:37:37 - 20251228_193737_08d5b1f3 - markdown_it.rules_block.blockquote - DEBUG - blockquote.blockquote:13 - entering blockquote: StateBlock(line=77,level=0,tokens=50), 78, 205, True
2025-12-28 19:37:37 - 20251228_193737_08d5b1f3 - markdown_it.rules_block.hr - DEBUG - hr.hr:14 - entering hr: StateBlock(line=77,level=0,tokens=50), 78, 205, True
2025-12-28 19:37:37 - 20251228_193737_08d5b1f3 - markdown_it.rules_block.list - DEBUG - list.list_block:102 - entering list: StateBlock(line=77,level=0,tokens=50), 78, 205, True
2025-12-28 19:37:37 - 20251228_193737_08d5b1f3 - markdown_it.rules_block.html_block - DEBUG - html_block.html_block:35 - entering html_block: StateBlock(line=77,level=0,tokens=50), 78, 205, True
2025-12-28 19:37:37 - 20251228_193737_08d5b1f3 - markdown_it.rules_block.heading - DEBUG - heading.heading:13 - entering heading: StateBlock(line=77,level=0,tokens=50), 78, 205, True
2025-12-28 19:37:37 - 20251228_193737_08d5b1f3 - markdown_it.rules_block.fence - DEBUG - fence.fence:10 - entering fence: StateBlock(line=77,level=0,tokens=50), 79, 205, True
2025-12-28 19:37:37 - 20251228_193737_08d5b1f3 - markdown_it.rules_block.blockquote - DEBUG - blockquote.blockquote:13 - entering blockquote: StateBlock(line=77,level=0,tokens=50), 79, 205, True
2025-12-28 19:37:37 - 20251228_193737_08d5b1f3 - markdown_it.rules_block.hr - DEBUG - hr.hr:14 - entering hr: StateBlock(line=77,level=0,tokens=50), 79, 205, True
2025-12-28 19:37:37 - 20251228_193737_08d5b1f3 - markdown_it.rules_block.list - DEBUG - list.list_block:102 - entering list: StateBlock(line=77,level=0,tokens=50), 79, 205, True
2025-12-28 19:37:37 - 20251228_193737_08d5b1f3 - markdown_it.rules_block.html_block - DEBUG - html_block.html_block:35 - entering html_block: StateBlock(line=77,level=0,tokens=50), 79, 205, True
2025-12-28 19:37:37 - 20251228_193737_08d5b1f3 - markdown_it.rules_block.heading - DEBUG - heading.heading:13 - entering heading: StateBlock(line=77,level=0,tokens=50), 79, 205, True
2025-12-28 19:37:37 - 20251228_193737_08d5b1f3 - markdown_it.rules_block.code - DEBUG - code.code:10 - entering code: StateBlock(line=81,level=0,tokens=53), 81, 205, False
2025-12-28 19:37:37 - 20251228_193737_08d5b1f3 - markdown_it.rules_block.fence - DEBUG - fence.fence:10 - entering fence: StateBlock(line=81,level=0,tokens=53), 81, 205, False
2025-12-28 19:37:37 - 20251228_193737_08d5b1f3 - markdown_it.rules_block.blockquote - DEBUG - blockquote.blockquote:13 - entering blockquote: StateBlock(line=81,level=0,tokens=53), 81, 205, False
2025-12-28 19:37:37 - 20251228_193737_08d5b1f3 - markdown_it.rules_block.hr - DEBUG - hr.hr:14 - entering hr: StateBlock(line=81,level=0,tokens=53), 81, 205, False
2025-12-28 19:37:37 - 20251228_193737_08d5b1f3 - markdown_it.rules_block.list - DEBUG - list.list_block:102 - entering list: StateBlock(line=81,level=0,tokens=53), 81, 205, False
2025-12-28 19:37:37 - 20251228_193737_08d5b1f3 - markdown_it.rules_block.reference - DEBUG - reference.reference:10 - entering reference: StateBlock(line=81,level=0,tokens=53), 81, 205, False
2025-12-28 19:37:37 - 20251228_193737_08d5b1f3 - markdown_it.rules_block.html_block - DEBUG - html_block.html_block:35 - entering html_block: StateBlock(line=81,level=0,tokens=53), 81, 205, False
2025-12-28 19:37:37 - 20251228_193737_08d5b1f3 - markdown_it.rules_block.heading - DEBUG - heading.heading:13 - entering heading: StateBlock(line=81,level=0,tokens=53), 81, 205, False
2025-12-28 19:37:37 - 20251228_193737_08d5b1f3 - markdown_it.rules_block.lheading - DEBUG - lheading.lheading:10 - entering lheading: StateBlock(line=81,level=0,tokens=53), 81, 205, False
2025-12-28 19:37:37 - 20251228_193737_08d5b1f3 - markdown_it.rules_block.fence - DEBUG - fence.fence:10 - entering fence: StateBlock(line=81,level=0,tokens=53), 82, 205, True
2025-12-28 19:37:37 - 20251228_193737_08d5b1f3 - markdown_it.rules_block.blockquote - DEBUG - blockquote.blockquote:13 - entering blockquote: StateBlock(line=81,level=0,tokens=53), 82, 205, True
2025-12-28 19:37:37 - 20251228_193737_08d5b1f3 - markdown_it.rules_block.hr - DEBUG - hr.hr:14 - entering hr: StateBlock(line=81,level=0,tokens=53), 82, 205, True
2025-12-28 19:37:37 - 20251228_193737_08d5b1f3 - markdown_it.rules_block.list - DEBUG - list.list_block:102 - entering list: StateBlock(line=81,level=0,tokens=53), 82, 205, True
2025-12-28 19:37:37 - 20251228_193737_08d5b1f3 - markdown_it.rules_block.html_block - DEBUG - html_block.html_block:35 - entering html_block: StateBlock(line=81,level=0,tokens=53), 82, 205, True
2025-12-28 19:37:37 - 20251228_193737_08d5b1f3 - markdown_it.rules_block.heading - DEBUG - heading.heading:13 - entering heading: StateBlock(line=81,level=0,tokens=53), 82, 205, True
2025-12-28 19:37:37 - 20251228_193737_08d5b1f3 - markdown_it.rules_block.fence - DEBUG - fence.fence:10 - entering fence: StateBlock(line=81,level=0,tokens=53), 83, 205, True
2025-12-28 19:37:37 - 20251228_193737_08d5b1f3 - markdown_it.rules_block.blockquote - DEBUG - blockquote.blockquote:13 - entering blockquote: StateBlock(line=81,level=0,tokens=53), 83, 205, True
2025-12-28 19:37:37 - 20251228_193737_08d5b1f3 - markdown_it.rules_block.hr - DEBUG - hr.hr:14 - entering hr: StateBlock(line=81,level=0,tokens=53), 83, 205, True
2025-12-28 19:37:37 - 20251228_193737_08d5b1f3 - markdown_it.rules_block.list - DEBUG - list.list_block:102 - entering list: StateBlock(line=81,level=0,tokens=53), 83, 205, True
2025-12-28 19:37:37 - 20251228_193737_08d5b1f3 - markdown_it.rules_block.html_block - DEBUG - html_block.html_block:35 - entering html_block: StateBlock(line=81,level=0,tokens=53), 83, 205, True
2025-12-28 19:37:37 - 20251228_193737_08d5b1f3 - markdown_it.rules_block.heading - DEBUG - heading.heading:13 - entering heading: StateBlock(line=81,level=0,tokens=53), 83, 205, True
2025-12-28 19:37:37 - 20251228_193737_08d5b1f3 - markdown_it.rules_block.paragraph - DEBUG - paragraph.paragraph:10 - entering paragraph: StateBlock(line=81,level=0,tokens=53), 81, 205, False
2025-12-28 19:37:37 - 20251228_193737_08d5b1f3 - markdown_it.rules_block.fence - DEBUG - fence.fence:10 - entering fence: StateBlock(line=81,level=0,tokens=53), 82, 205, True
2025-12-28 19:37:37 - 20251228_193737_08d5b1f3 - markdown_it.rules_block.blockquote - DEBUG - blockquote.blockquote:13 - entering blockquote: StateBlock(line=81,level=0,tokens=53), 82, 205, True
2025-12-28 19:37:37 - 20251228_193737_08d5b1f3 - markdown_it.rules_block.hr - DEBUG - hr.hr:14 - entering hr: StateBlock(line=81,level=0,tokens=53), 82, 205, True
2025-12-28 19:37:37 - 20251228_193737_08d5b1f3 - markdown_it.rules_block.list - DEBUG - list.list_block:102 - entering list: StateBlock(line=81,level=0,tokens=53), 82, 205, True
2025-12-28 19:37:37 - 20251228_193737_08d5b1f3 - markdown_it.rules_block.html_block - DEBUG - html_block.html_block:35 - entering html_block: StateBlock(line=81,level=0,tokens=53), 82, 205, True
2025-12-28 19:37:37 - 20251228_193737_08d5b1f3 - markdown_it.rules_block.heading - DEBUG - heading.heading:13 - entering heading: StateBlock(line=81,level=0,tokens=53), 82, 205, True
2025-12-28 19:37:37 - 20251228_193737_08d5b1f3 - markdown_it.rules_block.fence - DEBUG - fence.fence:10 - entering fence: StateBlock(line=81,level=0,tokens=53), 83, 205, True
2025-12-28 19:37:37 - 20251228_193737_08d5b1f3 - markdown_it.rules_block.blockquote - DEBUG - blockquote.blockquote:13 - entering blockquote: StateBlock(line=81,level=0,tokens=53), 83, 205, True
2025-12-28 19:37:37 - 20251228_193737_08d5b1f3 - markdown_it.rules_block.hr - DEBUG - hr.hr:14 - entering hr: StateBlock(line=81,level=0,tokens=53), 83, 205, True
2025-12-28 19:37:37 - 20251228_193737_08d5b1f3 - markdown_it.rules_block.list - DEBUG - list.list_block:102 - entering list: StateBlock(line=81,level=0,tokens=53), 83, 205, True
2025-12-28 19:37:37 - 20251228_193737_08d5b1f3 - markdown_it.rules_block.html_block - DEBUG - html_block.html_block:35 - entering html_block: StateBlock(line=81,level=0,tokens=53), 83, 205, True
2025-12-28 19:37:37 - 20251228_193737_08d5b1f3 - markdown_it.rules_block.heading - DEBUG - heading.heading:13 - entering heading: StateBlock(line=81,level=0,tokens=53), 83, 205, True
2025-12-28 19:37:37 - 20251228_193737_08d5b1f3 - markdown_it.rules_block.code - DEBUG - code.code:10 - entering code: StateBlock(line=85,level=0,tokens=56), 85, 205, False
2025-12-28 19:37:37 - 20251228_193737_08d5b1f3 - markdown_it.rules_block.fence - DEBUG - fence.fence:10 - entering fence: StateBlock(line=85,level=0,tokens=56), 85, 205, False
2025-12-28 19:37:37 - 20251228_193737_08d5b1f3 - markdown_it.rules_block.blockquote - DEBUG - blockquote.blockquote:13 - entering blockquote: StateBlock(line=85,level=0,tokens=56), 85, 205, False
2025-12-28 19:37:37 - 20251228_193737_08d5b1f3 - markdown_it.rules_block.hr - DEBUG - hr.hr:14 - entering hr: StateBlock(line=85,level=0,tokens=56), 85, 205, False
2025-12-28 19:37:37 - 20251228_193737_08d5b1f3 - markdown_it.rules_block.list - DEBUG - list.list_block:102 - entering list: StateBlock(line=85,level=0,tokens=56), 85, 205, False
2025-12-28 19:37:37 - 20251228_193737_08d5b1f3 - markdown_it.rules_block.reference - DEBUG - reference.reference:10 - entering reference: StateBlock(line=85,level=0,tokens=56), 85, 205, False
2025-12-28 19:37:37 - 20251228_193737_08d5b1f3 - markdown_it.rules_block.html_block - DEBUG - html_block.html_block:35 - entering html_block: StateBlock(line=85,level=0,tokens=56), 85, 205, False
2025-12-28 19:37:37 - 20251228_193737_08d5b1f3 - markdown_it.rules_block.heading - DEBUG - heading.heading:13 - entering heading: StateBlock(line=85,level=0,tokens=56), 85, 205, False
2025-12-28 19:37:37 - 20251228_193737_08d5b1f3 - markdown_it.rules_block.lheading - DEBUG - lheading.lheading:10 - entering lheading: StateBlock(line=85,level=0,tokens=56), 85, 205, False
2025-12-28 19:37:37 - 20251228_193737_08d5b1f3 - markdown_it.rules_block.fence - DEBUG - fence.fence:10 - entering fence: StateBlock(line=85,level=0,tokens=56), 86, 205, True
2025-12-28 19:37:37 - 20251228_193737_08d5b1f3 - markdown_it.rules_block.blockquote - DEBUG - blockquote.blockquote:13 - entering blockquote: StateBlock(line=85,level=0,tokens=56), 86, 205, True
2025-12-28 19:37:37 - 20251228_193737_08d5b1f3 - markdown_it.rules_block.hr - DEBUG - hr.hr:14 - entering hr: StateBlock(line=85,level=0,tokens=56), 86, 205, True
2025-12-28 19:37:37 - 20251228_193737_08d5b1f3 - markdown_it.rules_block.list - DEBUG - list.list_block:102 - entering list: StateBlock(line=85,level=0,tokens=56), 86, 205, True
2025-12-28 19:37:37 - 20251228_193737_08d5b1f3 - markdown_it.rules_block.html_block - DEBUG - html_block.html_block:35 - entering html_block: StateBlock(line=85,level=0,tokens=56), 86, 205, True
2025-12-28 19:37:37 - 20251228_193737_08d5b1f3 - markdown_it.rules_block.heading - DEBUG - heading.heading:13 - entering heading: StateBlock(line=85,level=0,tokens=56), 86, 205, True
2025-12-28 19:37:37 - 20251228_193737_08d5b1f3 - markdown_it.rules_block.fence - DEBUG - fence.fence:10 - entering fence: StateBlock(line=85,level=0,tokens=56), 87, 205, True
2025-12-28 19:37:37 - 20251228_193737_08d5b1f3 - markdown_it.rules_block.blockquote - DEBUG - blockquote.blockquote:13 - entering blockquote: StateBlock(line=85,level=0,tokens=56), 87, 205, True
2025-12-28 19:37:37 - 20251228_193737_08d5b1f3 - markdown_it.rules_block.hr - DEBUG - hr.hr:14 - entering hr: StateBlock(line=85,level=0,tokens=56), 87, 205, True
2025-12-28 19:37:37 - 20251228_193737_08d5b1f3 - markdown_it.rules_block.list - DEBUG - list.list_block:102 - entering list: StateBlock(line=85,level=0,tokens=56), 87, 205, True
2025-12-28 19:37:37 - 20251228_193737_08d5b1f3 - markdown_it.rules_block.html_block - DEBUG - html_block.html_block:35 - entering html_block: StateBlock(line=85,level=0,tokens=56), 87, 205, True
2025-12-28 19:37:37 - 20251228_193737_08d5b1f3 - markdown_it.rules_block.heading - DEBUG - heading.heading:13 - entering heading: StateBlock(line=85,level=0,tokens=56), 87, 205, True
2025-12-28 19:37:37 - 20251228_193737_08d5b1f3 - markdown_it.rules_block.paragraph - DEBUG - paragraph.paragraph:10 - entering paragraph: StateBlock(line=85,level=0,tokens=56), 85, 205, False
2025-12-28 19:37:37 - 20251228_193737_08d5b1f3 - markdown_it.rules_block.fence - DEBUG - fence.fence:10 - entering fence: StateBlock(line=85,level=0,tokens=56), 86, 205, True
2025-12-28 19:37:37 - 20251228_193737_08d5b1f3 - markdown_it.rules_block.blockquote - DEBUG - blockquote.blockquote:13 - entering blockquote: StateBlock(line=85,level=0,tokens=56), 86, 205, True
2025-12-28 19:37:37 - 20251228_193737_08d5b1f3 - markdown_it.rules_block.hr - DEBUG - hr.hr:14 - entering hr: StateBlock(line=85,level=0,tokens=56), 86, 205, True
2025-12-28 19:37:37 - 20251228_193737_08d5b1f3 - markdown_it.rules_block.list - DEBUG - list.list_block:102 - entering list: StateBlock(line=85,level=0,tokens=56), 86, 205, True
2025-12-28 19:37:37 - 20251228_193737_08d5b1f3 - markdown_it.rules_block.html_block - DEBUG - html_block.html_block:35 - entering html_block: StateBlock(line=85,level=0,tokens=56), 86, 205, True
2025-12-28 19:37:37 - 20251228_193737_08d5b1f3 - markdown_it.rules_block.heading - DEBUG - heading.heading:13 - entering heading: StateBlock(line=85,level=0,tokens=56), 86, 205, True
2025-12-28 19:37:37 - 20251228_193737_08d5b1f3 - markdown_it.rules_block.fence - DEBUG - fence.fence:10 - entering fence: StateBlock(line=85,level=0,tokens=56), 87, 205, True
2025-12-28 19:37:37 - 20251228_193737_08d5b1f3 - markdown_it.rules_block.blockquote - DEBUG - blockquote.blockquote:13 - entering blockquote: StateBlock(line=85,level=0,tokens=56), 87, 205, True
2025-12-28 19:37:37 - 20251228_193737_08d5b1f3 - markdown_it.rules_block.hr - DEBUG - hr.hr:14 - entering hr: StateBlock(line=85,level=0,tokens=56), 87, 205, True
2025-12-28 19:37:37 - 20251228_193737_08d5b1f3 - markdown_it.rules_block.list - DEBUG - list.list_block:102 - entering list: StateBlock(line=85,level=0,tokens=56), 87, 205, True
2025-12-28 19:37:37 - 20251228_193737_08d5b1f3 - markdown_it.rules_block.html_block - DEBUG - html_block.html_block:35 - entering html_block: StateBlock(line=85,level=0,tokens=56), 87, 205, True
2025-12-28 19:37:37 - 20251228_193737_08d5b1f3 - markdown_it.rules_block.heading - DEBUG - heading.heading:13 - entering heading: StateBlock(line=85,level=0,tokens=56), 87, 205, True
2025-12-28 19:37:37 - 20251228_193737_08d5b1f3 - markdown_it.rules_block.code - DEBUG - code.code:10 - entering code: StateBlock(line=89,level=0,tokens=59), 89, 205, False
2025-12-28 19:37:37 - 20251228_193737_08d5b1f3 - markdown_it.rules_block.fence - DEBUG - fence.fence:10 - entering fence: StateBlock(line=89,level=0,tokens=59), 89, 205, False
2025-12-28 19:37:37 - 20251228_193737_08d5b1f3 - markdown_it.rules_block.blockquote - DEBUG - blockquote.blockquote:13 - entering blockquote: StateBlock(line=89,level=0,tokens=59), 89, 205, False
2025-12-28 19:37:37 - 20251228_193737_08d5b1f3 - markdown_it.rules_block.hr - DEBUG - hr.hr:14 - entering hr: StateBlock(line=89,level=0,tokens=59), 89, 205, False
2025-12-28 19:37:37 - 20251228_193737_08d5b1f3 - markdown_it.rules_block.list - DEBUG - list.list_block:102 - entering list: StateBlock(line=89,level=0,tokens=59), 89, 205, False
2025-12-28 19:37:37 - 20251228_193737_08d5b1f3 - markdown_it.rules_block.reference - DEBUG - reference.reference:10 - entering reference: StateBlock(line=89,level=0,tokens=59), 89, 205, False
2025-12-28 19:37:37 - 20251228_193737_08d5b1f3 - markdown_it.rules_block.html_block - DEBUG - html_block.html_block:35 - entering html_block: StateBlock(line=89,level=0,tokens=59), 89, 205, False
2025-12-28 19:37:37 - 20251228_193737_08d5b1f3 - markdown_it.rules_block.heading - DEBUG - heading.heading:13 - entering heading: StateBlock(line=89,level=0,tokens=59), 89, 205, False
2025-12-28 19:37:37 - 20251228_193737_08d5b1f3 - markdown_it.rules_block.lheading - DEBUG - lheading.lheading:10 - entering lheading: StateBlock(line=89,level=0,tokens=59), 89, 205, False
2025-12-28 19:37:37 - 20251228_193737_08d5b1f3 - markdown_it.rules_block.fence - DEBUG - fence.fence:10 - entering fence: StateBlock(line=89,level=0,tokens=59), 90, 205, True
2025-12-28 19:37:37 - 20251228_193737_08d5b1f3 - markdown_it.rules_block.blockquote - DEBUG - blockquote.blockquote:13 - entering blockquote: StateBlock(line=89,level=0,tokens=59), 90, 205, True
2025-12-28 19:37:37 - 20251228_193737_08d5b1f3 - markdown_it.rules_block.hr - DEBUG - hr.hr:14 - entering hr: StateBlock(line=89,level=0,tokens=59), 90, 205, True
2025-12-28 19:37:37 - 20251228_193737_08d5b1f3 - markdown_it.rules_block.list - DEBUG - list.list_block:102 - entering list: StateBlock(line=89,level=0,tokens=59), 90, 205, True
2025-12-28 19:37:37 - 20251228_193737_08d5b1f3 - markdown_it.rules_block.html_block - DEBUG - html_block.html_block:35 - entering html_block: StateBlock(line=89,level=0,tokens=59), 90, 205, True
2025-12-28 19:37:37 - 20251228_193737_08d5b1f3 - markdown_it.rules_block.heading - DEBUG - heading.heading:13 - entering heading: StateBlock(line=89,level=0,tokens=59), 90, 205, True
2025-12-28 19:37:37 - 20251228_193737_08d5b1f3 - markdown_it.rules_block.fence - DEBUG - fence.fence:10 - entering fence: StateBlock(line=89,level=0,tokens=59), 91, 205, True
2025-12-28 19:37:37 - 20251228_193737_08d5b1f3 - markdown_it.rules_block.blockquote - DEBUG - blockquote.blockquote:13 - entering blockquote: StateBlock(line=89,level=0,tokens=59), 91, 205, True
2025-12-28 19:37:37 - 20251228_193737_08d5b1f3 - markdown_it.rules_block.hr - DEBUG - hr.hr:14 - entering hr: StateBlock(line=89,level=0,tokens=59), 91, 205, True
2025-12-28 19:37:37 - 20251228_193737_08d5b1f3 - markdown_it.rules_block.list - DEBUG - list.list_block:102 - entering list: StateBlock(line=89,level=0,tokens=59), 91, 205, True
2025-12-28 19:37:37 - 20251228_193737_08d5b1f3 - markdown_it.rules_block.html_block - DEBUG - html_block.html_block:35 - entering html_block: StateBlock(line=89,level=0,tokens=59), 91, 205, True
2025-12-28 19:37:37 - 20251228_193737_08d5b1f3 - markdown_it.rules_block.heading - DEBUG - heading.heading:13 - entering heading: StateBlock(line=89,level=0,tokens=59), 91, 205, True
2025-12-28 19:37:37 - 20251228_193737_08d5b1f3 - markdown_it.rules_block.paragraph - DEBUG - paragraph.paragraph:10 - entering paragraph: StateBlock(line=89,level=0,tokens=59), 89, 205, False
2025-12-28 19:37:37 - 20251228_193737_08d5b1f3 - markdown_it.rules_block.fence - DEBUG - fence.fence:10 - entering fence: StateBlock(line=89,level=0,tokens=59), 90, 205, True
2025-12-28 19:37:37 - 20251228_193737_08d5b1f3 - markdown_it.rules_block.blockquote - DEBUG - blockquote.blockquote:13 - entering blockquote: StateBlock(line=89,level=0,tokens=59), 90, 205, True
2025-12-28 19:37:37 - 20251228_193737_08d5b1f3 - markdown_it.rules_block.hr - DEBUG - hr.hr:14 - entering hr: StateBlock(line=89,level=0,tokens=59), 90, 205, True
2025-12-28 19:37:37 - 20251228_193737_08d5b1f3 - markdown_it.rules_block.list - DEBUG - list.list_block:102 - entering list: StateBlock(line=89,level=0,tokens=59), 90, 205, True
2025-12-28 19:37:37 - 20251228_193737_08d5b1f3 - markdown_it.rules_block.html_block - DEBUG - html_block.html_block:35 - entering html_block: StateBlock(line=89,level=0,tokens=59), 90, 205, True
2025-12-28 19:37:37 - 20251228_193737_08d5b1f3 - markdown_it.rules_block.heading - DEBUG - heading.heading:13 - entering heading: StateBlock(line=89,level=0,tokens=59), 90, 205, True
2025-12-28 19:37:37 - 20251228_193737_08d5b1f3 - markdown_it.rules_block.fence - DEBUG - fence.fence:10 - entering fence: StateBlock(line=89,level=0,tokens=59), 91, 205, True
2025-12-28 19:37:37 - 20251228_193737_08d5b1f3 - markdown_it.rules_block.blockquote - DEBUG - blockquote.blockquote:13 - entering blockquote: StateBlock(line=89,level=0,tokens=59), 91, 205, True
2025-12-28 19:37:37 - 20251228_193737_08d5b1f3 - markdown_it.rules_block.hr - DEBUG - hr.hr:14 - entering hr: StateBlock(line=89,level=0,tokens=59), 91, 205, True
2025-12-28 19:37:37 - 20251228_193737_08d5b1f3 - markdown_it.rules_block.list - DEBUG - list.list_block:102 - entering list: StateBlock(line=89,level=0,tokens=59), 91, 205, True
2025-12-28 19:37:37 - 20251228_193737_08d5b1f3 - markdown_it.rules_block.html_block - DEBUG - html_block.html_block:35 - entering html_block: StateBlock(line=89,level=0,tokens=59), 91, 205, True
2025-12-28 19:37:37 - 20251228_193737_08d5b1f3 - markdown_it.rules_block.heading - DEBUG - heading.heading:13 - entering heading: StateBlock(line=89,level=0,tokens=59), 91, 205, True
2025-12-28 19:37:37 - 20251228_193737_08d5b1f3 - markdown_it.rules_block.code - DEBUG - code.code:10 - entering code: StateBlock(line=93,level=0,tokens=62), 93, 205, False
2025-12-28 19:37:37 - 20251228_193737_08d5b1f3 - markdown_it.rules_block.fence - DEBUG - fence.fence:10 - entering fence: StateBlock(line=93,level=0,tokens=62), 93, 205, False
2025-12-28 19:37:37 - 20251228_193737_08d5b1f3 - markdown_it.rules_block.blockquote - DEBUG - blockquote.blockquote:13 - entering blockquote: StateBlock(line=93,level=0,tokens=62), 93, 205, False
2025-12-28 19:37:37 - 20251228_193737_08d5b1f3 - markdown_it.rules_block.hr - DEBUG - hr.hr:14 - entering hr: StateBlock(line=93,level=0,tokens=62), 93, 205, False
2025-12-28 19:37:37 - 20251228_193737_08d5b1f3 - markdown_it.rules_block.list - DEBUG - list.list_block:102 - entering list: StateBlock(line=93,level=0,tokens=62), 93, 205, False
2025-12-28 19:37:37 - 20251228_193737_08d5b1f3 - markdown_it.rules_block.reference - DEBUG - reference.reference:10 - entering reference: StateBlock(line=93,level=0,tokens=62), 93, 205, False
2025-12-28 19:37:37 - 20251228_193737_08d5b1f3 - markdown_it.rules_block.html_block - DEBUG - html_block.html_block:35 - entering html_block: StateBlock(line=93,level=0,tokens=62), 93, 205, False
2025-12-28 19:37:37 - 20251228_193737_08d5b1f3 - markdown_it.rules_block.heading - DEBUG - heading.heading:13 - entering heading: StateBlock(line=93,level=0,tokens=62), 93, 205, False
2025-12-28 19:37:37 - 20251228_193737_08d5b1f3 - markdown_it.rules_block.lheading - DEBUG - lheading.lheading:10 - entering lheading: StateBlock(line=93,level=0,tokens=62), 93, 205, False
2025-12-28 19:37:37 - 20251228_193737_08d5b1f3 - markdown_it.rules_block.fence - DEBUG - fence.fence:10 - entering fence: StateBlock(line=93,level=0,tokens=62), 94, 205, True
2025-12-28 19:37:37 - 20251228_193737_08d5b1f3 - markdown_it.rules_block.blockquote - DEBUG - blockquote.blockquote:13 - entering blockquote: StateBlock(line=93,level=0,tokens=62), 94, 205, True
2025-12-28 19:37:37 - 20251228_193737_08d5b1f3 - markdown_it.rules_block.hr - DEBUG - hr.hr:14 - entering hr: StateBlock(line=93,level=0,tokens=62), 94, 205, True
2025-12-28 19:37:37 - 20251228_193737_08d5b1f3 - markdown_it.rules_block.list - DEBUG - list.list_block:102 - entering list: StateBlock(line=93,level=0,tokens=62), 94, 205, True
2025-12-28 19:37:37 - 20251228_193737_08d5b1f3 - markdown_it.rules_block.html_block - DEBUG - html_block.html_block:35 - entering html_block: StateBlock(line=93,level=0,tokens=62), 94, 205, True
2025-12-28 19:37:37 - 20251228_193737_08d5b1f3 - markdown_it.rules_block.heading - DEBUG - heading.heading:13 - entering heading: StateBlock(line=93,level=0,tokens=62), 94, 205, True
2025-12-28 19:37:37 - 20251228_193737_08d5b1f3 - markdown_it.rules_block.fence - DEBUG - fence.fence:10 - entering fence: StateBlock(line=93,level=0,tokens=62), 95, 205, True
2025-12-28 19:37:37 - 20251228_193737_08d5b1f3 - markdown_it.rules_block.blockquote - DEBUG - blockquote.blockquote:13 - entering blockquote: StateBlock(line=93,level=0,tokens=62), 95, 205, True
2025-12-28 19:37:37 - 20251228_193737_08d5b1f3 - markdown_it.rules_block.hr - DEBUG - hr.hr:14 - entering hr: StateBlock(line=93,level=0,tokens=62), 95, 205, True
2025-12-28 19:37:37 - 20251228_193737_08d5b1f3 - markdown_it.rules_block.list - DEBUG - list.list_block:102 - entering list: StateBlock(line=93,level=0,tokens=62), 95, 205, True
2025-12-28 19:37:37 - 20251228_193737_08d5b1f3 - markdown_it.rules_block.html_block - DEBUG - html_block.html_block:35 - entering html_block: StateBlock(line=93,level=0,tokens=62), 95, 205, True
2025-12-28 19:37:37 - 20251228_193737_08d5b1f3 - markdown_it.rules_block.heading - DEBUG - heading.heading:13 - entering heading: StateBlock(line=93,level=0,tokens=62), 95, 205, True
2025-12-28 19:37:37 - 20251228_193737_08d5b1f3 - markdown_it.rules_block.paragraph - DEBUG - paragraph.paragraph:10 - entering paragraph: StateBlock(line=93,level=0,tokens=62), 93, 205, False
2025-12-28 19:37:37 - 20251228_193737_08d5b1f3 - markdown_it.rules_block.fence - DEBUG - fence.fence:10 - entering fence: StateBlock(line=93,level=0,tokens=62), 94, 205, True
2025-12-28 19:37:37 - 20251228_193737_08d5b1f3 - markdown_it.rules_block.blockquote - DEBUG - blockquote.blockquote:13 - entering blockquote: StateBlock(line=93,level=0,tokens=62), 94, 205, True
2025-12-28 19:37:37 - 20251228_193737_08d5b1f3 - markdown_it.rules_block.hr - DEBUG - hr.hr:14 - entering hr: StateBlock(line=93,level=0,tokens=62), 94, 205, True
2025-12-28 19:37:37 - 20251228_193737_08d5b1f3 - markdown_it.rules_block.list - DEBUG - list.list_block:102 - entering list: StateBlock(line=93,level=0,tokens=62), 94, 205, True
2025-12-28 19:37:37 - 20251228_193737_08d5b1f3 - markdown_it.rules_block.html_block - DEBUG - html_block.html_block:35 - entering html_block: StateBlock(line=93,level=0,tokens=62), 94, 205, True
2025-12-28 19:37:37 - 20251228_193737_08d5b1f3 - markdown_it.rules_block.heading - DEBUG - heading.heading:13 - entering heading: StateBlock(line=93,level=0,tokens=62), 94, 205, True
2025-12-28 19:37:37 - 20251228_193737_08d5b1f3 - markdown_it.rules_block.fence - DEBUG - fence.fence:10 - entering fence: StateBlock(line=93,level=0,tokens=62), 95, 205, True
2025-12-28 19:37:37 - 20251228_193737_08d5b1f3 - markdown_it.rules_block.blockquote - DEBUG - blockquote.blockquote:13 - entering blockquote: StateBlock(line=93,level=0,tokens=62), 95, 205, True
2025-12-28 19:37:37 - 20251228_193737_08d5b1f3 - markdown_it.rules_block.hr - DEBUG - hr.hr:14 - entering hr: StateBlock(line=93,level=0,tokens=62), 95, 205, True
2025-12-28 19:37:37 - 20251228_193737_08d5b1f3 - markdown_it.rules_block.list - DEBUG - list.list_block:102 - entering list: StateBlock(line=93,level=0,tokens=62), 95, 205, True
2025-12-28 19:37:37 - 20251228_193737_08d5b1f3 - markdown_it.rules_block.html_block - DEBUG - html_block.html_block:35 - entering html_block: StateBlock(line=93,level=0,tokens=62), 95, 205, True
2025-12-28 19:37:37 - 20251228_193737_08d5b1f3 - markdown_it.rules_block.heading - DEBUG - heading.heading:13 - entering heading: StateBlock(line=93,level=0,tokens=62), 95, 205, True
2025-12-28 19:37:37 - 20251228_193737_08d5b1f3 - markdown_it.rules_block.code - DEBUG - code.code:10 - entering code: StateBlock(line=97,level=0,tokens=65), 97, 205, False
2025-12-28 19:37:37 - 20251228_193737_08d5b1f3 - markdown_it.rules_block.fence - DEBUG - fence.fence:10 - entering fence: StateBlock(line=97,level=0,tokens=65), 97, 205, False
2025-12-28 19:37:37 - 20251228_193737_08d5b1f3 - markdown_it.rules_block.blockquote - DEBUG - blockquote.blockquote:13 - entering blockquote: StateBlock(line=97,level=0,tokens=65), 97, 205, False
2025-12-28 19:37:37 - 20251228_193737_08d5b1f3 - markdown_it.rules_block.hr - DEBUG - hr.hr:14 - entering hr: StateBlock(line=97,level=0,tokens=65), 97, 205, False
2025-12-28 19:37:37 - 20251228_193737_08d5b1f3 - markdown_it.rules_block.list - DEBUG - list.list_block:102 - entering list: StateBlock(line=97,level=0,tokens=65), 97, 205, False
2025-12-28 19:37:37 - 20251228_193737_08d5b1f3 - markdown_it.rules_block.reference - DEBUG - reference.reference:10 - entering reference: StateBlock(line=97,level=0,tokens=65), 97, 205, False
2025-12-28 19:37:37 - 20251228_193737_08d5b1f3 - markdown_it.rules_block.html_block - DEBUG - html_block.html_block:35 - entering html_block: StateBlock(line=97,level=0,tokens=65), 97, 205, False
2025-12-28 19:37:37 - 20251228_193737_08d5b1f3 - markdown_it.rules_block.heading - DEBUG - heading.heading:13 - entering heading: StateBlock(line=97,level=0,tokens=65), 97, 205, False
2025-12-28 19:37:37 - 20251228_193737_08d5b1f3 - markdown_it.rules_block.lheading - DEBUG - lheading.lheading:10 - entering lheading: StateBlock(line=97,level=0,tokens=65), 97, 205, False
2025-12-28 19:37:37 - 20251228_193737_08d5b1f3 - markdown_it.rules_block.fence - DEBUG - fence.fence:10 - entering fence: StateBlock(line=97,level=0,tokens=65), 98, 205, True
2025-12-28 19:37:37 - 20251228_193737_08d5b1f3 - markdown_it.rules_block.blockquote - DEBUG - blockquote.blockquote:13 - entering blockquote: StateBlock(line=97,level=0,tokens=65), 98, 205, True
2025-12-28 19:37:37 - 20251228_193737_08d5b1f3 - markdown_it.rules_block.hr - DEBUG - hr.hr:14 - entering hr: StateBlock(line=97,level=0,tokens=65), 98, 205, True
2025-12-28 19:37:37 - 20251228_193737_08d5b1f3 - markdown_it.rules_block.list - DEBUG - list.list_block:102 - entering list: StateBlock(line=97,level=0,tokens=65), 98, 205, True
2025-12-28 19:37:37 - 20251228_193737_08d5b1f3 - markdown_it.rules_block.html_block - DEBUG - html_block.html_block:35 - entering html_block: StateBlock(line=97,level=0,tokens=65), 98, 205, True
2025-12-28 19:37:37 - 20251228_193737_08d5b1f3 - markdown_it.rules_block.heading - DEBUG - heading.heading:13 - entering heading: StateBlock(line=97,level=0,tokens=65), 98, 205, True
2025-12-28 19:37:37 - 20251228_193737_08d5b1f3 - markdown_it.rules_block.fence - DEBUG - fence.fence:10 - entering fence: StateBlock(line=97,level=0,tokens=65), 99, 205, True
2025-12-28 19:37:37 - 20251228_193737_08d5b1f3 - markdown_it.rules_block.blockquote - DEBUG - blockquote.blockquote:13 - entering blockquote: StateBlock(line=97,level=0,tokens=65), 99, 205, True
2025-12-28 19:37:37 - 20251228_193737_08d5b1f3 - markdown_it.rules_block.hr - DEBUG - hr.hr:14 - entering hr: StateBlock(line=97,level=0,tokens=65), 99, 205, True
2025-12-28 19:37:37 - 20251228_193737_08d5b1f3 - markdown_it.rules_block.list - DEBUG - list.list_block:102 - entering list: StateBlock(line=97,level=0,tokens=65), 99, 205, True
2025-12-28 19:37:37 - 20251228_193737_08d5b1f3 - markdown_it.rules_block.html_block - DEBUG - html_block.html_block:35 - entering html_block: StateBlock(line=97,level=0,tokens=65), 99, 205, True
2025-12-28 19:37:37 - 20251228_193737_08d5b1f3 - markdown_it.rules_block.heading - DEBUG - heading.heading:13 - entering heading: StateBlock(line=97,level=0,tokens=65), 99, 205, True
2025-12-28 19:37:37 - 20251228_193737_08d5b1f3 - markdown_it.rules_block.paragraph - DEBUG - paragraph.paragraph:10 - entering paragraph: StateBlock(line=97,level=0,tokens=65), 97, 205, False
2025-12-28 19:37:37 - 20251228_193737_08d5b1f3 - markdown_it.rules_block.fence - DEBUG - fence.fence:10 - entering fence: StateBlock(line=97,level=0,tokens=65), 98, 205, True
2025-12-28 19:37:37 - 20251228_193737_08d5b1f3 - markdown_it.rules_block.blockquote - DEBUG - blockquote.blockquote:13 - entering blockquote: StateBlock(line=97,level=0,tokens=65), 98, 205, True
2025-12-28 19:37:37 - 20251228_193737_08d5b1f3 - markdown_it.rules_block.hr - DEBUG - hr.hr:14 - entering hr: StateBlock(line=97,level=0,tokens=65), 98, 205, True
2025-12-28 19:37:37 - 20251228_193737_08d5b1f3 - markdown_it.rules_block.list - DEBUG - list.list_block:102 - entering list: StateBlock(line=97,level=0,tokens=65), 98, 205, True
2025-12-28 19:37:37 - 20251228_193737_08d5b1f3 - markdown_it.rules_block.html_block - DEBUG - html_block.html_block:35 - entering html_block: StateBlock(line=97,level=0,tokens=65), 98, 205, True
2025-12-28 19:37:37 - 20251228_193737_08d5b1f3 - markdown_it.rules_block.heading - DEBUG - heading.heading:13 - entering heading: StateBlock(line=97,level=0,tokens=65), 98, 205, True
2025-12-28 19:37:37 - 20251228_193737_08d5b1f3 - markdown_it.rules_block.fence - DEBUG - fence.fence:10 - entering fence: StateBlock(line=97,level=0,tokens=65), 99, 205, True
2025-12-28 19:37:37 - 20251228_193737_08d5b1f3 - markdown_it.rules_block.blockquote - DEBUG - blockquote.blockquote:13 - entering blockquote: StateBlock(line=97,level=0,tokens=65), 99, 205, True
2025-12-28 19:37:37 - 20251228_193737_08d5b1f3 - markdown_it.rules_block.hr - DEBUG - hr.hr:14 - entering hr: StateBlock(line=97,level=0,tokens=65), 99, 205, True
2025-12-28 19:37:37 - 20251228_193737_08d5b1f3 - markdown_it.rules_block.list - DEBUG - list.list_block:102 - entering list: StateBlock(line=97,level=0,tokens=65), 99, 205, True
2025-12-28 19:37:37 - 20251228_193737_08d5b1f3 - markdown_it.rules_block.html_block - DEBUG - html_block.html_block:35 - entering html_block: StateBlock(line=97,level=0,tokens=65), 99, 205, True
2025-12-28 19:37:37 - 20251228_193737_08d5b1f3 - markdown_it.rules_block.heading - DEBUG - heading.heading:13 - entering heading: StateBlock(line=97,level=0,tokens=65), 99, 205, True
2025-12-28 19:37:37 - 20251228_193737_08d5b1f3 - markdown_it.rules_block.code - DEBUG - code.code:10 - entering code: StateBlock(line=101,level=0,tokens=68), 101, 205, False
2025-12-28 19:37:37 - 20251228_193737_08d5b1f3 - markdown_it.rules_block.fence - DEBUG - fence.fence:10 - entering fence: StateBlock(line=101,level=0,tokens=68), 101, 205, False
2025-12-28 19:37:37 - 20251228_193737_08d5b1f3 - markdown_it.rules_block.blockquote - DEBUG - blockquote.blockquote:13 - entering blockquote: StateBlock(line=101,level=0,tokens=68), 101, 205, False
2025-12-28 19:37:37 - 20251228_193737_08d5b1f3 - markdown_it.rules_block.hr - DEBUG - hr.hr:14 - entering hr: StateBlock(line=101,level=0,tokens=68), 101, 205, False
2025-12-28 19:37:37 - 20251228_193737_08d5b1f3 - markdown_it.rules_block.list - DEBUG - list.list_block:102 - entering list: StateBlock(line=101,level=0,tokens=68), 101, 205, False
2025-12-28 19:37:37 - 20251228_193737_08d5b1f3 - markdown_it.rules_block.reference - DEBUG - reference.reference:10 - entering reference: StateBlock(line=101,level=0,tokens=68), 101, 205, False
2025-12-28 19:37:37 - 20251228_193737_08d5b1f3 - markdown_it.rules_block.html_block - DEBUG - html_block.html_block:35 - entering html_block: StateBlock(line=101,level=0,tokens=68), 101, 205, False
2025-12-28 19:37:37 - 20251228_193737_08d5b1f3 - markdown_it.rules_block.heading - DEBUG - heading.heading:13 - entering heading: StateBlock(line=101,level=0,tokens=68), 101, 205, False
2025-12-28 19:37:37 - 20251228_193737_08d5b1f3 - markdown_it.rules_block.lheading - DEBUG - lheading.lheading:10 - entering lheading: StateBlock(line=101,level=0,tokens=68), 101, 205, False
2025-12-28 19:37:37 - 20251228_193737_08d5b1f3 - markdown_it.rules_block.fence - DEBUG - fence.fence:10 - entering fence: StateBlock(line=101,level=0,tokens=68), 102, 205, True
2025-12-28 19:37:37 - 20251228_193737_08d5b1f3 - markdown_it.rules_block.blockquote - DEBUG - blockquote.blockquote:13 - entering blockquote: StateBlock(line=101,level=0,tokens=68), 102, 205, True
2025-12-28 19:37:37 - 20251228_193737_08d5b1f3 - markdown_it.rules_block.hr - DEBUG - hr.hr:14 - entering hr: StateBlock(line=101,level=0,tokens=68), 102, 205, True
2025-12-28 19:37:37 - 20251228_193737_08d5b1f3 - markdown_it.rules_block.list - DEBUG - list.list_block:102 - entering list: StateBlock(line=101,level=0,tokens=68), 102, 205, True
2025-12-28 19:37:37 - 20251228_193737_08d5b1f3 - markdown_it.rules_block.html_block - DEBUG - html_block.html_block:35 - entering html_block: StateBlock(line=101,level=0,tokens=68), 102, 205, True
2025-12-28 19:37:37 - 20251228_193737_08d5b1f3 - markdown_it.rules_block.heading - DEBUG - heading.heading:13 - entering heading: StateBlock(line=101,level=0,tokens=68), 102, 205, True
2025-12-28 19:37:37 - 20251228_193737_08d5b1f3 - markdown_it.rules_block.fence - DEBUG - fence.fence:10 - entering fence: StateBlock(line=101,level=0,tokens=68), 103, 205, True
2025-12-28 19:37:37 - 20251228_193737_08d5b1f3 - markdown_it.rules_block.blockquote - DEBUG - blockquote.blockquote:13 - entering blockquote: StateBlock(line=101,level=0,tokens=68), 103, 205, True
2025-12-28 19:37:37 - 20251228_193737_08d5b1f3 - markdown_it.rules_block.hr - DEBUG - hr.hr:14 - entering hr: StateBlock(line=101,level=0,tokens=68), 103, 205, True
2025-12-28 19:37:37 - 20251228_193737_08d5b1f3 - markdown_it.rules_block.list - DEBUG - list.list_block:102 - entering list: StateBlock(line=101,level=0,tokens=68), 103, 205, True
2025-12-28 19:37:37 - 20251228_193737_08d5b1f3 - markdown_it.rules_block.html_block - DEBUG - html_block.html_block:35 - entering html_block: StateBlock(line=101,level=0,tokens=68), 103, 205, True
2025-12-28 19:37:37 - 20251228_193737_08d5b1f3 - markdown_it.rules_block.heading - DEBUG - heading.heading:13 - entering heading: StateBlock(line=101,level=0,tokens=68), 103, 205, True
2025-12-28 19:37:37 - 20251228_193737_08d5b1f3 - markdown_it.rules_block.fence - DEBUG - fence.fence:10 - entering fence: StateBlock(line=101,level=0,tokens=68), 104, 205, True
2025-12-28 19:37:37 - 20251228_193737_08d5b1f3 - markdown_it.rules_block.blockquote - DEBUG - blockquote.blockquote:13 - entering blockquote: StateBlock(line=101,level=0,tokens=68), 104, 205, True
2025-12-28 19:37:37 - 20251228_193737_08d5b1f3 - markdown_it.rules_block.hr - DEBUG - hr.hr:14 - entering hr: StateBlock(line=101,level=0,tokens=68), 104, 205, True
2025-12-28 19:37:37 - 20251228_193737_08d5b1f3 - markdown_it.rules_block.list - DEBUG - list.list_block:102 - entering list: StateBlock(line=101,level=0,tokens=68), 104, 205, True
2025-12-28 19:37:37 - 20251228_193737_08d5b1f3 - markdown_it.rules_block.html_block - DEBUG - html_block.html_block:35 - entering html_block: StateBlock(line=101,level=0,tokens=68), 104, 205, True
2025-12-28 19:37:37 - 20251228_193737_08d5b1f3 - markdown_it.rules_block.heading - DEBUG - heading.heading:13 - entering heading: StateBlock(line=101,level=0,tokens=68), 104, 205, True
2025-12-28 19:37:37 - 20251228_193737_08d5b1f3 - markdown_it.rules_block.fence - DEBUG - fence.fence:10 - entering fence: StateBlock(line=101,level=0,tokens=68), 105, 205, True
2025-12-28 19:37:37 - 20251228_193737_08d5b1f3 - markdown_it.rules_block.blockquote - DEBUG - blockquote.blockquote:13 - entering blockquote: StateBlock(line=101,level=0,tokens=68), 105, 205, True
2025-12-28 19:37:37 - 20251228_193737_08d5b1f3 - markdown_it.rules_block.hr - DEBUG - hr.hr:14 - entering hr: StateBlock(line=101,level=0,tokens=68), 105, 205, True
2025-12-28 19:37:37 - 20251228_193737_08d5b1f3 - markdown_it.rules_block.list - DEBUG - list.list_block:102 - entering list: StateBlock(line=101,level=0,tokens=68), 105, 205, True
2025-12-28 19:37:37 - 20251228_193737_08d5b1f3 - markdown_it.rules_block.html_block - DEBUG - html_block.html_block:35 - entering html_block: StateBlock(line=101,level=0,tokens=68), 105, 205, True
2025-12-28 19:37:37 - 20251228_193737_08d5b1f3 - markdown_it.rules_block.heading - DEBUG - heading.heading:13 - entering heading: StateBlock(line=101,level=0,tokens=68), 105, 205, True
2025-12-28 19:37:37 - 20251228_193737_08d5b1f3 - markdown_it.rules_block.paragraph - DEBUG - paragraph.paragraph:10 - entering paragraph: StateBlock(line=101,level=0,tokens=68), 101, 205, False
2025-12-28 19:37:37 - 20251228_193737_08d5b1f3 - markdown_it.rules_block.fence - DEBUG - fence.fence:10 - entering fence: StateBlock(line=101,level=0,tokens=68), 102, 205, True
2025-12-28 19:37:37 - 20251228_193737_08d5b1f3 - markdown_it.rules_block.blockquote - DEBUG - blockquote.blockquote:13 - entering blockquote: StateBlock(line=101,level=0,tokens=68), 102, 205, True
2025-12-28 19:37:37 - 20251228_193737_08d5b1f3 - markdown_it.rules_block.hr - DEBUG - hr.hr:14 - entering hr: StateBlock(line=101,level=0,tokens=68), 102, 205, True
2025-12-28 19:37:37 - 20251228_193737_08d5b1f3 - markdown_it.rules_block.list - DEBUG - list.list_block:102 - entering list: StateBlock(line=101,level=0,tokens=68), 102, 205, True
2025-12-28 19:37:37 - 20251228_193737_08d5b1f3 - markdown_it.rules_block.html_block - DEBUG - html_block.html_block:35 - entering html_block: StateBlock(line=101,level=0,tokens=68), 102, 205, True
2025-12-28 19:37:37 - 20251228_193737_08d5b1f3 - markdown_it.rules_block.heading - DEBUG - heading.heading:13 - entering heading: StateBlock(line=101,level=0,tokens=68), 102, 205, True
2025-12-28 19:37:37 - 20251228_193737_08d5b1f3 - markdown_it.rules_block.fence - DEBUG - fence.fence:10 - entering fence: StateBlock(line=101,level=0,tokens=68), 103, 205, True
2025-12-28 19:37:37 - 20251228_193737_08d5b1f3 - markdown_it.rules_block.blockquote - DEBUG - blockquote.blockquote:13 - entering blockquote: StateBlock(line=101,level=0,tokens=68), 103, 205, True
2025-12-28 19:37:37 - 20251228_193737_08d5b1f3 - markdown_it.rules_block.hr - DEBUG - hr.hr:14 - entering hr: StateBlock(line=101,level=0,tokens=68), 103, 205, True
2025-12-28 19:37:37 - 20251228_193737_08d5b1f3 - markdown_it.rules_block.list - DEBUG - list.list_block:102 - entering list: StateBlock(line=101,level=0,tokens=68), 103, 205, True
2025-12-28 19:37:37 - 20251228_193737_08d5b1f3 - markdown_it.rules_block.html_block - DEBUG - html_block.html_block:35 - entering html_block: StateBlock(line=101,level=0,tokens=68), 103, 205, True
2025-12-28 19:37:37 - 20251228_193737_08d5b1f3 - markdown_it.rules_block.heading - DEBUG - heading.heading:13 - entering heading: StateBlock(line=101,level=0,tokens=68), 103, 205, True
2025-12-28 19:37:37 - 20251228_193737_08d5b1f3 - markdown_it.rules_block.fence - DEBUG - fence.fence:10 - entering fence: StateBlock(line=101,level=0,tokens=68), 104, 205, True
2025-12-28 19:37:37 - 20251228_193737_08d5b1f3 - markdown_it.rules_block.blockquote - DEBUG - blockquote.blockquote:13 - entering blockquote: StateBlock(line=101,level=0,tokens=68), 104, 205, True
2025-12-28 19:37:37 - 20251228_193737_08d5b1f3 - markdown_it.rules_block.hr - DEBUG - hr.hr:14 - entering hr: StateBlock(line=101,level=0,tokens=68), 104, 205, True
2025-12-28 19:37:37 - 20251228_193737_08d5b1f3 - markdown_it.rules_block.list - DEBUG - list.list_block:102 - entering list: StateBlock(line=101,level=0,tokens=68), 104, 205, True
2025-12-28 19:37:37 - 20251228_193737_08d5b1f3 - markdown_it.rules_block.html_block - DEBUG - html_block.html_block:35 - entering html_block: StateBlock(line=101,level=0,tokens=68), 104, 205, True
2025-12-28 19:37:37 - 20251228_193737_08d5b1f3 - markdown_it.rules_block.heading - DEBUG - heading.heading:13 - entering heading: StateBlock(line=101,level=0,tokens=68), 104, 205, True
2025-12-28 19:37:37 - 20251228_193737_08d5b1f3 - markdown_it.rules_block.fence - DEBUG - fence.fence:10 - entering fence: StateBlock(line=101,level=0,tokens=68), 105, 205, True
2025-12-28 19:37:37 - 20251228_193737_08d5b1f3 - markdown_it.rules_block.blockquote - DEBUG - blockquote.blockquote:13 - entering blockquote: StateBlock(line=101,level=0,tokens=68), 105, 205, True
2025-12-28 19:37:37 - 20251228_193737_08d5b1f3 - markdown_it.rules_block.hr - DEBUG - hr.hr:14 - entering hr: StateBlock(line=101,level=0,tokens=68), 105, 205, True
2025-12-28 19:37:37 - 20251228_193737_08d5b1f3 - markdown_it.rules_block.list - DEBUG - list.list_block:102 - entering list: StateBlock(line=101,level=0,tokens=68), 105, 205, True
2025-12-28 19:37:37 - 20251228_193737_08d5b1f3 - markdown_it.rules_block.html_block - DEBUG - html_block.html_block:35 - entering html_block: StateBlock(line=101,level=0,tokens=68), 105, 205, True
2025-12-28 19:37:37 - 20251228_193737_08d5b1f3 - markdown_it.rules_block.heading - DEBUG - heading.heading:13 - entering heading: StateBlock(line=101,level=0,tokens=68), 105, 205, True
2025-12-28 19:37:37 - 20251228_193737_08d5b1f3 - markdown_it.rules_block.code - DEBUG - code.code:10 - entering code: StateBlock(line=107,level=0,tokens=71), 107, 205, False
2025-12-28 19:37:37 - 20251228_193737_08d5b1f3 - markdown_it.rules_block.fence - DEBUG - fence.fence:10 - entering fence: StateBlock(line=107,level=0,tokens=71), 107, 205, False
2025-12-28 19:37:37 - 20251228_193737_08d5b1f3 - markdown_it.rules_block.blockquote - DEBUG - blockquote.blockquote:13 - entering blockquote: StateBlock(line=107,level=0,tokens=71), 107, 205, False
2025-12-28 19:37:37 - 20251228_193737_08d5b1f3 - markdown_it.rules_block.hr - DEBUG - hr.hr:14 - entering hr: StateBlock(line=107,level=0,tokens=71), 107, 205, False
2025-12-28 19:37:37 - 20251228_193737_08d5b1f3 - markdown_it.rules_block.code - DEBUG - code.code:10 - entering code: StateBlock(line=109,level=0,tokens=72), 109, 205, False
2025-12-28 19:37:37 - 20251228_193737_08d5b1f3 - markdown_it.rules_block.fence - DEBUG - fence.fence:10 - entering fence: StateBlock(line=109,level=0,tokens=72), 109, 205, False
2025-12-28 19:37:37 - 20251228_193737_08d5b1f3 - markdown_it.rules_block.blockquote - DEBUG - blockquote.blockquote:13 - entering blockquote: StateBlock(line=109,level=0,tokens=72), 109, 205, False
2025-12-28 19:37:37 - 20251228_193737_08d5b1f3 - markdown_it.rules_block.hr - DEBUG - hr.hr:14 - entering hr: StateBlock(line=109,level=0,tokens=72), 109, 205, False
2025-12-28 19:37:37 - 20251228_193737_08d5b1f3 - markdown_it.rules_block.list - DEBUG - list.list_block:102 - entering list: StateBlock(line=109,level=0,tokens=72), 109, 205, False
2025-12-28 19:37:37 - 20251228_193737_08d5b1f3 - markdown_it.rules_block.reference - DEBUG - reference.reference:10 - entering reference: StateBlock(line=109,level=0,tokens=72), 109, 205, False
2025-12-28 19:37:37 - 20251228_193737_08d5b1f3 - markdown_it.rules_block.html_block - DEBUG - html_block.html_block:35 - entering html_block: StateBlock(line=109,level=0,tokens=72), 109, 205, False
2025-12-28 19:37:37 - 20251228_193737_08d5b1f3 - markdown_it.rules_block.heading - DEBUG - heading.heading:13 - entering heading: StateBlock(line=109,level=0,tokens=72), 109, 205, False
2025-12-28 19:37:37 - 20251228_193737_08d5b1f3 - markdown_it.rules_block.code - DEBUG - code.code:10 - entering code: StateBlock(line=110,level=0,tokens=75), 110, 205, False
2025-12-28 19:37:37 - 20251228_193737_08d5b1f3 - markdown_it.rules_block.fence - DEBUG - fence.fence:10 - entering fence: StateBlock(line=110,level=0,tokens=75), 110, 205, False
2025-12-28 19:37:37 - 20251228_193737_08d5b1f3 - markdown_it.rules_block.blockquote - DEBUG - blockquote.blockquote:13 - entering blockquote: StateBlock(line=110,level=0,tokens=75), 110, 205, False
2025-12-28 19:37:37 - 20251228_193737_08d5b1f3 - markdown_it.rules_block.hr - DEBUG - hr.hr:14 - entering hr: StateBlock(line=110,level=0,tokens=75), 110, 205, False
2025-12-28 19:37:37 - 20251228_193737_08d5b1f3 - markdown_it.rules_block.list - DEBUG - list.list_block:102 - entering list: StateBlock(line=110,level=0,tokens=75), 110, 205, False
2025-12-28 19:37:37 - 20251228_193737_08d5b1f3 - markdown_it.rules_block.reference - DEBUG - reference.reference:10 - entering reference: StateBlock(line=110,level=0,tokens=75), 110, 205, False
2025-12-28 19:37:37 - 20251228_193737_08d5b1f3 - markdown_it.rules_block.html_block - DEBUG - html_block.html_block:35 - entering html_block: StateBlock(line=110,level=0,tokens=75), 110, 205, False
2025-12-28 19:37:37 - 20251228_193737_08d5b1f3 - markdown_it.rules_block.heading - DEBUG - heading.heading:13 - entering heading: StateBlock(line=110,level=0,tokens=75), 110, 205, False
2025-12-28 19:37:37 - 20251228_193737_08d5b1f3 - markdown_it.rules_block.lheading - DEBUG - lheading.lheading:10 - entering lheading: StateBlock(line=110,level=0,tokens=75), 110, 205, False
2025-12-28 19:37:37 - 20251228_193737_08d5b1f3 - markdown_it.rules_block.fence - DEBUG - fence.fence:10 - entering fence: StateBlock(line=110,level=0,tokens=75), 111, 205, True
2025-12-28 19:37:37 - 20251228_193737_08d5b1f3 - markdown_it.rules_block.blockquote - DEBUG - blockquote.blockquote:13 - entering blockquote: StateBlock(line=110,level=0,tokens=75), 111, 205, True
2025-12-28 19:37:37 - 20251228_193737_08d5b1f3 - markdown_it.rules_block.hr - DEBUG - hr.hr:14 - entering hr: StateBlock(line=110,level=0,tokens=75), 111, 205, True
2025-12-28 19:37:37 - 20251228_193737_08d5b1f3 - markdown_it.rules_block.list - DEBUG - list.list_block:102 - entering list: StateBlock(line=110,level=0,tokens=75), 111, 205, True
2025-12-28 19:37:37 - 20251228_193737_08d5b1f3 - markdown_it.rules_block.html_block - DEBUG - html_block.html_block:35 - entering html_block: StateBlock(line=110,level=0,tokens=75), 111, 205, True
2025-12-28 19:37:37 - 20251228_193737_08d5b1f3 - markdown_it.rules_block.heading - DEBUG - heading.heading:13 - entering heading: StateBlock(line=110,level=0,tokens=75), 111, 205, True
2025-12-28 19:37:37 - 20251228_193737_08d5b1f3 - markdown_it.rules_block.fence - DEBUG - fence.fence:10 - entering fence: StateBlock(line=110,level=0,tokens=75), 112, 205, True
2025-12-28 19:37:37 - 20251228_193737_08d5b1f3 - markdown_it.rules_block.blockquote - DEBUG - blockquote.blockquote:13 - entering blockquote: StateBlock(line=110,level=0,tokens=75), 112, 205, True
2025-12-28 19:37:37 - 20251228_193737_08d5b1f3 - markdown_it.rules_block.hr - DEBUG - hr.hr:14 - entering hr: StateBlock(line=110,level=0,tokens=75), 112, 205, True
2025-12-28 19:37:37 - 20251228_193737_08d5b1f3 - markdown_it.rules_block.list - DEBUG - list.list_block:102 - entering list: StateBlock(line=110,level=0,tokens=75), 112, 205, True
2025-12-28 19:37:37 - 20251228_193737_08d5b1f3 - markdown_it.rules_block.html_block - DEBUG - html_block.html_block:35 - entering html_block: StateBlock(line=110,level=0,tokens=75), 112, 205, True
2025-12-28 19:37:37 - 20251228_193737_08d5b1f3 - markdown_it.rules_block.heading - DEBUG - heading.heading:13 - entering heading: StateBlock(line=110,level=0,tokens=75), 112, 205, True
2025-12-28 19:37:37 - 20251228_193737_08d5b1f3 - markdown_it.rules_block.fence - DEBUG - fence.fence:10 - entering fence: StateBlock(line=110,level=0,tokens=75), 113, 205, True
2025-12-28 19:37:37 - 20251228_193737_08d5b1f3 - markdown_it.rules_block.blockquote - DEBUG - blockquote.blockquote:13 - entering blockquote: StateBlock(line=110,level=0,tokens=75), 113, 205, True
2025-12-28 19:37:37 - 20251228_193737_08d5b1f3 - markdown_it.rules_block.hr - DEBUG - hr.hr:14 - entering hr: StateBlock(line=110,level=0,tokens=75), 113, 205, True
2025-12-28 19:37:37 - 20251228_193737_08d5b1f3 - markdown_it.rules_block.list - DEBUG - list.list_block:102 - entering list: StateBlock(line=110,level=0,tokens=75), 113, 205, True
2025-12-28 19:37:37 - 20251228_193737_08d5b1f3 - markdown_it.rules_block.html_block - DEBUG - html_block.html_block:35 - entering html_block: StateBlock(line=110,level=0,tokens=75), 113, 205, True
2025-12-28 19:37:37 - 20251228_193737_08d5b1f3 - markdown_it.rules_block.heading - DEBUG - heading.heading:13 - entering heading: StateBlock(line=110,level=0,tokens=75), 113, 205, True
2025-12-28 19:37:37 - 20251228_193737_08d5b1f3 - markdown_it.rules_block.paragraph - DEBUG - paragraph.paragraph:10 - entering paragraph: StateBlock(line=110,level=0,tokens=75), 110, 205, False
2025-12-28 19:37:37 - 20251228_193737_08d5b1f3 - markdown_it.rules_block.fence - DEBUG - fence.fence:10 - entering fence: StateBlock(line=110,level=0,tokens=75), 111, 205, True
2025-12-28 19:37:37 - 20251228_193737_08d5b1f3 - markdown_it.rules_block.blockquote - DEBUG - blockquote.blockquote:13 - entering blockquote: StateBlock(line=110,level=0,tokens=75), 111, 205, True
2025-12-28 19:37:37 - 20251228_193737_08d5b1f3 - markdown_it.rules_block.hr - DEBUG - hr.hr:14 - entering hr: StateBlock(line=110,level=0,tokens=75), 111, 205, True
2025-12-28 19:37:37 - 20251228_193737_08d5b1f3 - markdown_it.rules_block.list - DEBUG - list.list_block:102 - entering list: StateBlock(line=110,level=0,tokens=75), 111, 205, True
2025-12-28 19:37:37 - 20251228_193737_08d5b1f3 - markdown_it.rules_block.html_block - DEBUG - html_block.html_block:35 - entering html_block: StateBlock(line=110,level=0,tokens=75), 111, 205, True
2025-12-28 19:37:37 - 20251228_193737_08d5b1f3 - markdown_it.rules_block.heading - DEBUG - heading.heading:13 - entering heading: StateBlock(line=110,level=0,tokens=75), 111, 205, True
2025-12-28 19:37:37 - 20251228_193737_08d5b1f3 - markdown_it.rules_block.fence - DEBUG - fence.fence:10 - entering fence: StateBlock(line=110,level=0,tokens=75), 112, 205, True
2025-12-28 19:37:37 - 20251228_193737_08d5b1f3 - markdown_it.rules_block.blockquote - DEBUG - blockquote.blockquote:13 - entering blockquote: StateBlock(line=110,level=0,tokens=75), 112, 205, True
2025-12-28 19:37:37 - 20251228_193737_08d5b1f3 - markdown_it.rules_block.hr - DEBUG - hr.hr:14 - entering hr: StateBlock(line=110,level=0,tokens=75), 112, 205, True
2025-12-28 19:37:37 - 20251228_193737_08d5b1f3 - markdown_it.rules_block.list - DEBUG - list.list_block:102 - entering list: StateBlock(line=110,level=0,tokens=75), 112, 205, True
2025-12-28 19:37:37 - 20251228_193737_08d5b1f3 - markdown_it.rules_block.html_block - DEBUG - html_block.html_block:35 - entering html_block: StateBlock(line=110,level=0,tokens=75), 112, 205, True
2025-12-28 19:37:37 - 20251228_193737_08d5b1f3 - markdown_it.rules_block.heading - DEBUG - heading.heading:13 - entering heading: StateBlock(line=110,level=0,tokens=75), 112, 205, True
2025-12-28 19:37:37 - 20251228_193737_08d5b1f3 - markdown_it.rules_block.fence - DEBUG - fence.fence:10 - entering fence: StateBlock(line=110,level=0,tokens=75), 113, 205, True
2025-12-28 19:37:37 - 20251228_193737_08d5b1f3 - markdown_it.rules_block.blockquote - DEBUG - blockquote.blockquote:13 - entering blockquote: StateBlock(line=110,level=0,tokens=75), 113, 205, True
2025-12-28 19:37:37 - 20251228_193737_08d5b1f3 - markdown_it.rules_block.hr - DEBUG - hr.hr:14 - entering hr: StateBlock(line=110,level=0,tokens=75), 113, 205, True
2025-12-28 19:37:37 - 20251228_193737_08d5b1f3 - markdown_it.rules_block.list - DEBUG - list.list_block:102 - entering list: StateBlock(line=110,level=0,tokens=75), 113, 205, True
2025-12-28 19:37:37 - 20251228_193737_08d5b1f3 - markdown_it.rules_block.html_block - DEBUG - html_block.html_block:35 - entering html_block: StateBlock(line=110,level=0,tokens=75), 113, 205, True
2025-12-28 19:37:37 - 20251228_193737_08d5b1f3 - markdown_it.rules_block.heading - DEBUG - heading.heading:13 - entering heading: StateBlock(line=110,level=0,tokens=75), 113, 205, True
2025-12-28 19:37:37 - 20251228_193737_08d5b1f3 - markdown_it.rules_block.code - DEBUG - code.code:10 - entering code: StateBlock(line=115,level=0,tokens=78), 115, 205, False
2025-12-28 19:37:37 - 20251228_193737_08d5b1f3 - markdown_it.rules_block.fence - DEBUG - fence.fence:10 - entering fence: StateBlock(line=115,level=0,tokens=78), 115, 205, False
2025-12-28 19:37:37 - 20251228_193737_08d5b1f3 - markdown_it.rules_block.blockquote - DEBUG - blockquote.blockquote:13 - entering blockquote: StateBlock(line=115,level=0,tokens=78), 115, 205, False
2025-12-28 19:37:37 - 20251228_193737_08d5b1f3 - markdown_it.rules_block.hr - DEBUG - hr.hr:14 - entering hr: StateBlock(line=115,level=0,tokens=78), 115, 205, False
2025-12-28 19:37:37 - 20251228_193737_08d5b1f3 - markdown_it.rules_block.list - DEBUG - list.list_block:102 - entering list: StateBlock(line=115,level=0,tokens=78), 115, 205, False
2025-12-28 19:37:37 - 20251228_193737_08d5b1f3 - markdown_it.rules_block.reference - DEBUG - reference.reference:10 - entering reference: StateBlock(line=115,level=0,tokens=78), 115, 205, False
2025-12-28 19:37:37 - 20251228_193737_08d5b1f3 - markdown_it.rules_block.html_block - DEBUG - html_block.html_block:35 - entering html_block: StateBlock(line=115,level=0,tokens=78), 115, 205, False
2025-12-28 19:37:37 - 20251228_193737_08d5b1f3 - markdown_it.rules_block.heading - DEBUG - heading.heading:13 - entering heading: StateBlock(line=115,level=0,tokens=78), 115, 205, False
2025-12-28 19:37:37 - 20251228_193737_08d5b1f3 - markdown_it.rules_block.lheading - DEBUG - lheading.lheading:10 - entering lheading: StateBlock(line=115,level=0,tokens=78), 115, 205, False
2025-12-28 19:37:37 - 20251228_193737_08d5b1f3 - markdown_it.rules_block.fence - DEBUG - fence.fence:10 - entering fence: StateBlock(line=115,level=0,tokens=78), 116, 205, True
2025-12-28 19:37:37 - 20251228_193737_08d5b1f3 - markdown_it.rules_block.blockquote - DEBUG - blockquote.blockquote:13 - entering blockquote: StateBlock(line=115,level=0,tokens=78), 116, 205, True
2025-12-28 19:37:37 - 20251228_193737_08d5b1f3 - markdown_it.rules_block.hr - DEBUG - hr.hr:14 - entering hr: StateBlock(line=115,level=0,tokens=78), 116, 205, True
2025-12-28 19:37:37 - 20251228_193737_08d5b1f3 - markdown_it.rules_block.list - DEBUG - list.list_block:102 - entering list: StateBlock(line=115,level=0,tokens=78), 116, 205, True
2025-12-28 19:37:37 - 20251228_193737_08d5b1f3 - markdown_it.rules_block.html_block - DEBUG - html_block.html_block:35 - entering html_block: StateBlock(line=115,level=0,tokens=78), 116, 205, True
2025-12-28 19:37:37 - 20251228_193737_08d5b1f3 - markdown_it.rules_block.heading - DEBUG - heading.heading:13 - entering heading: StateBlock(line=115,level=0,tokens=78), 116, 205, True
2025-12-28 19:37:37 - 20251228_193737_08d5b1f3 - markdown_it.rules_block.fence - DEBUG - fence.fence:10 - entering fence: StateBlock(line=115,level=0,tokens=78), 117, 205, True
2025-12-28 19:37:37 - 20251228_193737_08d5b1f3 - markdown_it.rules_block.blockquote - DEBUG - blockquote.blockquote:13 - entering blockquote: StateBlock(line=115,level=0,tokens=78), 117, 205, True
2025-12-28 19:37:37 - 20251228_193737_08d5b1f3 - markdown_it.rules_block.hr - DEBUG - hr.hr:14 - entering hr: StateBlock(line=115,level=0,tokens=78), 117, 205, True
2025-12-28 19:37:37 - 20251228_193737_08d5b1f3 - markdown_it.rules_block.list - DEBUG - list.list_block:102 - entering list: StateBlock(line=115,level=0,tokens=78), 117, 205, True
2025-12-28 19:37:37 - 20251228_193737_08d5b1f3 - markdown_it.rules_block.html_block - DEBUG - html_block.html_block:35 - entering html_block: StateBlock(line=115,level=0,tokens=78), 117, 205, True
2025-12-28 19:37:37 - 20251228_193737_08d5b1f3 - markdown_it.rules_block.heading - DEBUG - heading.heading:13 - entering heading: StateBlock(line=115,level=0,tokens=78), 117, 205, True
2025-12-28 19:37:37 - 20251228_193737_08d5b1f3 - markdown_it.rules_block.paragraph - DEBUG - paragraph.paragraph:10 - entering paragraph: StateBlock(line=115,level=0,tokens=78), 115, 205, False
2025-12-28 19:37:37 - 20251228_193737_08d5b1f3 - markdown_it.rules_block.fence - DEBUG - fence.fence:10 - entering fence: StateBlock(line=115,level=0,tokens=78), 116, 205, True
2025-12-28 19:37:37 - 20251228_193737_08d5b1f3 - markdown_it.rules_block.blockquote - DEBUG - blockquote.blockquote:13 - entering blockquote: StateBlock(line=115,level=0,tokens=78), 116, 205, True
2025-12-28 19:37:37 - 20251228_193737_08d5b1f3 - markdown_it.rules_block.hr - DEBUG - hr.hr:14 - entering hr: StateBlock(line=115,level=0,tokens=78), 116, 205, True
2025-12-28 19:37:37 - 20251228_193737_08d5b1f3 - markdown_it.rules_block.list - DEBUG - list.list_block:102 - entering list: StateBlock(line=115,level=0,tokens=78), 116, 205, True
2025-12-28 19:37:37 - 20251228_193737_08d5b1f3 - markdown_it.rules_block.html_block - DEBUG - html_block.html_block:35 - entering html_block: StateBlock(line=115,level=0,tokens=78), 116, 205, True
2025-12-28 19:37:37 - 20251228_193737_08d5b1f3 - markdown_it.rules_block.heading - DEBUG - heading.heading:13 - entering heading: StateBlock(line=115,level=0,tokens=78), 116, 205, True
2025-12-28 19:37:37 - 20251228_193737_08d5b1f3 - markdown_it.rules_block.fence - DEBUG - fence.fence:10 - entering fence: StateBlock(line=115,level=0,tokens=78), 117, 205, True
2025-12-28 19:37:37 - 20251228_193737_08d5b1f3 - markdown_it.rules_block.blockquote - DEBUG - blockquote.blockquote:13 - entering blockquote: StateBlock(line=115,level=0,tokens=78), 117, 205, True
2025-12-28 19:37:37 - 20251228_193737_08d5b1f3 - markdown_it.rules_block.hr - DEBUG - hr.hr:14 - entering hr: StateBlock(line=115,level=0,tokens=78), 117, 205, True
2025-12-28 19:37:37 - 20251228_193737_08d5b1f3 - markdown_it.rules_block.list - DEBUG - list.list_block:102 - entering list: StateBlock(line=115,level=0,tokens=78), 117, 205, True
2025-12-28 19:37:37 - 20251228_193737_08d5b1f3 - markdown_it.rules_block.html_block - DEBUG - html_block.html_block:35 - entering html_block: StateBlock(line=115,level=0,tokens=78), 117, 205, True
2025-12-28 19:37:37 - 20251228_193737_08d5b1f3 - markdown_it.rules_block.heading - DEBUG - heading.heading:13 - entering heading: StateBlock(line=115,level=0,tokens=78), 117, 205, True
2025-12-28 19:37:37 - 20251228_193737_08d5b1f3 - markdown_it.rules_block.code - DEBUG - code.code:10 - entering code: StateBlock(line=119,level=0,tokens=81), 119, 205, False
2025-12-28 19:37:37 - 20251228_193737_08d5b1f3 - markdown_it.rules_block.fence - DEBUG - fence.fence:10 - entering fence: StateBlock(line=119,level=0,tokens=81), 119, 205, False
2025-12-28 19:37:37 - 20251228_193737_08d5b1f3 - markdown_it.rules_block.blockquote - DEBUG - blockquote.blockquote:13 - entering blockquote: StateBlock(line=119,level=0,tokens=81), 119, 205, False
2025-12-28 19:37:37 - 20251228_193737_08d5b1f3 - markdown_it.rules_block.hr - DEBUG - hr.hr:14 - entering hr: StateBlock(line=119,level=0,tokens=81), 119, 205, False
2025-12-28 19:37:37 - 20251228_193737_08d5b1f3 - markdown_it.rules_block.list - DEBUG - list.list_block:102 - entering list: StateBlock(line=119,level=0,tokens=81), 119, 205, False
2025-12-28 19:37:37 - 20251228_193737_08d5b1f3 - markdown_it.rules_block.reference - DEBUG - reference.reference:10 - entering reference: StateBlock(line=119,level=0,tokens=81), 119, 205, False
2025-12-28 19:37:37 - 20251228_193737_08d5b1f3 - markdown_it.rules_block.html_block - DEBUG - html_block.html_block:35 - entering html_block: StateBlock(line=119,level=0,tokens=81), 119, 205, False
2025-12-28 19:37:37 - 20251228_193737_08d5b1f3 - markdown_it.rules_block.heading - DEBUG - heading.heading:13 - entering heading: StateBlock(line=119,level=0,tokens=81), 119, 205, False
2025-12-28 19:37:37 - 20251228_193737_08d5b1f3 - markdown_it.rules_block.lheading - DEBUG - lheading.lheading:10 - entering lheading: StateBlock(line=119,level=0,tokens=81), 119, 205, False
2025-12-28 19:37:37 - 20251228_193737_08d5b1f3 - markdown_it.rules_block.fence - DEBUG - fence.fence:10 - entering fence: StateBlock(line=119,level=0,tokens=81), 120, 205, True
2025-12-28 19:37:37 - 20251228_193737_08d5b1f3 - markdown_it.rules_block.blockquote - DEBUG - blockquote.blockquote:13 - entering blockquote: StateBlock(line=119,level=0,tokens=81), 120, 205, True
2025-12-28 19:37:37 - 20251228_193737_08d5b1f3 - markdown_it.rules_block.hr - DEBUG - hr.hr:14 - entering hr: StateBlock(line=119,level=0,tokens=81), 120, 205, True
2025-12-28 19:37:37 - 20251228_193737_08d5b1f3 - markdown_it.rules_block.list - DEBUG - list.list_block:102 - entering list: StateBlock(line=119,level=0,tokens=81), 120, 205, True
2025-12-28 19:37:37 - 20251228_193737_08d5b1f3 - markdown_it.rules_block.html_block - DEBUG - html_block.html_block:35 - entering html_block: StateBlock(line=119,level=0,tokens=81), 120, 205, True
2025-12-28 19:37:37 - 20251228_193737_08d5b1f3 - markdown_it.rules_block.heading - DEBUG - heading.heading:13 - entering heading: StateBlock(line=119,level=0,tokens=81), 120, 205, True
2025-12-28 19:37:37 - 20251228_193737_08d5b1f3 - markdown_it.rules_block.fence - DEBUG - fence.fence:10 - entering fence: StateBlock(line=119,level=0,tokens=81), 121, 205, True
2025-12-28 19:37:37 - 20251228_193737_08d5b1f3 - markdown_it.rules_block.blockquote - DEBUG - blockquote.blockquote:13 - entering blockquote: StateBlock(line=119,level=0,tokens=81), 121, 205, True
2025-12-28 19:37:37 - 20251228_193737_08d5b1f3 - markdown_it.rules_block.hr - DEBUG - hr.hr:14 - entering hr: StateBlock(line=119,level=0,tokens=81), 121, 205, True
2025-12-28 19:37:37 - 20251228_193737_08d5b1f3 - markdown_it.rules_block.list - DEBUG - list.list_block:102 - entering list: StateBlock(line=119,level=0,tokens=81), 121, 205, True
2025-12-28 19:37:37 - 20251228_193737_08d5b1f3 - markdown_it.rules_block.html_block - DEBUG - html_block.html_block:35 - entering html_block: StateBlock(line=119,level=0,tokens=81), 121, 205, True
2025-12-28 19:37:37 - 20251228_193737_08d5b1f3 - markdown_it.rules_block.heading - DEBUG - heading.heading:13 - entering heading: StateBlock(line=119,level=0,tokens=81), 121, 205, True
2025-12-28 19:37:37 - 20251228_193737_08d5b1f3 - markdown_it.rules_block.fence - DEBUG - fence.fence:10 - entering fence: StateBlock(line=119,level=0,tokens=81), 122, 205, True
2025-12-28 19:37:37 - 20251228_193737_08d5b1f3 - markdown_it.rules_block.blockquote - DEBUG - blockquote.blockquote:13 - entering blockquote: StateBlock(line=119,level=0,tokens=81), 122, 205, True
2025-12-28 19:37:37 - 20251228_193737_08d5b1f3 - markdown_it.rules_block.hr - DEBUG - hr.hr:14 - entering hr: StateBlock(line=119,level=0,tokens=81), 122, 205, True
2025-12-28 19:37:37 - 20251228_193737_08d5b1f3 - markdown_it.rules_block.list - DEBUG - list.list_block:102 - entering list: StateBlock(line=119,level=0,tokens=81), 122, 205, True
2025-12-28 19:37:37 - 20251228_193737_08d5b1f3 - markdown_it.rules_block.html_block - DEBUG - html_block.html_block:35 - entering html_block: StateBlock(line=119,level=0,tokens=81), 122, 205, True
2025-12-28 19:37:37 - 20251228_193737_08d5b1f3 - markdown_it.rules_block.heading - DEBUG - heading.heading:13 - entering heading: StateBlock(line=119,level=0,tokens=81), 122, 205, True
2025-12-28 19:37:37 - 20251228_193737_08d5b1f3 - markdown_it.rules_block.paragraph - DEBUG - paragraph.paragraph:10 - entering paragraph: StateBlock(line=119,level=0,tokens=81), 119, 205, False
2025-12-28 19:37:37 - 20251228_193737_08d5b1f3 - markdown_it.rules_block.fence - DEBUG - fence.fence:10 - entering fence: StateBlock(line=119,level=0,tokens=81), 120, 205, True
2025-12-28 19:37:37 - 20251228_193737_08d5b1f3 - markdown_it.rules_block.blockquote - DEBUG - blockquote.blockquote:13 - entering blockquote: StateBlock(line=119,level=0,tokens=81), 120, 205, True
2025-12-28 19:37:37 - 20251228_193737_08d5b1f3 - markdown_it.rules_block.hr - DEBUG - hr.hr:14 - entering hr: StateBlock(line=119,level=0,tokens=81), 120, 205, True
2025-12-28 19:37:37 - 20251228_193737_08d5b1f3 - markdown_it.rules_block.list - DEBUG - list.list_block:102 - entering list: StateBlock(line=119,level=0,tokens=81), 120, 205, True
2025-12-28 19:37:37 - 20251228_193737_08d5b1f3 - markdown_it.rules_block.html_block - DEBUG - html_block.html_block:35 - entering html_block: StateBlock(line=119,level=0,tokens=81), 120, 205, True
2025-12-28 19:37:37 - 20251228_193737_08d5b1f3 - markdown_it.rules_block.heading - DEBUG - heading.heading:13 - entering heading: StateBlock(line=119,level=0,tokens=81), 120, 205, True
2025-12-28 19:37:37 - 20251228_193737_08d5b1f3 - markdown_it.rules_block.fence - DEBUG - fence.fence:10 - entering fence: StateBlock(line=119,level=0,tokens=81), 121, 205, True
2025-12-28 19:37:37 - 20251228_193737_08d5b1f3 - markdown_it.rules_block.blockquote - DEBUG - blockquote.blockquote:13 - entering blockquote: StateBlock(line=119,level=0,tokens=81), 121, 205, True
2025-12-28 19:37:37 - 20251228_193737_08d5b1f3 - markdown_it.rules_block.hr - DEBUG - hr.hr:14 - entering hr: StateBlock(line=119,level=0,tokens=81), 121, 205, True
2025-12-28 19:37:37 - 20251228_193737_08d5b1f3 - markdown_it.rules_block.list - DEBUG - list.list_block:102 - entering list: StateBlock(line=119,level=0,tokens=81), 121, 205, True
2025-12-28 19:37:37 - 20251228_193737_08d5b1f3 - markdown_it.rules_block.html_block - DEBUG - html_block.html_block:35 - entering html_block: StateBlock(line=119,level=0,tokens=81), 121, 205, True
2025-12-28 19:37:37 - 20251228_193737_08d5b1f3 - markdown_it.rules_block.heading - DEBUG - heading.heading:13 - entering heading: StateBlock(line=119,level=0,tokens=81), 121, 205, True
2025-12-28 19:37:37 - 20251228_193737_08d5b1f3 - markdown_it.rules_block.fence - DEBUG - fence.fence:10 - entering fence: StateBlock(line=119,level=0,tokens=81), 122, 205, True
2025-12-28 19:37:37 - 20251228_193737_08d5b1f3 - markdown_it.rules_block.blockquote - DEBUG - blockquote.blockquote:13 - entering blockquote: StateBlock(line=119,level=0,tokens=81), 122, 205, True
2025-12-28 19:37:37 - 20251228_193737_08d5b1f3 - markdown_it.rules_block.hr - DEBUG - hr.hr:14 - entering hr: StateBlock(line=119,level=0,tokens=81), 122, 205, True
2025-12-28 19:37:37 - 20251228_193737_08d5b1f3 - markdown_it.rules_block.list - DEBUG - list.list_block:102 - entering list: StateBlock(line=119,level=0,tokens=81), 122, 205, True
2025-12-28 19:37:37 - 20251228_193737_08d5b1f3 - markdown_it.rules_block.html_block - DEBUG - html_block.html_block:35 - entering html_block: StateBlock(line=119,level=0,tokens=81), 122, 205, True
2025-12-28 19:37:37 - 20251228_193737_08d5b1f3 - markdown_it.rules_block.heading - DEBUG - heading.heading:13 - entering heading: StateBlock(line=119,level=0,tokens=81), 122, 205, True
2025-12-28 19:37:37 - 20251228_193737_08d5b1f3 - markdown_it.rules_block.code - DEBUG - code.code:10 - entering code: StateBlock(line=124,level=0,tokens=84), 124, 205, False
2025-12-28 19:37:37 - 20251228_193737_08d5b1f3 - markdown_it.rules_block.fence - DEBUG - fence.fence:10 - entering fence: StateBlock(line=124,level=0,tokens=84), 124, 205, False
2025-12-28 19:37:37 - 20251228_193737_08d5b1f3 - markdown_it.rules_block.blockquote - DEBUG - blockquote.blockquote:13 - entering blockquote: StateBlock(line=124,level=0,tokens=84), 124, 205, False
2025-12-28 19:37:37 - 20251228_193737_08d5b1f3 - markdown_it.rules_block.hr - DEBUG - hr.hr:14 - entering hr: StateBlock(line=124,level=0,tokens=84), 124, 205, False
2025-12-28 19:37:37 - 20251228_193737_08d5b1f3 - markdown_it.rules_block.list - DEBUG - list.list_block:102 - entering list: StateBlock(line=124,level=0,tokens=84), 124, 205, False
2025-12-28 19:37:37 - 20251228_193737_08d5b1f3 - markdown_it.rules_block.reference - DEBUG - reference.reference:10 - entering reference: StateBlock(line=124,level=0,tokens=84), 124, 205, False
2025-12-28 19:37:37 - 20251228_193737_08d5b1f3 - markdown_it.rules_block.html_block - DEBUG - html_block.html_block:35 - entering html_block: StateBlock(line=124,level=0,tokens=84), 124, 205, False
2025-12-28 19:37:37 - 20251228_193737_08d5b1f3 - markdown_it.rules_block.heading - DEBUG - heading.heading:13 - entering heading: StateBlock(line=124,level=0,tokens=84), 124, 205, False
2025-12-28 19:37:37 - 20251228_193737_08d5b1f3 - markdown_it.rules_block.lheading - DEBUG - lheading.lheading:10 - entering lheading: StateBlock(line=124,level=0,tokens=84), 124, 205, False
2025-12-28 19:37:37 - 20251228_193737_08d5b1f3 - markdown_it.rules_block.fence - DEBUG - fence.fence:10 - entering fence: StateBlock(line=124,level=0,tokens=84), 125, 205, True
2025-12-28 19:37:37 - 20251228_193737_08d5b1f3 - markdown_it.rules_block.blockquote - DEBUG - blockquote.blockquote:13 - entering blockquote: StateBlock(line=124,level=0,tokens=84), 125, 205, True
2025-12-28 19:37:37 - 20251228_193737_08d5b1f3 - markdown_it.rules_block.hr - DEBUG - hr.hr:14 - entering hr: StateBlock(line=124,level=0,tokens=84), 125, 205, True
2025-12-28 19:37:37 - 20251228_193737_08d5b1f3 - markdown_it.rules_block.list - DEBUG - list.list_block:102 - entering list: StateBlock(line=124,level=0,tokens=84), 125, 205, True
2025-12-28 19:37:37 - 20251228_193737_08d5b1f3 - markdown_it.rules_block.html_block - DEBUG - html_block.html_block:35 - entering html_block: StateBlock(line=124,level=0,tokens=84), 125, 205, True
2025-12-28 19:37:37 - 20251228_193737_08d5b1f3 - markdown_it.rules_block.heading - DEBUG - heading.heading:13 - entering heading: StateBlock(line=124,level=0,tokens=84), 125, 205, True
2025-12-28 19:37:37 - 20251228_193737_08d5b1f3 - markdown_it.rules_block.fence - DEBUG - fence.fence:10 - entering fence: StateBlock(line=124,level=0,tokens=84), 126, 205, True
2025-12-28 19:37:37 - 20251228_193737_08d5b1f3 - markdown_it.rules_block.blockquote - DEBUG - blockquote.blockquote:13 - entering blockquote: StateBlock(line=124,level=0,tokens=84), 126, 205, True
2025-12-28 19:37:37 - 20251228_193737_08d5b1f3 - markdown_it.rules_block.hr - DEBUG - hr.hr:14 - entering hr: StateBlock(line=124,level=0,tokens=84), 126, 205, True
2025-12-28 19:37:37 - 20251228_193737_08d5b1f3 - markdown_it.rules_block.list - DEBUG - list.list_block:102 - entering list: StateBlock(line=124,level=0,tokens=84), 126, 205, True
2025-12-28 19:37:37 - 20251228_193737_08d5b1f3 - markdown_it.rules_block.html_block - DEBUG - html_block.html_block:35 - entering html_block: StateBlock(line=124,level=0,tokens=84), 126, 205, True
2025-12-28 19:37:37 - 20251228_193737_08d5b1f3 - markdown_it.rules_block.heading - DEBUG - heading.heading:13 - entering heading: StateBlock(line=124,level=0,tokens=84), 126, 205, True
2025-12-28 19:37:37 - 20251228_193737_08d5b1f3 - markdown_it.rules_block.paragraph - DEBUG - paragraph.paragraph:10 - entering paragraph: StateBlock(line=124,level=0,tokens=84), 124, 205, False
2025-12-28 19:37:37 - 20251228_193737_08d5b1f3 - markdown_it.rules_block.fence - DEBUG - fence.fence:10 - entering fence: StateBlock(line=124,level=0,tokens=84), 125, 205, True
2025-12-28 19:37:37 - 20251228_193737_08d5b1f3 - markdown_it.rules_block.blockquote - DEBUG - blockquote.blockquote:13 - entering blockquote: StateBlock(line=124,level=0,tokens=84), 125, 205, True
2025-12-28 19:37:37 - 20251228_193737_08d5b1f3 - markdown_it.rules_block.hr - DEBUG - hr.hr:14 - entering hr: StateBlock(line=124,level=0,tokens=84), 125, 205, True
2025-12-28 19:37:37 - 20251228_193737_08d5b1f3 - markdown_it.rules_block.list - DEBUG - list.list_block:102 - entering list: StateBlock(line=124,level=0,tokens=84), 125, 205, True
2025-12-28 19:37:37 - 20251228_193737_08d5b1f3 - markdown_it.rules_block.html_block - DEBUG - html_block.html_block:35 - entering html_block: StateBlock(line=124,level=0,tokens=84), 125, 205, True
2025-12-28 19:37:37 - 20251228_193737_08d5b1f3 - markdown_it.rules_block.heading - DEBUG - heading.heading:13 - entering heading: StateBlock(line=124,level=0,tokens=84), 125, 205, True
2025-12-28 19:37:37 - 20251228_193737_08d5b1f3 - markdown_it.rules_block.fence - DEBUG - fence.fence:10 - entering fence: StateBlock(line=124,level=0,tokens=84), 126, 205, True
2025-12-28 19:37:37 - 20251228_193737_08d5b1f3 - markdown_it.rules_block.blockquote - DEBUG - blockquote.blockquote:13 - entering blockquote: StateBlock(line=124,level=0,tokens=84), 126, 205, True
2025-12-28 19:37:37 - 20251228_193737_08d5b1f3 - markdown_it.rules_block.hr - DEBUG - hr.hr:14 - entering hr: StateBlock(line=124,level=0,tokens=84), 126, 205, True
2025-12-28 19:37:37 - 20251228_193737_08d5b1f3 - markdown_it.rules_block.list - DEBUG - list.list_block:102 - entering list: StateBlock(line=124,level=0,tokens=84), 126, 205, True
2025-12-28 19:37:37 - 20251228_193737_08d5b1f3 - markdown_it.rules_block.html_block - DEBUG - html_block.html_block:35 - entering html_block: StateBlock(line=124,level=0,tokens=84), 126, 205, True
2025-12-28 19:37:37 - 20251228_193737_08d5b1f3 - markdown_it.rules_block.heading - DEBUG - heading.heading:13 - entering heading: StateBlock(line=124,level=0,tokens=84), 126, 205, True
2025-12-28 19:37:37 - 20251228_193737_08d5b1f3 - markdown_it.rules_block.code - DEBUG - code.code:10 - entering code: StateBlock(line=128,level=0,tokens=87), 128, 205, False
2025-12-28 19:37:37 - 20251228_193737_08d5b1f3 - markdown_it.rules_block.fence - DEBUG - fence.fence:10 - entering fence: StateBlock(line=128,level=0,tokens=87), 128, 205, False
2025-12-28 19:37:37 - 20251228_193737_08d5b1f3 - markdown_it.rules_block.blockquote - DEBUG - blockquote.blockquote:13 - entering blockquote: StateBlock(line=128,level=0,tokens=87), 128, 205, False
2025-12-28 19:37:37 - 20251228_193737_08d5b1f3 - markdown_it.rules_block.hr - DEBUG - hr.hr:14 - entering hr: StateBlock(line=128,level=0,tokens=87), 128, 205, False
2025-12-28 19:37:37 - 20251228_193737_08d5b1f3 - markdown_it.rules_block.list - DEBUG - list.list_block:102 - entering list: StateBlock(line=128,level=0,tokens=87), 128, 205, False
2025-12-28 19:37:37 - 20251228_193737_08d5b1f3 - markdown_it.rules_block.reference - DEBUG - reference.reference:10 - entering reference: StateBlock(line=128,level=0,tokens=87), 128, 205, False
2025-12-28 19:37:37 - 20251228_193737_08d5b1f3 - markdown_it.rules_block.html_block - DEBUG - html_block.html_block:35 - entering html_block: StateBlock(line=128,level=0,tokens=87), 128, 205, False
2025-12-28 19:37:37 - 20251228_193737_08d5b1f3 - markdown_it.rules_block.heading - DEBUG - heading.heading:13 - entering heading: StateBlock(line=128,level=0,tokens=87), 128, 205, False
2025-12-28 19:37:37 - 20251228_193737_08d5b1f3 - markdown_it.rules_block.lheading - DEBUG - lheading.lheading:10 - entering lheading: StateBlock(line=128,level=0,tokens=87), 128, 205, False
2025-12-28 19:37:37 - 20251228_193737_08d5b1f3 - markdown_it.rules_block.fence - DEBUG - fence.fence:10 - entering fence: StateBlock(line=128,level=0,tokens=87), 129, 205, True
2025-12-28 19:37:37 - 20251228_193737_08d5b1f3 - markdown_it.rules_block.blockquote - DEBUG - blockquote.blockquote:13 - entering blockquote: StateBlock(line=128,level=0,tokens=87), 129, 205, True
2025-12-28 19:37:37 - 20251228_193737_08d5b1f3 - markdown_it.rules_block.hr - DEBUG - hr.hr:14 - entering hr: StateBlock(line=128,level=0,tokens=87), 129, 205, True
2025-12-28 19:37:37 - 20251228_193737_08d5b1f3 - markdown_it.rules_block.list - DEBUG - list.list_block:102 - entering list: StateBlock(line=128,level=0,tokens=87), 129, 205, True
2025-12-28 19:37:37 - 20251228_193737_08d5b1f3 - markdown_it.rules_block.html_block - DEBUG - html_block.html_block:35 - entering html_block: StateBlock(line=128,level=0,tokens=87), 129, 205, True
2025-12-28 19:37:37 - 20251228_193737_08d5b1f3 - markdown_it.rules_block.heading - DEBUG - heading.heading:13 - entering heading: StateBlock(line=128,level=0,tokens=87), 129, 205, True
2025-12-28 19:37:37 - 20251228_193737_08d5b1f3 - markdown_it.rules_block.fence - DEBUG - fence.fence:10 - entering fence: StateBlock(line=128,level=0,tokens=87), 130, 205, True
2025-12-28 19:37:37 - 20251228_193737_08d5b1f3 - markdown_it.rules_block.blockquote - DEBUG - blockquote.blockquote:13 - entering blockquote: StateBlock(line=128,level=0,tokens=87), 130, 205, True
2025-12-28 19:37:37 - 20251228_193737_08d5b1f3 - markdown_it.rules_block.hr - DEBUG - hr.hr:14 - entering hr: StateBlock(line=128,level=0,tokens=87), 130, 205, True
2025-12-28 19:37:37 - 20251228_193737_08d5b1f3 - markdown_it.rules_block.list - DEBUG - list.list_block:102 - entering list: StateBlock(line=128,level=0,tokens=87), 130, 205, True
2025-12-28 19:37:37 - 20251228_193737_08d5b1f3 - markdown_it.rules_block.html_block - DEBUG - html_block.html_block:35 - entering html_block: StateBlock(line=128,level=0,tokens=87), 130, 205, True
2025-12-28 19:37:37 - 20251228_193737_08d5b1f3 - markdown_it.rules_block.heading - DEBUG - heading.heading:13 - entering heading: StateBlock(line=128,level=0,tokens=87), 130, 205, True
2025-12-28 19:37:37 - 20251228_193737_08d5b1f3 - markdown_it.rules_block.fence - DEBUG - fence.fence:10 - entering fence: StateBlock(line=128,level=0,tokens=87), 131, 205, True
2025-12-28 19:37:37 - 20251228_193737_08d5b1f3 - markdown_it.rules_block.blockquote - DEBUG - blockquote.blockquote:13 - entering blockquote: StateBlock(line=128,level=0,tokens=87), 131, 205, True
2025-12-28 19:37:37 - 20251228_193737_08d5b1f3 - markdown_it.rules_block.hr - DEBUG - hr.hr:14 - entering hr: StateBlock(line=128,level=0,tokens=87), 131, 205, True
2025-12-28 19:37:37 - 20251228_193737_08d5b1f3 - markdown_it.rules_block.list - DEBUG - list.list_block:102 - entering list: StateBlock(line=128,level=0,tokens=87), 131, 205, True
2025-12-28 19:37:37 - 20251228_193737_08d5b1f3 - markdown_it.rules_block.paragraph - DEBUG - paragraph.paragraph:10 - entering paragraph: StateBlock(line=128,level=0,tokens=87), 128, 205, False
2025-12-28 19:37:37 - 20251228_193737_08d5b1f3 - markdown_it.rules_block.fence - DEBUG - fence.fence:10 - entering fence: StateBlock(line=128,level=0,tokens=87), 129, 205, True
2025-12-28 19:37:37 - 20251228_193737_08d5b1f3 - markdown_it.rules_block.blockquote - DEBUG - blockquote.blockquote:13 - entering blockquote: StateBlock(line=128,level=0,tokens=87), 129, 205, True
2025-12-28 19:37:37 - 20251228_193737_08d5b1f3 - markdown_it.rules_block.hr - DEBUG - hr.hr:14 - entering hr: StateBlock(line=128,level=0,tokens=87), 129, 205, True
2025-12-28 19:37:37 - 20251228_193737_08d5b1f3 - markdown_it.rules_block.list - DEBUG - list.list_block:102 - entering list: StateBlock(line=128,level=0,tokens=87), 129, 205, True
2025-12-28 19:37:37 - 20251228_193737_08d5b1f3 - markdown_it.rules_block.html_block - DEBUG - html_block.html_block:35 - entering html_block: StateBlock(line=128,level=0,tokens=87), 129, 205, True
2025-12-28 19:37:37 - 20251228_193737_08d5b1f3 - markdown_it.rules_block.heading - DEBUG - heading.heading:13 - entering heading: StateBlock(line=128,level=0,tokens=87), 129, 205, True
2025-12-28 19:37:37 - 20251228_193737_08d5b1f3 - markdown_it.rules_block.fence - DEBUG - fence.fence:10 - entering fence: StateBlock(line=128,level=0,tokens=87), 130, 205, True
2025-12-28 19:37:37 - 20251228_193737_08d5b1f3 - markdown_it.rules_block.blockquote - DEBUG - blockquote.blockquote:13 - entering blockquote: StateBlock(line=128,level=0,tokens=87), 130, 205, True
2025-12-28 19:37:37 - 20251228_193737_08d5b1f3 - markdown_it.rules_block.hr - DEBUG - hr.hr:14 - entering hr: StateBlock(line=128,level=0,tokens=87), 130, 205, True
2025-12-28 19:37:37 - 20251228_193737_08d5b1f3 - markdown_it.rules_block.list - DEBUG - list.list_block:102 - entering list: StateBlock(line=128,level=0,tokens=87), 130, 205, True
2025-12-28 19:37:37 - 20251228_193737_08d5b1f3 - markdown_it.rules_block.html_block - DEBUG - html_block.html_block:35 - entering html_block: StateBlock(line=128,level=0,tokens=87), 130, 205, True
2025-12-28 19:37:37 - 20251228_193737_08d5b1f3 - markdown_it.rules_block.heading - DEBUG - heading.heading:13 - entering heading: StateBlock(line=128,level=0,tokens=87), 130, 205, True
2025-12-28 19:37:37 - 20251228_193737_08d5b1f3 - markdown_it.rules_block.fence - DEBUG - fence.fence:10 - entering fence: StateBlock(line=128,level=0,tokens=87), 131, 205, True
2025-12-28 19:37:37 - 20251228_193737_08d5b1f3 - markdown_it.rules_block.blockquote - DEBUG - blockquote.blockquote:13 - entering blockquote: StateBlock(line=128,level=0,tokens=87), 131, 205, True
2025-12-28 19:37:37 - 20251228_193737_08d5b1f3 - markdown_it.rules_block.hr - DEBUG - hr.hr:14 - entering hr: StateBlock(line=128,level=0,tokens=87), 131, 205, True
2025-12-28 19:37:37 - 20251228_193737_08d5b1f3 - markdown_it.rules_block.list - DEBUG - list.list_block:102 - entering list: StateBlock(line=128,level=0,tokens=87), 131, 205, True
2025-12-28 19:37:37 - 20251228_193737_08d5b1f3 - markdown_it.rules_block.code - DEBUG - code.code:10 - entering code: StateBlock(line=131,level=0,tokens=90), 131, 205, False
2025-12-28 19:37:37 - 20251228_193737_08d5b1f3 - markdown_it.rules_block.fence - DEBUG - fence.fence:10 - entering fence: StateBlock(line=131,level=0,tokens=90), 131, 205, False
2025-12-28 19:37:37 - 20251228_193737_08d5b1f3 - markdown_it.rules_block.blockquote - DEBUG - blockquote.blockquote:13 - entering blockquote: StateBlock(line=131,level=0,tokens=90), 131, 205, False
2025-12-28 19:37:37 - 20251228_193737_08d5b1f3 - markdown_it.rules_block.hr - DEBUG - hr.hr:14 - entering hr: StateBlock(line=131,level=0,tokens=90), 131, 205, False
2025-12-28 19:37:37 - 20251228_193737_08d5b1f3 - markdown_it.rules_block.list - DEBUG - list.list_block:102 - entering list: StateBlock(line=131,level=0,tokens=90), 131, 205, False
2025-12-28 19:37:37 - 20251228_193737_08d5b1f3 - markdown_it.rules_block.code - DEBUG - code.code:10 - entering code: StateBlock(line=131,level=2,tokens=92), 131, 205, False
2025-12-28 19:37:37 - 20251228_193737_08d5b1f3 - markdown_it.rules_block.fence - DEBUG - fence.fence:10 - entering fence: StateBlock(line=131,level=2,tokens=92), 131, 205, False
2025-12-28 19:37:37 - 20251228_193737_08d5b1f3 - markdown_it.rules_block.blockquote - DEBUG - blockquote.blockquote:13 - entering blockquote: StateBlock(line=131,level=2,tokens=92), 131, 205, False
2025-12-28 19:37:37 - 20251228_193737_08d5b1f3 - markdown_it.rules_block.hr - DEBUG - hr.hr:14 - entering hr: StateBlock(line=131,level=2,tokens=92), 131, 205, False
2025-12-28 19:37:37 - 20251228_193737_08d5b1f3 - markdown_it.rules_block.list - DEBUG - list.list_block:102 - entering list: StateBlock(line=131,level=2,tokens=92), 131, 205, False
2025-12-28 19:37:37 - 20251228_193737_08d5b1f3 - markdown_it.rules_block.reference - DEBUG - reference.reference:10 - entering reference: StateBlock(line=131,level=2,tokens=92), 131, 205, False
2025-12-28 19:37:37 - 20251228_193737_08d5b1f3 - markdown_it.rules_block.html_block - DEBUG - html_block.html_block:35 - entering html_block: StateBlock(line=131,level=2,tokens=92), 131, 205, False
2025-12-28 19:37:37 - 20251228_193737_08d5b1f3 - markdown_it.rules_block.heading - DEBUG - heading.heading:13 - entering heading: StateBlock(line=131,level=2,tokens=92), 131, 205, False
2025-12-28 19:37:37 - 20251228_193737_08d5b1f3 - markdown_it.rules_block.lheading - DEBUG - lheading.lheading:10 - entering lheading: StateBlock(line=131,level=2,tokens=92), 131, 205, False
2025-12-28 19:37:37 - 20251228_193737_08d5b1f3 - markdown_it.rules_block.fence - DEBUG - fence.fence:10 - entering fence: StateBlock(line=131,level=2,tokens=92), 132, 205, True
2025-12-28 19:37:37 - 20251228_193737_08d5b1f3 - markdown_it.rules_block.blockquote - DEBUG - blockquote.blockquote:13 - entering blockquote: StateBlock(line=131,level=2,tokens=92), 132, 205, True
2025-12-28 19:37:37 - 20251228_193737_08d5b1f3 - markdown_it.rules_block.hr - DEBUG - hr.hr:14 - entering hr: StateBlock(line=131,level=2,tokens=92), 132, 205, True
2025-12-28 19:37:37 - 20251228_193737_08d5b1f3 - markdown_it.rules_block.list - DEBUG - list.list_block:102 - entering list: StateBlock(line=131,level=2,tokens=92), 132, 205, True
2025-12-28 19:37:37 - 20251228_193737_08d5b1f3 - markdown_it.rules_block.paragraph - DEBUG - paragraph.paragraph:10 - entering paragraph: StateBlock(line=131,level=2,tokens=92), 131, 205, False
2025-12-28 19:37:37 - 20251228_193737_08d5b1f3 - markdown_it.rules_block.fence - DEBUG - fence.fence:10 - entering fence: StateBlock(line=131,level=2,tokens=92), 132, 205, True
2025-12-28 19:37:37 - 20251228_193737_08d5b1f3 - markdown_it.rules_block.blockquote - DEBUG - blockquote.blockquote:13 - entering blockquote: StateBlock(line=131,level=2,tokens=92), 132, 205, True
2025-12-28 19:37:37 - 20251228_193737_08d5b1f3 - markdown_it.rules_block.hr - DEBUG - hr.hr:14 - entering hr: StateBlock(line=131,level=2,tokens=92), 132, 205, True
2025-12-28 19:37:37 - 20251228_193737_08d5b1f3 - markdown_it.rules_block.list - DEBUG - list.list_block:102 - entering list: StateBlock(line=131,level=2,tokens=92), 132, 205, True
2025-12-28 19:37:37 - 20251228_193737_08d5b1f3 - markdown_it.rules_block.fence - DEBUG - fence.fence:10 - entering fence: StateBlock(line=132,level=1,tokens=96), 132, 205, True
2025-12-28 19:37:37 - 20251228_193737_08d5b1f3 - markdown_it.rules_block.blockquote - DEBUG - blockquote.blockquote:13 - entering blockquote: StateBlock(line=132,level=1,tokens=96), 132, 205, True
2025-12-28 19:37:37 - 20251228_193737_08d5b1f3 - markdown_it.rules_block.hr - DEBUG - hr.hr:14 - entering hr: StateBlock(line=132,level=1,tokens=96), 132, 205, True
2025-12-28 19:37:37 - 20251228_193737_08d5b1f3 - markdown_it.rules_block.code - DEBUG - code.code:10 - entering code: StateBlock(line=132,level=2,tokens=97), 132, 205, False
2025-12-28 19:37:37 - 20251228_193737_08d5b1f3 - markdown_it.rules_block.fence - DEBUG - fence.fence:10 - entering fence: StateBlock(line=132,level=2,tokens=97), 132, 205, False
2025-12-28 19:37:37 - 20251228_193737_08d5b1f3 - markdown_it.rules_block.blockquote - DEBUG - blockquote.blockquote:13 - entering blockquote: StateBlock(line=132,level=2,tokens=97), 132, 205, False
2025-12-28 19:37:37 - 20251228_193737_08d5b1f3 - markdown_it.rules_block.hr - DEBUG - hr.hr:14 - entering hr: StateBlock(line=132,level=2,tokens=97), 132, 205, False
2025-12-28 19:37:37 - 20251228_193737_08d5b1f3 - markdown_it.rules_block.list - DEBUG - list.list_block:102 - entering list: StateBlock(line=132,level=2,tokens=97), 132, 205, False
2025-12-28 19:37:37 - 20251228_193737_08d5b1f3 - markdown_it.rules_block.reference - DEBUG - reference.reference:10 - entering reference: StateBlock(line=132,level=2,tokens=97), 132, 205, False
2025-12-28 19:37:37 - 20251228_193737_08d5b1f3 - markdown_it.rules_block.html_block - DEBUG - html_block.html_block:35 - entering html_block: StateBlock(line=132,level=2,tokens=97), 132, 205, False
2025-12-28 19:37:37 - 20251228_193737_08d5b1f3 - markdown_it.rules_block.heading - DEBUG - heading.heading:13 - entering heading: StateBlock(line=132,level=2,tokens=97), 132, 205, False
2025-12-28 19:37:37 - 20251228_193737_08d5b1f3 - markdown_it.rules_block.lheading - DEBUG - lheading.lheading:10 - entering lheading: StateBlock(line=132,level=2,tokens=97), 132, 205, False
2025-12-28 19:37:37 - 20251228_193737_08d5b1f3 - markdown_it.rules_block.fence - DEBUG - fence.fence:10 - entering fence: StateBlock(line=132,level=2,tokens=97), 133, 205, True
2025-12-28 19:37:37 - 20251228_193737_08d5b1f3 - markdown_it.rules_block.blockquote - DEBUG - blockquote.blockquote:13 - entering blockquote: StateBlock(line=132,level=2,tokens=97), 133, 205, True
2025-12-28 19:37:37 - 20251228_193737_08d5b1f3 - markdown_it.rules_block.hr - DEBUG - hr.hr:14 - entering hr: StateBlock(line=132,level=2,tokens=97), 133, 205, True
2025-12-28 19:37:37 - 20251228_193737_08d5b1f3 - markdown_it.rules_block.list - DEBUG - list.list_block:102 - entering list: StateBlock(line=132,level=2,tokens=97), 133, 205, True
2025-12-28 19:37:37 - 20251228_193737_08d5b1f3 - markdown_it.rules_block.paragraph - DEBUG - paragraph.paragraph:10 - entering paragraph: StateBlock(line=132,level=2,tokens=97), 132, 205, False
2025-12-28 19:37:37 - 20251228_193737_08d5b1f3 - markdown_it.rules_block.fence - DEBUG - fence.fence:10 - entering fence: StateBlock(line=132,level=2,tokens=97), 133, 205, True
2025-12-28 19:37:37 - 20251228_193737_08d5b1f3 - markdown_it.rules_block.blockquote - DEBUG - blockquote.blockquote:13 - entering blockquote: StateBlock(line=132,level=2,tokens=97), 133, 205, True
2025-12-28 19:37:37 - 20251228_193737_08d5b1f3 - markdown_it.rules_block.hr - DEBUG - hr.hr:14 - entering hr: StateBlock(line=132,level=2,tokens=97), 133, 205, True
2025-12-28 19:37:37 - 20251228_193737_08d5b1f3 - markdown_it.rules_block.list - DEBUG - list.list_block:102 - entering list: StateBlock(line=132,level=2,tokens=97), 133, 205, True
2025-12-28 19:37:37 - 20251228_193737_08d5b1f3 - markdown_it.rules_block.fence - DEBUG - fence.fence:10 - entering fence: StateBlock(line=133,level=1,tokens=101), 133, 205, True
2025-12-28 19:37:37 - 20251228_193737_08d5b1f3 - markdown_it.rules_block.blockquote - DEBUG - blockquote.blockquote:13 - entering blockquote: StateBlock(line=133,level=1,tokens=101), 133, 205, True
2025-12-28 19:37:37 - 20251228_193737_08d5b1f3 - markdown_it.rules_block.hr - DEBUG - hr.hr:14 - entering hr: StateBlock(line=133,level=1,tokens=101), 133, 205, True
2025-12-28 19:37:37 - 20251228_193737_08d5b1f3 - markdown_it.rules_block.code - DEBUG - code.code:10 - entering code: StateBlock(line=133,level=2,tokens=102), 133, 205, False
2025-12-28 19:37:37 - 20251228_193737_08d5b1f3 - markdown_it.rules_block.fence - DEBUG - fence.fence:10 - entering fence: StateBlock(line=133,level=2,tokens=102), 133, 205, False
2025-12-28 19:37:37 - 20251228_193737_08d5b1f3 - markdown_it.rules_block.blockquote - DEBUG - blockquote.blockquote:13 - entering blockquote: StateBlock(line=133,level=2,tokens=102), 133, 205, False
2025-12-28 19:37:37 - 20251228_193737_08d5b1f3 - markdown_it.rules_block.hr - DEBUG - hr.hr:14 - entering hr: StateBlock(line=133,level=2,tokens=102), 133, 205, False
2025-12-28 19:37:37 - 20251228_193737_08d5b1f3 - markdown_it.rules_block.list - DEBUG - list.list_block:102 - entering list: StateBlock(line=133,level=2,tokens=102), 133, 205, False
2025-12-28 19:37:37 - 20251228_193737_08d5b1f3 - markdown_it.rules_block.reference - DEBUG - reference.reference:10 - entering reference: StateBlock(line=133,level=2,tokens=102), 133, 205, False
2025-12-28 19:37:37 - 20251228_193737_08d5b1f3 - markdown_it.rules_block.html_block - DEBUG - html_block.html_block:35 - entering html_block: StateBlock(line=133,level=2,tokens=102), 133, 205, False
2025-12-28 19:37:37 - 20251228_193737_08d5b1f3 - markdown_it.rules_block.heading - DEBUG - heading.heading:13 - entering heading: StateBlock(line=133,level=2,tokens=102), 133, 205, False
2025-12-28 19:37:37 - 20251228_193737_08d5b1f3 - markdown_it.rules_block.lheading - DEBUG - lheading.lheading:10 - entering lheading: StateBlock(line=133,level=2,tokens=102), 133, 205, False
2025-12-28 19:37:37 - 20251228_193737_08d5b1f3 - markdown_it.rules_block.fence - DEBUG - fence.fence:10 - entering fence: StateBlock(line=133,level=2,tokens=102), 134, 205, True
2025-12-28 19:37:37 - 20251228_193737_08d5b1f3 - markdown_it.rules_block.blockquote - DEBUG - blockquote.blockquote:13 - entering blockquote: StateBlock(line=133,level=2,tokens=102), 134, 205, True
2025-12-28 19:37:37 - 20251228_193737_08d5b1f3 - markdown_it.rules_block.hr - DEBUG - hr.hr:14 - entering hr: StateBlock(line=133,level=2,tokens=102), 134, 205, True
2025-12-28 19:37:37 - 20251228_193737_08d5b1f3 - markdown_it.rules_block.list - DEBUG - list.list_block:102 - entering list: StateBlock(line=133,level=2,tokens=102), 134, 205, True
2025-12-28 19:37:37 - 20251228_193737_08d5b1f3 - markdown_it.rules_block.paragraph - DEBUG - paragraph.paragraph:10 - entering paragraph: StateBlock(line=133,level=2,tokens=102), 133, 205, False
2025-12-28 19:37:37 - 20251228_193737_08d5b1f3 - markdown_it.rules_block.fence - DEBUG - fence.fence:10 - entering fence: StateBlock(line=133,level=2,tokens=102), 134, 205, True
2025-12-28 19:37:37 - 20251228_193737_08d5b1f3 - markdown_it.rules_block.blockquote - DEBUG - blockquote.blockquote:13 - entering blockquote: StateBlock(line=133,level=2,tokens=102), 134, 205, True
2025-12-28 19:37:37 - 20251228_193737_08d5b1f3 - markdown_it.rules_block.hr - DEBUG - hr.hr:14 - entering hr: StateBlock(line=133,level=2,tokens=102), 134, 205, True
2025-12-28 19:37:37 - 20251228_193737_08d5b1f3 - markdown_it.rules_block.list - DEBUG - list.list_block:102 - entering list: StateBlock(line=133,level=2,tokens=102), 134, 205, True
2025-12-28 19:37:37 - 20251228_193737_08d5b1f3 - markdown_it.rules_block.fence - DEBUG - fence.fence:10 - entering fence: StateBlock(line=134,level=1,tokens=106), 134, 205, True
2025-12-28 19:37:37 - 20251228_193737_08d5b1f3 - markdown_it.rules_block.blockquote - DEBUG - blockquote.blockquote:13 - entering blockquote: StateBlock(line=134,level=1,tokens=106), 134, 205, True
2025-12-28 19:37:37 - 20251228_193737_08d5b1f3 - markdown_it.rules_block.hr - DEBUG - hr.hr:14 - entering hr: StateBlock(line=134,level=1,tokens=106), 134, 205, True
2025-12-28 19:37:37 - 20251228_193737_08d5b1f3 - markdown_it.rules_block.code - DEBUG - code.code:10 - entering code: StateBlock(line=134,level=2,tokens=107), 134, 205, False
2025-12-28 19:37:37 - 20251228_193737_08d5b1f3 - markdown_it.rules_block.fence - DEBUG - fence.fence:10 - entering fence: StateBlock(line=134,level=2,tokens=107), 134, 205, False
2025-12-28 19:37:37 - 20251228_193737_08d5b1f3 - markdown_it.rules_block.blockquote - DEBUG - blockquote.blockquote:13 - entering blockquote: StateBlock(line=134,level=2,tokens=107), 134, 205, False
2025-12-28 19:37:37 - 20251228_193737_08d5b1f3 - markdown_it.rules_block.hr - DEBUG - hr.hr:14 - entering hr: StateBlock(line=134,level=2,tokens=107), 134, 205, False
2025-12-28 19:37:37 - 20251228_193737_08d5b1f3 - markdown_it.rules_block.list - DEBUG - list.list_block:102 - entering list: StateBlock(line=134,level=2,tokens=107), 134, 205, False
2025-12-28 19:37:37 - 20251228_193737_08d5b1f3 - markdown_it.rules_block.reference - DEBUG - reference.reference:10 - entering reference: StateBlock(line=134,level=2,tokens=107), 134, 205, False
2025-12-28 19:37:37 - 20251228_193737_08d5b1f3 - markdown_it.rules_block.html_block - DEBUG - html_block.html_block:35 - entering html_block: StateBlock(line=134,level=2,tokens=107), 134, 205, False
2025-12-28 19:37:37 - 20251228_193737_08d5b1f3 - markdown_it.rules_block.heading - DEBUG - heading.heading:13 - entering heading: StateBlock(line=134,level=2,tokens=107), 134, 205, False
2025-12-28 19:37:37 - 20251228_193737_08d5b1f3 - markdown_it.rules_block.lheading - DEBUG - lheading.lheading:10 - entering lheading: StateBlock(line=134,level=2,tokens=107), 134, 205, False
2025-12-28 19:37:37 - 20251228_193737_08d5b1f3 - markdown_it.rules_block.paragraph - DEBUG - paragraph.paragraph:10 - entering paragraph: StateBlock(line=134,level=2,tokens=107), 134, 205, False
2025-12-28 19:37:37 - 20251228_193737_08d5b1f3 - markdown_it.rules_block.fence - DEBUG - fence.fence:10 - entering fence: StateBlock(line=136,level=1,tokens=111), 136, 205, True
2025-12-28 19:37:37 - 20251228_193737_08d5b1f3 - markdown_it.rules_block.blockquote - DEBUG - blockquote.blockquote:13 - entering blockquote: StateBlock(line=136,level=1,tokens=111), 136, 205, True
2025-12-28 19:37:37 - 20251228_193737_08d5b1f3 - markdown_it.rules_block.hr - DEBUG - hr.hr:14 - entering hr: StateBlock(line=136,level=1,tokens=111), 136, 205, True
2025-12-28 19:37:37 - 20251228_193737_08d5b1f3 - markdown_it.rules_block.code - DEBUG - code.code:10 - entering code: StateBlock(line=136,level=0,tokens=112), 136, 205, False
2025-12-28 19:37:37 - 20251228_193737_08d5b1f3 - markdown_it.rules_block.fence - DEBUG - fence.fence:10 - entering fence: StateBlock(line=136,level=0,tokens=112), 136, 205, False
2025-12-28 19:37:37 - 20251228_193737_08d5b1f3 - markdown_it.rules_block.blockquote - DEBUG - blockquote.blockquote:13 - entering blockquote: StateBlock(line=136,level=0,tokens=112), 136, 205, False
2025-12-28 19:37:37 - 20251228_193737_08d5b1f3 - markdown_it.rules_block.hr - DEBUG - hr.hr:14 - entering hr: StateBlock(line=136,level=0,tokens=112), 136, 205, False
2025-12-28 19:37:37 - 20251228_193737_08d5b1f3 - markdown_it.rules_block.code - DEBUG - code.code:10 - entering code: StateBlock(line=138,level=0,tokens=113), 138, 205, False
2025-12-28 19:37:37 - 20251228_193737_08d5b1f3 - markdown_it.rules_block.fence - DEBUG - fence.fence:10 - entering fence: StateBlock(line=138,level=0,tokens=113), 138, 205, False
2025-12-28 19:37:37 - 20251228_193737_08d5b1f3 - markdown_it.rules_block.blockquote - DEBUG - blockquote.blockquote:13 - entering blockquote: StateBlock(line=138,level=0,tokens=113), 138, 205, False
2025-12-28 19:37:37 - 20251228_193737_08d5b1f3 - markdown_it.rules_block.hr - DEBUG - hr.hr:14 - entering hr: StateBlock(line=138,level=0,tokens=113), 138, 205, False
2025-12-28 19:37:37 - 20251228_193737_08d5b1f3 - markdown_it.rules_block.list - DEBUG - list.list_block:102 - entering list: StateBlock(line=138,level=0,tokens=113), 138, 205, False
2025-12-28 19:37:37 - 20251228_193737_08d5b1f3 - markdown_it.rules_block.reference - DEBUG - reference.reference:10 - entering reference: StateBlock(line=138,level=0,tokens=113), 138, 205, False
2025-12-28 19:37:37 - 20251228_193737_08d5b1f3 - markdown_it.rules_block.html_block - DEBUG - html_block.html_block:35 - entering html_block: StateBlock(line=138,level=0,tokens=113), 138, 205, False
2025-12-28 19:37:37 - 20251228_193737_08d5b1f3 - markdown_it.rules_block.heading - DEBUG - heading.heading:13 - entering heading: StateBlock(line=138,level=0,tokens=113), 138, 205, False
2025-12-28 19:37:37 - 20251228_193737_08d5b1f3 - markdown_it.rules_block.code - DEBUG - code.code:10 - entering code: StateBlock(line=139,level=0,tokens=116), 139, 205, False
2025-12-28 19:37:37 - 20251228_193737_08d5b1f3 - markdown_it.rules_block.fence - DEBUG - fence.fence:10 - entering fence: StateBlock(line=139,level=0,tokens=116), 139, 205, False
2025-12-28 19:37:37 - 20251228_193737_08d5b1f3 - markdown_it.rules_block.blockquote - DEBUG - blockquote.blockquote:13 - entering blockquote: StateBlock(line=139,level=0,tokens=116), 139, 205, False
2025-12-28 19:37:37 - 20251228_193737_08d5b1f3 - markdown_it.rules_block.hr - DEBUG - hr.hr:14 - entering hr: StateBlock(line=139,level=0,tokens=116), 139, 205, False
2025-12-28 19:37:37 - 20251228_193737_08d5b1f3 - markdown_it.rules_block.list - DEBUG - list.list_block:102 - entering list: StateBlock(line=139,level=0,tokens=116), 139, 205, False
2025-12-28 19:37:37 - 20251228_193737_08d5b1f3 - markdown_it.rules_block.reference - DEBUG - reference.reference:10 - entering reference: StateBlock(line=139,level=0,tokens=116), 139, 205, False
2025-12-28 19:37:37 - 20251228_193737_08d5b1f3 - markdown_it.rules_block.html_block - DEBUG - html_block.html_block:35 - entering html_block: StateBlock(line=139,level=0,tokens=116), 139, 205, False
2025-12-28 19:37:37 - 20251228_193737_08d5b1f3 - markdown_it.rules_block.heading - DEBUG - heading.heading:13 - entering heading: StateBlock(line=139,level=0,tokens=116), 139, 205, False
2025-12-28 19:37:37 - 20251228_193737_08d5b1f3 - markdown_it.rules_block.lheading - DEBUG - lheading.lheading:10 - entering lheading: StateBlock(line=139,level=0,tokens=116), 139, 205, False
2025-12-28 19:37:37 - 20251228_193737_08d5b1f3 - markdown_it.rules_block.fence - DEBUG - fence.fence:10 - entering fence: StateBlock(line=139,level=0,tokens=116), 140, 205, True
2025-12-28 19:37:37 - 20251228_193737_08d5b1f3 - markdown_it.rules_block.blockquote - DEBUG - blockquote.blockquote:13 - entering blockquote: StateBlock(line=139,level=0,tokens=116), 140, 205, True
2025-12-28 19:37:37 - 20251228_193737_08d5b1f3 - markdown_it.rules_block.hr - DEBUG - hr.hr:14 - entering hr: StateBlock(line=139,level=0,tokens=116), 140, 205, True
2025-12-28 19:37:37 - 20251228_193737_08d5b1f3 - markdown_it.rules_block.list - DEBUG - list.list_block:102 - entering list: StateBlock(line=139,level=0,tokens=116), 140, 205, True
2025-12-28 19:37:37 - 20251228_193737_08d5b1f3 - markdown_it.rules_block.html_block - DEBUG - html_block.html_block:35 - entering html_block: StateBlock(line=139,level=0,tokens=116), 140, 205, True
2025-12-28 19:37:37 - 20251228_193737_08d5b1f3 - markdown_it.rules_block.heading - DEBUG - heading.heading:13 - entering heading: StateBlock(line=139,level=0,tokens=116), 140, 205, True
2025-12-28 19:37:37 - 20251228_193737_08d5b1f3 - markdown_it.rules_block.fence - DEBUG - fence.fence:10 - entering fence: StateBlock(line=139,level=0,tokens=116), 141, 205, True
2025-12-28 19:37:37 - 20251228_193737_08d5b1f3 - markdown_it.rules_block.blockquote - DEBUG - blockquote.blockquote:13 - entering blockquote: StateBlock(line=139,level=0,tokens=116), 141, 205, True
2025-12-28 19:37:37 - 20251228_193737_08d5b1f3 - markdown_it.rules_block.hr - DEBUG - hr.hr:14 - entering hr: StateBlock(line=139,level=0,tokens=116), 141, 205, True
2025-12-28 19:37:37 - 20251228_193737_08d5b1f3 - markdown_it.rules_block.list - DEBUG - list.list_block:102 - entering list: StateBlock(line=139,level=0,tokens=116), 141, 205, True
2025-12-28 19:37:37 - 20251228_193737_08d5b1f3 - markdown_it.rules_block.html_block - DEBUG - html_block.html_block:35 - entering html_block: StateBlock(line=139,level=0,tokens=116), 141, 205, True
2025-12-28 19:37:37 - 20251228_193737_08d5b1f3 - markdown_it.rules_block.heading - DEBUG - heading.heading:13 - entering heading: StateBlock(line=139,level=0,tokens=116), 141, 205, True
2025-12-28 19:37:37 - 20251228_193737_08d5b1f3 - markdown_it.rules_block.paragraph - DEBUG - paragraph.paragraph:10 - entering paragraph: StateBlock(line=139,level=0,tokens=116), 139, 205, False
2025-12-28 19:37:37 - 20251228_193737_08d5b1f3 - markdown_it.rules_block.fence - DEBUG - fence.fence:10 - entering fence: StateBlock(line=139,level=0,tokens=116), 140, 205, True
2025-12-28 19:37:37 - 20251228_193737_08d5b1f3 - markdown_it.rules_block.blockquote - DEBUG - blockquote.blockquote:13 - entering blockquote: StateBlock(line=139,level=0,tokens=116), 140, 205, True
2025-12-28 19:37:37 - 20251228_193737_08d5b1f3 - markdown_it.rules_block.hr - DEBUG - hr.hr:14 - entering hr: StateBlock(line=139,level=0,tokens=116), 140, 205, True
2025-12-28 19:37:37 - 20251228_193737_08d5b1f3 - markdown_it.rules_block.list - DEBUG - list.list_block:102 - entering list: StateBlock(line=139,level=0,tokens=116), 140, 205, True
2025-12-28 19:37:37 - 20251228_193737_08d5b1f3 - markdown_it.rules_block.html_block - DEBUG - html_block.html_block:35 - entering html_block: StateBlock(line=139,level=0,tokens=116), 140, 205, True
2025-12-28 19:37:37 - 20251228_193737_08d5b1f3 - markdown_it.rules_block.heading - DEBUG - heading.heading:13 - entering heading: StateBlock(line=139,level=0,tokens=116), 140, 205, True
2025-12-28 19:37:37 - 20251228_193737_08d5b1f3 - markdown_it.rules_block.fence - DEBUG - fence.fence:10 - entering fence: StateBlock(line=139,level=0,tokens=116), 141, 205, True
2025-12-28 19:37:37 - 20251228_193737_08d5b1f3 - markdown_it.rules_block.blockquote - DEBUG - blockquote.blockquote:13 - entering blockquote: StateBlock(line=139,level=0,tokens=116), 141, 205, True
2025-12-28 19:37:37 - 20251228_193737_08d5b1f3 - markdown_it.rules_block.hr - DEBUG - hr.hr:14 - entering hr: StateBlock(line=139,level=0,tokens=116), 141, 205, True
2025-12-28 19:37:37 - 20251228_193737_08d5b1f3 - markdown_it.rules_block.list - DEBUG - list.list_block:102 - entering list: StateBlock(line=139,level=0,tokens=116), 141, 205, True
2025-12-28 19:37:37 - 20251228_193737_08d5b1f3 - markdown_it.rules_block.html_block - DEBUG - html_block.html_block:35 - entering html_block: StateBlock(line=139,level=0,tokens=116), 141, 205, True
2025-12-28 19:37:37 - 20251228_193737_08d5b1f3 - markdown_it.rules_block.heading - DEBUG - heading.heading:13 - entering heading: StateBlock(line=139,level=0,tokens=116), 141, 205, True
2025-12-28 19:37:37 - 20251228_193737_08d5b1f3 - markdown_it.rules_block.code - DEBUG - code.code:10 - entering code: StateBlock(line=143,level=0,tokens=119), 143, 205, False
2025-12-28 19:37:37 - 20251228_193737_08d5b1f3 - markdown_it.rules_block.fence - DEBUG - fence.fence:10 - entering fence: StateBlock(line=143,level=0,tokens=119), 143, 205, False
2025-12-28 19:37:37 - 20251228_193737_08d5b1f3 - markdown_it.rules_block.blockquote - DEBUG - blockquote.blockquote:13 - entering blockquote: StateBlock(line=143,level=0,tokens=119), 143, 205, False
2025-12-28 19:37:37 - 20251228_193737_08d5b1f3 - markdown_it.rules_block.hr - DEBUG - hr.hr:14 - entering hr: StateBlock(line=143,level=0,tokens=119), 143, 205, False
2025-12-28 19:37:37 - 20251228_193737_08d5b1f3 - markdown_it.rules_block.list - DEBUG - list.list_block:102 - entering list: StateBlock(line=143,level=0,tokens=119), 143, 205, False
2025-12-28 19:37:37 - 20251228_193737_08d5b1f3 - markdown_it.rules_block.reference - DEBUG - reference.reference:10 - entering reference: StateBlock(line=143,level=0,tokens=119), 143, 205, False
2025-12-28 19:37:37 - 20251228_193737_08d5b1f3 - markdown_it.rules_block.html_block - DEBUG - html_block.html_block:35 - entering html_block: StateBlock(line=143,level=0,tokens=119), 143, 205, False
2025-12-28 19:37:37 - 20251228_193737_08d5b1f3 - markdown_it.rules_block.heading - DEBUG - heading.heading:13 - entering heading: StateBlock(line=143,level=0,tokens=119), 143, 205, False
2025-12-28 19:37:37 - 20251228_193737_08d5b1f3 - markdown_it.rules_block.lheading - DEBUG - lheading.lheading:10 - entering lheading: StateBlock(line=143,level=0,tokens=119), 143, 205, False
2025-12-28 19:37:37 - 20251228_193737_08d5b1f3 - markdown_it.rules_block.fence - DEBUG - fence.fence:10 - entering fence: StateBlock(line=143,level=0,tokens=119), 144, 205, True
2025-12-28 19:37:37 - 20251228_193737_08d5b1f3 - markdown_it.rules_block.blockquote - DEBUG - blockquote.blockquote:13 - entering blockquote: StateBlock(line=143,level=0,tokens=119), 144, 205, True
2025-12-28 19:37:37 - 20251228_193737_08d5b1f3 - markdown_it.rules_block.hr - DEBUG - hr.hr:14 - entering hr: StateBlock(line=143,level=0,tokens=119), 144, 205, True
2025-12-28 19:37:37 - 20251228_193737_08d5b1f3 - markdown_it.rules_block.list - DEBUG - list.list_block:102 - entering list: StateBlock(line=143,level=0,tokens=119), 144, 205, True
2025-12-28 19:37:37 - 20251228_193737_08d5b1f3 - markdown_it.rules_block.html_block - DEBUG - html_block.html_block:35 - entering html_block: StateBlock(line=143,level=0,tokens=119), 144, 205, True
2025-12-28 19:37:37 - 20251228_193737_08d5b1f3 - markdown_it.rules_block.heading - DEBUG - heading.heading:13 - entering heading: StateBlock(line=143,level=0,tokens=119), 144, 205, True
2025-12-28 19:37:37 - 20251228_193737_08d5b1f3 - markdown_it.rules_block.fence - DEBUG - fence.fence:10 - entering fence: StateBlock(line=143,level=0,tokens=119), 145, 205, True
2025-12-28 19:37:37 - 20251228_193737_08d5b1f3 - markdown_it.rules_block.blockquote - DEBUG - blockquote.blockquote:13 - entering blockquote: StateBlock(line=143,level=0,tokens=119), 145, 205, True
2025-12-28 19:37:37 - 20251228_193737_08d5b1f3 - markdown_it.rules_block.hr - DEBUG - hr.hr:14 - entering hr: StateBlock(line=143,level=0,tokens=119), 145, 205, True
2025-12-28 19:37:37 - 20251228_193737_08d5b1f3 - markdown_it.rules_block.list - DEBUG - list.list_block:102 - entering list: StateBlock(line=143,level=0,tokens=119), 145, 205, True
2025-12-28 19:37:37 - 20251228_193737_08d5b1f3 - markdown_it.rules_block.html_block - DEBUG - html_block.html_block:35 - entering html_block: StateBlock(line=143,level=0,tokens=119), 145, 205, True
2025-12-28 19:37:37 - 20251228_193737_08d5b1f3 - markdown_it.rules_block.heading - DEBUG - heading.heading:13 - entering heading: StateBlock(line=143,level=0,tokens=119), 145, 205, True
2025-12-28 19:37:37 - 20251228_193737_08d5b1f3 - markdown_it.rules_block.paragraph - DEBUG - paragraph.paragraph:10 - entering paragraph: StateBlock(line=143,level=0,tokens=119), 143, 205, False
2025-12-28 19:37:37 - 20251228_193737_08d5b1f3 - markdown_it.rules_block.fence - DEBUG - fence.fence:10 - entering fence: StateBlock(line=143,level=0,tokens=119), 144, 205, True
2025-12-28 19:37:37 - 20251228_193737_08d5b1f3 - markdown_it.rules_block.blockquote - DEBUG - blockquote.blockquote:13 - entering blockquote: StateBlock(line=143,level=0,tokens=119), 144, 205, True
2025-12-28 19:37:37 - 20251228_193737_08d5b1f3 - markdown_it.rules_block.hr - DEBUG - hr.hr:14 - entering hr: StateBlock(line=143,level=0,tokens=119), 144, 205, True
2025-12-28 19:37:37 - 20251228_193737_08d5b1f3 - markdown_it.rules_block.list - DEBUG - list.list_block:102 - entering list: StateBlock(line=143,level=0,tokens=119), 144, 205, True
2025-12-28 19:37:37 - 20251228_193737_08d5b1f3 - markdown_it.rules_block.html_block - DEBUG - html_block.html_block:35 - entering html_block: StateBlock(line=143,level=0,tokens=119), 144, 205, True
2025-12-28 19:37:37 - 20251228_193737_08d5b1f3 - markdown_it.rules_block.heading - DEBUG - heading.heading:13 - entering heading: StateBlock(line=143,level=0,tokens=119), 144, 205, True
2025-12-28 19:37:37 - 20251228_193737_08d5b1f3 - markdown_it.rules_block.fence - DEBUG - fence.fence:10 - entering fence: StateBlock(line=143,level=0,tokens=119), 145, 205, True
2025-12-28 19:37:37 - 20251228_193737_08d5b1f3 - markdown_it.rules_block.blockquote - DEBUG - blockquote.blockquote:13 - entering blockquote: StateBlock(line=143,level=0,tokens=119), 145, 205, True
2025-12-28 19:37:37 - 20251228_193737_08d5b1f3 - markdown_it.rules_block.hr - DEBUG - hr.hr:14 - entering hr: StateBlock(line=143,level=0,tokens=119), 145, 205, True
2025-12-28 19:37:37 - 20251228_193737_08d5b1f3 - markdown_it.rules_block.list - DEBUG - list.list_block:102 - entering list: StateBlock(line=143,level=0,tokens=119), 145, 205, True
2025-12-28 19:37:37 - 20251228_193737_08d5b1f3 - markdown_it.rules_block.html_block - DEBUG - html_block.html_block:35 - entering html_block: StateBlock(line=143,level=0,tokens=119), 145, 205, True
2025-12-28 19:37:37 - 20251228_193737_08d5b1f3 - markdown_it.rules_block.heading - DEBUG - heading.heading:13 - entering heading: StateBlock(line=143,level=0,tokens=119), 145, 205, True
2025-12-28 19:37:37 - 20251228_193737_08d5b1f3 - markdown_it.rules_block.code - DEBUG - code.code:10 - entering code: StateBlock(line=147,level=0,tokens=122), 147, 205, False
2025-12-28 19:37:37 - 20251228_193737_08d5b1f3 - markdown_it.rules_block.fence - DEBUG - fence.fence:10 - entering fence: StateBlock(line=147,level=0,tokens=122), 147, 205, False
2025-12-28 19:37:37 - 20251228_193737_08d5b1f3 - markdown_it.rules_block.blockquote - DEBUG - blockquote.blockquote:13 - entering blockquote: StateBlock(line=147,level=0,tokens=122), 147, 205, False
2025-12-28 19:37:37 - 20251228_193737_08d5b1f3 - markdown_it.rules_block.hr - DEBUG - hr.hr:14 - entering hr: StateBlock(line=147,level=0,tokens=122), 147, 205, False
2025-12-28 19:37:37 - 20251228_193737_08d5b1f3 - markdown_it.rules_block.list - DEBUG - list.list_block:102 - entering list: StateBlock(line=147,level=0,tokens=122), 147, 205, False
2025-12-28 19:37:37 - 20251228_193737_08d5b1f3 - markdown_it.rules_block.reference - DEBUG - reference.reference:10 - entering reference: StateBlock(line=147,level=0,tokens=122), 147, 205, False
2025-12-28 19:37:37 - 20251228_193737_08d5b1f3 - markdown_it.rules_block.html_block - DEBUG - html_block.html_block:35 - entering html_block: StateBlock(line=147,level=0,tokens=122), 147, 205, False
2025-12-28 19:37:37 - 20251228_193737_08d5b1f3 - markdown_it.rules_block.heading - DEBUG - heading.heading:13 - entering heading: StateBlock(line=147,level=0,tokens=122), 147, 205, False
2025-12-28 19:37:37 - 20251228_193737_08d5b1f3 - markdown_it.rules_block.lheading - DEBUG - lheading.lheading:10 - entering lheading: StateBlock(line=147,level=0,tokens=122), 147, 205, False
2025-12-28 19:37:37 - 20251228_193737_08d5b1f3 - markdown_it.rules_block.fence - DEBUG - fence.fence:10 - entering fence: StateBlock(line=147,level=0,tokens=122), 148, 205, True
2025-12-28 19:37:37 - 20251228_193737_08d5b1f3 - markdown_it.rules_block.blockquote - DEBUG - blockquote.blockquote:13 - entering blockquote: StateBlock(line=147,level=0,tokens=122), 148, 205, True
2025-12-28 19:37:37 - 20251228_193737_08d5b1f3 - markdown_it.rules_block.hr - DEBUG - hr.hr:14 - entering hr: StateBlock(line=147,level=0,tokens=122), 148, 205, True
2025-12-28 19:37:37 - 20251228_193737_08d5b1f3 - markdown_it.rules_block.list - DEBUG - list.list_block:102 - entering list: StateBlock(line=147,level=0,tokens=122), 148, 205, True
2025-12-28 19:37:37 - 20251228_193737_08d5b1f3 - markdown_it.rules_block.html_block - DEBUG - html_block.html_block:35 - entering html_block: StateBlock(line=147,level=0,tokens=122), 148, 205, True
2025-12-28 19:37:37 - 20251228_193737_08d5b1f3 - markdown_it.rules_block.heading - DEBUG - heading.heading:13 - entering heading: StateBlock(line=147,level=0,tokens=122), 148, 205, True
2025-12-28 19:37:37 - 20251228_193737_08d5b1f3 - markdown_it.rules_block.fence - DEBUG - fence.fence:10 - entering fence: StateBlock(line=147,level=0,tokens=122), 149, 205, True
2025-12-28 19:37:37 - 20251228_193737_08d5b1f3 - markdown_it.rules_block.blockquote - DEBUG - blockquote.blockquote:13 - entering blockquote: StateBlock(line=147,level=0,tokens=122), 149, 205, True
2025-12-28 19:37:37 - 20251228_193737_08d5b1f3 - markdown_it.rules_block.hr - DEBUG - hr.hr:14 - entering hr: StateBlock(line=147,level=0,tokens=122), 149, 205, True
2025-12-28 19:37:37 - 20251228_193737_08d5b1f3 - markdown_it.rules_block.list - DEBUG - list.list_block:102 - entering list: StateBlock(line=147,level=0,tokens=122), 149, 205, True
2025-12-28 19:37:37 - 20251228_193737_08d5b1f3 - markdown_it.rules_block.html_block - DEBUG - html_block.html_block:35 - entering html_block: StateBlock(line=147,level=0,tokens=122), 149, 205, True
2025-12-28 19:37:37 - 20251228_193737_08d5b1f3 - markdown_it.rules_block.heading - DEBUG - heading.heading:13 - entering heading: StateBlock(line=147,level=0,tokens=122), 149, 205, True
2025-12-28 19:37:37 - 20251228_193737_08d5b1f3 - markdown_it.rules_block.paragraph - DEBUG - paragraph.paragraph:10 - entering paragraph: StateBlock(line=147,level=0,tokens=122), 147, 205, False
2025-12-28 19:37:37 - 20251228_193737_08d5b1f3 - markdown_it.rules_block.fence - DEBUG - fence.fence:10 - entering fence: StateBlock(line=147,level=0,tokens=122), 148, 205, True
2025-12-28 19:37:37 - 20251228_193737_08d5b1f3 - markdown_it.rules_block.blockquote - DEBUG - blockquote.blockquote:13 - entering blockquote: StateBlock(line=147,level=0,tokens=122), 148, 205, True
2025-12-28 19:37:37 - 20251228_193737_08d5b1f3 - markdown_it.rules_block.hr - DEBUG - hr.hr:14 - entering hr: StateBlock(line=147,level=0,tokens=122), 148, 205, True
2025-12-28 19:37:37 - 20251228_193737_08d5b1f3 - markdown_it.rules_block.list - DEBUG - list.list_block:102 - entering list: StateBlock(line=147,level=0,tokens=122), 148, 205, True
2025-12-28 19:37:37 - 20251228_193737_08d5b1f3 - markdown_it.rules_block.html_block - DEBUG - html_block.html_block:35 - entering html_block: StateBlock(line=147,level=0,tokens=122), 148, 205, True
2025-12-28 19:37:37 - 20251228_193737_08d5b1f3 - markdown_it.rules_block.heading - DEBUG - heading.heading:13 - entering heading: StateBlock(line=147,level=0,tokens=122), 148, 205, True
2025-12-28 19:37:37 - 20251228_193737_08d5b1f3 - markdown_it.rules_block.fence - DEBUG - fence.fence:10 - entering fence: StateBlock(line=147,level=0,tokens=122), 149, 205, True
2025-12-28 19:37:37 - 20251228_193737_08d5b1f3 - markdown_it.rules_block.blockquote - DEBUG - blockquote.blockquote:13 - entering blockquote: StateBlock(line=147,level=0,tokens=122), 149, 205, True
2025-12-28 19:37:37 - 20251228_193737_08d5b1f3 - markdown_it.rules_block.hr - DEBUG - hr.hr:14 - entering hr: StateBlock(line=147,level=0,tokens=122), 149, 205, True
2025-12-28 19:37:37 - 20251228_193737_08d5b1f3 - markdown_it.rules_block.list - DEBUG - list.list_block:102 - entering list: StateBlock(line=147,level=0,tokens=122), 149, 205, True
2025-12-28 19:37:37 - 20251228_193737_08d5b1f3 - markdown_it.rules_block.html_block - DEBUG - html_block.html_block:35 - entering html_block: StateBlock(line=147,level=0,tokens=122), 149, 205, True
2025-12-28 19:37:37 - 20251228_193737_08d5b1f3 - markdown_it.rules_block.heading - DEBUG - heading.heading:13 - entering heading: StateBlock(line=147,level=0,tokens=122), 149, 205, True
2025-12-28 19:37:37 - 20251228_193737_08d5b1f3 - markdown_it.rules_block.code - DEBUG - code.code:10 - entering code: StateBlock(line=151,level=0,tokens=125), 151, 205, False
2025-12-28 19:37:37 - 20251228_193737_08d5b1f3 - markdown_it.rules_block.fence - DEBUG - fence.fence:10 - entering fence: StateBlock(line=151,level=0,tokens=125), 151, 205, False
2025-12-28 19:37:37 - 20251228_193737_08d5b1f3 - markdown_it.rules_block.blockquote - DEBUG - blockquote.blockquote:13 - entering blockquote: StateBlock(line=151,level=0,tokens=125), 151, 205, False
2025-12-28 19:37:37 - 20251228_193737_08d5b1f3 - markdown_it.rules_block.hr - DEBUG - hr.hr:14 - entering hr: StateBlock(line=151,level=0,tokens=125), 151, 205, False
2025-12-28 19:37:37 - 20251228_193737_08d5b1f3 - markdown_it.rules_block.list - DEBUG - list.list_block:102 - entering list: StateBlock(line=151,level=0,tokens=125), 151, 205, False
2025-12-28 19:37:37 - 20251228_193737_08d5b1f3 - markdown_it.rules_block.reference - DEBUG - reference.reference:10 - entering reference: StateBlock(line=151,level=0,tokens=125), 151, 205, False
2025-12-28 19:37:37 - 20251228_193737_08d5b1f3 - markdown_it.rules_block.html_block - DEBUG - html_block.html_block:35 - entering html_block: StateBlock(line=151,level=0,tokens=125), 151, 205, False
2025-12-28 19:37:37 - 20251228_193737_08d5b1f3 - markdown_it.rules_block.heading - DEBUG - heading.heading:13 - entering heading: StateBlock(line=151,level=0,tokens=125), 151, 205, False
2025-12-28 19:37:37 - 20251228_193737_08d5b1f3 - markdown_it.rules_block.lheading - DEBUG - lheading.lheading:10 - entering lheading: StateBlock(line=151,level=0,tokens=125), 151, 205, False
2025-12-28 19:37:37 - 20251228_193737_08d5b1f3 - markdown_it.rules_block.fence - DEBUG - fence.fence:10 - entering fence: StateBlock(line=151,level=0,tokens=125), 152, 205, True
2025-12-28 19:37:37 - 20251228_193737_08d5b1f3 - markdown_it.rules_block.blockquote - DEBUG - blockquote.blockquote:13 - entering blockquote: StateBlock(line=151,level=0,tokens=125), 152, 205, True
2025-12-28 19:37:37 - 20251228_193737_08d5b1f3 - markdown_it.rules_block.hr - DEBUG - hr.hr:14 - entering hr: StateBlock(line=151,level=0,tokens=125), 152, 205, True
2025-12-28 19:37:37 - 20251228_193737_08d5b1f3 - markdown_it.rules_block.list - DEBUG - list.list_block:102 - entering list: StateBlock(line=151,level=0,tokens=125), 152, 205, True
2025-12-28 19:37:37 - 20251228_193737_08d5b1f3 - markdown_it.rules_block.html_block - DEBUG - html_block.html_block:35 - entering html_block: StateBlock(line=151,level=0,tokens=125), 152, 205, True
2025-12-28 19:37:37 - 20251228_193737_08d5b1f3 - markdown_it.rules_block.heading - DEBUG - heading.heading:13 - entering heading: StateBlock(line=151,level=0,tokens=125), 152, 205, True
2025-12-28 19:37:37 - 20251228_193737_08d5b1f3 - markdown_it.rules_block.fence - DEBUG - fence.fence:10 - entering fence: StateBlock(line=151,level=0,tokens=125), 153, 205, True
2025-12-28 19:37:37 - 20251228_193737_08d5b1f3 - markdown_it.rules_block.blockquote - DEBUG - blockquote.blockquote:13 - entering blockquote: StateBlock(line=151,level=0,tokens=125), 153, 205, True
2025-12-28 19:37:37 - 20251228_193737_08d5b1f3 - markdown_it.rules_block.hr - DEBUG - hr.hr:14 - entering hr: StateBlock(line=151,level=0,tokens=125), 153, 205, True
2025-12-28 19:37:37 - 20251228_193737_08d5b1f3 - markdown_it.rules_block.list - DEBUG - list.list_block:102 - entering list: StateBlock(line=151,level=0,tokens=125), 153, 205, True
2025-12-28 19:37:37 - 20251228_193737_08d5b1f3 - markdown_it.rules_block.html_block - DEBUG - html_block.html_block:35 - entering html_block: StateBlock(line=151,level=0,tokens=125), 153, 205, True
2025-12-28 19:37:37 - 20251228_193737_08d5b1f3 - markdown_it.rules_block.heading - DEBUG - heading.heading:13 - entering heading: StateBlock(line=151,level=0,tokens=125), 153, 205, True
2025-12-28 19:37:37 - 20251228_193737_08d5b1f3 - markdown_it.rules_block.paragraph - DEBUG - paragraph.paragraph:10 - entering paragraph: StateBlock(line=151,level=0,tokens=125), 151, 205, False
2025-12-28 19:37:37 - 20251228_193737_08d5b1f3 - markdown_it.rules_block.fence - DEBUG - fence.fence:10 - entering fence: StateBlock(line=151,level=0,tokens=125), 152, 205, True
2025-12-28 19:37:37 - 20251228_193737_08d5b1f3 - markdown_it.rules_block.blockquote - DEBUG - blockquote.blockquote:13 - entering blockquote: StateBlock(line=151,level=0,tokens=125), 152, 205, True
2025-12-28 19:37:37 - 20251228_193737_08d5b1f3 - markdown_it.rules_block.hr - DEBUG - hr.hr:14 - entering hr: StateBlock(line=151,level=0,tokens=125), 152, 205, True
2025-12-28 19:37:37 - 20251228_193737_08d5b1f3 - markdown_it.rules_block.list - DEBUG - list.list_block:102 - entering list: StateBlock(line=151,level=0,tokens=125), 152, 205, True
2025-12-28 19:37:37 - 20251228_193737_08d5b1f3 - markdown_it.rules_block.html_block - DEBUG - html_block.html_block:35 - entering html_block: StateBlock(line=151,level=0,tokens=125), 152, 205, True
2025-12-28 19:37:37 - 20251228_193737_08d5b1f3 - markdown_it.rules_block.heading - DEBUG - heading.heading:13 - entering heading: StateBlock(line=151,level=0,tokens=125), 152, 205, True
2025-12-28 19:37:37 - 20251228_193737_08d5b1f3 - markdown_it.rules_block.fence - DEBUG - fence.fence:10 - entering fence: StateBlock(line=151,level=0,tokens=125), 153, 205, True
2025-12-28 19:37:37 - 20251228_193737_08d5b1f3 - markdown_it.rules_block.blockquote - DEBUG - blockquote.blockquote:13 - entering blockquote: StateBlock(line=151,level=0,tokens=125), 153, 205, True
2025-12-28 19:37:37 - 20251228_193737_08d5b1f3 - markdown_it.rules_block.hr - DEBUG - hr.hr:14 - entering hr: StateBlock(line=151,level=0,tokens=125), 153, 205, True
2025-12-28 19:37:37 - 20251228_193737_08d5b1f3 - markdown_it.rules_block.list - DEBUG - list.list_block:102 - entering list: StateBlock(line=151,level=0,tokens=125), 153, 205, True
2025-12-28 19:37:37 - 20251228_193737_08d5b1f3 - markdown_it.rules_block.html_block - DEBUG - html_block.html_block:35 - entering html_block: StateBlock(line=151,level=0,tokens=125), 153, 205, True
2025-12-28 19:37:37 - 20251228_193737_08d5b1f3 - markdown_it.rules_block.heading - DEBUG - heading.heading:13 - entering heading: StateBlock(line=151,level=0,tokens=125), 153, 205, True
2025-12-28 19:37:37 - 20251228_193737_08d5b1f3 - markdown_it.rules_block.code - DEBUG - code.code:10 - entering code: StateBlock(line=155,level=0,tokens=128), 155, 205, False
2025-12-28 19:37:37 - 20251228_193737_08d5b1f3 - markdown_it.rules_block.fence - DEBUG - fence.fence:10 - entering fence: StateBlock(line=155,level=0,tokens=128), 155, 205, False
2025-12-28 19:37:37 - 20251228_193737_08d5b1f3 - markdown_it.rules_block.blockquote - DEBUG - blockquote.blockquote:13 - entering blockquote: StateBlock(line=155,level=0,tokens=128), 155, 205, False
2025-12-28 19:37:37 - 20251228_193737_08d5b1f3 - markdown_it.rules_block.hr - DEBUG - hr.hr:14 - entering hr: StateBlock(line=155,level=0,tokens=128), 155, 205, False
2025-12-28 19:37:37 - 20251228_193737_08d5b1f3 - markdown_it.rules_block.list - DEBUG - list.list_block:102 - entering list: StateBlock(line=155,level=0,tokens=128), 155, 205, False
2025-12-28 19:37:37 - 20251228_193737_08d5b1f3 - markdown_it.rules_block.reference - DEBUG - reference.reference:10 - entering reference: StateBlock(line=155,level=0,tokens=128), 155, 205, False
2025-12-28 19:37:37 - 20251228_193737_08d5b1f3 - markdown_it.rules_block.html_block - DEBUG - html_block.html_block:35 - entering html_block: StateBlock(line=155,level=0,tokens=128), 155, 205, False
2025-12-28 19:37:37 - 20251228_193737_08d5b1f3 - markdown_it.rules_block.heading - DEBUG - heading.heading:13 - entering heading: StateBlock(line=155,level=0,tokens=128), 155, 205, False
2025-12-28 19:37:37 - 20251228_193737_08d5b1f3 - markdown_it.rules_block.lheading - DEBUG - lheading.lheading:10 - entering lheading: StateBlock(line=155,level=0,tokens=128), 155, 205, False
2025-12-28 19:37:37 - 20251228_193737_08d5b1f3 - markdown_it.rules_block.fence - DEBUG - fence.fence:10 - entering fence: StateBlock(line=155,level=0,tokens=128), 156, 205, True
2025-12-28 19:37:37 - 20251228_193737_08d5b1f3 - markdown_it.rules_block.blockquote - DEBUG - blockquote.blockquote:13 - entering blockquote: StateBlock(line=155,level=0,tokens=128), 156, 205, True
2025-12-28 19:37:37 - 20251228_193737_08d5b1f3 - markdown_it.rules_block.hr - DEBUG - hr.hr:14 - entering hr: StateBlock(line=155,level=0,tokens=128), 156, 205, True
2025-12-28 19:37:37 - 20251228_193737_08d5b1f3 - markdown_it.rules_block.list - DEBUG - list.list_block:102 - entering list: StateBlock(line=155,level=0,tokens=128), 156, 205, True
2025-12-28 19:37:37 - 20251228_193737_08d5b1f3 - markdown_it.rules_block.html_block - DEBUG - html_block.html_block:35 - entering html_block: StateBlock(line=155,level=0,tokens=128), 156, 205, True
2025-12-28 19:37:37 - 20251228_193737_08d5b1f3 - markdown_it.rules_block.heading - DEBUG - heading.heading:13 - entering heading: StateBlock(line=155,level=0,tokens=128), 156, 205, True
2025-12-28 19:37:37 - 20251228_193737_08d5b1f3 - markdown_it.rules_block.fence - DEBUG - fence.fence:10 - entering fence: StateBlock(line=155,level=0,tokens=128), 157, 205, True
2025-12-28 19:37:37 - 20251228_193737_08d5b1f3 - markdown_it.rules_block.blockquote - DEBUG - blockquote.blockquote:13 - entering blockquote: StateBlock(line=155,level=0,tokens=128), 157, 205, True
2025-12-28 19:37:37 - 20251228_193737_08d5b1f3 - markdown_it.rules_block.hr - DEBUG - hr.hr:14 - entering hr: StateBlock(line=155,level=0,tokens=128), 157, 205, True
2025-12-28 19:37:37 - 20251228_193737_08d5b1f3 - markdown_it.rules_block.list - DEBUG - list.list_block:102 - entering list: StateBlock(line=155,level=0,tokens=128), 157, 205, True
2025-12-28 19:37:37 - 20251228_193737_08d5b1f3 - markdown_it.rules_block.html_block - DEBUG - html_block.html_block:35 - entering html_block: StateBlock(line=155,level=0,tokens=128), 157, 205, True
2025-12-28 19:37:37 - 20251228_193737_08d5b1f3 - markdown_it.rules_block.heading - DEBUG - heading.heading:13 - entering heading: StateBlock(line=155,level=0,tokens=128), 157, 205, True
2025-12-28 19:37:37 - 20251228_193737_08d5b1f3 - markdown_it.rules_block.paragraph - DEBUG - paragraph.paragraph:10 - entering paragraph: StateBlock(line=155,level=0,tokens=128), 155, 205, False
2025-12-28 19:37:37 - 20251228_193737_08d5b1f3 - markdown_it.rules_block.fence - DEBUG - fence.fence:10 - entering fence: StateBlock(line=155,level=0,tokens=128), 156, 205, True
2025-12-28 19:37:37 - 20251228_193737_08d5b1f3 - markdown_it.rules_block.blockquote - DEBUG - blockquote.blockquote:13 - entering blockquote: StateBlock(line=155,level=0,tokens=128), 156, 205, True
2025-12-28 19:37:37 - 20251228_193737_08d5b1f3 - markdown_it.rules_block.hr - DEBUG - hr.hr:14 - entering hr: StateBlock(line=155,level=0,tokens=128), 156, 205, True
2025-12-28 19:37:37 - 20251228_193737_08d5b1f3 - markdown_it.rules_block.list - DEBUG - list.list_block:102 - entering list: StateBlock(line=155,level=0,tokens=128), 156, 205, True
2025-12-28 19:37:37 - 20251228_193737_08d5b1f3 - markdown_it.rules_block.html_block - DEBUG - html_block.html_block:35 - entering html_block: StateBlock(line=155,level=0,tokens=128), 156, 205, True
2025-12-28 19:37:37 - 20251228_193737_08d5b1f3 - markdown_it.rules_block.heading - DEBUG - heading.heading:13 - entering heading: StateBlock(line=155,level=0,tokens=128), 156, 205, True
2025-12-28 19:37:37 - 20251228_193737_08d5b1f3 - markdown_it.rules_block.fence - DEBUG - fence.fence:10 - entering fence: StateBlock(line=155,level=0,tokens=128), 157, 205, True
2025-12-28 19:37:37 - 20251228_193737_08d5b1f3 - markdown_it.rules_block.blockquote - DEBUG - blockquote.blockquote:13 - entering blockquote: StateBlock(line=155,level=0,tokens=128), 157, 205, True
2025-12-28 19:37:37 - 20251228_193737_08d5b1f3 - markdown_it.rules_block.hr - DEBUG - hr.hr:14 - entering hr: StateBlock(line=155,level=0,tokens=128), 157, 205, True
2025-12-28 19:37:37 - 20251228_193737_08d5b1f3 - markdown_it.rules_block.list - DEBUG - list.list_block:102 - entering list: StateBlock(line=155,level=0,tokens=128), 157, 205, True
2025-12-28 19:37:37 - 20251228_193737_08d5b1f3 - markdown_it.rules_block.html_block - DEBUG - html_block.html_block:35 - entering html_block: StateBlock(line=155,level=0,tokens=128), 157, 205, True
2025-12-28 19:37:37 - 20251228_193737_08d5b1f3 - markdown_it.rules_block.heading - DEBUG - heading.heading:13 - entering heading: StateBlock(line=155,level=0,tokens=128), 157, 205, True
2025-12-28 19:37:37 - 20251228_193737_08d5b1f3 - markdown_it.rules_block.code - DEBUG - code.code:10 - entering code: StateBlock(line=159,level=0,tokens=131), 159, 205, False
2025-12-28 19:37:37 - 20251228_193737_08d5b1f3 - markdown_it.rules_block.fence - DEBUG - fence.fence:10 - entering fence: StateBlock(line=159,level=0,tokens=131), 159, 205, False
2025-12-28 19:37:37 - 20251228_193737_08d5b1f3 - markdown_it.rules_block.blockquote - DEBUG - blockquote.blockquote:13 - entering blockquote: StateBlock(line=159,level=0,tokens=131), 159, 205, False
2025-12-28 19:37:37 - 20251228_193737_08d5b1f3 - markdown_it.rules_block.hr - DEBUG - hr.hr:14 - entering hr: StateBlock(line=159,level=0,tokens=131), 159, 205, False
2025-12-28 19:37:37 - 20251228_193737_08d5b1f3 - markdown_it.rules_block.list - DEBUG - list.list_block:102 - entering list: StateBlock(line=159,level=0,tokens=131), 159, 205, False
2025-12-28 19:37:37 - 20251228_193737_08d5b1f3 - markdown_it.rules_block.reference - DEBUG - reference.reference:10 - entering reference: StateBlock(line=159,level=0,tokens=131), 159, 205, False
2025-12-28 19:37:37 - 20251228_193737_08d5b1f3 - markdown_it.rules_block.html_block - DEBUG - html_block.html_block:35 - entering html_block: StateBlock(line=159,level=0,tokens=131), 159, 205, False
2025-12-28 19:37:37 - 20251228_193737_08d5b1f3 - markdown_it.rules_block.heading - DEBUG - heading.heading:13 - entering heading: StateBlock(line=159,level=0,tokens=131), 159, 205, False
2025-12-28 19:37:37 - 20251228_193737_08d5b1f3 - markdown_it.rules_block.lheading - DEBUG - lheading.lheading:10 - entering lheading: StateBlock(line=159,level=0,tokens=131), 159, 205, False
2025-12-28 19:37:37 - 20251228_193737_08d5b1f3 - markdown_it.rules_block.fence - DEBUG - fence.fence:10 - entering fence: StateBlock(line=159,level=0,tokens=131), 160, 205, True
2025-12-28 19:37:37 - 20251228_193737_08d5b1f3 - markdown_it.rules_block.blockquote - DEBUG - blockquote.blockquote:13 - entering blockquote: StateBlock(line=159,level=0,tokens=131), 160, 205, True
2025-12-28 19:37:37 - 20251228_193737_08d5b1f3 - markdown_it.rules_block.hr - DEBUG - hr.hr:14 - entering hr: StateBlock(line=159,level=0,tokens=131), 160, 205, True
2025-12-28 19:37:37 - 20251228_193737_08d5b1f3 - markdown_it.rules_block.list - DEBUG - list.list_block:102 - entering list: StateBlock(line=159,level=0,tokens=131), 160, 205, True
2025-12-28 19:37:37 - 20251228_193737_08d5b1f3 - markdown_it.rules_block.html_block - DEBUG - html_block.html_block:35 - entering html_block: StateBlock(line=159,level=0,tokens=131), 160, 205, True
2025-12-28 19:37:37 - 20251228_193737_08d5b1f3 - markdown_it.rules_block.heading - DEBUG - heading.heading:13 - entering heading: StateBlock(line=159,level=0,tokens=131), 160, 205, True
2025-12-28 19:37:37 - 20251228_193737_08d5b1f3 - markdown_it.rules_block.fence - DEBUG - fence.fence:10 - entering fence: StateBlock(line=159,level=0,tokens=131), 161, 205, True
2025-12-28 19:37:37 - 20251228_193737_08d5b1f3 - markdown_it.rules_block.blockquote - DEBUG - blockquote.blockquote:13 - entering blockquote: StateBlock(line=159,level=0,tokens=131), 161, 205, True
2025-12-28 19:37:37 - 20251228_193737_08d5b1f3 - markdown_it.rules_block.hr - DEBUG - hr.hr:14 - entering hr: StateBlock(line=159,level=0,tokens=131), 161, 205, True
2025-12-28 19:37:37 - 20251228_193737_08d5b1f3 - markdown_it.rules_block.list - DEBUG - list.list_block:102 - entering list: StateBlock(line=159,level=0,tokens=131), 161, 205, True
2025-12-28 19:37:37 - 20251228_193737_08d5b1f3 - markdown_it.rules_block.html_block - DEBUG - html_block.html_block:35 - entering html_block: StateBlock(line=159,level=0,tokens=131), 161, 205, True
2025-12-28 19:37:37 - 20251228_193737_08d5b1f3 - markdown_it.rules_block.heading - DEBUG - heading.heading:13 - entering heading: StateBlock(line=159,level=0,tokens=131), 161, 205, True
2025-12-28 19:37:37 - 20251228_193737_08d5b1f3 - markdown_it.rules_block.paragraph - DEBUG - paragraph.paragraph:10 - entering paragraph: StateBlock(line=159,level=0,tokens=131), 159, 205, False
2025-12-28 19:37:37 - 20251228_193737_08d5b1f3 - markdown_it.rules_block.fence - DEBUG - fence.fence:10 - entering fence: StateBlock(line=159,level=0,tokens=131), 160, 205, True
2025-12-28 19:37:37 - 20251228_193737_08d5b1f3 - markdown_it.rules_block.blockquote - DEBUG - blockquote.blockquote:13 - entering blockquote: StateBlock(line=159,level=0,tokens=131), 160, 205, True
2025-12-28 19:37:37 - 20251228_193737_08d5b1f3 - markdown_it.rules_block.hr - DEBUG - hr.hr:14 - entering hr: StateBlock(line=159,level=0,tokens=131), 160, 205, True
2025-12-28 19:37:37 - 20251228_193737_08d5b1f3 - markdown_it.rules_block.list - DEBUG - list.list_block:102 - entering list: StateBlock(line=159,level=0,tokens=131), 160, 205, True
2025-12-28 19:37:37 - 20251228_193737_08d5b1f3 - markdown_it.rules_block.html_block - DEBUG - html_block.html_block:35 - entering html_block: StateBlock(line=159,level=0,tokens=131), 160, 205, True
2025-12-28 19:37:37 - 20251228_193737_08d5b1f3 - markdown_it.rules_block.heading - DEBUG - heading.heading:13 - entering heading: StateBlock(line=159,level=0,tokens=131), 160, 205, True
2025-12-28 19:37:37 - 20251228_193737_08d5b1f3 - markdown_it.rules_block.fence - DEBUG - fence.fence:10 - entering fence: StateBlock(line=159,level=0,tokens=131), 161, 205, True
2025-12-28 19:37:37 - 20251228_193737_08d5b1f3 - markdown_it.rules_block.blockquote - DEBUG - blockquote.blockquote:13 - entering blockquote: StateBlock(line=159,level=0,tokens=131), 161, 205, True
2025-12-28 19:37:37 - 20251228_193737_08d5b1f3 - markdown_it.rules_block.hr - DEBUG - hr.hr:14 - entering hr: StateBlock(line=159,level=0,tokens=131), 161, 205, True
2025-12-28 19:37:37 - 20251228_193737_08d5b1f3 - markdown_it.rules_block.list - DEBUG - list.list_block:102 - entering list: StateBlock(line=159,level=0,tokens=131), 161, 205, True
2025-12-28 19:37:37 - 20251228_193737_08d5b1f3 - markdown_it.rules_block.html_block - DEBUG - html_block.html_block:35 - entering html_block: StateBlock(line=159,level=0,tokens=131), 161, 205, True
2025-12-28 19:37:37 - 20251228_193737_08d5b1f3 - markdown_it.rules_block.heading - DEBUG - heading.heading:13 - entering heading: StateBlock(line=159,level=0,tokens=131), 161, 205, True
2025-12-28 19:37:37 - 20251228_193737_08d5b1f3 - markdown_it.rules_block.code - DEBUG - code.code:10 - entering code: StateBlock(line=163,level=0,tokens=134), 163, 205, False
2025-12-28 19:37:37 - 20251228_193737_08d5b1f3 - markdown_it.rules_block.fence - DEBUG - fence.fence:10 - entering fence: StateBlock(line=163,level=0,tokens=134), 163, 205, False
2025-12-28 19:37:37 - 20251228_193737_08d5b1f3 - markdown_it.rules_block.blockquote - DEBUG - blockquote.blockquote:13 - entering blockquote: StateBlock(line=163,level=0,tokens=134), 163, 205, False
2025-12-28 19:37:37 - 20251228_193737_08d5b1f3 - markdown_it.rules_block.hr - DEBUG - hr.hr:14 - entering hr: StateBlock(line=163,level=0,tokens=134), 163, 205, False
2025-12-28 19:37:37 - 20251228_193737_08d5b1f3 - markdown_it.rules_block.code - DEBUG - code.code:10 - entering code: StateBlock(line=165,level=0,tokens=135), 165, 205, False
2025-12-28 19:37:37 - 20251228_193737_08d5b1f3 - markdown_it.rules_block.fence - DEBUG - fence.fence:10 - entering fence: StateBlock(line=165,level=0,tokens=135), 165, 205, False
2025-12-28 19:37:37 - 20251228_193737_08d5b1f3 - markdown_it.rules_block.blockquote - DEBUG - blockquote.blockquote:13 - entering blockquote: StateBlock(line=165,level=0,tokens=135), 165, 205, False
2025-12-28 19:37:37 - 20251228_193737_08d5b1f3 - markdown_it.rules_block.hr - DEBUG - hr.hr:14 - entering hr: StateBlock(line=165,level=0,tokens=135), 165, 205, False
2025-12-28 19:37:37 - 20251228_193737_08d5b1f3 - markdown_it.rules_block.list - DEBUG - list.list_block:102 - entering list: StateBlock(line=165,level=0,tokens=135), 165, 205, False
2025-12-28 19:37:37 - 20251228_193737_08d5b1f3 - markdown_it.rules_block.reference - DEBUG - reference.reference:10 - entering reference: StateBlock(line=165,level=0,tokens=135), 165, 205, False
2025-12-28 19:37:37 - 20251228_193737_08d5b1f3 - markdown_it.rules_block.html_block - DEBUG - html_block.html_block:35 - entering html_block: StateBlock(line=165,level=0,tokens=135), 165, 205, False
2025-12-28 19:37:37 - 20251228_193737_08d5b1f3 - markdown_it.rules_block.heading - DEBUG - heading.heading:13 - entering heading: StateBlock(line=165,level=0,tokens=135), 165, 205, False
2025-12-28 19:37:37 - 20251228_193737_08d5b1f3 - markdown_it.rules_block.code - DEBUG - code.code:10 - entering code: StateBlock(line=166,level=0,tokens=138), 166, 205, False
2025-12-28 19:37:37 - 20251228_193737_08d5b1f3 - markdown_it.rules_block.fence - DEBUG - fence.fence:10 - entering fence: StateBlock(line=166,level=0,tokens=138), 166, 205, False
2025-12-28 19:37:37 - 20251228_193737_08d5b1f3 - markdown_it.rules_block.blockquote - DEBUG - blockquote.blockquote:13 - entering blockquote: StateBlock(line=166,level=0,tokens=138), 166, 205, False
2025-12-28 19:37:37 - 20251228_193737_08d5b1f3 - markdown_it.rules_block.hr - DEBUG - hr.hr:14 - entering hr: StateBlock(line=166,level=0,tokens=138), 166, 205, False
2025-12-28 19:37:37 - 20251228_193737_08d5b1f3 - markdown_it.rules_block.list - DEBUG - list.list_block:102 - entering list: StateBlock(line=166,level=0,tokens=138), 166, 205, False
2025-12-28 19:37:37 - 20251228_193737_08d5b1f3 - markdown_it.rules_block.reference - DEBUG - reference.reference:10 - entering reference: StateBlock(line=166,level=0,tokens=138), 166, 205, False
2025-12-28 19:37:37 - 20251228_193737_08d5b1f3 - markdown_it.rules_block.html_block - DEBUG - html_block.html_block:35 - entering html_block: StateBlock(line=166,level=0,tokens=138), 166, 205, False
2025-12-28 19:37:37 - 20251228_193737_08d5b1f3 - markdown_it.rules_block.heading - DEBUG - heading.heading:13 - entering heading: StateBlock(line=166,level=0,tokens=138), 166, 205, False
2025-12-28 19:37:37 - 20251228_193737_08d5b1f3 - markdown_it.rules_block.lheading - DEBUG - lheading.lheading:10 - entering lheading: StateBlock(line=166,level=0,tokens=138), 166, 205, False
2025-12-28 19:37:37 - 20251228_193737_08d5b1f3 - markdown_it.rules_block.fence - DEBUG - fence.fence:10 - entering fence: StateBlock(line=166,level=0,tokens=138), 167, 205, True
2025-12-28 19:37:37 - 20251228_193737_08d5b1f3 - markdown_it.rules_block.blockquote - DEBUG - blockquote.blockquote:13 - entering blockquote: StateBlock(line=166,level=0,tokens=138), 167, 205, True
2025-12-28 19:37:37 - 20251228_193737_08d5b1f3 - markdown_it.rules_block.hr - DEBUG - hr.hr:14 - entering hr: StateBlock(line=166,level=0,tokens=138), 167, 205, True
2025-12-28 19:37:37 - 20251228_193737_08d5b1f3 - markdown_it.rules_block.list - DEBUG - list.list_block:102 - entering list: StateBlock(line=166,level=0,tokens=138), 167, 205, True
2025-12-28 19:37:37 - 20251228_193737_08d5b1f3 - markdown_it.rules_block.html_block - DEBUG - html_block.html_block:35 - entering html_block: StateBlock(line=166,level=0,tokens=138), 167, 205, True
2025-12-28 19:37:37 - 20251228_193737_08d5b1f3 - markdown_it.rules_block.heading - DEBUG - heading.heading:13 - entering heading: StateBlock(line=166,level=0,tokens=138), 167, 205, True
2025-12-28 19:37:37 - 20251228_193737_08d5b1f3 - markdown_it.rules_block.fence - DEBUG - fence.fence:10 - entering fence: StateBlock(line=166,level=0,tokens=138), 168, 205, True
2025-12-28 19:37:37 - 20251228_193737_08d5b1f3 - markdown_it.rules_block.blockquote - DEBUG - blockquote.blockquote:13 - entering blockquote: StateBlock(line=166,level=0,tokens=138), 168, 205, True
2025-12-28 19:37:37 - 20251228_193737_08d5b1f3 - markdown_it.rules_block.hr - DEBUG - hr.hr:14 - entering hr: StateBlock(line=166,level=0,tokens=138), 168, 205, True
2025-12-28 19:37:37 - 20251228_193737_08d5b1f3 - markdown_it.rules_block.list - DEBUG - list.list_block:102 - entering list: StateBlock(line=166,level=0,tokens=138), 168, 205, True
2025-12-28 19:37:37 - 20251228_193737_08d5b1f3 - markdown_it.rules_block.html_block - DEBUG - html_block.html_block:35 - entering html_block: StateBlock(line=166,level=0,tokens=138), 168, 205, True
2025-12-28 19:37:37 - 20251228_193737_08d5b1f3 - markdown_it.rules_block.heading - DEBUG - heading.heading:13 - entering heading: StateBlock(line=166,level=0,tokens=138), 168, 205, True
2025-12-28 19:37:37 - 20251228_193737_08d5b1f3 - markdown_it.rules_block.fence - DEBUG - fence.fence:10 - entering fence: StateBlock(line=166,level=0,tokens=138), 169, 205, True
2025-12-28 19:37:37 - 20251228_193737_08d5b1f3 - markdown_it.rules_block.blockquote - DEBUG - blockquote.blockquote:13 - entering blockquote: StateBlock(line=166,level=0,tokens=138), 169, 205, True
2025-12-28 19:37:37 - 20251228_193737_08d5b1f3 - markdown_it.rules_block.hr - DEBUG - hr.hr:14 - entering hr: StateBlock(line=166,level=0,tokens=138), 169, 205, True
2025-12-28 19:37:37 - 20251228_193737_08d5b1f3 - markdown_it.rules_block.list - DEBUG - list.list_block:102 - entering list: StateBlock(line=166,level=0,tokens=138), 169, 205, True
2025-12-28 19:37:37 - 20251228_193737_08d5b1f3 - markdown_it.rules_block.html_block - DEBUG - html_block.html_block:35 - entering html_block: StateBlock(line=166,level=0,tokens=138), 169, 205, True
2025-12-28 19:37:37 - 20251228_193737_08d5b1f3 - markdown_it.rules_block.heading - DEBUG - heading.heading:13 - entering heading: StateBlock(line=166,level=0,tokens=138), 169, 205, True
2025-12-28 19:37:37 - 20251228_193737_08d5b1f3 - markdown_it.rules_block.paragraph - DEBUG - paragraph.paragraph:10 - entering paragraph: StateBlock(line=166,level=0,tokens=138), 166, 205, False
2025-12-28 19:37:37 - 20251228_193737_08d5b1f3 - markdown_it.rules_block.fence - DEBUG - fence.fence:10 - entering fence: StateBlock(line=166,level=0,tokens=138), 167, 205, True
2025-12-28 19:37:37 - 20251228_193737_08d5b1f3 - markdown_it.rules_block.blockquote - DEBUG - blockquote.blockquote:13 - entering blockquote: StateBlock(line=166,level=0,tokens=138), 167, 205, True
2025-12-28 19:37:37 - 20251228_193737_08d5b1f3 - markdown_it.rules_block.hr - DEBUG - hr.hr:14 - entering hr: StateBlock(line=166,level=0,tokens=138), 167, 205, True
2025-12-28 19:37:37 - 20251228_193737_08d5b1f3 - markdown_it.rules_block.list - DEBUG - list.list_block:102 - entering list: StateBlock(line=166,level=0,tokens=138), 167, 205, True
2025-12-28 19:37:37 - 20251228_193737_08d5b1f3 - markdown_it.rules_block.html_block - DEBUG - html_block.html_block:35 - entering html_block: StateBlock(line=166,level=0,tokens=138), 167, 205, True
2025-12-28 19:37:37 - 20251228_193737_08d5b1f3 - markdown_it.rules_block.heading - DEBUG - heading.heading:13 - entering heading: StateBlock(line=166,level=0,tokens=138), 167, 205, True
2025-12-28 19:37:37 - 20251228_193737_08d5b1f3 - markdown_it.rules_block.fence - DEBUG - fence.fence:10 - entering fence: StateBlock(line=166,level=0,tokens=138), 168, 205, True
2025-12-28 19:37:37 - 20251228_193737_08d5b1f3 - markdown_it.rules_block.blockquote - DEBUG - blockquote.blockquote:13 - entering blockquote: StateBlock(line=166,level=0,tokens=138), 168, 205, True
2025-12-28 19:37:37 - 20251228_193737_08d5b1f3 - markdown_it.rules_block.hr - DEBUG - hr.hr:14 - entering hr: StateBlock(line=166,level=0,tokens=138), 168, 205, True
2025-12-28 19:37:37 - 20251228_193737_08d5b1f3 - markdown_it.rules_block.list - DEBUG - list.list_block:102 - entering list: StateBlock(line=166,level=0,tokens=138), 168, 205, True
2025-12-28 19:37:37 - 20251228_193737_08d5b1f3 - markdown_it.rules_block.html_block - DEBUG - html_block.html_block:35 - entering html_block: StateBlock(line=166,level=0,tokens=138), 168, 205, True
2025-12-28 19:37:37 - 20251228_193737_08d5b1f3 - markdown_it.rules_block.heading - DEBUG - heading.heading:13 - entering heading: StateBlock(line=166,level=0,tokens=138), 168, 205, True
2025-12-28 19:37:37 - 20251228_193737_08d5b1f3 - markdown_it.rules_block.fence - DEBUG - fence.fence:10 - entering fence: StateBlock(line=166,level=0,tokens=138), 169, 205, True
2025-12-28 19:37:37 - 20251228_193737_08d5b1f3 - markdown_it.rules_block.blockquote - DEBUG - blockquote.blockquote:13 - entering blockquote: StateBlock(line=166,level=0,tokens=138), 169, 205, True
2025-12-28 19:37:37 - 20251228_193737_08d5b1f3 - markdown_it.rules_block.hr - DEBUG - hr.hr:14 - entering hr: StateBlock(line=166,level=0,tokens=138), 169, 205, True
2025-12-28 19:37:37 - 20251228_193737_08d5b1f3 - markdown_it.rules_block.list - DEBUG - list.list_block:102 - entering list: StateBlock(line=166,level=0,tokens=138), 169, 205, True
2025-12-28 19:37:37 - 20251228_193737_08d5b1f3 - markdown_it.rules_block.html_block - DEBUG - html_block.html_block:35 - entering html_block: StateBlock(line=166,level=0,tokens=138), 169, 205, True
2025-12-28 19:37:37 - 20251228_193737_08d5b1f3 - markdown_it.rules_block.heading - DEBUG - heading.heading:13 - entering heading: StateBlock(line=166,level=0,tokens=138), 169, 205, True
2025-12-28 19:37:37 - 20251228_193737_08d5b1f3 - markdown_it.rules_block.code - DEBUG - code.code:10 - entering code: StateBlock(line=171,level=0,tokens=141), 171, 205, False
2025-12-28 19:37:37 - 20251228_193737_08d5b1f3 - markdown_it.rules_block.fence - DEBUG - fence.fence:10 - entering fence: StateBlock(line=171,level=0,tokens=141), 171, 205, False
2025-12-28 19:37:37 - 20251228_193737_08d5b1f3 - markdown_it.rules_block.blockquote - DEBUG - blockquote.blockquote:13 - entering blockquote: StateBlock(line=171,level=0,tokens=141), 171, 205, False
2025-12-28 19:37:37 - 20251228_193737_08d5b1f3 - markdown_it.rules_block.hr - DEBUG - hr.hr:14 - entering hr: StateBlock(line=171,level=0,tokens=141), 171, 205, False
2025-12-28 19:37:37 - 20251228_193737_08d5b1f3 - markdown_it.rules_block.list - DEBUG - list.list_block:102 - entering list: StateBlock(line=171,level=0,tokens=141), 171, 205, False
2025-12-28 19:37:37 - 20251228_193737_08d5b1f3 - markdown_it.rules_block.reference - DEBUG - reference.reference:10 - entering reference: StateBlock(line=171,level=0,tokens=141), 171, 205, False
2025-12-28 19:37:37 - 20251228_193737_08d5b1f3 - markdown_it.rules_block.html_block - DEBUG - html_block.html_block:35 - entering html_block: StateBlock(line=171,level=0,tokens=141), 171, 205, False
2025-12-28 19:37:37 - 20251228_193737_08d5b1f3 - markdown_it.rules_block.heading - DEBUG - heading.heading:13 - entering heading: StateBlock(line=171,level=0,tokens=141), 171, 205, False
2025-12-28 19:37:37 - 20251228_193737_08d5b1f3 - markdown_it.rules_block.lheading - DEBUG - lheading.lheading:10 - entering lheading: StateBlock(line=171,level=0,tokens=141), 171, 205, False
2025-12-28 19:37:37 - 20251228_193737_08d5b1f3 - markdown_it.rules_block.fence - DEBUG - fence.fence:10 - entering fence: StateBlock(line=171,level=0,tokens=141), 172, 205, True
2025-12-28 19:37:37 - 20251228_193737_08d5b1f3 - markdown_it.rules_block.blockquote - DEBUG - blockquote.blockquote:13 - entering blockquote: StateBlock(line=171,level=0,tokens=141), 172, 205, True
2025-12-28 19:37:37 - 20251228_193737_08d5b1f3 - markdown_it.rules_block.hr - DEBUG - hr.hr:14 - entering hr: StateBlock(line=171,level=0,tokens=141), 172, 205, True
2025-12-28 19:37:37 - 20251228_193737_08d5b1f3 - markdown_it.rules_block.list - DEBUG - list.list_block:102 - entering list: StateBlock(line=171,level=0,tokens=141), 172, 205, True
2025-12-28 19:37:37 - 20251228_193737_08d5b1f3 - markdown_it.rules_block.html_block - DEBUG - html_block.html_block:35 - entering html_block: StateBlock(line=171,level=0,tokens=141), 172, 205, True
2025-12-28 19:37:37 - 20251228_193737_08d5b1f3 - markdown_it.rules_block.heading - DEBUG - heading.heading:13 - entering heading: StateBlock(line=171,level=0,tokens=141), 172, 205, True
2025-12-28 19:37:37 - 20251228_193737_08d5b1f3 - markdown_it.rules_block.fence - DEBUG - fence.fence:10 - entering fence: StateBlock(line=171,level=0,tokens=141), 173, 205, True
2025-12-28 19:37:37 - 20251228_193737_08d5b1f3 - markdown_it.rules_block.blockquote - DEBUG - blockquote.blockquote:13 - entering blockquote: StateBlock(line=171,level=0,tokens=141), 173, 205, True
2025-12-28 19:37:37 - 20251228_193737_08d5b1f3 - markdown_it.rules_block.hr - DEBUG - hr.hr:14 - entering hr: StateBlock(line=171,level=0,tokens=141), 173, 205, True
2025-12-28 19:37:37 - 20251228_193737_08d5b1f3 - markdown_it.rules_block.list - DEBUG - list.list_block:102 - entering list: StateBlock(line=171,level=0,tokens=141), 173, 205, True
2025-12-28 19:37:37 - 20251228_193737_08d5b1f3 - markdown_it.rules_block.html_block - DEBUG - html_block.html_block:35 - entering html_block: StateBlock(line=171,level=0,tokens=141), 173, 205, True
2025-12-28 19:37:37 - 20251228_193737_08d5b1f3 - markdown_it.rules_block.heading - DEBUG - heading.heading:13 - entering heading: StateBlock(line=171,level=0,tokens=141), 173, 205, True
2025-12-28 19:37:37 - 20251228_193737_08d5b1f3 - markdown_it.rules_block.fence - DEBUG - fence.fence:10 - entering fence: StateBlock(line=171,level=0,tokens=141), 174, 205, True
2025-12-28 19:37:37 - 20251228_193737_08d5b1f3 - markdown_it.rules_block.blockquote - DEBUG - blockquote.blockquote:13 - entering blockquote: StateBlock(line=171,level=0,tokens=141), 174, 205, True
2025-12-28 19:37:37 - 20251228_193737_08d5b1f3 - markdown_it.rules_block.hr - DEBUG - hr.hr:14 - entering hr: StateBlock(line=171,level=0,tokens=141), 174, 205, True
2025-12-28 19:37:37 - 20251228_193737_08d5b1f3 - markdown_it.rules_block.list - DEBUG - list.list_block:102 - entering list: StateBlock(line=171,level=0,tokens=141), 174, 205, True
2025-12-28 19:37:37 - 20251228_193737_08d5b1f3 - markdown_it.rules_block.paragraph - DEBUG - paragraph.paragraph:10 - entering paragraph: StateBlock(line=171,level=0,tokens=141), 171, 205, False
2025-12-28 19:37:37 - 20251228_193737_08d5b1f3 - markdown_it.rules_block.fence - DEBUG - fence.fence:10 - entering fence: StateBlock(line=171,level=0,tokens=141), 172, 205, True
2025-12-28 19:37:37 - 20251228_193737_08d5b1f3 - markdown_it.rules_block.blockquote - DEBUG - blockquote.blockquote:13 - entering blockquote: StateBlock(line=171,level=0,tokens=141), 172, 205, True
2025-12-28 19:37:37 - 20251228_193737_08d5b1f3 - markdown_it.rules_block.hr - DEBUG - hr.hr:14 - entering hr: StateBlock(line=171,level=0,tokens=141), 172, 205, True
2025-12-28 19:37:37 - 20251228_193737_08d5b1f3 - markdown_it.rules_block.list - DEBUG - list.list_block:102 - entering list: StateBlock(line=171,level=0,tokens=141), 172, 205, True
2025-12-28 19:37:37 - 20251228_193737_08d5b1f3 - markdown_it.rules_block.html_block - DEBUG - html_block.html_block:35 - entering html_block: StateBlock(line=171,level=0,tokens=141), 172, 205, True
2025-12-28 19:37:37 - 20251228_193737_08d5b1f3 - markdown_it.rules_block.heading - DEBUG - heading.heading:13 - entering heading: StateBlock(line=171,level=0,tokens=141), 172, 205, True
2025-12-28 19:37:37 - 20251228_193737_08d5b1f3 - markdown_it.rules_block.fence - DEBUG - fence.fence:10 - entering fence: StateBlock(line=171,level=0,tokens=141), 173, 205, True
2025-12-28 19:37:37 - 20251228_193737_08d5b1f3 - markdown_it.rules_block.blockquote - DEBUG - blockquote.blockquote:13 - entering blockquote: StateBlock(line=171,level=0,tokens=141), 173, 205, True
2025-12-28 19:37:37 - 20251228_193737_08d5b1f3 - markdown_it.rules_block.hr - DEBUG - hr.hr:14 - entering hr: StateBlock(line=171,level=0,tokens=141), 173, 205, True
2025-12-28 19:37:37 - 20251228_193737_08d5b1f3 - markdown_it.rules_block.list - DEBUG - list.list_block:102 - entering list: StateBlock(line=171,level=0,tokens=141), 173, 205, True
2025-12-28 19:37:37 - 20251228_193737_08d5b1f3 - markdown_it.rules_block.html_block - DEBUG - html_block.html_block:35 - entering html_block: StateBlock(line=171,level=0,tokens=141), 173, 205, True
2025-12-28 19:37:37 - 20251228_193737_08d5b1f3 - markdown_it.rules_block.heading - DEBUG - heading.heading:13 - entering heading: StateBlock(line=171,level=0,tokens=141), 173, 205, True
2025-12-28 19:37:37 - 20251228_193737_08d5b1f3 - markdown_it.rules_block.fence - DEBUG - fence.fence:10 - entering fence: StateBlock(line=171,level=0,tokens=141), 174, 205, True
2025-12-28 19:37:37 - 20251228_193737_08d5b1f3 - markdown_it.rules_block.blockquote - DEBUG - blockquote.blockquote:13 - entering blockquote: StateBlock(line=171,level=0,tokens=141), 174, 205, True
2025-12-28 19:37:37 - 20251228_193737_08d5b1f3 - markdown_it.rules_block.hr - DEBUG - hr.hr:14 - entering hr: StateBlock(line=171,level=0,tokens=141), 174, 205, True
2025-12-28 19:37:37 - 20251228_193737_08d5b1f3 - markdown_it.rules_block.list - DEBUG - list.list_block:102 - entering list: StateBlock(line=171,level=0,tokens=141), 174, 205, True
2025-12-28 19:37:37 - 20251228_193737_08d5b1f3 - markdown_it.rules_block.code - DEBUG - code.code:10 - entering code: StateBlock(line=174,level=0,tokens=144), 174, 205, False
2025-12-28 19:37:37 - 20251228_193737_08d5b1f3 - markdown_it.rules_block.fence - DEBUG - fence.fence:10 - entering fence: StateBlock(line=174,level=0,tokens=144), 174, 205, False
2025-12-28 19:37:37 - 20251228_193737_08d5b1f3 - markdown_it.rules_block.blockquote - DEBUG - blockquote.blockquote:13 - entering blockquote: StateBlock(line=174,level=0,tokens=144), 174, 205, False
2025-12-28 19:37:37 - 20251228_193737_08d5b1f3 - markdown_it.rules_block.hr - DEBUG - hr.hr:14 - entering hr: StateBlock(line=174,level=0,tokens=144), 174, 205, False
2025-12-28 19:37:37 - 20251228_193737_08d5b1f3 - markdown_it.rules_block.list - DEBUG - list.list_block:102 - entering list: StateBlock(line=174,level=0,tokens=144), 174, 205, False
2025-12-28 19:37:37 - 20251228_193737_08d5b1f3 - markdown_it.rules_block.code - DEBUG - code.code:10 - entering code: StateBlock(line=174,level=2,tokens=146), 174, 205, False
2025-12-28 19:37:37 - 20251228_193737_08d5b1f3 - markdown_it.rules_block.fence - DEBUG - fence.fence:10 - entering fence: StateBlock(line=174,level=2,tokens=146), 174, 205, False
2025-12-28 19:37:37 - 20251228_193737_08d5b1f3 - markdown_it.rules_block.blockquote - DEBUG - blockquote.blockquote:13 - entering blockquote: StateBlock(line=174,level=2,tokens=146), 174, 205, False
2025-12-28 19:37:37 - 20251228_193737_08d5b1f3 - markdown_it.rules_block.hr - DEBUG - hr.hr:14 - entering hr: StateBlock(line=174,level=2,tokens=146), 174, 205, False
2025-12-28 19:37:37 - 20251228_193737_08d5b1f3 - markdown_it.rules_block.list - DEBUG - list.list_block:102 - entering list: StateBlock(line=174,level=2,tokens=146), 174, 205, False
2025-12-28 19:37:37 - 20251228_193737_08d5b1f3 - markdown_it.rules_block.reference - DEBUG - reference.reference:10 - entering reference: StateBlock(line=174,level=2,tokens=146), 174, 205, False
2025-12-28 19:37:37 - 20251228_193737_08d5b1f3 - markdown_it.rules_block.html_block - DEBUG - html_block.html_block:35 - entering html_block: StateBlock(line=174,level=2,tokens=146), 174, 205, False
2025-12-28 19:37:37 - 20251228_193737_08d5b1f3 - markdown_it.rules_block.heading - DEBUG - heading.heading:13 - entering heading: StateBlock(line=174,level=2,tokens=146), 174, 205, False
2025-12-28 19:37:37 - 20251228_193737_08d5b1f3 - markdown_it.rules_block.lheading - DEBUG - lheading.lheading:10 - entering lheading: StateBlock(line=174,level=2,tokens=146), 174, 205, False
2025-12-28 19:37:37 - 20251228_193737_08d5b1f3 - markdown_it.rules_block.fence - DEBUG - fence.fence:10 - entering fence: StateBlock(line=174,level=2,tokens=146), 175, 205, True
2025-12-28 19:37:37 - 20251228_193737_08d5b1f3 - markdown_it.rules_block.blockquote - DEBUG - blockquote.blockquote:13 - entering blockquote: StateBlock(line=174,level=2,tokens=146), 175, 205, True
2025-12-28 19:37:37 - 20251228_193737_08d5b1f3 - markdown_it.rules_block.hr - DEBUG - hr.hr:14 - entering hr: StateBlock(line=174,level=2,tokens=146), 175, 205, True
2025-12-28 19:37:37 - 20251228_193737_08d5b1f3 - markdown_it.rules_block.list - DEBUG - list.list_block:102 - entering list: StateBlock(line=174,level=2,tokens=146), 175, 205, True
2025-12-28 19:37:37 - 20251228_193737_08d5b1f3 - markdown_it.rules_block.paragraph - DEBUG - paragraph.paragraph:10 - entering paragraph: StateBlock(line=174,level=2,tokens=146), 174, 205, False
2025-12-28 19:37:37 - 20251228_193737_08d5b1f3 - markdown_it.rules_block.fence - DEBUG - fence.fence:10 - entering fence: StateBlock(line=174,level=2,tokens=146), 175, 205, True
2025-12-28 19:37:37 - 20251228_193737_08d5b1f3 - markdown_it.rules_block.blockquote - DEBUG - blockquote.blockquote:13 - entering blockquote: StateBlock(line=174,level=2,tokens=146), 175, 205, True
2025-12-28 19:37:37 - 20251228_193737_08d5b1f3 - markdown_it.rules_block.hr - DEBUG - hr.hr:14 - entering hr: StateBlock(line=174,level=2,tokens=146), 175, 205, True
2025-12-28 19:37:37 - 20251228_193737_08d5b1f3 - markdown_it.rules_block.list - DEBUG - list.list_block:102 - entering list: StateBlock(line=174,level=2,tokens=146), 175, 205, True
2025-12-28 19:37:37 - 20251228_193737_08d5b1f3 - markdown_it.rules_block.fence - DEBUG - fence.fence:10 - entering fence: StateBlock(line=175,level=1,tokens=150), 175, 205, True
2025-12-28 19:37:37 - 20251228_193737_08d5b1f3 - markdown_it.rules_block.blockquote - DEBUG - blockquote.blockquote:13 - entering blockquote: StateBlock(line=175,level=1,tokens=150), 175, 205, True
2025-12-28 19:37:37 - 20251228_193737_08d5b1f3 - markdown_it.rules_block.hr - DEBUG - hr.hr:14 - entering hr: StateBlock(line=175,level=1,tokens=150), 175, 205, True
2025-12-28 19:37:37 - 20251228_193737_08d5b1f3 - markdown_it.rules_block.code - DEBUG - code.code:10 - entering code: StateBlock(line=175,level=2,tokens=151), 175, 205, False
2025-12-28 19:37:37 - 20251228_193737_08d5b1f3 - markdown_it.rules_block.fence - DEBUG - fence.fence:10 - entering fence: StateBlock(line=175,level=2,tokens=151), 175, 205, False
2025-12-28 19:37:37 - 20251228_193737_08d5b1f3 - markdown_it.rules_block.blockquote - DEBUG - blockquote.blockquote:13 - entering blockquote: StateBlock(line=175,level=2,tokens=151), 175, 205, False
2025-12-28 19:37:37 - 20251228_193737_08d5b1f3 - markdown_it.rules_block.hr - DEBUG - hr.hr:14 - entering hr: StateBlock(line=175,level=2,tokens=151), 175, 205, False
2025-12-28 19:37:37 - 20251228_193737_08d5b1f3 - markdown_it.rules_block.list - DEBUG - list.list_block:102 - entering list: StateBlock(line=175,level=2,tokens=151), 175, 205, False
2025-12-28 19:37:37 - 20251228_193737_08d5b1f3 - markdown_it.rules_block.reference - DEBUG - reference.reference:10 - entering reference: StateBlock(line=175,level=2,tokens=151), 175, 205, False
2025-12-28 19:37:37 - 20251228_193737_08d5b1f3 - markdown_it.rules_block.html_block - DEBUG - html_block.html_block:35 - entering html_block: StateBlock(line=175,level=2,tokens=151), 175, 205, False
2025-12-28 19:37:37 - 20251228_193737_08d5b1f3 - markdown_it.rules_block.heading - DEBUG - heading.heading:13 - entering heading: StateBlock(line=175,level=2,tokens=151), 175, 205, False
2025-12-28 19:37:37 - 20251228_193737_08d5b1f3 - markdown_it.rules_block.lheading - DEBUG - lheading.lheading:10 - entering lheading: StateBlock(line=175,level=2,tokens=151), 175, 205, False
2025-12-28 19:37:37 - 20251228_193737_08d5b1f3 - markdown_it.rules_block.fence - DEBUG - fence.fence:10 - entering fence: StateBlock(line=175,level=2,tokens=151), 176, 205, True
2025-12-28 19:37:37 - 20251228_193737_08d5b1f3 - markdown_it.rules_block.blockquote - DEBUG - blockquote.blockquote:13 - entering blockquote: StateBlock(line=175,level=2,tokens=151), 176, 205, True
2025-12-28 19:37:37 - 20251228_193737_08d5b1f3 - markdown_it.rules_block.hr - DEBUG - hr.hr:14 - entering hr: StateBlock(line=175,level=2,tokens=151), 176, 205, True
2025-12-28 19:37:37 - 20251228_193737_08d5b1f3 - markdown_it.rules_block.list - DEBUG - list.list_block:102 - entering list: StateBlock(line=175,level=2,tokens=151), 176, 205, True
2025-12-28 19:37:37 - 20251228_193737_08d5b1f3 - markdown_it.rules_block.paragraph - DEBUG - paragraph.paragraph:10 - entering paragraph: StateBlock(line=175,level=2,tokens=151), 175, 205, False
2025-12-28 19:37:37 - 20251228_193737_08d5b1f3 - markdown_it.rules_block.fence - DEBUG - fence.fence:10 - entering fence: StateBlock(line=175,level=2,tokens=151), 176, 205, True
2025-12-28 19:37:37 - 20251228_193737_08d5b1f3 - markdown_it.rules_block.blockquote - DEBUG - blockquote.blockquote:13 - entering blockquote: StateBlock(line=175,level=2,tokens=151), 176, 205, True
2025-12-28 19:37:37 - 20251228_193737_08d5b1f3 - markdown_it.rules_block.hr - DEBUG - hr.hr:14 - entering hr: StateBlock(line=175,level=2,tokens=151), 176, 205, True
2025-12-28 19:37:37 - 20251228_193737_08d5b1f3 - markdown_it.rules_block.list - DEBUG - list.list_block:102 - entering list: StateBlock(line=175,level=2,tokens=151), 176, 205, True
2025-12-28 19:37:37 - 20251228_193737_08d5b1f3 - markdown_it.rules_block.fence - DEBUG - fence.fence:10 - entering fence: StateBlock(line=176,level=1,tokens=155), 176, 205, True
2025-12-28 19:37:37 - 20251228_193737_08d5b1f3 - markdown_it.rules_block.blockquote - DEBUG - blockquote.blockquote:13 - entering blockquote: StateBlock(line=176,level=1,tokens=155), 176, 205, True
2025-12-28 19:37:37 - 20251228_193737_08d5b1f3 - markdown_it.rules_block.hr - DEBUG - hr.hr:14 - entering hr: StateBlock(line=176,level=1,tokens=155), 176, 205, True
2025-12-28 19:37:37 - 20251228_193737_08d5b1f3 - markdown_it.rules_block.code - DEBUG - code.code:10 - entering code: StateBlock(line=176,level=2,tokens=156), 176, 205, False
2025-12-28 19:37:37 - 20251228_193737_08d5b1f3 - markdown_it.rules_block.fence - DEBUG - fence.fence:10 - entering fence: StateBlock(line=176,level=2,tokens=156), 176, 205, False
2025-12-28 19:37:37 - 20251228_193737_08d5b1f3 - markdown_it.rules_block.blockquote - DEBUG - blockquote.blockquote:13 - entering blockquote: StateBlock(line=176,level=2,tokens=156), 176, 205, False
2025-12-28 19:37:37 - 20251228_193737_08d5b1f3 - markdown_it.rules_block.hr - DEBUG - hr.hr:14 - entering hr: StateBlock(line=176,level=2,tokens=156), 176, 205, False
2025-12-28 19:37:37 - 20251228_193737_08d5b1f3 - markdown_it.rules_block.list - DEBUG - list.list_block:102 - entering list: StateBlock(line=176,level=2,tokens=156), 176, 205, False
2025-12-28 19:37:37 - 20251228_193737_08d5b1f3 - markdown_it.rules_block.reference - DEBUG - reference.reference:10 - entering reference: StateBlock(line=176,level=2,tokens=156), 176, 205, False
2025-12-28 19:37:37 - 20251228_193737_08d5b1f3 - markdown_it.rules_block.html_block - DEBUG - html_block.html_block:35 - entering html_block: StateBlock(line=176,level=2,tokens=156), 176, 205, False
2025-12-28 19:37:37 - 20251228_193737_08d5b1f3 - markdown_it.rules_block.heading - DEBUG - heading.heading:13 - entering heading: StateBlock(line=176,level=2,tokens=156), 176, 205, False
2025-12-28 19:37:37 - 20251228_193737_08d5b1f3 - markdown_it.rules_block.lheading - DEBUG - lheading.lheading:10 - entering lheading: StateBlock(line=176,level=2,tokens=156), 176, 205, False
2025-12-28 19:37:37 - 20251228_193737_08d5b1f3 - markdown_it.rules_block.paragraph - DEBUG - paragraph.paragraph:10 - entering paragraph: StateBlock(line=176,level=2,tokens=156), 176, 205, False
2025-12-28 19:37:37 - 20251228_193737_08d5b1f3 - markdown_it.rules_block.fence - DEBUG - fence.fence:10 - entering fence: StateBlock(line=178,level=1,tokens=160), 178, 205, True
2025-12-28 19:37:37 - 20251228_193737_08d5b1f3 - markdown_it.rules_block.blockquote - DEBUG - blockquote.blockquote:13 - entering blockquote: StateBlock(line=178,level=1,tokens=160), 178, 205, True
2025-12-28 19:37:37 - 20251228_193737_08d5b1f3 - markdown_it.rules_block.hr - DEBUG - hr.hr:14 - entering hr: StateBlock(line=178,level=1,tokens=160), 178, 205, True
2025-12-28 19:37:37 - 20251228_193737_08d5b1f3 - markdown_it.rules_block.code - DEBUG - code.code:10 - entering code: StateBlock(line=178,level=0,tokens=161), 178, 205, False
2025-12-28 19:37:37 - 20251228_193737_08d5b1f3 - markdown_it.rules_block.fence - DEBUG - fence.fence:10 - entering fence: StateBlock(line=178,level=0,tokens=161), 178, 205, False
2025-12-28 19:37:37 - 20251228_193737_08d5b1f3 - markdown_it.rules_block.blockquote - DEBUG - blockquote.blockquote:13 - entering blockquote: StateBlock(line=178,level=0,tokens=161), 178, 205, False
2025-12-28 19:37:37 - 20251228_193737_08d5b1f3 - markdown_it.rules_block.hr - DEBUG - hr.hr:14 - entering hr: StateBlock(line=178,level=0,tokens=161), 178, 205, False
2025-12-28 19:37:37 - 20251228_193737_08d5b1f3 - markdown_it.rules_block.list - DEBUG - list.list_block:102 - entering list: StateBlock(line=178,level=0,tokens=161), 178, 205, False
2025-12-28 19:37:37 - 20251228_193737_08d5b1f3 - markdown_it.rules_block.reference - DEBUG - reference.reference:10 - entering reference: StateBlock(line=178,level=0,tokens=161), 178, 205, False
2025-12-28 19:37:37 - 20251228_193737_08d5b1f3 - markdown_it.rules_block.html_block - DEBUG - html_block.html_block:35 - entering html_block: StateBlock(line=178,level=0,tokens=161), 178, 205, False
2025-12-28 19:37:37 - 20251228_193737_08d5b1f3 - markdown_it.rules_block.heading - DEBUG - heading.heading:13 - entering heading: StateBlock(line=178,level=0,tokens=161), 178, 205, False
2025-12-28 19:37:37 - 20251228_193737_08d5b1f3 - markdown_it.rules_block.lheading - DEBUG - lheading.lheading:10 - entering lheading: StateBlock(line=178,level=0,tokens=161), 178, 205, False
2025-12-28 19:37:37 - 20251228_193737_08d5b1f3 - markdown_it.rules_block.fence - DEBUG - fence.fence:10 - entering fence: StateBlock(line=178,level=0,tokens=161), 179, 205, True
2025-12-28 19:37:37 - 20251228_193737_08d5b1f3 - markdown_it.rules_block.blockquote - DEBUG - blockquote.blockquote:13 - entering blockquote: StateBlock(line=178,level=0,tokens=161), 179, 205, True
2025-12-28 19:37:37 - 20251228_193737_08d5b1f3 - markdown_it.rules_block.hr - DEBUG - hr.hr:14 - entering hr: StateBlock(line=178,level=0,tokens=161), 179, 205, True
2025-12-28 19:37:37 - 20251228_193737_08d5b1f3 - markdown_it.rules_block.list - DEBUG - list.list_block:102 - entering list: StateBlock(line=178,level=0,tokens=161), 179, 205, True
2025-12-28 19:37:37 - 20251228_193737_08d5b1f3 - markdown_it.rules_block.html_block - DEBUG - html_block.html_block:35 - entering html_block: StateBlock(line=178,level=0,tokens=161), 179, 205, True
2025-12-28 19:37:37 - 20251228_193737_08d5b1f3 - markdown_it.rules_block.heading - DEBUG - heading.heading:13 - entering heading: StateBlock(line=178,level=0,tokens=161), 179, 205, True
2025-12-28 19:37:37 - 20251228_193737_08d5b1f3 - markdown_it.rules_block.fence - DEBUG - fence.fence:10 - entering fence: StateBlock(line=178,level=0,tokens=161), 180, 205, True
2025-12-28 19:37:37 - 20251228_193737_08d5b1f3 - markdown_it.rules_block.blockquote - DEBUG - blockquote.blockquote:13 - entering blockquote: StateBlock(line=178,level=0,tokens=161), 180, 205, True
2025-12-28 19:37:37 - 20251228_193737_08d5b1f3 - markdown_it.rules_block.hr - DEBUG - hr.hr:14 - entering hr: StateBlock(line=178,level=0,tokens=161), 180, 205, True
2025-12-28 19:37:37 - 20251228_193737_08d5b1f3 - markdown_it.rules_block.list - DEBUG - list.list_block:102 - entering list: StateBlock(line=178,level=0,tokens=161), 180, 205, True
2025-12-28 19:37:37 - 20251228_193737_08d5b1f3 - markdown_it.rules_block.html_block - DEBUG - html_block.html_block:35 - entering html_block: StateBlock(line=178,level=0,tokens=161), 180, 205, True
2025-12-28 19:37:37 - 20251228_193737_08d5b1f3 - markdown_it.rules_block.heading - DEBUG - heading.heading:13 - entering heading: StateBlock(line=178,level=0,tokens=161), 180, 205, True
2025-12-28 19:37:37 - 20251228_193737_08d5b1f3 - markdown_it.rules_block.paragraph - DEBUG - paragraph.paragraph:10 - entering paragraph: StateBlock(line=178,level=0,tokens=161), 178, 205, False
2025-12-28 19:37:37 - 20251228_193737_08d5b1f3 - markdown_it.rules_block.fence - DEBUG - fence.fence:10 - entering fence: StateBlock(line=178,level=0,tokens=161), 179, 205, True
2025-12-28 19:37:37 - 20251228_193737_08d5b1f3 - markdown_it.rules_block.blockquote - DEBUG - blockquote.blockquote:13 - entering blockquote: StateBlock(line=178,level=0,tokens=161), 179, 205, True
2025-12-28 19:37:37 - 20251228_193737_08d5b1f3 - markdown_it.rules_block.hr - DEBUG - hr.hr:14 - entering hr: StateBlock(line=178,level=0,tokens=161), 179, 205, True
2025-12-28 19:37:37 - 20251228_193737_08d5b1f3 - markdown_it.rules_block.list - DEBUG - list.list_block:102 - entering list: StateBlock(line=178,level=0,tokens=161), 179, 205, True
2025-12-28 19:37:37 - 20251228_193737_08d5b1f3 - markdown_it.rules_block.html_block - DEBUG - html_block.html_block:35 - entering html_block: StateBlock(line=178,level=0,tokens=161), 179, 205, True
2025-12-28 19:37:37 - 20251228_193737_08d5b1f3 - markdown_it.rules_block.heading - DEBUG - heading.heading:13 - entering heading: StateBlock(line=178,level=0,tokens=161), 179, 205, True
2025-12-28 19:37:37 - 20251228_193737_08d5b1f3 - markdown_it.rules_block.fence - DEBUG - fence.fence:10 - entering fence: StateBlock(line=178,level=0,tokens=161), 180, 205, True
2025-12-28 19:37:37 - 20251228_193737_08d5b1f3 - markdown_it.rules_block.blockquote - DEBUG - blockquote.blockquote:13 - entering blockquote: StateBlock(line=178,level=0,tokens=161), 180, 205, True
2025-12-28 19:37:37 - 20251228_193737_08d5b1f3 - markdown_it.rules_block.hr - DEBUG - hr.hr:14 - entering hr: StateBlock(line=178,level=0,tokens=161), 180, 205, True
2025-12-28 19:37:37 - 20251228_193737_08d5b1f3 - markdown_it.rules_block.list - DEBUG - list.list_block:102 - entering list: StateBlock(line=178,level=0,tokens=161), 180, 205, True
2025-12-28 19:37:37 - 20251228_193737_08d5b1f3 - markdown_it.rules_block.html_block - DEBUG - html_block.html_block:35 - entering html_block: StateBlock(line=178,level=0,tokens=161), 180, 205, True
2025-12-28 19:37:37 - 20251228_193737_08d5b1f3 - markdown_it.rules_block.heading - DEBUG - heading.heading:13 - entering heading: StateBlock(line=178,level=0,tokens=161), 180, 205, True
2025-12-28 19:37:37 - 20251228_193737_08d5b1f3 - markdown_it.rules_block.code - DEBUG - code.code:10 - entering code: StateBlock(line=182,level=0,tokens=164), 182, 205, False
2025-12-28 19:37:37 - 20251228_193737_08d5b1f3 - markdown_it.rules_block.fence - DEBUG - fence.fence:10 - entering fence: StateBlock(line=182,level=0,tokens=164), 182, 205, False
2025-12-28 19:37:37 - 20251228_193737_08d5b1f3 - markdown_it.rules_block.blockquote - DEBUG - blockquote.blockquote:13 - entering blockquote: StateBlock(line=182,level=0,tokens=164), 182, 205, False
2025-12-28 19:37:37 - 20251228_193737_08d5b1f3 - markdown_it.rules_block.hr - DEBUG - hr.hr:14 - entering hr: StateBlock(line=182,level=0,tokens=164), 182, 205, False
2025-12-28 19:37:37 - 20251228_193737_08d5b1f3 - markdown_it.rules_block.list - DEBUG - list.list_block:102 - entering list: StateBlock(line=182,level=0,tokens=164), 182, 205, False
2025-12-28 19:37:37 - 20251228_193737_08d5b1f3 - markdown_it.rules_block.reference - DEBUG - reference.reference:10 - entering reference: StateBlock(line=182,level=0,tokens=164), 182, 205, False
2025-12-28 19:37:37 - 20251228_193737_08d5b1f3 - markdown_it.rules_block.html_block - DEBUG - html_block.html_block:35 - entering html_block: StateBlock(line=182,level=0,tokens=164), 182, 205, False
2025-12-28 19:37:37 - 20251228_193737_08d5b1f3 - markdown_it.rules_block.heading - DEBUG - heading.heading:13 - entering heading: StateBlock(line=182,level=0,tokens=164), 182, 205, False
2025-12-28 19:37:37 - 20251228_193737_08d5b1f3 - markdown_it.rules_block.lheading - DEBUG - lheading.lheading:10 - entering lheading: StateBlock(line=182,level=0,tokens=164), 182, 205, False
2025-12-28 19:37:37 - 20251228_193737_08d5b1f3 - markdown_it.rules_block.fence - DEBUG - fence.fence:10 - entering fence: StateBlock(line=182,level=0,tokens=164), 183, 205, True
2025-12-28 19:37:37 - 20251228_193737_08d5b1f3 - markdown_it.rules_block.blockquote - DEBUG - blockquote.blockquote:13 - entering blockquote: StateBlock(line=182,level=0,tokens=164), 183, 205, True
2025-12-28 19:37:37 - 20251228_193737_08d5b1f3 - markdown_it.rules_block.hr - DEBUG - hr.hr:14 - entering hr: StateBlock(line=182,level=0,tokens=164), 183, 205, True
2025-12-28 19:37:37 - 20251228_193737_08d5b1f3 - markdown_it.rules_block.list - DEBUG - list.list_block:102 - entering list: StateBlock(line=182,level=0,tokens=164), 183, 205, True
2025-12-28 19:37:37 - 20251228_193737_08d5b1f3 - markdown_it.rules_block.html_block - DEBUG - html_block.html_block:35 - entering html_block: StateBlock(line=182,level=0,tokens=164), 183, 205, True
2025-12-28 19:37:37 - 20251228_193737_08d5b1f3 - markdown_it.rules_block.heading - DEBUG - heading.heading:13 - entering heading: StateBlock(line=182,level=0,tokens=164), 183, 205, True
2025-12-28 19:37:37 - 20251228_193737_08d5b1f3 - markdown_it.rules_block.fence - DEBUG - fence.fence:10 - entering fence: StateBlock(line=182,level=0,tokens=164), 184, 205, True
2025-12-28 19:37:37 - 20251228_193737_08d5b1f3 - markdown_it.rules_block.blockquote - DEBUG - blockquote.blockquote:13 - entering blockquote: StateBlock(line=182,level=0,tokens=164), 184, 205, True
2025-12-28 19:37:37 - 20251228_193737_08d5b1f3 - markdown_it.rules_block.hr - DEBUG - hr.hr:14 - entering hr: StateBlock(line=182,level=0,tokens=164), 184, 205, True
2025-12-28 19:37:37 - 20251228_193737_08d5b1f3 - markdown_it.rules_block.list - DEBUG - list.list_block:102 - entering list: StateBlock(line=182,level=0,tokens=164), 184, 205, True
2025-12-28 19:37:37 - 20251228_193737_08d5b1f3 - markdown_it.rules_block.html_block - DEBUG - html_block.html_block:35 - entering html_block: StateBlock(line=182,level=0,tokens=164), 184, 205, True
2025-12-28 19:37:37 - 20251228_193737_08d5b1f3 - markdown_it.rules_block.heading - DEBUG - heading.heading:13 - entering heading: StateBlock(line=182,level=0,tokens=164), 184, 205, True
2025-12-28 19:37:37 - 20251228_193737_08d5b1f3 - markdown_it.rules_block.paragraph - DEBUG - paragraph.paragraph:10 - entering paragraph: StateBlock(line=182,level=0,tokens=164), 182, 205, False
2025-12-28 19:37:37 - 20251228_193737_08d5b1f3 - markdown_it.rules_block.fence - DEBUG - fence.fence:10 - entering fence: StateBlock(line=182,level=0,tokens=164), 183, 205, True
2025-12-28 19:37:37 - 20251228_193737_08d5b1f3 - markdown_it.rules_block.blockquote - DEBUG - blockquote.blockquote:13 - entering blockquote: StateBlock(line=182,level=0,tokens=164), 183, 205, True
2025-12-28 19:37:37 - 20251228_193737_08d5b1f3 - markdown_it.rules_block.hr - DEBUG - hr.hr:14 - entering hr: StateBlock(line=182,level=0,tokens=164), 183, 205, True
2025-12-28 19:37:37 - 20251228_193737_08d5b1f3 - markdown_it.rules_block.list - DEBUG - list.list_block:102 - entering list: StateBlock(line=182,level=0,tokens=164), 183, 205, True
2025-12-28 19:37:37 - 20251228_193737_08d5b1f3 - markdown_it.rules_block.html_block - DEBUG - html_block.html_block:35 - entering html_block: StateBlock(line=182,level=0,tokens=164), 183, 205, True
2025-12-28 19:37:37 - 20251228_193737_08d5b1f3 - markdown_it.rules_block.heading - DEBUG - heading.heading:13 - entering heading: StateBlock(line=182,level=0,tokens=164), 183, 205, True
2025-12-28 19:37:37 - 20251228_193737_08d5b1f3 - markdown_it.rules_block.fence - DEBUG - fence.fence:10 - entering fence: StateBlock(line=182,level=0,tokens=164), 184, 205, True
2025-12-28 19:37:37 - 20251228_193737_08d5b1f3 - markdown_it.rules_block.blockquote - DEBUG - blockquote.blockquote:13 - entering blockquote: StateBlock(line=182,level=0,tokens=164), 184, 205, True
2025-12-28 19:37:37 - 20251228_193737_08d5b1f3 - markdown_it.rules_block.hr - DEBUG - hr.hr:14 - entering hr: StateBlock(line=182,level=0,tokens=164), 184, 205, True
2025-12-28 19:37:37 - 20251228_193737_08d5b1f3 - markdown_it.rules_block.list - DEBUG - list.list_block:102 - entering list: StateBlock(line=182,level=0,tokens=164), 184, 205, True
2025-12-28 19:37:37 - 20251228_193737_08d5b1f3 - markdown_it.rules_block.html_block - DEBUG - html_block.html_block:35 - entering html_block: StateBlock(line=182,level=0,tokens=164), 184, 205, True
2025-12-28 19:37:37 - 20251228_193737_08d5b1f3 - markdown_it.rules_block.heading - DEBUG - heading.heading:13 - entering heading: StateBlock(line=182,level=0,tokens=164), 184, 205, True
2025-12-28 19:37:37 - 20251228_193737_08d5b1f3 - markdown_it.rules_block.code - DEBUG - code.code:10 - entering code: StateBlock(line=186,level=0,tokens=167), 186, 205, False
2025-12-28 19:37:37 - 20251228_193737_08d5b1f3 - markdown_it.rules_block.fence - DEBUG - fence.fence:10 - entering fence: StateBlock(line=186,level=0,tokens=167), 186, 205, False
2025-12-28 19:37:37 - 20251228_193737_08d5b1f3 - markdown_it.rules_block.blockquote - DEBUG - blockquote.blockquote:13 - entering blockquote: StateBlock(line=186,level=0,tokens=167), 186, 205, False
2025-12-28 19:37:37 - 20251228_193737_08d5b1f3 - markdown_it.rules_block.hr - DEBUG - hr.hr:14 - entering hr: StateBlock(line=186,level=0,tokens=167), 186, 205, False
2025-12-28 19:37:37 - 20251228_193737_08d5b1f3 - markdown_it.rules_block.code - DEBUG - code.code:10 - entering code: StateBlock(line=188,level=0,tokens=168), 188, 205, False
2025-12-28 19:37:37 - 20251228_193737_08d5b1f3 - markdown_it.rules_block.fence - DEBUG - fence.fence:10 - entering fence: StateBlock(line=188,level=0,tokens=168), 188, 205, False
2025-12-28 19:37:37 - 20251228_193737_08d5b1f3 - markdown_it.rules_block.blockquote - DEBUG - blockquote.blockquote:13 - entering blockquote: StateBlock(line=188,level=0,tokens=168), 188, 205, False
2025-12-28 19:37:37 - 20251228_193737_08d5b1f3 - markdown_it.rules_block.hr - DEBUG - hr.hr:14 - entering hr: StateBlock(line=188,level=0,tokens=168), 188, 205, False
2025-12-28 19:37:37 - 20251228_193737_08d5b1f3 - markdown_it.rules_block.list - DEBUG - list.list_block:102 - entering list: StateBlock(line=188,level=0,tokens=168), 188, 205, False
2025-12-28 19:37:37 - 20251228_193737_08d5b1f3 - markdown_it.rules_block.reference - DEBUG - reference.reference:10 - entering reference: StateBlock(line=188,level=0,tokens=168), 188, 205, False
2025-12-28 19:37:37 - 20251228_193737_08d5b1f3 - markdown_it.rules_block.html_block - DEBUG - html_block.html_block:35 - entering html_block: StateBlock(line=188,level=0,tokens=168), 188, 205, False
2025-12-28 19:37:37 - 20251228_193737_08d5b1f3 - markdown_it.rules_block.heading - DEBUG - heading.heading:13 - entering heading: StateBlock(line=188,level=0,tokens=168), 188, 205, False
2025-12-28 19:37:37 - 20251228_193737_08d5b1f3 - markdown_it.rules_block.code - DEBUG - code.code:10 - entering code: StateBlock(line=189,level=0,tokens=171), 189, 205, False
2025-12-28 19:37:37 - 20251228_193737_08d5b1f3 - markdown_it.rules_block.fence - DEBUG - fence.fence:10 - entering fence: StateBlock(line=189,level=0,tokens=171), 189, 205, False
2025-12-28 19:37:37 - 20251228_193737_08d5b1f3 - markdown_it.rules_block.blockquote - DEBUG - blockquote.blockquote:13 - entering blockquote: StateBlock(line=189,level=0,tokens=171), 189, 205, False
2025-12-28 19:37:37 - 20251228_193737_08d5b1f3 - markdown_it.rules_block.hr - DEBUG - hr.hr:14 - entering hr: StateBlock(line=189,level=0,tokens=171), 189, 205, False
2025-12-28 19:37:37 - 20251228_193737_08d5b1f3 - markdown_it.rules_block.list - DEBUG - list.list_block:102 - entering list: StateBlock(line=189,level=0,tokens=171), 189, 205, False
2025-12-28 19:37:37 - 20251228_193737_08d5b1f3 - markdown_it.rules_block.reference - DEBUG - reference.reference:10 - entering reference: StateBlock(line=189,level=0,tokens=171), 189, 205, False
2025-12-28 19:37:37 - 20251228_193737_08d5b1f3 - markdown_it.rules_block.html_block - DEBUG - html_block.html_block:35 - entering html_block: StateBlock(line=189,level=0,tokens=171), 189, 205, False
2025-12-28 19:37:37 - 20251228_193737_08d5b1f3 - markdown_it.rules_block.heading - DEBUG - heading.heading:13 - entering heading: StateBlock(line=189,level=0,tokens=171), 189, 205, False
2025-12-28 19:37:37 - 20251228_193737_08d5b1f3 - markdown_it.rules_block.lheading - DEBUG - lheading.lheading:10 - entering lheading: StateBlock(line=189,level=0,tokens=171), 189, 205, False
2025-12-28 19:37:37 - 20251228_193737_08d5b1f3 - markdown_it.rules_block.fence - DEBUG - fence.fence:10 - entering fence: StateBlock(line=189,level=0,tokens=171), 190, 205, True
2025-12-28 19:37:37 - 20251228_193737_08d5b1f3 - markdown_it.rules_block.blockquote - DEBUG - blockquote.blockquote:13 - entering blockquote: StateBlock(line=189,level=0,tokens=171), 190, 205, True
2025-12-28 19:37:37 - 20251228_193737_08d5b1f3 - markdown_it.rules_block.hr - DEBUG - hr.hr:14 - entering hr: StateBlock(line=189,level=0,tokens=171), 190, 205, True
2025-12-28 19:37:37 - 20251228_193737_08d5b1f3 - markdown_it.rules_block.list - DEBUG - list.list_block:102 - entering list: StateBlock(line=189,level=0,tokens=171), 190, 205, True
2025-12-28 19:37:37 - 20251228_193737_08d5b1f3 - markdown_it.rules_block.html_block - DEBUG - html_block.html_block:35 - entering html_block: StateBlock(line=189,level=0,tokens=171), 190, 205, True
2025-12-28 19:37:37 - 20251228_193737_08d5b1f3 - markdown_it.rules_block.heading - DEBUG - heading.heading:13 - entering heading: StateBlock(line=189,level=0,tokens=171), 190, 205, True
2025-12-28 19:37:37 - 20251228_193737_08d5b1f3 - markdown_it.rules_block.fence - DEBUG - fence.fence:10 - entering fence: StateBlock(line=189,level=0,tokens=171), 191, 205, True
2025-12-28 19:37:37 - 20251228_193737_08d5b1f3 - markdown_it.rules_block.blockquote - DEBUG - blockquote.blockquote:13 - entering blockquote: StateBlock(line=189,level=0,tokens=171), 191, 205, True
2025-12-28 19:37:37 - 20251228_193737_08d5b1f3 - markdown_it.rules_block.hr - DEBUG - hr.hr:14 - entering hr: StateBlock(line=189,level=0,tokens=171), 191, 205, True
2025-12-28 19:37:37 - 20251228_193737_08d5b1f3 - markdown_it.rules_block.list - DEBUG - list.list_block:102 - entering list: StateBlock(line=189,level=0,tokens=171), 191, 205, True
2025-12-28 19:37:37 - 20251228_193737_08d5b1f3 - markdown_it.rules_block.html_block - DEBUG - html_block.html_block:35 - entering html_block: StateBlock(line=189,level=0,tokens=171), 191, 205, True
2025-12-28 19:37:37 - 20251228_193737_08d5b1f3 - markdown_it.rules_block.heading - DEBUG - heading.heading:13 - entering heading: StateBlock(line=189,level=0,tokens=171), 191, 205, True
2025-12-28 19:37:37 - 20251228_193737_08d5b1f3 - markdown_it.rules_block.fence - DEBUG - fence.fence:10 - entering fence: StateBlock(line=189,level=0,tokens=171), 192, 205, True
2025-12-28 19:37:37 - 20251228_193737_08d5b1f3 - markdown_it.rules_block.blockquote - DEBUG - blockquote.blockquote:13 - entering blockquote: StateBlock(line=189,level=0,tokens=171), 192, 205, True
2025-12-28 19:37:37 - 20251228_193737_08d5b1f3 - markdown_it.rules_block.hr - DEBUG - hr.hr:14 - entering hr: StateBlock(line=189,level=0,tokens=171), 192, 205, True
2025-12-28 19:37:37 - 20251228_193737_08d5b1f3 - markdown_it.rules_block.list - DEBUG - list.list_block:102 - entering list: StateBlock(line=189,level=0,tokens=171), 192, 205, True
2025-12-28 19:37:37 - 20251228_193737_08d5b1f3 - markdown_it.rules_block.html_block - DEBUG - html_block.html_block:35 - entering html_block: StateBlock(line=189,level=0,tokens=171), 192, 205, True
2025-12-28 19:37:37 - 20251228_193737_08d5b1f3 - markdown_it.rules_block.heading - DEBUG - heading.heading:13 - entering heading: StateBlock(line=189,level=0,tokens=171), 192, 205, True
2025-12-28 19:37:37 - 20251228_193737_08d5b1f3 - markdown_it.rules_block.paragraph - DEBUG - paragraph.paragraph:10 - entering paragraph: StateBlock(line=189,level=0,tokens=171), 189, 205, False
2025-12-28 19:37:37 - 20251228_193737_08d5b1f3 - markdown_it.rules_block.fence - DEBUG - fence.fence:10 - entering fence: StateBlock(line=189,level=0,tokens=171), 190, 205, True
2025-12-28 19:37:37 - 20251228_193737_08d5b1f3 - markdown_it.rules_block.blockquote - DEBUG - blockquote.blockquote:13 - entering blockquote: StateBlock(line=189,level=0,tokens=171), 190, 205, True
2025-12-28 19:37:37 - 20251228_193737_08d5b1f3 - markdown_it.rules_block.hr - DEBUG - hr.hr:14 - entering hr: StateBlock(line=189,level=0,tokens=171), 190, 205, True
2025-12-28 19:37:37 - 20251228_193737_08d5b1f3 - markdown_it.rules_block.list - DEBUG - list.list_block:102 - entering list: StateBlock(line=189,level=0,tokens=171), 190, 205, True
2025-12-28 19:37:37 - 20251228_193737_08d5b1f3 - markdown_it.rules_block.html_block - DEBUG - html_block.html_block:35 - entering html_block: StateBlock(line=189,level=0,tokens=171), 190, 205, True
2025-12-28 19:37:37 - 20251228_193737_08d5b1f3 - markdown_it.rules_block.heading - DEBUG - heading.heading:13 - entering heading: StateBlock(line=189,level=0,tokens=171), 190, 205, True
2025-12-28 19:37:37 - 20251228_193737_08d5b1f3 - markdown_it.rules_block.fence - DEBUG - fence.fence:10 - entering fence: StateBlock(line=189,level=0,tokens=171), 191, 205, True
2025-12-28 19:37:37 - 20251228_193737_08d5b1f3 - markdown_it.rules_block.blockquote - DEBUG - blockquote.blockquote:13 - entering blockquote: StateBlock(line=189,level=0,tokens=171), 191, 205, True
2025-12-28 19:37:37 - 20251228_193737_08d5b1f3 - markdown_it.rules_block.hr - DEBUG - hr.hr:14 - entering hr: StateBlock(line=189,level=0,tokens=171), 191, 205, True
2025-12-28 19:37:37 - 20251228_193737_08d5b1f3 - markdown_it.rules_block.list - DEBUG - list.list_block:102 - entering list: StateBlock(line=189,level=0,tokens=171), 191, 205, True
2025-12-28 19:37:37 - 20251228_193737_08d5b1f3 - markdown_it.rules_block.html_block - DEBUG - html_block.html_block:35 - entering html_block: StateBlock(line=189,level=0,tokens=171), 191, 205, True
2025-12-28 19:37:37 - 20251228_193737_08d5b1f3 - markdown_it.rules_block.heading - DEBUG - heading.heading:13 - entering heading: StateBlock(line=189,level=0,tokens=171), 191, 205, True
2025-12-28 19:37:37 - 20251228_193737_08d5b1f3 - markdown_it.rules_block.fence - DEBUG - fence.fence:10 - entering fence: StateBlock(line=189,level=0,tokens=171), 192, 205, True
2025-12-28 19:37:37 - 20251228_193737_08d5b1f3 - markdown_it.rules_block.blockquote - DEBUG - blockquote.blockquote:13 - entering blockquote: StateBlock(line=189,level=0,tokens=171), 192, 205, True
2025-12-28 19:37:37 - 20251228_193737_08d5b1f3 - markdown_it.rules_block.hr - DEBUG - hr.hr:14 - entering hr: StateBlock(line=189,level=0,tokens=171), 192, 205, True
2025-12-28 19:37:37 - 20251228_193737_08d5b1f3 - markdown_it.rules_block.list - DEBUG - list.list_block:102 - entering list: StateBlock(line=189,level=0,tokens=171), 192, 205, True
2025-12-28 19:37:37 - 20251228_193737_08d5b1f3 - markdown_it.rules_block.html_block - DEBUG - html_block.html_block:35 - entering html_block: StateBlock(line=189,level=0,tokens=171), 192, 205, True
2025-12-28 19:37:37 - 20251228_193737_08d5b1f3 - markdown_it.rules_block.heading - DEBUG - heading.heading:13 - entering heading: StateBlock(line=189,level=0,tokens=171), 192, 205, True
2025-12-28 19:37:37 - 20251228_193737_08d5b1f3 - markdown_it.rules_block.code - DEBUG - code.code:10 - entering code: StateBlock(line=194,level=0,tokens=174), 194, 205, False
2025-12-28 19:37:37 - 20251228_193737_08d5b1f3 - markdown_it.rules_block.fence - DEBUG - fence.fence:10 - entering fence: StateBlock(line=194,level=0,tokens=174), 194, 205, False
2025-12-28 19:37:37 - 20251228_193737_08d5b1f3 - markdown_it.rules_block.blockquote - DEBUG - blockquote.blockquote:13 - entering blockquote: StateBlock(line=194,level=0,tokens=174), 194, 205, False
2025-12-28 19:37:37 - 20251228_193737_08d5b1f3 - markdown_it.rules_block.hr - DEBUG - hr.hr:14 - entering hr: StateBlock(line=194,level=0,tokens=174), 194, 205, False
2025-12-28 19:37:37 - 20251228_193737_08d5b1f3 - markdown_it.rules_block.list - DEBUG - list.list_block:102 - entering list: StateBlock(line=194,level=0,tokens=174), 194, 205, False
2025-12-28 19:37:37 - 20251228_193737_08d5b1f3 - markdown_it.rules_block.reference - DEBUG - reference.reference:10 - entering reference: StateBlock(line=194,level=0,tokens=174), 194, 205, False
2025-12-28 19:37:37 - 20251228_193737_08d5b1f3 - markdown_it.rules_block.html_block - DEBUG - html_block.html_block:35 - entering html_block: StateBlock(line=194,level=0,tokens=174), 194, 205, False
2025-12-28 19:37:37 - 20251228_193737_08d5b1f3 - markdown_it.rules_block.heading - DEBUG - heading.heading:13 - entering heading: StateBlock(line=194,level=0,tokens=174), 194, 205, False
2025-12-28 19:37:37 - 20251228_193737_08d5b1f3 - markdown_it.rules_block.lheading - DEBUG - lheading.lheading:10 - entering lheading: StateBlock(line=194,level=0,tokens=174), 194, 205, False
2025-12-28 19:37:37 - 20251228_193737_08d5b1f3 - markdown_it.rules_block.fence - DEBUG - fence.fence:10 - entering fence: StateBlock(line=194,level=0,tokens=174), 195, 205, True
2025-12-28 19:37:37 - 20251228_193737_08d5b1f3 - markdown_it.rules_block.blockquote - DEBUG - blockquote.blockquote:13 - entering blockquote: StateBlock(line=194,level=0,tokens=174), 195, 205, True
2025-12-28 19:37:37 - 20251228_193737_08d5b1f3 - markdown_it.rules_block.hr - DEBUG - hr.hr:14 - entering hr: StateBlock(line=194,level=0,tokens=174), 195, 205, True
2025-12-28 19:37:37 - 20251228_193737_08d5b1f3 - markdown_it.rules_block.list - DEBUG - list.list_block:102 - entering list: StateBlock(line=194,level=0,tokens=174), 195, 205, True
2025-12-28 19:37:37 - 20251228_193737_08d5b1f3 - markdown_it.rules_block.html_block - DEBUG - html_block.html_block:35 - entering html_block: StateBlock(line=194,level=0,tokens=174), 195, 205, True
2025-12-28 19:37:37 - 20251228_193737_08d5b1f3 - markdown_it.rules_block.heading - DEBUG - heading.heading:13 - entering heading: StateBlock(line=194,level=0,tokens=174), 195, 205, True
2025-12-28 19:37:37 - 20251228_193737_08d5b1f3 - markdown_it.rules_block.fence - DEBUG - fence.fence:10 - entering fence: StateBlock(line=194,level=0,tokens=174), 196, 205, True
2025-12-28 19:37:37 - 20251228_193737_08d5b1f3 - markdown_it.rules_block.blockquote - DEBUG - blockquote.blockquote:13 - entering blockquote: StateBlock(line=194,level=0,tokens=174), 196, 205, True
2025-12-28 19:37:37 - 20251228_193737_08d5b1f3 - markdown_it.rules_block.hr - DEBUG - hr.hr:14 - entering hr: StateBlock(line=194,level=0,tokens=174), 196, 205, True
2025-12-28 19:37:37 - 20251228_193737_08d5b1f3 - markdown_it.rules_block.list - DEBUG - list.list_block:102 - entering list: StateBlock(line=194,level=0,tokens=174), 196, 205, True
2025-12-28 19:37:37 - 20251228_193737_08d5b1f3 - markdown_it.rules_block.html_block - DEBUG - html_block.html_block:35 - entering html_block: StateBlock(line=194,level=0,tokens=174), 196, 205, True
2025-12-28 19:37:37 - 20251228_193737_08d5b1f3 - markdown_it.rules_block.heading - DEBUG - heading.heading:13 - entering heading: StateBlock(line=194,level=0,tokens=174), 196, 205, True
2025-12-28 19:37:37 - 20251228_193737_08d5b1f3 - markdown_it.rules_block.paragraph - DEBUG - paragraph.paragraph:10 - entering paragraph: StateBlock(line=194,level=0,tokens=174), 194, 205, False
2025-12-28 19:37:37 - 20251228_193737_08d5b1f3 - markdown_it.rules_block.fence - DEBUG - fence.fence:10 - entering fence: StateBlock(line=194,level=0,tokens=174), 195, 205, True
2025-12-28 19:37:37 - 20251228_193737_08d5b1f3 - markdown_it.rules_block.blockquote - DEBUG - blockquote.blockquote:13 - entering blockquote: StateBlock(line=194,level=0,tokens=174), 195, 205, True
2025-12-28 19:37:37 - 20251228_193737_08d5b1f3 - markdown_it.rules_block.hr - DEBUG - hr.hr:14 - entering hr: StateBlock(line=194,level=0,tokens=174), 195, 205, True
2025-12-28 19:37:37 - 20251228_193737_08d5b1f3 - markdown_it.rules_block.list - DEBUG - list.list_block:102 - entering list: StateBlock(line=194,level=0,tokens=174), 195, 205, True
2025-12-28 19:37:37 - 20251228_193737_08d5b1f3 - markdown_it.rules_block.html_block - DEBUG - html_block.html_block:35 - entering html_block: StateBlock(line=194,level=0,tokens=174), 195, 205, True
2025-12-28 19:37:37 - 20251228_193737_08d5b1f3 - markdown_it.rules_block.heading - DEBUG - heading.heading:13 - entering heading: StateBlock(line=194,level=0,tokens=174), 195, 205, True
2025-12-28 19:37:37 - 20251228_193737_08d5b1f3 - markdown_it.rules_block.fence - DEBUG - fence.fence:10 - entering fence: StateBlock(line=194,level=0,tokens=174), 196, 205, True
2025-12-28 19:37:37 - 20251228_193737_08d5b1f3 - markdown_it.rules_block.blockquote - DEBUG - blockquote.blockquote:13 - entering blockquote: StateBlock(line=194,level=0,tokens=174), 196, 205, True
2025-12-28 19:37:37 - 20251228_193737_08d5b1f3 - markdown_it.rules_block.hr - DEBUG - hr.hr:14 - entering hr: StateBlock(line=194,level=0,tokens=174), 196, 205, True
2025-12-28 19:37:37 - 20251228_193737_08d5b1f3 - markdown_it.rules_block.list - DEBUG - list.list_block:102 - entering list: StateBlock(line=194,level=0,tokens=174), 196, 205, True
2025-12-28 19:37:37 - 20251228_193737_08d5b1f3 - markdown_it.rules_block.html_block - DEBUG - html_block.html_block:35 - entering html_block: StateBlock(line=194,level=0,tokens=174), 196, 205, True
2025-12-28 19:37:37 - 20251228_193737_08d5b1f3 - markdown_it.rules_block.heading - DEBUG - heading.heading:13 - entering heading: StateBlock(line=194,level=0,tokens=174), 196, 205, True
2025-12-28 19:37:37 - 20251228_193737_08d5b1f3 - markdown_it.rules_block.code - DEBUG - code.code:10 - entering code: StateBlock(line=198,level=0,tokens=177), 198, 205, False
2025-12-28 19:37:37 - 20251228_193737_08d5b1f3 - markdown_it.rules_block.fence - DEBUG - fence.fence:10 - entering fence: StateBlock(line=198,level=0,tokens=177), 198, 205, False
2025-12-28 19:37:37 - 20251228_193737_08d5b1f3 - markdown_it.rules_block.blockquote - DEBUG - blockquote.blockquote:13 - entering blockquote: StateBlock(line=198,level=0,tokens=177), 198, 205, False
2025-12-28 19:37:37 - 20251228_193737_08d5b1f3 - markdown_it.rules_block.hr - DEBUG - hr.hr:14 - entering hr: StateBlock(line=198,level=0,tokens=177), 198, 205, False
2025-12-28 19:37:37 - 20251228_193737_08d5b1f3 - markdown_it.rules_block.list - DEBUG - list.list_block:102 - entering list: StateBlock(line=198,level=0,tokens=177), 198, 205, False
2025-12-28 19:37:37 - 20251228_193737_08d5b1f3 - markdown_it.rules_block.reference - DEBUG - reference.reference:10 - entering reference: StateBlock(line=198,level=0,tokens=177), 198, 205, False
2025-12-28 19:37:37 - 20251228_193737_08d5b1f3 - markdown_it.rules_block.html_block - DEBUG - html_block.html_block:35 - entering html_block: StateBlock(line=198,level=0,tokens=177), 198, 205, False
2025-12-28 19:37:37 - 20251228_193737_08d5b1f3 - markdown_it.rules_block.heading - DEBUG - heading.heading:13 - entering heading: StateBlock(line=198,level=0,tokens=177), 198, 205, False
2025-12-28 19:37:37 - 20251228_193737_08d5b1f3 - markdown_it.rules_block.lheading - DEBUG - lheading.lheading:10 - entering lheading: StateBlock(line=198,level=0,tokens=177), 198, 205, False
2025-12-28 19:37:37 - 20251228_193737_08d5b1f3 - markdown_it.rules_block.fence - DEBUG - fence.fence:10 - entering fence: StateBlock(line=198,level=0,tokens=177), 199, 205, True
2025-12-28 19:37:37 - 20251228_193737_08d5b1f3 - markdown_it.rules_block.blockquote - DEBUG - blockquote.blockquote:13 - entering blockquote: StateBlock(line=198,level=0,tokens=177), 199, 205, True
2025-12-28 19:37:37 - 20251228_193737_08d5b1f3 - markdown_it.rules_block.hr - DEBUG - hr.hr:14 - entering hr: StateBlock(line=198,level=0,tokens=177), 199, 205, True
2025-12-28 19:37:37 - 20251228_193737_08d5b1f3 - markdown_it.rules_block.list - DEBUG - list.list_block:102 - entering list: StateBlock(line=198,level=0,tokens=177), 199, 205, True
2025-12-28 19:37:37 - 20251228_193737_08d5b1f3 - markdown_it.rules_block.html_block - DEBUG - html_block.html_block:35 - entering html_block: StateBlock(line=198,level=0,tokens=177), 199, 205, True
2025-12-28 19:37:37 - 20251228_193737_08d5b1f3 - markdown_it.rules_block.heading - DEBUG - heading.heading:13 - entering heading: StateBlock(line=198,level=0,tokens=177), 199, 205, True
2025-12-28 19:37:37 - 20251228_193737_08d5b1f3 - markdown_it.rules_block.fence - DEBUG - fence.fence:10 - entering fence: StateBlock(line=198,level=0,tokens=177), 200, 205, True
2025-12-28 19:37:37 - 20251228_193737_08d5b1f3 - markdown_it.rules_block.blockquote - DEBUG - blockquote.blockquote:13 - entering blockquote: StateBlock(line=198,level=0,tokens=177), 200, 205, True
2025-12-28 19:37:37 - 20251228_193737_08d5b1f3 - markdown_it.rules_block.hr - DEBUG - hr.hr:14 - entering hr: StateBlock(line=198,level=0,tokens=177), 200, 205, True
2025-12-28 19:37:37 - 20251228_193737_08d5b1f3 - markdown_it.rules_block.list - DEBUG - list.list_block:102 - entering list: StateBlock(line=198,level=0,tokens=177), 200, 205, True
2025-12-28 19:37:37 - 20251228_193737_08d5b1f3 - markdown_it.rules_block.html_block - DEBUG - html_block.html_block:35 - entering html_block: StateBlock(line=198,level=0,tokens=177), 200, 205, True
2025-12-28 19:37:37 - 20251228_193737_08d5b1f3 - markdown_it.rules_block.heading - DEBUG - heading.heading:13 - entering heading: StateBlock(line=198,level=0,tokens=177), 200, 205, True
2025-12-28 19:37:37 - 20251228_193737_08d5b1f3 - markdown_it.rules_block.paragraph - DEBUG - paragraph.paragraph:10 - entering paragraph: StateBlock(line=198,level=0,tokens=177), 198, 205, False
2025-12-28 19:37:37 - 20251228_193737_08d5b1f3 - markdown_it.rules_block.fence - DEBUG - fence.fence:10 - entering fence: StateBlock(line=198,level=0,tokens=177), 199, 205, True
2025-12-28 19:37:37 - 20251228_193737_08d5b1f3 - markdown_it.rules_block.blockquote - DEBUG - blockquote.blockquote:13 - entering blockquote: StateBlock(line=198,level=0,tokens=177), 199, 205, True
2025-12-28 19:37:37 - 20251228_193737_08d5b1f3 - markdown_it.rules_block.hr - DEBUG - hr.hr:14 - entering hr: StateBlock(line=198,level=0,tokens=177), 199, 205, True
2025-12-28 19:37:37 - 20251228_193737_08d5b1f3 - markdown_it.rules_block.list - DEBUG - list.list_block:102 - entering list: StateBlock(line=198,level=0,tokens=177), 199, 205, True
2025-12-28 19:37:37 - 20251228_193737_08d5b1f3 - markdown_it.rules_block.html_block - DEBUG - html_block.html_block:35 - entering html_block: StateBlock(line=198,level=0,tokens=177), 199, 205, True
2025-12-28 19:37:37 - 20251228_193737_08d5b1f3 - markdown_it.rules_block.heading - DEBUG - heading.heading:13 - entering heading: StateBlock(line=198,level=0,tokens=177), 199, 205, True
2025-12-28 19:37:37 - 20251228_193737_08d5b1f3 - markdown_it.rules_block.fence - DEBUG - fence.fence:10 - entering fence: StateBlock(line=198,level=0,tokens=177), 200, 205, True
2025-12-28 19:37:37 - 20251228_193737_08d5b1f3 - markdown_it.rules_block.blockquote - DEBUG - blockquote.blockquote:13 - entering blockquote: StateBlock(line=198,level=0,tokens=177), 200, 205, True
2025-12-28 19:37:37 - 20251228_193737_08d5b1f3 - markdown_it.rules_block.hr - DEBUG - hr.hr:14 - entering hr: StateBlock(line=198,level=0,tokens=177), 200, 205, True
2025-12-28 19:37:37 - 20251228_193737_08d5b1f3 - markdown_it.rules_block.list - DEBUG - list.list_block:102 - entering list: StateBlock(line=198,level=0,tokens=177), 200, 205, True
2025-12-28 19:37:37 - 20251228_193737_08d5b1f3 - markdown_it.rules_block.html_block - DEBUG - html_block.html_block:35 - entering html_block: StateBlock(line=198,level=0,tokens=177), 200, 205, True
2025-12-28 19:37:37 - 20251228_193737_08d5b1f3 - markdown_it.rules_block.heading - DEBUG - heading.heading:13 - entering heading: StateBlock(line=198,level=0,tokens=177), 200, 205, True
2025-12-28 19:37:37 - 20251228_193737_08d5b1f3 - markdown_it.rules_block.code - DEBUG - code.code:10 - entering code: StateBlock(line=202,level=0,tokens=180), 202, 205, False
2025-12-28 19:37:37 - 20251228_193737_08d5b1f3 - markdown_it.rules_block.fence - DEBUG - fence.fence:10 - entering fence: StateBlock(line=202,level=0,tokens=180), 202, 205, False
2025-12-28 19:37:37 - 20251228_193737_08d5b1f3 - markdown_it.rules_block.blockquote - DEBUG - blockquote.blockquote:13 - entering blockquote: StateBlock(line=202,level=0,tokens=180), 202, 205, False
2025-12-28 19:37:37 - 20251228_193737_08d5b1f3 - markdown_it.rules_block.hr - DEBUG - hr.hr:14 - entering hr: StateBlock(line=202,level=0,tokens=180), 202, 205, False
2025-12-28 19:37:37 - 20251228_193737_08d5b1f3 - markdown_it.rules_block.code - DEBUG - code.code:10 - entering code: StateBlock(line=204,level=0,tokens=181), 204, 205, False
2025-12-28 19:37:37 - 20251228_193737_08d5b1f3 - markdown_it.rules_block.fence - DEBUG - fence.fence:10 - entering fence: StateBlock(line=204,level=0,tokens=181), 204, 205, False
2025-12-28 19:37:37 - 20251228_193737_08d5b1f3 - markdown_it.rules_block.blockquote - DEBUG - blockquote.blockquote:13 - entering blockquote: StateBlock(line=204,level=0,tokens=181), 204, 205, False
2025-12-28 19:37:37 - 20251228_193737_08d5b1f3 - markdown_it.rules_block.hr - DEBUG - hr.hr:14 - entering hr: StateBlock(line=204,level=0,tokens=181), 204, 205, False
2025-12-28 19:37:37 - 20251228_193737_08d5b1f3 - markdown_it.rules_block.list - DEBUG - list.list_block:102 - entering list: StateBlock(line=204,level=0,tokens=181), 204, 205, False
2025-12-28 19:37:37 - 20251228_193737_08d5b1f3 - markdown_it.rules_block.reference - DEBUG - reference.reference:10 - entering reference: StateBlock(line=204,level=0,tokens=181), 204, 205, False
2025-12-28 19:37:37 - 20251228_193737_08d5b1f3 - markdown_it.rules_block.html_block - DEBUG - html_block.html_block:35 - entering html_block: StateBlock(line=204,level=0,tokens=181), 204, 205, False
2025-12-28 19:37:37 - 20251228_193737_08d5b1f3 - markdown_it.rules_block.heading - DEBUG - heading.heading:13 - entering heading: StateBlock(line=204,level=0,tokens=181), 204, 205, False
2025-12-28 19:37:37 - 20251228_193737_08d5b1f3 - markdown_it.rules_block.lheading - DEBUG - lheading.lheading:10 - entering lheading: StateBlock(line=204,level=0,tokens=181), 204, 205, False
2025-12-28 19:37:37 - 20251228_193737_08d5b1f3 - markdown_it.rules_block.paragraph - DEBUG - paragraph.paragraph:10 - entering paragraph: StateBlock(line=204,level=0,tokens=181), 204, 205, False
2025-12-28 19:37:37 - 20251228_193737_08d5b1f3 - aichemist_codex.converters.md2pdf - DEBUG - to_pdf.convert_md_to_pdf:258 - Saving PDF to: D:\Steve\Documents\HumanRights\Timeline_Detailed_Master.pdf
2025-12-28 19:37:37 - 20251228_193737_08d5b1f3 - aichemist_codex.converters.md2pdf - DEBUG - to_pdf.convert_md_to_pdf:262 - Successfully saved PDF to: D:\Steve\Documents\HumanRights\Timeline_Detailed_Master.pdf
2025-12-28 19:37:37 - 20251228_193737_08d5b1f3 - aichemist_codex.converters.md2pdf - ERROR - to_pdf.convert_md_to_pdf:295 - [CONVERSION_MD2PDF_003] Error converting Markdown to PDF: record_conversion_attempt() missing 1 required positional argument: 'conversion_type'
Traceback (most recent call last):
  File "D:\Coding\SafeAppeals2.0\python\transmutation_codex\plugins\markdown\to_pdf.py", line 275, in convert_md_to_pdf
    record_conversion_attempt(
    ~~~~~~~~~~~~~~~~~~~~~~~~~^
        converter_name="md2pdf",
        ^^^^^^^^^^^^^^^^^^^^^^^^
    ...<2 lines>...
        success=True,
        ^^^^^^^^^^^^^
    )
    ^
TypeError: record_conversion_attempt() missing 1 required positional argument: 'conversion_type'
2025-12-28 19:37:37 - 20251228_193737_08d5b1f3 - aichemist_codex.electron_bridge - WARNING - conversion_handler.handle_single_conversion:121 - Initial conversion attempt failed: Markdown to PDF conversion failed: record_conversion_attempt() missing 1 required positional argument: 'conversion_type' (source_format=md, target_format=pdf, source_file=D:\Steve\Documents\HumanRights\For_Clinic\09_Case_Analysis_Summaries\Timeline_Detailed_Master.md, error_code=CONVERSION_MD2PDF_003)
Traceback (most recent call last):
  File "D:\Coding\SafeAppeals2.0\python\transmutation_codex\plugins\markdown\to_pdf.py", line 275, in convert_md_to_pdf
    record_conversion_attempt(
    ~~~~~~~~~~~~~~~~~~~~~~~~~^
        converter_name="md2pdf",
        ^^^^^^^^^^^^^^^^^^^^^^^^
    ...<2 lines>...
        success=True,
        ^^^^^^^^^^^^^
    )
    ^
TypeError: record_conversion_attempt() missing 1 required positional argument: 'conversion_type'

During handling of the above exception, another exception occurred:

Traceback (most recent call last):
  File "D:\Coding\SafeAppeals2.0\python\transmutation_codex\adapters\bridges\conversion_handler.py", line 116, in handle_single_conversion
    result_path = converter_callable(
        str(input_path), str(output_path), **args.options
    )
  File "D:\Coding\SafeAppeals2.0\python\transmutation_codex\core\decorators.py", line 113, in wrapper
    return func(input_path, output_path, **kwargs)
  File "D:\Coding\SafeAppeals2.0\python\transmutation_codex\plugins\markdown\to_pdf.py", line 297, in convert_md_to_pdf
    raise_conversion_error(
    ~~~~~~~~~~~~~~~~~~~~~~^
        f"Markdown to PDF conversion failed: {e}",
        ^^^^^^^^^^^^^^^^^^^^^^^^^^^^^^^^^^^^^^^^^^
    ...<3 lines>...
        error_code=error_code,
        ^^^^^^^^^^^^^^^^^^^^^^
    )
    ^
  File "D:\Coding\SafeAppeals2.0\python\transmutation_codex\core\exceptions.py", line 563, in raise_conversion_error
    raise ConversionError(message, source_format, target_format, source_file, error_code)
transmutation_codex.core.exceptions.ConversionError: Markdown to PDF conversion failed: record_conversion_attempt() missing 1 required positional argument: 'conversion_type' (source_format=md, target_format=pdf, source_file=D:\Steve\Documents\HumanRights\For_Clinic\09_Case_Analysis_Summaries\Timeline_Detailed_Master.md, error_code=CONVERSION_MD2PDF_003)
2025-12-28 19:37:37 - 20251228_193737_08d5b1f3 - aichemist_codex.electron_bridge - ERROR - conversion_handler.handle_single_conversion:176 - [BRIDGE_004] Conversion failed: Markdown to PDF conversion failed: record_conversion_attempt() missing 1 required positional argument: 'conversion_type' (source_format=md, target_format=pdf, source_file=D:\Steve\Documents\HumanRights\For_Clinic\09_Case_Analysis_Summaries\Timeline_Detailed_Master.md, error_code=CONVERSION_MD2PDF_003)
Traceback (most recent call last):
  File "D:\Coding\SafeAppeals2.0\python\transmutation_codex\plugins\markdown\to_pdf.py", line 275, in convert_md_to_pdf
    record_conversion_attempt(
    ~~~~~~~~~~~~~~~~~~~~~~~~~^
        converter_name="md2pdf",
        ^^^^^^^^^^^^^^^^^^^^^^^^
    ...<2 lines>...
        success=True,
        ^^^^^^^^^^^^^
    )
    ^
TypeError: record_conversion_attempt() missing 1 required positional argument: 'conversion_type'

During handling of the above exception, another exception occurred:

Traceback (most recent call last):
  File "D:\Coding\SafeAppeals2.0\python\transmutation_codex\adapters\bridges\conversion_handler.py", line 116, in handle_single_conversion
    result_path = converter_callable(
        str(input_path), str(output_path), **args.options
    )
  File "D:\Coding\SafeAppeals2.0\python\transmutation_codex\core\decorators.py", line 113, in wrapper
    return func(input_path, output_path, **kwargs)
  File "D:\Coding\SafeAppeals2.0\python\transmutation_codex\plugins\markdown\to_pdf.py", line 297, in convert_md_to_pdf
    raise_conversion_error(
    ~~~~~~~~~~~~~~~~~~~~~~^
        f"Markdown to PDF conversion failed: {e}",
        ^^^^^^^^^^^^^^^^^^^^^^^^^^^^^^^^^^^^^^^^^^
    ...<3 lines>...
        error_code=error_code,
        ^^^^^^^^^^^^^^^^^^^^^^
    )
    ^
  File "D:\Coding\SafeAppeals2.0\python\transmutation_codex\core\exceptions.py", line 563, in raise_conversion_error
    raise ConversionError(message, source_format, target_format, source_file, error_code)
transmutation_codex.core.exceptions.ConversionError: Markdown to PDF conversion failed: record_conversion_attempt() missing 1 required positional argument: 'conversion_type' (source_format=md, target_format=pdf, source_file=D:\Steve\Documents\HumanRights\For_Clinic\09_Case_Analysis_Summaries\Timeline_Detailed_Master.md, error_code=CONVERSION_MD2PDF_003)
2025-12-28 19:37:37 - 20251228_193737_08d5b1f3 - aichemist_codex.electron_bridge - ERROR - progress_reporter.report_error:97 - Reporting error (conversion): Markdown to PDF conversion failed: record_conversion_attempt() missing 1 required positional argument: 'conversion_type' (source_format=md, target_format=pdf, source_file=D:\Steve\Documents\HumanRights\For_Clinic\09_Case_Analysis_Summaries\Timeline_Detailed_Master.md, error_code=CONVERSION_MD2PDF_003)
2025-12-28 19:37:37 - 20251228_193737_08d5b1f3 - aichemist_codex.electron_bridge - DEBUG - base.send_json_message:49 - Sending PROGRESS message: {"current": 30, "total": 100, "message": "Error: Markdown to PDF conversion failed: record_conversion_attempt() missing 1 required positional argument: 'conversion_type' (source_format=md, target_form...
2025-12-28 19:37:37 - 20251228_193737_08d5b1f3 - aichemist_codex.electron_bridge - DEBUG - base.send_json_message:49 - Sending ERROR message: {"error": "Markdown to PDF conversion failed: record_conversion_attempt() missing 1 required positional argument: 'conversion_type' (source_format=md, target_format=pdf, source_file=D:\\Steve\\Documen...
2025-12-28 19:37:37 - 20251228_193737_08d5b1f3 - aichemist_codex.electron_bridge - DEBUG - base.send_json_message:49 - Sending RESULT message: {"success": false, "message": "Conversion failed: Markdown to PDF conversion failed: record_conversion_attempt() missing 1 required positional argument: 'conversion_type' (source_format=md, target_for...
2025-12-28 19:37:37 - 20251228_193737_08d5b1f3 - aichemist_codex.electron_bridge - ERROR - conversion_handler.handle_conversion:411 - [BRIDGE_004] Conversion error: Conversion failed: Markdown to PDF conversion failed: record_conversion_attempt() missing 1 required positional argument: 'conversion_type' (source_format=md, target_format=pdf, source_file=D:\Steve\Documents\HumanRights\For_Clinic\09_Case_Analysis_Summaries\Timeline_Detailed_Master.md, error_code=CONVERSION_MD2PDF_003)
Traceback (most recent call last):
  File "D:\Coding\SafeAppeals2.0\python\transmutation_codex\plugins\markdown\to_pdf.py", line 275, in convert_md_to_pdf
    record_conversion_attempt(
    ~~~~~~~~~~~~~~~~~~~~~~~~~^
        converter_name="md2pdf",
        ^^^^^^^^^^^^^^^^^^^^^^^^
    ...<2 lines>...
        success=True,
        ^^^^^^^^^^^^^
    )
    ^
TypeError: record_conversion_attempt() missing 1 required positional argument: 'conversion_type'

During handling of the above exception, another exception occurred:

Traceback (most recent call last):
  File "D:\Coding\SafeAppeals2.0\python\transmutation_codex\adapters\bridges\conversion_handler.py", line 116, in handle_single_conversion
    result_path = converter_callable(
        str(input_path), str(output_path), **args.options
    )
  File "D:\Coding\SafeAppeals2.0\python\transmutation_codex\core\decorators.py", line 113, in wrapper
    return func(input_path, output_path, **kwargs)
  File "D:\Coding\SafeAppeals2.0\python\transmutation_codex\plugins\markdown\to_pdf.py", line 297, in convert_md_to_pdf
    raise_conversion_error(
    ~~~~~~~~~~~~~~~~~~~~~~^
        f"Markdown to PDF conversion failed: {e}",
        ^^^^^^^^^^^^^^^^^^^^^^^^^^^^^^^^^^^^^^^^^^
    ...<3 lines>...
        error_code=error_code,
        ^^^^^^^^^^^^^^^^^^^^^^
    )
    ^
  File "D:\Coding\SafeAppeals2.0\python\transmutation_codex\core\exceptions.py", line 563, in raise_conversion_error
    raise ConversionError(message, source_format, target_format, source_file, error_code)
transmutation_codex.core.exceptions.ConversionError: Markdown to PDF conversion failed: record_conversion_attempt() missing 1 required positional argument: 'conversion_type' (source_format=md, target_format=pdf, source_file=D:\Steve\Documents\HumanRights\For_Clinic\09_Case_Analysis_Summaries\Timeline_Detailed_Master.md, error_code=CONVERSION_MD2PDF_003)

The above exception was the direct cause of the following exception:

Traceback (most recent call last):
  File "D:\Coding\SafeAppeals2.0\python\transmutation_codex\adapters\bridges\conversion_handler.py", line 391, in handle_conversion
    handle_single_conversion(args, reporter)
    ~~~~~~~~~~~~~~~~~~~~~~~~^^^^^^^^^^^^^^^^
  File "D:\Coding\SafeAppeals2.0\python\transmutation_codex\adapters\bridges\conversion_handler.py", line 189, in handle_single_conversion
    raise BridgeConversionError(f"Conversion failed: {e}") from e
transmutation_codex.adapters.bridges.base.BridgeConversionError: Conversion failed: Markdown to PDF conversion failed: record_conversion_attempt() missing 1 required positional argument: 'conversion_type' (source_format=md, target_format=pdf, source_file=D:\Steve\Documents\HumanRights\For_Clinic\09_Case_Analysis_Summaries\Timeline_Detailed_Master.md, error_code=CONVERSION_MD2PDF_003)
2025-12-28 19:37:37 - 20251228_193737_08d5b1f3 - aichemist_codex.electron_bridge - INFO - electron_bridge.main:50 - Electron bridge exiting with code 1
