2025-12-28 19:38:44 - 20251228_193844_b08d403b - root - INFO - logger._configure_programmatic_logging:343 - Logging configured programmatically. Session ID: 20251228_193844_b08d403b. File log: D:\Coding\SafeAppeals2.0\python\logs\python\app_session_20251228_193844_b08d403b.log
2025-12-28 19:38:44 - 20251228_193844_b08d403b - aichemist_codex.electron_bridge - INFO - electron_bridge.main:40 - Electron bridge starting
2025-12-28 19:38:44 - 20251228_193844_b08d403b - aichemist_codex.electron_bridge - DEBUG - argument_parser.validate:62 - Validating arguments for mode: convert
2025-12-28 19:38:44 - 20251228_193844_b08d403b - aichemist_codex.electron_bridge - DEBUG - argument_parser._validate_convert:84 - Validating convert mode arguments
2025-12-28 19:38:44 - 20251228_193844_b08d403b - aichemist_codex.electron_bridge - DEBUG - base.validate_file_exists:150 - Validating file exists: d:\Steve\Documents\HumanRights\For_Clinic\00_CLINIC_COVER_SHEET.md
2025-12-28 19:38:44 - 20251228_193844_b08d403b - aichemist_codex.electron_bridge - DEBUG - base.validate_file_exists:160 - File validation passed: d:\Steve\Documents\HumanRights\For_Clinic\00_CLINIC_COVER_SHEET.md
2025-12-28 19:38:44 - 20251228_193844_b08d403b - aichemist_codex.electron_bridge - DEBUG - base.validate_output_directory:178 - Validating output directory: d:\Steve\Documents\HumanRights
2025-12-28 19:38:44 - 20251228_193844_b08d403b - aichemist_codex.electron_bridge - DEBUG - base.validate_output_directory:188 - Output directory is writable: d:\Steve\Documents\HumanRights
2025-12-28 19:38:44 - 20251228_193844_b08d403b - aichemist_codex.electron_bridge - DEBUG - argument_parser.validate:74 - Argument validation passed
2025-12-28 19:38:44 - 20251228_193844_b08d403b - aichemist_codex.electron_bridge - INFO - electron_bridge.main:45 - Bridge mode: convert, type: md2pdf
2025-12-28 19:38:44 - 20251228_193844_b08d403b - aichemist_codex.electron_bridge - DEBUG - progress_reporter.report:55 - Reporting progress: 0/100 - Initializing conversion...
2025-12-28 19:38:44 - 20251228_193844_b08d403b - aichemist_codex.electron_bridge - DEBUG - base.send_json_message:49 - Sending PROGRESS message: {"current": 0, "total": 100, "message": "Initializing conversion...", "type": "single_progress", "filename": ""}...
2025-12-28 19:38:44 - 20251228_193844_b08d403b - aichemist_codex.electron_bridge - DEBUG - progress_reporter.report:55 - Reporting progress: 10/100 - Loading converter...
2025-12-28 19:38:44 - 20251228_193844_b08d403b - aichemist_codex.electron_bridge - DEBUG - base.send_json_message:49 - Sending PROGRESS message: {"current": 10, "total": 100, "message": "Loading converter...", "type": "single_progress", "filename": ""}...
2025-12-28 19:38:44 - 20251228_193844_b08d403b - aichemist_codex.electron_bridge - DEBUG - conversion_handler.handle_single_conversion:41 - Importing plugins to trigger auto-registration
2025-12-28 19:38:44 - 20251228_193844_b08d403b - aichemist_codex.converters.md2html - DEBUG - to_html.<module>:38 - Markdown library available
2025-12-28 19:38:44 - 20251228_193844_b08d403b - aichemist_codex.plugins - DEBUG - __init__.<module>:20 - Markdown to HTML converter loaded
2025-12-28 19:38:44 - 20251228_193844_b08d403b - aichemist_codex.plugins - DEBUG - __init__.<module>:29 - Markdown to PDF converter loaded
2025-12-28 19:38:44 - 20251228_193844_b08d403b - aichemist_codex.plugins - DEBUG - __init__.<module>:38 - Markdown to DOCX converter loaded
2025-12-28 19:38:44 - 20251228_193844_b08d403b - aichemist_codex.plugins - WARNING - __init__.<module>:55 - PDF to Markdown converters not available: No module named 'ocrmypdf'
2025-12-28 19:38:44 - 20251228_193844_b08d403b - aichemist_codex.plugins - WARNING - __init__.<module>:64 - PDF to HTML converter not available: No module named 'ocrmypdf'
2025-12-28 19:38:44 - 20251228_193844_b08d403b - aichemist_codex.plugins - WARNING - __init__.<module>:73 - PDF to Editable converter not available: No module named 'ocrmypdf'
2025-12-28 19:38:44 - 20251228_193844_b08d403b - aichemist_codex.plugins - DEBUG - __init__.<module>:81 - DOCX to Markdown converter loaded
2025-12-28 19:38:44 - 20251228_193844_b08d403b - aichemist_codex.plugins - DEBUG - __init__.<module>:90 - DOCX to PDF converter loaded
2025-12-28 19:38:44 - 20251228_193844_b08d403b - aichemist_codex.plugins - DEBUG - __init__.<module>:100 - HTML to PDF converter loaded
2025-12-28 19:38:44 - 20251228_193844_b08d403b - aichemist_codex.plugins - WARNING - __init__.<module>:112 - TXT to PDF converter not available: No module named 'reportlab'
2025-12-28 19:38:45 - 20251228_193844_b08d403b - aichemist_codex.plugins - DEBUG - __init__.<module>:125 - Excel converters loaded
2025-12-28 19:38:45 - 20251228_193844_b08d403b - aichemist_codex.plugins - DEBUG - __init__.<module>:136 - CSV converters loaded
2025-12-28 19:38:45 - 20251228_193844_b08d403b - aichemist_codex.plugins - DEBUG - __init__.<module>:150 - PowerPoint converters loaded
2025-12-28 19:38:45 - 20251228_193844_b08d403b - aichemist_codex.plugins - DEBUG - __init__.<module>:162 - Image converters loaded
2025-12-28 19:38:45 - 20251228_193844_b08d403b - aichemist_codex.plugins - WARNING - __init__.<module>:174 - PDF to Excel converter not available: No module named 'ocrmypdf'
2025-12-28 19:38:45 - 20251228_193844_b08d403b - aichemist_codex.plugins - WARNING - __init__.<module>:184 - PDF to Images converter not available: No module named 'ocrmypdf'
2025-12-28 19:38:45 - 20251228_193844_b08d403b - aichemist_codex.plugins - WARNING - __init__.<module>:199 - Advanced PDF operations not available: No module named 'ocrmypdf'
2025-12-28 19:38:45 - 20251228_193844_b08d403b - aichemist_codex.plugins - DEBUG - __init__.<module>:211 - EPUB converters loaded
2025-12-28 19:38:45 - 20251228_193844_b08d403b - aichemist_codex.plugins - ERROR - __init__.<module>:227 - EPUB creation converters failed: name 'Document' is not defined
Traceback (most recent call last):
  File "D:\Coding\SafeAppeals2.0\python\transmutation_codex\plugins\__init__.py", line 219, in <module>
    from .docx.to_epub import convert_docx_to_epub
  File "D:\Coding\SafeAppeals2.0\python\transmutation_codex\plugins\docx\to_epub.py", line 248, in <module>
    def _docx_to_html(doc: Document) -> str:
                           ^^^^^^^^
NameError: name 'Document' is not defined
2025-12-28 19:38:45 - 20251228_193844_b08d403b - aichemist_codex.plugins - INFO - __init__.<module>:229 - Plugin package initialized - all converters registered
2025-12-28 19:38:45 - 20251228_193844_b08d403b - aichemist_codex.electron_bridge - DEBUG - conversion_handler.handle_single_conversion:44 - Successfully imported plugins
2025-12-28 19:38:45 - 20251228_193844_b08d403b - aichemist_codex.electron_bridge - DEBUG - conversion_handler.handle_single_conversion:54 - Parsing conversion type: md2pdf
2025-12-28 19:38:45 - 20251228_193844_b08d403b - aichemist_codex.electron_bridge - DEBUG - conversion_handler.handle_single_conversion:64 - Parsed conversion: md -> pdf
2025-12-28 19:38:45 - 20251228_193844_b08d403b - aichemist_codex.electron_bridge - DEBUG - progress_reporter.report:55 - Reporting progress: 20/100 - Finding converter for md2pdf...
2025-12-28 19:38:45 - 20251228_193844_b08d403b - aichemist_codex.electron_bridge - DEBUG - base.send_json_message:49 - Sending PROGRESS message: {"current": 20, "total": 100, "message": "Finding converter for md2pdf...", "type": "single_progress", "filename": ""}...
2025-12-28 19:38:45 - 20251228_193844_b08d403b - aichemist_codex.electron_bridge - DEBUG - conversion_handler.handle_single_conversion:68 - Looking up converter in registry: md -> pdf
2025-12-28 19:38:45 - 20251228_193844_b08d403b - aichemist_codex.electron_bridge - INFO - conversion_handler.handle_single_conversion:88 - Using converter: md_to_pdf_convert_md_to_pdf (priority: 10, version: 1.0.0)
2025-12-28 19:38:45 - 20251228_193844_b08d403b - aichemist_codex.electron_bridge - DEBUG - progress_reporter.report:55 - Reporting progress: 30/100 - Converting 00_CLINIC_COVER_SHEET.md...
2025-12-28 19:38:45 - 20251228_193844_b08d403b - aichemist_codex.electron_bridge - DEBUG - base.send_json_message:49 - Sending PROGRESS message: {"current": 30, "total": 100, "message": "Converting 00_CLINIC_COVER_SHEET.md...", "type": "single_progress", "filename": "00_CLINIC_COVER_SHEET.md"}...
2025-12-28 19:38:45 - 20251228_193844_b08d403b - aichemist_codex.electron_bridge - INFO - conversion_handler.handle_single_conversion:107 - Executing conversion: 00_CLINIC_COVER_SHEET.md -> 00_CLINIC_COVER_SHEET.pdf
2025-12-28 19:38:45 - 20251228_193844_b08d403b - aichemist_codex.electron_bridge - DEBUG - conversion_handler.handle_single_conversion:108 - Converter options: {'force_ocr': False, 'include_charts': False, 'preserve_formatting': False, 'include_notes': False, 'include_images': False, 'use_lossless_compression': False, 'reduce_image_resolution': False, 'export_bookmarks': False, 'export_notes': False, 'pdfa': False, 'deskew': False, 'clean': False, 'redo_ocr': False}
2025-12-28 19:38:45 - 20251228_193844_b08d403b - aichemist_codex.electron_bridge - DEBUG - conversion_handler.handle_single_conversion:115 - Calling converter function
2025-12-28 19:38:45 - 20251228_193844_b08d403b - aichemist_codex.transmutation_codex.utils.validators - DEBUG - validators.validate_file_path:51 - Validating file path: d:\Steve\Documents\HumanRights\For_Clinic\00_CLINIC_COVER_SHEET.md
2025-12-28 19:38:45 - 20251228_193844_b08d403b - aichemist_codex.transmutation_codex.utils.validators - DEBUG - validators.validate_file_path:89 - File path validation passed: d:\Steve\Documents\HumanRights\For_Clinic\00_CLINIC_COVER_SHEET.md
2025-12-28 19:38:45 - 20251228_193844_b08d403b - aichemist_codex.transmutation_codex.utils.validators - DEBUG - validators.validate_file_size:193 - Validating file size: d:\Steve\Documents\HumanRights\For_Clinic\00_CLINIC_COVER_SHEET.md (max: 50MB)
2025-12-28 19:38:45 - 20251228_193844_b08d403b - aichemist_codex.transmutation_codex.utils.validators - DEBUG - validators.validate_file_size:214 - File size: 0.01MB
2025-12-28 19:38:45 - 20251228_193844_b08d403b - aichemist_codex.transmutation_codex.utils.validators - DEBUG - validators.validate_file_size:221 - File size validation passed: 0.01MB
2025-12-28 19:38:45 - 20251228_193844_b08d403b - aichemist_codex.converters.md2pdf - INFO - to_pdf.convert_md_to_pdf:127 - Starting Markdown to PDF conversion: d:\Steve\Documents\HumanRights\For_Clinic\00_CLINIC_COVER_SHEET.md
2025-12-28 19:38:45 - 20251228_193844_b08d403b - aichemist_codex.converters.md2pdf - DEBUG - to_pdf.convert_md_to_pdf:132 - Feature access check passed for md2pdf
2025-12-28 19:38:45 - 20251228_193844_b08d403b - aichemist_codex.converters.md2pdf - DEBUG - to_pdf.convert_md_to_pdf:139 - Resolved input path: D:\Steve\Documents\HumanRights\For_Clinic\00_CLINIC_COVER_SHEET.md
2025-12-28 19:38:45 - 20251228_193844_b08d403b - aichemist_codex.converters.md2pdf - DEBUG - to_pdf.convert_md_to_pdf:144 - File size check passed
2025-12-28 19:38:45 - 20251228_193844_b08d403b - aichemist_codex.converters.md2pdf - INFO - to_pdf.convert_md_to_pdf:182 - Converting D:\Steve\Documents\HumanRights\For_Clinic\00_CLINIC_COVER_SHEET.md to PDF using marker: '<!-- pagebreak -->'
2025-12-28 19:38:45 - 20251228_193844_b08d403b - aichemist_codex.converters.md2pdf - DEBUG - to_pdf.convert_md_to_pdf:188 - Reading markdown file content
2025-12-28 19:38:45 - 20251228_193844_b08d403b - aichemist_codex.converters.md2pdf - DEBUG - to_pdf.convert_md_to_pdf:193 - Successfully read 6259 characters from markdown file
2025-12-28 19:38:45 - 20251228_193844_b08d403b - aichemist_codex.converters.md2pdf - DEBUG - to_pdf.convert_md_to_pdf:208 - Using title: BC Human Rights Clinic - Case Materials
2025-12-28 19:38:45 - 20251228_193844_b08d403b - aichemist_codex.converters.md2pdf - DEBUG - to_pdf.convert_md_to_pdf:228 - Injected default table styles.
2025-12-28 19:38:45 - 20251228_193844_b08d403b - aichemist_codex.converters.md2pdf - INFO - to_pdf.convert_md_to_pdf:252 - No page breaks found.
2025-12-28 19:38:45 - 20251228_193844_b08d403b - markdown_it.rules_block.code - DEBUG - code.code:10 - entering code: StateBlock(line=1,level=0,tokens=0), 1, 168, False
2025-12-28 19:38:45 - 20251228_193844_b08d403b - markdown_it.rules_block.fence - DEBUG - fence.fence:10 - entering fence: StateBlock(line=1,level=0,tokens=0), 1, 168, False
2025-12-28 19:38:45 - 20251228_193844_b08d403b - markdown_it.rules_block.blockquote - DEBUG - blockquote.blockquote:13 - entering blockquote: StateBlock(line=1,level=0,tokens=0), 1, 168, False
2025-12-28 19:38:45 - 20251228_193844_b08d403b - markdown_it.rules_block.hr - DEBUG - hr.hr:14 - entering hr: StateBlock(line=1,level=0,tokens=0), 1, 168, False
2025-12-28 19:38:45 - 20251228_193844_b08d403b - markdown_it.rules_block.list - DEBUG - list.list_block:102 - entering list: StateBlock(line=1,level=0,tokens=0), 1, 168, False
2025-12-28 19:38:45 - 20251228_193844_b08d403b - markdown_it.rules_block.reference - DEBUG - reference.reference:10 - entering reference: StateBlock(line=1,level=0,tokens=0), 1, 168, False
2025-12-28 19:38:45 - 20251228_193844_b08d403b - markdown_it.rules_block.html_block - DEBUG - html_block.html_block:35 - entering html_block: StateBlock(line=1,level=0,tokens=0), 1, 168, False
2025-12-28 19:38:45 - 20251228_193844_b08d403b - markdown_it.rules_block.code - DEBUG - code.code:10 - entering code: StateBlock(line=23,level=0,tokens=1), 23, 168, False
2025-12-28 19:38:45 - 20251228_193844_b08d403b - markdown_it.rules_block.fence - DEBUG - fence.fence:10 - entering fence: StateBlock(line=23,level=0,tokens=1), 23, 168, False
2025-12-28 19:38:45 - 20251228_193844_b08d403b - markdown_it.rules_block.blockquote - DEBUG - blockquote.blockquote:13 - entering blockquote: StateBlock(line=23,level=0,tokens=1), 23, 168, False
2025-12-28 19:38:45 - 20251228_193844_b08d403b - markdown_it.rules_block.hr - DEBUG - hr.hr:14 - entering hr: StateBlock(line=23,level=0,tokens=1), 23, 168, False
2025-12-28 19:38:45 - 20251228_193844_b08d403b - markdown_it.rules_block.list - DEBUG - list.list_block:102 - entering list: StateBlock(line=23,level=0,tokens=1), 23, 168, False
2025-12-28 19:38:45 - 20251228_193844_b08d403b - markdown_it.rules_block.reference - DEBUG - reference.reference:10 - entering reference: StateBlock(line=23,level=0,tokens=1), 23, 168, False
2025-12-28 19:38:45 - 20251228_193844_b08d403b - markdown_it.rules_block.html_block - DEBUG - html_block.html_block:35 - entering html_block: StateBlock(line=23,level=0,tokens=1), 23, 168, False
2025-12-28 19:38:45 - 20251228_193844_b08d403b - markdown_it.rules_block.heading - DEBUG - heading.heading:13 - entering heading: StateBlock(line=23,level=0,tokens=1), 23, 168, False
2025-12-28 19:38:45 - 20251228_193844_b08d403b - markdown_it.rules_block.code - DEBUG - code.code:10 - entering code: StateBlock(line=24,level=0,tokens=4), 24, 168, False
2025-12-28 19:38:45 - 20251228_193844_b08d403b - markdown_it.rules_block.fence - DEBUG - fence.fence:10 - entering fence: StateBlock(line=24,level=0,tokens=4), 24, 168, False
2025-12-28 19:38:45 - 20251228_193844_b08d403b - markdown_it.rules_block.blockquote - DEBUG - blockquote.blockquote:13 - entering blockquote: StateBlock(line=24,level=0,tokens=4), 24, 168, False
2025-12-28 19:38:45 - 20251228_193844_b08d403b - markdown_it.rules_block.hr - DEBUG - hr.hr:14 - entering hr: StateBlock(line=24,level=0,tokens=4), 24, 168, False
2025-12-28 19:38:45 - 20251228_193844_b08d403b - markdown_it.rules_block.list - DEBUG - list.list_block:102 - entering list: StateBlock(line=24,level=0,tokens=4), 24, 168, False
2025-12-28 19:38:45 - 20251228_193844_b08d403b - markdown_it.rules_block.reference - DEBUG - reference.reference:10 - entering reference: StateBlock(line=24,level=0,tokens=4), 24, 168, False
2025-12-28 19:38:45 - 20251228_193844_b08d403b - markdown_it.rules_block.html_block - DEBUG - html_block.html_block:35 - entering html_block: StateBlock(line=24,level=0,tokens=4), 24, 168, False
2025-12-28 19:38:45 - 20251228_193844_b08d403b - markdown_it.rules_block.heading - DEBUG - heading.heading:13 - entering heading: StateBlock(line=24,level=0,tokens=4), 24, 168, False
2025-12-28 19:38:45 - 20251228_193844_b08d403b - markdown_it.rules_block.code - DEBUG - code.code:10 - entering code: StateBlock(line=26,level=0,tokens=7), 26, 168, False
2025-12-28 19:38:45 - 20251228_193844_b08d403b - markdown_it.rules_block.fence - DEBUG - fence.fence:10 - entering fence: StateBlock(line=26,level=0,tokens=7), 26, 168, False
2025-12-28 19:38:45 - 20251228_193844_b08d403b - markdown_it.rules_block.blockquote - DEBUG - blockquote.blockquote:13 - entering blockquote: StateBlock(line=26,level=0,tokens=7), 26, 168, False
2025-12-28 19:38:45 - 20251228_193844_b08d403b - markdown_it.rules_block.hr - DEBUG - hr.hr:14 - entering hr: StateBlock(line=26,level=0,tokens=7), 26, 168, False
2025-12-28 19:38:45 - 20251228_193844_b08d403b - markdown_it.rules_block.list - DEBUG - list.list_block:102 - entering list: StateBlock(line=26,level=0,tokens=7), 26, 168, False
2025-12-28 19:38:45 - 20251228_193844_b08d403b - markdown_it.rules_block.reference - DEBUG - reference.reference:10 - entering reference: StateBlock(line=26,level=0,tokens=7), 26, 168, False
2025-12-28 19:38:45 - 20251228_193844_b08d403b - markdown_it.rules_block.html_block - DEBUG - html_block.html_block:35 - entering html_block: StateBlock(line=26,level=0,tokens=7), 26, 168, False
2025-12-28 19:38:45 - 20251228_193844_b08d403b - markdown_it.rules_block.heading - DEBUG - heading.heading:13 - entering heading: StateBlock(line=26,level=0,tokens=7), 26, 168, False
2025-12-28 19:38:45 - 20251228_193844_b08d403b - markdown_it.rules_block.lheading - DEBUG - lheading.lheading:10 - entering lheading: StateBlock(line=26,level=0,tokens=7), 26, 168, False
2025-12-28 19:38:45 - 20251228_193844_b08d403b - markdown_it.rules_block.fence - DEBUG - fence.fence:10 - entering fence: StateBlock(line=26,level=0,tokens=7), 27, 168, True
2025-12-28 19:38:45 - 20251228_193844_b08d403b - markdown_it.rules_block.blockquote - DEBUG - blockquote.blockquote:13 - entering blockquote: StateBlock(line=26,level=0,tokens=7), 27, 168, True
2025-12-28 19:38:45 - 20251228_193844_b08d403b - markdown_it.rules_block.hr - DEBUG - hr.hr:14 - entering hr: StateBlock(line=26,level=0,tokens=7), 27, 168, True
2025-12-28 19:38:45 - 20251228_193844_b08d403b - markdown_it.rules_block.list - DEBUG - list.list_block:102 - entering list: StateBlock(line=26,level=0,tokens=7), 27, 168, True
2025-12-28 19:38:45 - 20251228_193844_b08d403b - markdown_it.rules_block.html_block - DEBUG - html_block.html_block:35 - entering html_block: StateBlock(line=26,level=0,tokens=7), 27, 168, True
2025-12-28 19:38:45 - 20251228_193844_b08d403b - markdown_it.rules_block.heading - DEBUG - heading.heading:13 - entering heading: StateBlock(line=26,level=0,tokens=7), 27, 168, True
2025-12-28 19:38:45 - 20251228_193844_b08d403b - markdown_it.rules_block.fence - DEBUG - fence.fence:10 - entering fence: StateBlock(line=26,level=0,tokens=7), 28, 168, True
2025-12-28 19:38:45 - 20251228_193844_b08d403b - markdown_it.rules_block.blockquote - DEBUG - blockquote.blockquote:13 - entering blockquote: StateBlock(line=26,level=0,tokens=7), 28, 168, True
2025-12-28 19:38:45 - 20251228_193844_b08d403b - markdown_it.rules_block.hr - DEBUG - hr.hr:14 - entering hr: StateBlock(line=26,level=0,tokens=7), 28, 168, True
2025-12-28 19:38:45 - 20251228_193844_b08d403b - markdown_it.rules_block.list - DEBUG - list.list_block:102 - entering list: StateBlock(line=26,level=0,tokens=7), 28, 168, True
2025-12-28 19:38:45 - 20251228_193844_b08d403b - markdown_it.rules_block.html_block - DEBUG - html_block.html_block:35 - entering html_block: StateBlock(line=26,level=0,tokens=7), 28, 168, True
2025-12-28 19:38:45 - 20251228_193844_b08d403b - markdown_it.rules_block.heading - DEBUG - heading.heading:13 - entering heading: StateBlock(line=26,level=0,tokens=7), 28, 168, True
2025-12-28 19:38:45 - 20251228_193844_b08d403b - markdown_it.rules_block.fence - DEBUG - fence.fence:10 - entering fence: StateBlock(line=26,level=0,tokens=7), 29, 168, True
2025-12-28 19:38:45 - 20251228_193844_b08d403b - markdown_it.rules_block.blockquote - DEBUG - blockquote.blockquote:13 - entering blockquote: StateBlock(line=26,level=0,tokens=7), 29, 168, True
2025-12-28 19:38:45 - 20251228_193844_b08d403b - markdown_it.rules_block.hr - DEBUG - hr.hr:14 - entering hr: StateBlock(line=26,level=0,tokens=7), 29, 168, True
2025-12-28 19:38:45 - 20251228_193844_b08d403b - markdown_it.rules_block.list - DEBUG - list.list_block:102 - entering list: StateBlock(line=26,level=0,tokens=7), 29, 168, True
2025-12-28 19:38:45 - 20251228_193844_b08d403b - markdown_it.rules_block.html_block - DEBUG - html_block.html_block:35 - entering html_block: StateBlock(line=26,level=0,tokens=7), 29, 168, True
2025-12-28 19:38:45 - 20251228_193844_b08d403b - markdown_it.rules_block.heading - DEBUG - heading.heading:13 - entering heading: StateBlock(line=26,level=0,tokens=7), 29, 168, True
2025-12-28 19:38:45 - 20251228_193844_b08d403b - markdown_it.rules_block.paragraph - DEBUG - paragraph.paragraph:10 - entering paragraph: StateBlock(line=26,level=0,tokens=7), 26, 168, False
2025-12-28 19:38:45 - 20251228_193844_b08d403b - markdown_it.rules_block.fence - DEBUG - fence.fence:10 - entering fence: StateBlock(line=26,level=0,tokens=7), 27, 168, True
2025-12-28 19:38:45 - 20251228_193844_b08d403b - markdown_it.rules_block.blockquote - DEBUG - blockquote.blockquote:13 - entering blockquote: StateBlock(line=26,level=0,tokens=7), 27, 168, True
2025-12-28 19:38:45 - 20251228_193844_b08d403b - markdown_it.rules_block.hr - DEBUG - hr.hr:14 - entering hr: StateBlock(line=26,level=0,tokens=7), 27, 168, True
2025-12-28 19:38:45 - 20251228_193844_b08d403b - markdown_it.rules_block.list - DEBUG - list.list_block:102 - entering list: StateBlock(line=26,level=0,tokens=7), 27, 168, True
2025-12-28 19:38:45 - 20251228_193844_b08d403b - markdown_it.rules_block.html_block - DEBUG - html_block.html_block:35 - entering html_block: StateBlock(line=26,level=0,tokens=7), 27, 168, True
2025-12-28 19:38:45 - 20251228_193844_b08d403b - markdown_it.rules_block.heading - DEBUG - heading.heading:13 - entering heading: StateBlock(line=26,level=0,tokens=7), 27, 168, True
2025-12-28 19:38:45 - 20251228_193844_b08d403b - markdown_it.rules_block.fence - DEBUG - fence.fence:10 - entering fence: StateBlock(line=26,level=0,tokens=7), 28, 168, True
2025-12-28 19:38:45 - 20251228_193844_b08d403b - markdown_it.rules_block.blockquote - DEBUG - blockquote.blockquote:13 - entering blockquote: StateBlock(line=26,level=0,tokens=7), 28, 168, True
2025-12-28 19:38:45 - 20251228_193844_b08d403b - markdown_it.rules_block.hr - DEBUG - hr.hr:14 - entering hr: StateBlock(line=26,level=0,tokens=7), 28, 168, True
2025-12-28 19:38:45 - 20251228_193844_b08d403b - markdown_it.rules_block.list - DEBUG - list.list_block:102 - entering list: StateBlock(line=26,level=0,tokens=7), 28, 168, True
2025-12-28 19:38:45 - 20251228_193844_b08d403b - markdown_it.rules_block.html_block - DEBUG - html_block.html_block:35 - entering html_block: StateBlock(line=26,level=0,tokens=7), 28, 168, True
2025-12-28 19:38:45 - 20251228_193844_b08d403b - markdown_it.rules_block.heading - DEBUG - heading.heading:13 - entering heading: StateBlock(line=26,level=0,tokens=7), 28, 168, True
2025-12-28 19:38:45 - 20251228_193844_b08d403b - markdown_it.rules_block.fence - DEBUG - fence.fence:10 - entering fence: StateBlock(line=26,level=0,tokens=7), 29, 168, True
2025-12-28 19:38:45 - 20251228_193844_b08d403b - markdown_it.rules_block.blockquote - DEBUG - blockquote.blockquote:13 - entering blockquote: StateBlock(line=26,level=0,tokens=7), 29, 168, True
2025-12-28 19:38:45 - 20251228_193844_b08d403b - markdown_it.rules_block.hr - DEBUG - hr.hr:14 - entering hr: StateBlock(line=26,level=0,tokens=7), 29, 168, True
2025-12-28 19:38:45 - 20251228_193844_b08d403b - markdown_it.rules_block.list - DEBUG - list.list_block:102 - entering list: StateBlock(line=26,level=0,tokens=7), 29, 168, True
2025-12-28 19:38:45 - 20251228_193844_b08d403b - markdown_it.rules_block.html_block - DEBUG - html_block.html_block:35 - entering html_block: StateBlock(line=26,level=0,tokens=7), 29, 168, True
2025-12-28 19:38:45 - 20251228_193844_b08d403b - markdown_it.rules_block.heading - DEBUG - heading.heading:13 - entering heading: StateBlock(line=26,level=0,tokens=7), 29, 168, True
2025-12-28 19:38:45 - 20251228_193844_b08d403b - markdown_it.rules_block.code - DEBUG - code.code:10 - entering code: StateBlock(line=31,level=0,tokens=10), 31, 168, False
2025-12-28 19:38:45 - 20251228_193844_b08d403b - markdown_it.rules_block.fence - DEBUG - fence.fence:10 - entering fence: StateBlock(line=31,level=0,tokens=10), 31, 168, False
2025-12-28 19:38:45 - 20251228_193844_b08d403b - markdown_it.rules_block.blockquote - DEBUG - blockquote.blockquote:13 - entering blockquote: StateBlock(line=31,level=0,tokens=10), 31, 168, False
2025-12-28 19:38:45 - 20251228_193844_b08d403b - markdown_it.rules_block.hr - DEBUG - hr.hr:14 - entering hr: StateBlock(line=31,level=0,tokens=10), 31, 168, False
2025-12-28 19:38:45 - 20251228_193844_b08d403b - markdown_it.rules_block.code - DEBUG - code.code:10 - entering code: StateBlock(line=33,level=0,tokens=11), 33, 168, False
2025-12-28 19:38:45 - 20251228_193844_b08d403b - markdown_it.rules_block.fence - DEBUG - fence.fence:10 - entering fence: StateBlock(line=33,level=0,tokens=11), 33, 168, False
2025-12-28 19:38:45 - 20251228_193844_b08d403b - markdown_it.rules_block.blockquote - DEBUG - blockquote.blockquote:13 - entering blockquote: StateBlock(line=33,level=0,tokens=11), 33, 168, False
2025-12-28 19:38:45 - 20251228_193844_b08d403b - markdown_it.rules_block.hr - DEBUG - hr.hr:14 - entering hr: StateBlock(line=33,level=0,tokens=11), 33, 168, False
2025-12-28 19:38:45 - 20251228_193844_b08d403b - markdown_it.rules_block.list - DEBUG - list.list_block:102 - entering list: StateBlock(line=33,level=0,tokens=11), 33, 168, False
2025-12-28 19:38:45 - 20251228_193844_b08d403b - markdown_it.rules_block.reference - DEBUG - reference.reference:10 - entering reference: StateBlock(line=33,level=0,tokens=11), 33, 168, False
2025-12-28 19:38:45 - 20251228_193844_b08d403b - markdown_it.rules_block.html_block - DEBUG - html_block.html_block:35 - entering html_block: StateBlock(line=33,level=0,tokens=11), 33, 168, False
2025-12-28 19:38:45 - 20251228_193844_b08d403b - markdown_it.rules_block.heading - DEBUG - heading.heading:13 - entering heading: StateBlock(line=33,level=0,tokens=11), 33, 168, False
2025-12-28 19:38:45 - 20251228_193844_b08d403b - markdown_it.rules_block.code - DEBUG - code.code:10 - entering code: StateBlock(line=35,level=0,tokens=14), 35, 168, False
2025-12-28 19:38:45 - 20251228_193844_b08d403b - markdown_it.rules_block.fence - DEBUG - fence.fence:10 - entering fence: StateBlock(line=35,level=0,tokens=14), 35, 168, False
2025-12-28 19:38:45 - 20251228_193844_b08d403b - markdown_it.rules_block.blockquote - DEBUG - blockquote.blockquote:13 - entering blockquote: StateBlock(line=35,level=0,tokens=14), 35, 168, False
2025-12-28 19:38:45 - 20251228_193844_b08d403b - markdown_it.rules_block.hr - DEBUG - hr.hr:14 - entering hr: StateBlock(line=35,level=0,tokens=14), 35, 168, False
2025-12-28 19:38:45 - 20251228_193844_b08d403b - markdown_it.rules_block.list - DEBUG - list.list_block:102 - entering list: StateBlock(line=35,level=0,tokens=14), 35, 168, False
2025-12-28 19:38:45 - 20251228_193844_b08d403b - markdown_it.rules_block.reference - DEBUG - reference.reference:10 - entering reference: StateBlock(line=35,level=0,tokens=14), 35, 168, False
2025-12-28 19:38:45 - 20251228_193844_b08d403b - markdown_it.rules_block.html_block - DEBUG - html_block.html_block:35 - entering html_block: StateBlock(line=35,level=0,tokens=14), 35, 168, False
2025-12-28 19:38:45 - 20251228_193844_b08d403b - markdown_it.rules_block.heading - DEBUG - heading.heading:13 - entering heading: StateBlock(line=35,level=0,tokens=14), 35, 168, False
2025-12-28 19:38:45 - 20251228_193844_b08d403b - markdown_it.rules_block.lheading - DEBUG - lheading.lheading:10 - entering lheading: StateBlock(line=35,level=0,tokens=14), 35, 168, False
2025-12-28 19:38:45 - 20251228_193844_b08d403b - markdown_it.rules_block.paragraph - DEBUG - paragraph.paragraph:10 - entering paragraph: StateBlock(line=35,level=0,tokens=14), 35, 168, False
2025-12-28 19:38:45 - 20251228_193844_b08d403b - markdown_it.rules_block.code - DEBUG - code.code:10 - entering code: StateBlock(line=37,level=0,tokens=17), 37, 168, False
2025-12-28 19:38:45 - 20251228_193844_b08d403b - markdown_it.rules_block.fence - DEBUG - fence.fence:10 - entering fence: StateBlock(line=37,level=0,tokens=17), 37, 168, False
2025-12-28 19:38:45 - 20251228_193844_b08d403b - markdown_it.rules_block.blockquote - DEBUG - blockquote.blockquote:13 - entering blockquote: StateBlock(line=37,level=0,tokens=17), 37, 168, False
2025-12-28 19:38:45 - 20251228_193844_b08d403b - markdown_it.rules_block.hr - DEBUG - hr.hr:14 - entering hr: StateBlock(line=37,level=0,tokens=17), 37, 168, False
2025-12-28 19:38:45 - 20251228_193844_b08d403b - markdown_it.rules_block.list - DEBUG - list.list_block:102 - entering list: StateBlock(line=37,level=0,tokens=17), 37, 168, False
2025-12-28 19:38:45 - 20251228_193844_b08d403b - markdown_it.rules_block.reference - DEBUG - reference.reference:10 - entering reference: StateBlock(line=37,level=0,tokens=17), 37, 168, False
2025-12-28 19:38:45 - 20251228_193844_b08d403b - markdown_it.rules_block.html_block - DEBUG - html_block.html_block:35 - entering html_block: StateBlock(line=37,level=0,tokens=17), 37, 168, False
2025-12-28 19:38:45 - 20251228_193844_b08d403b - markdown_it.rules_block.heading - DEBUG - heading.heading:13 - entering heading: StateBlock(line=37,level=0,tokens=17), 37, 168, False
2025-12-28 19:38:45 - 20251228_193844_b08d403b - markdown_it.rules_block.lheading - DEBUG - lheading.lheading:10 - entering lheading: StateBlock(line=37,level=0,tokens=17), 37, 168, False
2025-12-28 19:38:45 - 20251228_193844_b08d403b - markdown_it.rules_block.paragraph - DEBUG - paragraph.paragraph:10 - entering paragraph: StateBlock(line=37,level=0,tokens=17), 37, 168, False
2025-12-28 19:38:45 - 20251228_193844_b08d403b - markdown_it.rules_block.code - DEBUG - code.code:10 - entering code: StateBlock(line=39,level=0,tokens=20), 39, 168, False
2025-12-28 19:38:45 - 20251228_193844_b08d403b - markdown_it.rules_block.fence - DEBUG - fence.fence:10 - entering fence: StateBlock(line=39,level=0,tokens=20), 39, 168, False
2025-12-28 19:38:45 - 20251228_193844_b08d403b - markdown_it.rules_block.blockquote - DEBUG - blockquote.blockquote:13 - entering blockquote: StateBlock(line=39,level=0,tokens=20), 39, 168, False
2025-12-28 19:38:45 - 20251228_193844_b08d403b - markdown_it.rules_block.hr - DEBUG - hr.hr:14 - entering hr: StateBlock(line=39,level=0,tokens=20), 39, 168, False
2025-12-28 19:38:45 - 20251228_193844_b08d403b - markdown_it.rules_block.list - DEBUG - list.list_block:102 - entering list: StateBlock(line=39,level=0,tokens=20), 39, 168, False
2025-12-28 19:38:45 - 20251228_193844_b08d403b - markdown_it.rules_block.reference - DEBUG - reference.reference:10 - entering reference: StateBlock(line=39,level=0,tokens=20), 39, 168, False
2025-12-28 19:38:45 - 20251228_193844_b08d403b - markdown_it.rules_block.html_block - DEBUG - html_block.html_block:35 - entering html_block: StateBlock(line=39,level=0,tokens=20), 39, 168, False
2025-12-28 19:38:45 - 20251228_193844_b08d403b - markdown_it.rules_block.heading - DEBUG - heading.heading:13 - entering heading: StateBlock(line=39,level=0,tokens=20), 39, 168, False
2025-12-28 19:38:45 - 20251228_193844_b08d403b - markdown_it.rules_block.lheading - DEBUG - lheading.lheading:10 - entering lheading: StateBlock(line=39,level=0,tokens=20), 39, 168, False
2025-12-28 19:38:45 - 20251228_193844_b08d403b - markdown_it.rules_block.fence - DEBUG - fence.fence:10 - entering fence: StateBlock(line=39,level=0,tokens=20), 40, 168, True
2025-12-28 19:38:45 - 20251228_193844_b08d403b - markdown_it.rules_block.blockquote - DEBUG - blockquote.blockquote:13 - entering blockquote: StateBlock(line=39,level=0,tokens=20), 40, 168, True
2025-12-28 19:38:45 - 20251228_193844_b08d403b - markdown_it.rules_block.hr - DEBUG - hr.hr:14 - entering hr: StateBlock(line=39,level=0,tokens=20), 40, 168, True
2025-12-28 19:38:45 - 20251228_193844_b08d403b - markdown_it.rules_block.list - DEBUG - list.list_block:102 - entering list: StateBlock(line=39,level=0,tokens=20), 40, 168, True
2025-12-28 19:38:45 - 20251228_193844_b08d403b - markdown_it.rules_block.paragraph - DEBUG - paragraph.paragraph:10 - entering paragraph: StateBlock(line=39,level=0,tokens=20), 39, 168, False
2025-12-28 19:38:45 - 20251228_193844_b08d403b - markdown_it.rules_block.fence - DEBUG - fence.fence:10 - entering fence: StateBlock(line=39,level=0,tokens=20), 40, 168, True
2025-12-28 19:38:45 - 20251228_193844_b08d403b - markdown_it.rules_block.blockquote - DEBUG - blockquote.blockquote:13 - entering blockquote: StateBlock(line=39,level=0,tokens=20), 40, 168, True
2025-12-28 19:38:45 - 20251228_193844_b08d403b - markdown_it.rules_block.hr - DEBUG - hr.hr:14 - entering hr: StateBlock(line=39,level=0,tokens=20), 40, 168, True
2025-12-28 19:38:45 - 20251228_193844_b08d403b - markdown_it.rules_block.list - DEBUG - list.list_block:102 - entering list: StateBlock(line=39,level=0,tokens=20), 40, 168, True
2025-12-28 19:38:45 - 20251228_193844_b08d403b - markdown_it.rules_block.code - DEBUG - code.code:10 - entering code: StateBlock(line=40,level=0,tokens=23), 40, 168, False
2025-12-28 19:38:45 - 20251228_193844_b08d403b - markdown_it.rules_block.fence - DEBUG - fence.fence:10 - entering fence: StateBlock(line=40,level=0,tokens=23), 40, 168, False
2025-12-28 19:38:45 - 20251228_193844_b08d403b - markdown_it.rules_block.blockquote - DEBUG - blockquote.blockquote:13 - entering blockquote: StateBlock(line=40,level=0,tokens=23), 40, 168, False
2025-12-28 19:38:45 - 20251228_193844_b08d403b - markdown_it.rules_block.hr - DEBUG - hr.hr:14 - entering hr: StateBlock(line=40,level=0,tokens=23), 40, 168, False
2025-12-28 19:38:45 - 20251228_193844_b08d403b - markdown_it.rules_block.list - DEBUG - list.list_block:102 - entering list: StateBlock(line=40,level=0,tokens=23), 40, 168, False
2025-12-28 19:38:45 - 20251228_193844_b08d403b - markdown_it.rules_block.code - DEBUG - code.code:10 - entering code: StateBlock(line=40,level=2,tokens=25), 40, 168, False
2025-12-28 19:38:45 - 20251228_193844_b08d403b - markdown_it.rules_block.fence - DEBUG - fence.fence:10 - entering fence: StateBlock(line=40,level=2,tokens=25), 40, 168, False
2025-12-28 19:38:45 - 20251228_193844_b08d403b - markdown_it.rules_block.blockquote - DEBUG - blockquote.blockquote:13 - entering blockquote: StateBlock(line=40,level=2,tokens=25), 40, 168, False
2025-12-28 19:38:45 - 20251228_193844_b08d403b - markdown_it.rules_block.hr - DEBUG - hr.hr:14 - entering hr: StateBlock(line=40,level=2,tokens=25), 40, 168, False
2025-12-28 19:38:45 - 20251228_193844_b08d403b - markdown_it.rules_block.list - DEBUG - list.list_block:102 - entering list: StateBlock(line=40,level=2,tokens=25), 40, 168, False
2025-12-28 19:38:45 - 20251228_193844_b08d403b - markdown_it.rules_block.reference - DEBUG - reference.reference:10 - entering reference: StateBlock(line=40,level=2,tokens=25), 40, 168, False
2025-12-28 19:38:45 - 20251228_193844_b08d403b - markdown_it.rules_block.html_block - DEBUG - html_block.html_block:35 - entering html_block: StateBlock(line=40,level=2,tokens=25), 40, 168, False
2025-12-28 19:38:45 - 20251228_193844_b08d403b - markdown_it.rules_block.heading - DEBUG - heading.heading:13 - entering heading: StateBlock(line=40,level=2,tokens=25), 40, 168, False
2025-12-28 19:38:45 - 20251228_193844_b08d403b - markdown_it.rules_block.lheading - DEBUG - lheading.lheading:10 - entering lheading: StateBlock(line=40,level=2,tokens=25), 40, 168, False
2025-12-28 19:38:45 - 20251228_193844_b08d403b - markdown_it.rules_block.fence - DEBUG - fence.fence:10 - entering fence: StateBlock(line=40,level=2,tokens=25), 41, 168, True
2025-12-28 19:38:45 - 20251228_193844_b08d403b - markdown_it.rules_block.blockquote - DEBUG - blockquote.blockquote:13 - entering blockquote: StateBlock(line=40,level=2,tokens=25), 41, 168, True
2025-12-28 19:38:45 - 20251228_193844_b08d403b - markdown_it.rules_block.hr - DEBUG - hr.hr:14 - entering hr: StateBlock(line=40,level=2,tokens=25), 41, 168, True
2025-12-28 19:38:45 - 20251228_193844_b08d403b - markdown_it.rules_block.list - DEBUG - list.list_block:102 - entering list: StateBlock(line=40,level=2,tokens=25), 41, 168, True
2025-12-28 19:38:45 - 20251228_193844_b08d403b - markdown_it.rules_block.paragraph - DEBUG - paragraph.paragraph:10 - entering paragraph: StateBlock(line=40,level=2,tokens=25), 40, 168, False
2025-12-28 19:38:45 - 20251228_193844_b08d403b - markdown_it.rules_block.fence - DEBUG - fence.fence:10 - entering fence: StateBlock(line=40,level=2,tokens=25), 41, 168, True
2025-12-28 19:38:45 - 20251228_193844_b08d403b - markdown_it.rules_block.blockquote - DEBUG - blockquote.blockquote:13 - entering blockquote: StateBlock(line=40,level=2,tokens=25), 41, 168, True
2025-12-28 19:38:45 - 20251228_193844_b08d403b - markdown_it.rules_block.hr - DEBUG - hr.hr:14 - entering hr: StateBlock(line=40,level=2,tokens=25), 41, 168, True
2025-12-28 19:38:45 - 20251228_193844_b08d403b - markdown_it.rules_block.list - DEBUG - list.list_block:102 - entering list: StateBlock(line=40,level=2,tokens=25), 41, 168, True
2025-12-28 19:38:45 - 20251228_193844_b08d403b - markdown_it.rules_block.fence - DEBUG - fence.fence:10 - entering fence: StateBlock(line=41,level=1,tokens=29), 41, 168, True
2025-12-28 19:38:45 - 20251228_193844_b08d403b - markdown_it.rules_block.blockquote - DEBUG - blockquote.blockquote:13 - entering blockquote: StateBlock(line=41,level=1,tokens=29), 41, 168, True
2025-12-28 19:38:45 - 20251228_193844_b08d403b - markdown_it.rules_block.hr - DEBUG - hr.hr:14 - entering hr: StateBlock(line=41,level=1,tokens=29), 41, 168, True
2025-12-28 19:38:45 - 20251228_193844_b08d403b - markdown_it.rules_block.code - DEBUG - code.code:10 - entering code: StateBlock(line=41,level=2,tokens=30), 41, 168, False
2025-12-28 19:38:45 - 20251228_193844_b08d403b - markdown_it.rules_block.fence - DEBUG - fence.fence:10 - entering fence: StateBlock(line=41,level=2,tokens=30), 41, 168, False
2025-12-28 19:38:45 - 20251228_193844_b08d403b - markdown_it.rules_block.blockquote - DEBUG - blockquote.blockquote:13 - entering blockquote: StateBlock(line=41,level=2,tokens=30), 41, 168, False
2025-12-28 19:38:45 - 20251228_193844_b08d403b - markdown_it.rules_block.hr - DEBUG - hr.hr:14 - entering hr: StateBlock(line=41,level=2,tokens=30), 41, 168, False
2025-12-28 19:38:45 - 20251228_193844_b08d403b - markdown_it.rules_block.list - DEBUG - list.list_block:102 - entering list: StateBlock(line=41,level=2,tokens=30), 41, 168, False
2025-12-28 19:38:45 - 20251228_193844_b08d403b - markdown_it.rules_block.reference - DEBUG - reference.reference:10 - entering reference: StateBlock(line=41,level=2,tokens=30), 41, 168, False
2025-12-28 19:38:45 - 20251228_193844_b08d403b - markdown_it.rules_block.html_block - DEBUG - html_block.html_block:35 - entering html_block: StateBlock(line=41,level=2,tokens=30), 41, 168, False
2025-12-28 19:38:45 - 20251228_193844_b08d403b - markdown_it.rules_block.heading - DEBUG - heading.heading:13 - entering heading: StateBlock(line=41,level=2,tokens=30), 41, 168, False
2025-12-28 19:38:45 - 20251228_193844_b08d403b - markdown_it.rules_block.lheading - DEBUG - lheading.lheading:10 - entering lheading: StateBlock(line=41,level=2,tokens=30), 41, 168, False
2025-12-28 19:38:45 - 20251228_193844_b08d403b - markdown_it.rules_block.fence - DEBUG - fence.fence:10 - entering fence: StateBlock(line=41,level=2,tokens=30), 42, 168, True
2025-12-28 19:38:45 - 20251228_193844_b08d403b - markdown_it.rules_block.blockquote - DEBUG - blockquote.blockquote:13 - entering blockquote: StateBlock(line=41,level=2,tokens=30), 42, 168, True
2025-12-28 19:38:45 - 20251228_193844_b08d403b - markdown_it.rules_block.hr - DEBUG - hr.hr:14 - entering hr: StateBlock(line=41,level=2,tokens=30), 42, 168, True
2025-12-28 19:38:45 - 20251228_193844_b08d403b - markdown_it.rules_block.list - DEBUG - list.list_block:102 - entering list: StateBlock(line=41,level=2,tokens=30), 42, 168, True
2025-12-28 19:38:45 - 20251228_193844_b08d403b - markdown_it.rules_block.paragraph - DEBUG - paragraph.paragraph:10 - entering paragraph: StateBlock(line=41,level=2,tokens=30), 41, 168, False
2025-12-28 19:38:45 - 20251228_193844_b08d403b - markdown_it.rules_block.fence - DEBUG - fence.fence:10 - entering fence: StateBlock(line=41,level=2,tokens=30), 42, 168, True
2025-12-28 19:38:45 - 20251228_193844_b08d403b - markdown_it.rules_block.blockquote - DEBUG - blockquote.blockquote:13 - entering blockquote: StateBlock(line=41,level=2,tokens=30), 42, 168, True
2025-12-28 19:38:45 - 20251228_193844_b08d403b - markdown_it.rules_block.hr - DEBUG - hr.hr:14 - entering hr: StateBlock(line=41,level=2,tokens=30), 42, 168, True
2025-12-28 19:38:45 - 20251228_193844_b08d403b - markdown_it.rules_block.list - DEBUG - list.list_block:102 - entering list: StateBlock(line=41,level=2,tokens=30), 42, 168, True
2025-12-28 19:38:45 - 20251228_193844_b08d403b - markdown_it.rules_block.fence - DEBUG - fence.fence:10 - entering fence: StateBlock(line=42,level=1,tokens=34), 42, 168, True
2025-12-28 19:38:45 - 20251228_193844_b08d403b - markdown_it.rules_block.blockquote - DEBUG - blockquote.blockquote:13 - entering blockquote: StateBlock(line=42,level=1,tokens=34), 42, 168, True
2025-12-28 19:38:45 - 20251228_193844_b08d403b - markdown_it.rules_block.hr - DEBUG - hr.hr:14 - entering hr: StateBlock(line=42,level=1,tokens=34), 42, 168, True
2025-12-28 19:38:45 - 20251228_193844_b08d403b - markdown_it.rules_block.code - DEBUG - code.code:10 - entering code: StateBlock(line=42,level=2,tokens=35), 42, 168, False
2025-12-28 19:38:45 - 20251228_193844_b08d403b - markdown_it.rules_block.fence - DEBUG - fence.fence:10 - entering fence: StateBlock(line=42,level=2,tokens=35), 42, 168, False
2025-12-28 19:38:45 - 20251228_193844_b08d403b - markdown_it.rules_block.blockquote - DEBUG - blockquote.blockquote:13 - entering blockquote: StateBlock(line=42,level=2,tokens=35), 42, 168, False
2025-12-28 19:38:45 - 20251228_193844_b08d403b - markdown_it.rules_block.hr - DEBUG - hr.hr:14 - entering hr: StateBlock(line=42,level=2,tokens=35), 42, 168, False
2025-12-28 19:38:45 - 20251228_193844_b08d403b - markdown_it.rules_block.list - DEBUG - list.list_block:102 - entering list: StateBlock(line=42,level=2,tokens=35), 42, 168, False
2025-12-28 19:38:45 - 20251228_193844_b08d403b - markdown_it.rules_block.reference - DEBUG - reference.reference:10 - entering reference: StateBlock(line=42,level=2,tokens=35), 42, 168, False
2025-12-28 19:38:45 - 20251228_193844_b08d403b - markdown_it.rules_block.html_block - DEBUG - html_block.html_block:35 - entering html_block: StateBlock(line=42,level=2,tokens=35), 42, 168, False
2025-12-28 19:38:45 - 20251228_193844_b08d403b - markdown_it.rules_block.heading - DEBUG - heading.heading:13 - entering heading: StateBlock(line=42,level=2,tokens=35), 42, 168, False
2025-12-28 19:38:45 - 20251228_193844_b08d403b - markdown_it.rules_block.lheading - DEBUG - lheading.lheading:10 - entering lheading: StateBlock(line=42,level=2,tokens=35), 42, 168, False
2025-12-28 19:38:45 - 20251228_193844_b08d403b - markdown_it.rules_block.fence - DEBUG - fence.fence:10 - entering fence: StateBlock(line=42,level=2,tokens=35), 43, 168, True
2025-12-28 19:38:45 - 20251228_193844_b08d403b - markdown_it.rules_block.blockquote - DEBUG - blockquote.blockquote:13 - entering blockquote: StateBlock(line=42,level=2,tokens=35), 43, 168, True
2025-12-28 19:38:45 - 20251228_193844_b08d403b - markdown_it.rules_block.hr - DEBUG - hr.hr:14 - entering hr: StateBlock(line=42,level=2,tokens=35), 43, 168, True
2025-12-28 19:38:45 - 20251228_193844_b08d403b - markdown_it.rules_block.list - DEBUG - list.list_block:102 - entering list: StateBlock(line=42,level=2,tokens=35), 43, 168, True
2025-12-28 19:38:45 - 20251228_193844_b08d403b - markdown_it.rules_block.paragraph - DEBUG - paragraph.paragraph:10 - entering paragraph: StateBlock(line=42,level=2,tokens=35), 42, 168, False
2025-12-28 19:38:45 - 20251228_193844_b08d403b - markdown_it.rules_block.fence - DEBUG - fence.fence:10 - entering fence: StateBlock(line=42,level=2,tokens=35), 43, 168, True
2025-12-28 19:38:45 - 20251228_193844_b08d403b - markdown_it.rules_block.blockquote - DEBUG - blockquote.blockquote:13 - entering blockquote: StateBlock(line=42,level=2,tokens=35), 43, 168, True
2025-12-28 19:38:45 - 20251228_193844_b08d403b - markdown_it.rules_block.hr - DEBUG - hr.hr:14 - entering hr: StateBlock(line=42,level=2,tokens=35), 43, 168, True
2025-12-28 19:38:45 - 20251228_193844_b08d403b - markdown_it.rules_block.list - DEBUG - list.list_block:102 - entering list: StateBlock(line=42,level=2,tokens=35), 43, 168, True
2025-12-28 19:38:45 - 20251228_193844_b08d403b - markdown_it.rules_block.fence - DEBUG - fence.fence:10 - entering fence: StateBlock(line=43,level=1,tokens=39), 43, 168, True
2025-12-28 19:38:45 - 20251228_193844_b08d403b - markdown_it.rules_block.blockquote - DEBUG - blockquote.blockquote:13 - entering blockquote: StateBlock(line=43,level=1,tokens=39), 43, 168, True
2025-12-28 19:38:45 - 20251228_193844_b08d403b - markdown_it.rules_block.hr - DEBUG - hr.hr:14 - entering hr: StateBlock(line=43,level=1,tokens=39), 43, 168, True
2025-12-28 19:38:45 - 20251228_193844_b08d403b - markdown_it.rules_block.code - DEBUG - code.code:10 - entering code: StateBlock(line=43,level=2,tokens=40), 43, 168, False
2025-12-28 19:38:45 - 20251228_193844_b08d403b - markdown_it.rules_block.fence - DEBUG - fence.fence:10 - entering fence: StateBlock(line=43,level=2,tokens=40), 43, 168, False
2025-12-28 19:38:45 - 20251228_193844_b08d403b - markdown_it.rules_block.blockquote - DEBUG - blockquote.blockquote:13 - entering blockquote: StateBlock(line=43,level=2,tokens=40), 43, 168, False
2025-12-28 19:38:45 - 20251228_193844_b08d403b - markdown_it.rules_block.hr - DEBUG - hr.hr:14 - entering hr: StateBlock(line=43,level=2,tokens=40), 43, 168, False
2025-12-28 19:38:45 - 20251228_193844_b08d403b - markdown_it.rules_block.list - DEBUG - list.list_block:102 - entering list: StateBlock(line=43,level=2,tokens=40), 43, 168, False
2025-12-28 19:38:45 - 20251228_193844_b08d403b - markdown_it.rules_block.reference - DEBUG - reference.reference:10 - entering reference: StateBlock(line=43,level=2,tokens=40), 43, 168, False
2025-12-28 19:38:45 - 20251228_193844_b08d403b - markdown_it.rules_block.html_block - DEBUG - html_block.html_block:35 - entering html_block: StateBlock(line=43,level=2,tokens=40), 43, 168, False
2025-12-28 19:38:45 - 20251228_193844_b08d403b - markdown_it.rules_block.heading - DEBUG - heading.heading:13 - entering heading: StateBlock(line=43,level=2,tokens=40), 43, 168, False
2025-12-28 19:38:45 - 20251228_193844_b08d403b - markdown_it.rules_block.lheading - DEBUG - lheading.lheading:10 - entering lheading: StateBlock(line=43,level=2,tokens=40), 43, 168, False
2025-12-28 19:38:45 - 20251228_193844_b08d403b - markdown_it.rules_block.fence - DEBUG - fence.fence:10 - entering fence: StateBlock(line=43,level=2,tokens=40), 44, 168, True
2025-12-28 19:38:45 - 20251228_193844_b08d403b - markdown_it.rules_block.blockquote - DEBUG - blockquote.blockquote:13 - entering blockquote: StateBlock(line=43,level=2,tokens=40), 44, 168, True
2025-12-28 19:38:45 - 20251228_193844_b08d403b - markdown_it.rules_block.hr - DEBUG - hr.hr:14 - entering hr: StateBlock(line=43,level=2,tokens=40), 44, 168, True
2025-12-28 19:38:45 - 20251228_193844_b08d403b - markdown_it.rules_block.list - DEBUG - list.list_block:102 - entering list: StateBlock(line=43,level=2,tokens=40), 44, 168, True
2025-12-28 19:38:45 - 20251228_193844_b08d403b - markdown_it.rules_block.paragraph - DEBUG - paragraph.paragraph:10 - entering paragraph: StateBlock(line=43,level=2,tokens=40), 43, 168, False
2025-12-28 19:38:45 - 20251228_193844_b08d403b - markdown_it.rules_block.fence - DEBUG - fence.fence:10 - entering fence: StateBlock(line=43,level=2,tokens=40), 44, 168, True
2025-12-28 19:38:45 - 20251228_193844_b08d403b - markdown_it.rules_block.blockquote - DEBUG - blockquote.blockquote:13 - entering blockquote: StateBlock(line=43,level=2,tokens=40), 44, 168, True
2025-12-28 19:38:45 - 20251228_193844_b08d403b - markdown_it.rules_block.hr - DEBUG - hr.hr:14 - entering hr: StateBlock(line=43,level=2,tokens=40), 44, 168, True
2025-12-28 19:38:45 - 20251228_193844_b08d403b - markdown_it.rules_block.list - DEBUG - list.list_block:102 - entering list: StateBlock(line=43,level=2,tokens=40), 44, 168, True
2025-12-28 19:38:45 - 20251228_193844_b08d403b - markdown_it.rules_block.fence - DEBUG - fence.fence:10 - entering fence: StateBlock(line=44,level=1,tokens=44), 44, 168, True
2025-12-28 19:38:45 - 20251228_193844_b08d403b - markdown_it.rules_block.blockquote - DEBUG - blockquote.blockquote:13 - entering blockquote: StateBlock(line=44,level=1,tokens=44), 44, 168, True
2025-12-28 19:38:45 - 20251228_193844_b08d403b - markdown_it.rules_block.hr - DEBUG - hr.hr:14 - entering hr: StateBlock(line=44,level=1,tokens=44), 44, 168, True
2025-12-28 19:38:45 - 20251228_193844_b08d403b - markdown_it.rules_block.code - DEBUG - code.code:10 - entering code: StateBlock(line=44,level=2,tokens=45), 44, 168, False
2025-12-28 19:38:45 - 20251228_193844_b08d403b - markdown_it.rules_block.fence - DEBUG - fence.fence:10 - entering fence: StateBlock(line=44,level=2,tokens=45), 44, 168, False
2025-12-28 19:38:45 - 20251228_193844_b08d403b - markdown_it.rules_block.blockquote - DEBUG - blockquote.blockquote:13 - entering blockquote: StateBlock(line=44,level=2,tokens=45), 44, 168, False
2025-12-28 19:38:45 - 20251228_193844_b08d403b - markdown_it.rules_block.hr - DEBUG - hr.hr:14 - entering hr: StateBlock(line=44,level=2,tokens=45), 44, 168, False
2025-12-28 19:38:45 - 20251228_193844_b08d403b - markdown_it.rules_block.list - DEBUG - list.list_block:102 - entering list: StateBlock(line=44,level=2,tokens=45), 44, 168, False
2025-12-28 19:38:45 - 20251228_193844_b08d403b - markdown_it.rules_block.reference - DEBUG - reference.reference:10 - entering reference: StateBlock(line=44,level=2,tokens=45), 44, 168, False
2025-12-28 19:38:45 - 20251228_193844_b08d403b - markdown_it.rules_block.html_block - DEBUG - html_block.html_block:35 - entering html_block: StateBlock(line=44,level=2,tokens=45), 44, 168, False
2025-12-28 19:38:45 - 20251228_193844_b08d403b - markdown_it.rules_block.heading - DEBUG - heading.heading:13 - entering heading: StateBlock(line=44,level=2,tokens=45), 44, 168, False
2025-12-28 19:38:45 - 20251228_193844_b08d403b - markdown_it.rules_block.lheading - DEBUG - lheading.lheading:10 - entering lheading: StateBlock(line=44,level=2,tokens=45), 44, 168, False
2025-12-28 19:38:45 - 20251228_193844_b08d403b - markdown_it.rules_block.fence - DEBUG - fence.fence:10 - entering fence: StateBlock(line=44,level=2,tokens=45), 45, 168, True
2025-12-28 19:38:45 - 20251228_193844_b08d403b - markdown_it.rules_block.blockquote - DEBUG - blockquote.blockquote:13 - entering blockquote: StateBlock(line=44,level=2,tokens=45), 45, 168, True
2025-12-28 19:38:45 - 20251228_193844_b08d403b - markdown_it.rules_block.hr - DEBUG - hr.hr:14 - entering hr: StateBlock(line=44,level=2,tokens=45), 45, 168, True
2025-12-28 19:38:45 - 20251228_193844_b08d403b - markdown_it.rules_block.list - DEBUG - list.list_block:102 - entering list: StateBlock(line=44,level=2,tokens=45), 45, 168, True
2025-12-28 19:38:45 - 20251228_193844_b08d403b - markdown_it.rules_block.paragraph - DEBUG - paragraph.paragraph:10 - entering paragraph: StateBlock(line=44,level=2,tokens=45), 44, 168, False
2025-12-28 19:38:45 - 20251228_193844_b08d403b - markdown_it.rules_block.fence - DEBUG - fence.fence:10 - entering fence: StateBlock(line=44,level=2,tokens=45), 45, 168, True
2025-12-28 19:38:45 - 20251228_193844_b08d403b - markdown_it.rules_block.blockquote - DEBUG - blockquote.blockquote:13 - entering blockquote: StateBlock(line=44,level=2,tokens=45), 45, 168, True
2025-12-28 19:38:45 - 20251228_193844_b08d403b - markdown_it.rules_block.hr - DEBUG - hr.hr:14 - entering hr: StateBlock(line=44,level=2,tokens=45), 45, 168, True
2025-12-28 19:38:45 - 20251228_193844_b08d403b - markdown_it.rules_block.list - DEBUG - list.list_block:102 - entering list: StateBlock(line=44,level=2,tokens=45), 45, 168, True
2025-12-28 19:38:45 - 20251228_193844_b08d403b - markdown_it.rules_block.fence - DEBUG - fence.fence:10 - entering fence: StateBlock(line=45,level=1,tokens=49), 45, 168, True
2025-12-28 19:38:45 - 20251228_193844_b08d403b - markdown_it.rules_block.blockquote - DEBUG - blockquote.blockquote:13 - entering blockquote: StateBlock(line=45,level=1,tokens=49), 45, 168, True
2025-12-28 19:38:45 - 20251228_193844_b08d403b - markdown_it.rules_block.hr - DEBUG - hr.hr:14 - entering hr: StateBlock(line=45,level=1,tokens=49), 45, 168, True
2025-12-28 19:38:45 - 20251228_193844_b08d403b - markdown_it.rules_block.code - DEBUG - code.code:10 - entering code: StateBlock(line=45,level=2,tokens=50), 45, 168, False
2025-12-28 19:38:45 - 20251228_193844_b08d403b - markdown_it.rules_block.fence - DEBUG - fence.fence:10 - entering fence: StateBlock(line=45,level=2,tokens=50), 45, 168, False
2025-12-28 19:38:45 - 20251228_193844_b08d403b - markdown_it.rules_block.blockquote - DEBUG - blockquote.blockquote:13 - entering blockquote: StateBlock(line=45,level=2,tokens=50), 45, 168, False
2025-12-28 19:38:45 - 20251228_193844_b08d403b - markdown_it.rules_block.hr - DEBUG - hr.hr:14 - entering hr: StateBlock(line=45,level=2,tokens=50), 45, 168, False
2025-12-28 19:38:45 - 20251228_193844_b08d403b - markdown_it.rules_block.list - DEBUG - list.list_block:102 - entering list: StateBlock(line=45,level=2,tokens=50), 45, 168, False
2025-12-28 19:38:45 - 20251228_193844_b08d403b - markdown_it.rules_block.reference - DEBUG - reference.reference:10 - entering reference: StateBlock(line=45,level=2,tokens=50), 45, 168, False
2025-12-28 19:38:45 - 20251228_193844_b08d403b - markdown_it.rules_block.html_block - DEBUG - html_block.html_block:35 - entering html_block: StateBlock(line=45,level=2,tokens=50), 45, 168, False
2025-12-28 19:38:45 - 20251228_193844_b08d403b - markdown_it.rules_block.heading - DEBUG - heading.heading:13 - entering heading: StateBlock(line=45,level=2,tokens=50), 45, 168, False
2025-12-28 19:38:45 - 20251228_193844_b08d403b - markdown_it.rules_block.lheading - DEBUG - lheading.lheading:10 - entering lheading: StateBlock(line=45,level=2,tokens=50), 45, 168, False
2025-12-28 19:38:45 - 20251228_193844_b08d403b - markdown_it.rules_block.fence - DEBUG - fence.fence:10 - entering fence: StateBlock(line=45,level=2,tokens=50), 46, 168, True
2025-12-28 19:38:45 - 20251228_193844_b08d403b - markdown_it.rules_block.blockquote - DEBUG - blockquote.blockquote:13 - entering blockquote: StateBlock(line=45,level=2,tokens=50), 46, 168, True
2025-12-28 19:38:45 - 20251228_193844_b08d403b - markdown_it.rules_block.hr - DEBUG - hr.hr:14 - entering hr: StateBlock(line=45,level=2,tokens=50), 46, 168, True
2025-12-28 19:38:45 - 20251228_193844_b08d403b - markdown_it.rules_block.list - DEBUG - list.list_block:102 - entering list: StateBlock(line=45,level=2,tokens=50), 46, 168, True
2025-12-28 19:38:45 - 20251228_193844_b08d403b - markdown_it.rules_block.paragraph - DEBUG - paragraph.paragraph:10 - entering paragraph: StateBlock(line=45,level=2,tokens=50), 45, 168, False
2025-12-28 19:38:45 - 20251228_193844_b08d403b - markdown_it.rules_block.fence - DEBUG - fence.fence:10 - entering fence: StateBlock(line=45,level=2,tokens=50), 46, 168, True
2025-12-28 19:38:45 - 20251228_193844_b08d403b - markdown_it.rules_block.blockquote - DEBUG - blockquote.blockquote:13 - entering blockquote: StateBlock(line=45,level=2,tokens=50), 46, 168, True
2025-12-28 19:38:45 - 20251228_193844_b08d403b - markdown_it.rules_block.hr - DEBUG - hr.hr:14 - entering hr: StateBlock(line=45,level=2,tokens=50), 46, 168, True
2025-12-28 19:38:45 - 20251228_193844_b08d403b - markdown_it.rules_block.list - DEBUG - list.list_block:102 - entering list: StateBlock(line=45,level=2,tokens=50), 46, 168, True
2025-12-28 19:38:45 - 20251228_193844_b08d403b - markdown_it.rules_block.fence - DEBUG - fence.fence:10 - entering fence: StateBlock(line=46,level=1,tokens=54), 46, 168, True
2025-12-28 19:38:45 - 20251228_193844_b08d403b - markdown_it.rules_block.blockquote - DEBUG - blockquote.blockquote:13 - entering blockquote: StateBlock(line=46,level=1,tokens=54), 46, 168, True
2025-12-28 19:38:45 - 20251228_193844_b08d403b - markdown_it.rules_block.hr - DEBUG - hr.hr:14 - entering hr: StateBlock(line=46,level=1,tokens=54), 46, 168, True
2025-12-28 19:38:45 - 20251228_193844_b08d403b - markdown_it.rules_block.code - DEBUG - code.code:10 - entering code: StateBlock(line=46,level=2,tokens=55), 46, 168, False
2025-12-28 19:38:45 - 20251228_193844_b08d403b - markdown_it.rules_block.fence - DEBUG - fence.fence:10 - entering fence: StateBlock(line=46,level=2,tokens=55), 46, 168, False
2025-12-28 19:38:45 - 20251228_193844_b08d403b - markdown_it.rules_block.blockquote - DEBUG - blockquote.blockquote:13 - entering blockquote: StateBlock(line=46,level=2,tokens=55), 46, 168, False
2025-12-28 19:38:45 - 20251228_193844_b08d403b - markdown_it.rules_block.hr - DEBUG - hr.hr:14 - entering hr: StateBlock(line=46,level=2,tokens=55), 46, 168, False
2025-12-28 19:38:45 - 20251228_193844_b08d403b - markdown_it.rules_block.list - DEBUG - list.list_block:102 - entering list: StateBlock(line=46,level=2,tokens=55), 46, 168, False
2025-12-28 19:38:45 - 20251228_193844_b08d403b - markdown_it.rules_block.reference - DEBUG - reference.reference:10 - entering reference: StateBlock(line=46,level=2,tokens=55), 46, 168, False
2025-12-28 19:38:45 - 20251228_193844_b08d403b - markdown_it.rules_block.html_block - DEBUG - html_block.html_block:35 - entering html_block: StateBlock(line=46,level=2,tokens=55), 46, 168, False
2025-12-28 19:38:45 - 20251228_193844_b08d403b - markdown_it.rules_block.heading - DEBUG - heading.heading:13 - entering heading: StateBlock(line=46,level=2,tokens=55), 46, 168, False
2025-12-28 19:38:45 - 20251228_193844_b08d403b - markdown_it.rules_block.lheading - DEBUG - lheading.lheading:10 - entering lheading: StateBlock(line=46,level=2,tokens=55), 46, 168, False
2025-12-28 19:38:45 - 20251228_193844_b08d403b - markdown_it.rules_block.paragraph - DEBUG - paragraph.paragraph:10 - entering paragraph: StateBlock(line=46,level=2,tokens=55), 46, 168, False
2025-12-28 19:38:45 - 20251228_193844_b08d403b - markdown_it.rules_block.fence - DEBUG - fence.fence:10 - entering fence: StateBlock(line=48,level=1,tokens=59), 48, 168, True
2025-12-28 19:38:45 - 20251228_193844_b08d403b - markdown_it.rules_block.blockquote - DEBUG - blockquote.blockquote:13 - entering blockquote: StateBlock(line=48,level=1,tokens=59), 48, 168, True
2025-12-28 19:38:45 - 20251228_193844_b08d403b - markdown_it.rules_block.hr - DEBUG - hr.hr:14 - entering hr: StateBlock(line=48,level=1,tokens=59), 48, 168, True
2025-12-28 19:38:45 - 20251228_193844_b08d403b - markdown_it.rules_block.code - DEBUG - code.code:10 - entering code: StateBlock(line=48,level=0,tokens=60), 48, 168, False
2025-12-28 19:38:45 - 20251228_193844_b08d403b - markdown_it.rules_block.fence - DEBUG - fence.fence:10 - entering fence: StateBlock(line=48,level=0,tokens=60), 48, 168, False
2025-12-28 19:38:45 - 20251228_193844_b08d403b - markdown_it.rules_block.blockquote - DEBUG - blockquote.blockquote:13 - entering blockquote: StateBlock(line=48,level=0,tokens=60), 48, 168, False
2025-12-28 19:38:45 - 20251228_193844_b08d403b - markdown_it.rules_block.hr - DEBUG - hr.hr:14 - entering hr: StateBlock(line=48,level=0,tokens=60), 48, 168, False
2025-12-28 19:38:45 - 20251228_193844_b08d403b - markdown_it.rules_block.list - DEBUG - list.list_block:102 - entering list: StateBlock(line=48,level=0,tokens=60), 48, 168, False
2025-12-28 19:38:45 - 20251228_193844_b08d403b - markdown_it.rules_block.reference - DEBUG - reference.reference:10 - entering reference: StateBlock(line=48,level=0,tokens=60), 48, 168, False
2025-12-28 19:38:45 - 20251228_193844_b08d403b - markdown_it.rules_block.html_block - DEBUG - html_block.html_block:35 - entering html_block: StateBlock(line=48,level=0,tokens=60), 48, 168, False
2025-12-28 19:38:45 - 20251228_193844_b08d403b - markdown_it.rules_block.heading - DEBUG - heading.heading:13 - entering heading: StateBlock(line=48,level=0,tokens=60), 48, 168, False
2025-12-28 19:38:45 - 20251228_193844_b08d403b - markdown_it.rules_block.lheading - DEBUG - lheading.lheading:10 - entering lheading: StateBlock(line=48,level=0,tokens=60), 48, 168, False
2025-12-28 19:38:45 - 20251228_193844_b08d403b - markdown_it.rules_block.paragraph - DEBUG - paragraph.paragraph:10 - entering paragraph: StateBlock(line=48,level=0,tokens=60), 48, 168, False
2025-12-28 19:38:45 - 20251228_193844_b08d403b - markdown_it.rules_block.code - DEBUG - code.code:10 - entering code: StateBlock(line=50,level=0,tokens=63), 50, 168, False
2025-12-28 19:38:45 - 20251228_193844_b08d403b - markdown_it.rules_block.fence - DEBUG - fence.fence:10 - entering fence: StateBlock(line=50,level=0,tokens=63), 50, 168, False
2025-12-28 19:38:45 - 20251228_193844_b08d403b - markdown_it.rules_block.blockquote - DEBUG - blockquote.blockquote:13 - entering blockquote: StateBlock(line=50,level=0,tokens=63), 50, 168, False
2025-12-28 19:38:45 - 20251228_193844_b08d403b - markdown_it.rules_block.hr - DEBUG - hr.hr:14 - entering hr: StateBlock(line=50,level=0,tokens=63), 50, 168, False
2025-12-28 19:38:45 - 20251228_193844_b08d403b - markdown_it.rules_block.code - DEBUG - code.code:10 - entering code: StateBlock(line=52,level=0,tokens=64), 52, 168, False
2025-12-28 19:38:45 - 20251228_193844_b08d403b - markdown_it.rules_block.fence - DEBUG - fence.fence:10 - entering fence: StateBlock(line=52,level=0,tokens=64), 52, 168, False
2025-12-28 19:38:45 - 20251228_193844_b08d403b - markdown_it.rules_block.blockquote - DEBUG - blockquote.blockquote:13 - entering blockquote: StateBlock(line=52,level=0,tokens=64), 52, 168, False
2025-12-28 19:38:45 - 20251228_193844_b08d403b - markdown_it.rules_block.hr - DEBUG - hr.hr:14 - entering hr: StateBlock(line=52,level=0,tokens=64), 52, 168, False
2025-12-28 19:38:45 - 20251228_193844_b08d403b - markdown_it.rules_block.list - DEBUG - list.list_block:102 - entering list: StateBlock(line=52,level=0,tokens=64), 52, 168, False
2025-12-28 19:38:45 - 20251228_193844_b08d403b - markdown_it.rules_block.reference - DEBUG - reference.reference:10 - entering reference: StateBlock(line=52,level=0,tokens=64), 52, 168, False
2025-12-28 19:38:45 - 20251228_193844_b08d403b - markdown_it.rules_block.html_block - DEBUG - html_block.html_block:35 - entering html_block: StateBlock(line=52,level=0,tokens=64), 52, 168, False
2025-12-28 19:38:45 - 20251228_193844_b08d403b - markdown_it.rules_block.heading - DEBUG - heading.heading:13 - entering heading: StateBlock(line=52,level=0,tokens=64), 52, 168, False
2025-12-28 19:38:45 - 20251228_193844_b08d403b - markdown_it.rules_block.code - DEBUG - code.code:10 - entering code: StateBlock(line=54,level=0,tokens=67), 54, 168, False
2025-12-28 19:38:45 - 20251228_193844_b08d403b - markdown_it.rules_block.fence - DEBUG - fence.fence:10 - entering fence: StateBlock(line=54,level=0,tokens=67), 54, 168, False
2025-12-28 19:38:45 - 20251228_193844_b08d403b - markdown_it.rules_block.blockquote - DEBUG - blockquote.blockquote:13 - entering blockquote: StateBlock(line=54,level=0,tokens=67), 54, 168, False
2025-12-28 19:38:45 - 20251228_193844_b08d403b - markdown_it.rules_block.hr - DEBUG - hr.hr:14 - entering hr: StateBlock(line=54,level=0,tokens=67), 54, 168, False
2025-12-28 19:38:45 - 20251228_193844_b08d403b - markdown_it.rules_block.list - DEBUG - list.list_block:102 - entering list: StateBlock(line=54,level=0,tokens=67), 54, 168, False
2025-12-28 19:38:45 - 20251228_193844_b08d403b - markdown_it.rules_block.reference - DEBUG - reference.reference:10 - entering reference: StateBlock(line=54,level=0,tokens=67), 54, 168, False
2025-12-28 19:38:45 - 20251228_193844_b08d403b - markdown_it.rules_block.html_block - DEBUG - html_block.html_block:35 - entering html_block: StateBlock(line=54,level=0,tokens=67), 54, 168, False
2025-12-28 19:38:45 - 20251228_193844_b08d403b - markdown_it.rules_block.heading - DEBUG - heading.heading:13 - entering heading: StateBlock(line=54,level=0,tokens=67), 54, 168, False
2025-12-28 19:38:45 - 20251228_193844_b08d403b - markdown_it.rules_block.code - DEBUG - code.code:10 - entering code: StateBlock(line=55,level=0,tokens=70), 55, 168, False
2025-12-28 19:38:45 - 20251228_193844_b08d403b - markdown_it.rules_block.fence - DEBUG - fence.fence:10 - entering fence: StateBlock(line=55,level=0,tokens=70), 55, 168, False
2025-12-28 19:38:45 - 20251228_193844_b08d403b - markdown_it.rules_block.blockquote - DEBUG - blockquote.blockquote:13 - entering blockquote: StateBlock(line=55,level=0,tokens=70), 55, 168, False
2025-12-28 19:38:45 - 20251228_193844_b08d403b - markdown_it.rules_block.hr - DEBUG - hr.hr:14 - entering hr: StateBlock(line=55,level=0,tokens=70), 55, 168, False
2025-12-28 19:38:45 - 20251228_193844_b08d403b - markdown_it.rules_block.list - DEBUG - list.list_block:102 - entering list: StateBlock(line=55,level=0,tokens=70), 55, 168, False
2025-12-28 19:38:45 - 20251228_193844_b08d403b - markdown_it.rules_block.code - DEBUG - code.code:10 - entering code: StateBlock(line=55,level=2,tokens=72), 55, 168, False
2025-12-28 19:38:45 - 20251228_193844_b08d403b - markdown_it.rules_block.fence - DEBUG - fence.fence:10 - entering fence: StateBlock(line=55,level=2,tokens=72), 55, 168, False
2025-12-28 19:38:45 - 20251228_193844_b08d403b - markdown_it.rules_block.blockquote - DEBUG - blockquote.blockquote:13 - entering blockquote: StateBlock(line=55,level=2,tokens=72), 55, 168, False
2025-12-28 19:38:45 - 20251228_193844_b08d403b - markdown_it.rules_block.hr - DEBUG - hr.hr:14 - entering hr: StateBlock(line=55,level=2,tokens=72), 55, 168, False
2025-12-28 19:38:45 - 20251228_193844_b08d403b - markdown_it.rules_block.list - DEBUG - list.list_block:102 - entering list: StateBlock(line=55,level=2,tokens=72), 55, 168, False
2025-12-28 19:38:45 - 20251228_193844_b08d403b - markdown_it.rules_block.reference - DEBUG - reference.reference:10 - entering reference: StateBlock(line=55,level=2,tokens=72), 55, 168, False
2025-12-28 19:38:45 - 20251228_193844_b08d403b - markdown_it.rules_block.html_block - DEBUG - html_block.html_block:35 - entering html_block: StateBlock(line=55,level=2,tokens=72), 55, 168, False
2025-12-28 19:38:45 - 20251228_193844_b08d403b - markdown_it.rules_block.heading - DEBUG - heading.heading:13 - entering heading: StateBlock(line=55,level=2,tokens=72), 55, 168, False
2025-12-28 19:38:45 - 20251228_193844_b08d403b - markdown_it.rules_block.lheading - DEBUG - lheading.lheading:10 - entering lheading: StateBlock(line=55,level=2,tokens=72), 55, 168, False
2025-12-28 19:38:45 - 20251228_193844_b08d403b - markdown_it.rules_block.paragraph - DEBUG - paragraph.paragraph:10 - entering paragraph: StateBlock(line=55,level=2,tokens=72), 55, 168, False
2025-12-28 19:38:45 - 20251228_193844_b08d403b - markdown_it.rules_block.fence - DEBUG - fence.fence:10 - entering fence: StateBlock(line=57,level=1,tokens=76), 57, 168, True
2025-12-28 19:38:45 - 20251228_193844_b08d403b - markdown_it.rules_block.blockquote - DEBUG - blockquote.blockquote:13 - entering blockquote: StateBlock(line=57,level=1,tokens=76), 57, 168, True
2025-12-28 19:38:45 - 20251228_193844_b08d403b - markdown_it.rules_block.hr - DEBUG - hr.hr:14 - entering hr: StateBlock(line=57,level=1,tokens=76), 57, 168, True
2025-12-28 19:38:45 - 20251228_193844_b08d403b - markdown_it.rules_block.code - DEBUG - code.code:10 - entering code: StateBlock(line=57,level=0,tokens=77), 57, 168, False
2025-12-28 19:38:45 - 20251228_193844_b08d403b - markdown_it.rules_block.fence - DEBUG - fence.fence:10 - entering fence: StateBlock(line=57,level=0,tokens=77), 57, 168, False
2025-12-28 19:38:45 - 20251228_193844_b08d403b - markdown_it.rules_block.blockquote - DEBUG - blockquote.blockquote:13 - entering blockquote: StateBlock(line=57,level=0,tokens=77), 57, 168, False
2025-12-28 19:38:45 - 20251228_193844_b08d403b - markdown_it.rules_block.hr - DEBUG - hr.hr:14 - entering hr: StateBlock(line=57,level=0,tokens=77), 57, 168, False
2025-12-28 19:38:45 - 20251228_193844_b08d403b - markdown_it.rules_block.list - DEBUG - list.list_block:102 - entering list: StateBlock(line=57,level=0,tokens=77), 57, 168, False
2025-12-28 19:38:45 - 20251228_193844_b08d403b - markdown_it.rules_block.reference - DEBUG - reference.reference:10 - entering reference: StateBlock(line=57,level=0,tokens=77), 57, 168, False
2025-12-28 19:38:45 - 20251228_193844_b08d403b - markdown_it.rules_block.html_block - DEBUG - html_block.html_block:35 - entering html_block: StateBlock(line=57,level=0,tokens=77), 57, 168, False
2025-12-28 19:38:45 - 20251228_193844_b08d403b - markdown_it.rules_block.heading - DEBUG - heading.heading:13 - entering heading: StateBlock(line=57,level=0,tokens=77), 57, 168, False
2025-12-28 19:38:45 - 20251228_193844_b08d403b - markdown_it.rules_block.code - DEBUG - code.code:10 - entering code: StateBlock(line=58,level=0,tokens=80), 58, 168, False
2025-12-28 19:38:45 - 20251228_193844_b08d403b - markdown_it.rules_block.fence - DEBUG - fence.fence:10 - entering fence: StateBlock(line=58,level=0,tokens=80), 58, 168, False
2025-12-28 19:38:45 - 20251228_193844_b08d403b - markdown_it.rules_block.blockquote - DEBUG - blockquote.blockquote:13 - entering blockquote: StateBlock(line=58,level=0,tokens=80), 58, 168, False
2025-12-28 19:38:45 - 20251228_193844_b08d403b - markdown_it.rules_block.hr - DEBUG - hr.hr:14 - entering hr: StateBlock(line=58,level=0,tokens=80), 58, 168, False
2025-12-28 19:38:45 - 20251228_193844_b08d403b - markdown_it.rules_block.list - DEBUG - list.list_block:102 - entering list: StateBlock(line=58,level=0,tokens=80), 58, 168, False
2025-12-28 19:38:45 - 20251228_193844_b08d403b - markdown_it.rules_block.code - DEBUG - code.code:10 - entering code: StateBlock(line=58,level=2,tokens=82), 58, 168, False
2025-12-28 19:38:45 - 20251228_193844_b08d403b - markdown_it.rules_block.fence - DEBUG - fence.fence:10 - entering fence: StateBlock(line=58,level=2,tokens=82), 58, 168, False
2025-12-28 19:38:45 - 20251228_193844_b08d403b - markdown_it.rules_block.blockquote - DEBUG - blockquote.blockquote:13 - entering blockquote: StateBlock(line=58,level=2,tokens=82), 58, 168, False
2025-12-28 19:38:45 - 20251228_193844_b08d403b - markdown_it.rules_block.hr - DEBUG - hr.hr:14 - entering hr: StateBlock(line=58,level=2,tokens=82), 58, 168, False
2025-12-28 19:38:45 - 20251228_193844_b08d403b - markdown_it.rules_block.list - DEBUG - list.list_block:102 - entering list: StateBlock(line=58,level=2,tokens=82), 58, 168, False
2025-12-28 19:38:45 - 20251228_193844_b08d403b - markdown_it.rules_block.reference - DEBUG - reference.reference:10 - entering reference: StateBlock(line=58,level=2,tokens=82), 58, 168, False
2025-12-28 19:38:45 - 20251228_193844_b08d403b - markdown_it.rules_block.html_block - DEBUG - html_block.html_block:35 - entering html_block: StateBlock(line=58,level=2,tokens=82), 58, 168, False
2025-12-28 19:38:45 - 20251228_193844_b08d403b - markdown_it.rules_block.heading - DEBUG - heading.heading:13 - entering heading: StateBlock(line=58,level=2,tokens=82), 58, 168, False
2025-12-28 19:38:45 - 20251228_193844_b08d403b - markdown_it.rules_block.lheading - DEBUG - lheading.lheading:10 - entering lheading: StateBlock(line=58,level=2,tokens=82), 58, 168, False
2025-12-28 19:38:45 - 20251228_193844_b08d403b - markdown_it.rules_block.fence - DEBUG - fence.fence:10 - entering fence: StateBlock(line=58,level=2,tokens=82), 59, 168, True
2025-12-28 19:38:45 - 20251228_193844_b08d403b - markdown_it.rules_block.blockquote - DEBUG - blockquote.blockquote:13 - entering blockquote: StateBlock(line=58,level=2,tokens=82), 59, 168, True
2025-12-28 19:38:45 - 20251228_193844_b08d403b - markdown_it.rules_block.hr - DEBUG - hr.hr:14 - entering hr: StateBlock(line=58,level=2,tokens=82), 59, 168, True
2025-12-28 19:38:45 - 20251228_193844_b08d403b - markdown_it.rules_block.list - DEBUG - list.list_block:102 - entering list: StateBlock(line=58,level=2,tokens=82), 59, 168, True
2025-12-28 19:38:45 - 20251228_193844_b08d403b - markdown_it.rules_block.paragraph - DEBUG - paragraph.paragraph:10 - entering paragraph: StateBlock(line=58,level=2,tokens=82), 58, 168, False
2025-12-28 19:38:45 - 20251228_193844_b08d403b - markdown_it.rules_block.fence - DEBUG - fence.fence:10 - entering fence: StateBlock(line=58,level=2,tokens=82), 59, 168, True
2025-12-28 19:38:45 - 20251228_193844_b08d403b - markdown_it.rules_block.blockquote - DEBUG - blockquote.blockquote:13 - entering blockquote: StateBlock(line=58,level=2,tokens=82), 59, 168, True
2025-12-28 19:38:45 - 20251228_193844_b08d403b - markdown_it.rules_block.hr - DEBUG - hr.hr:14 - entering hr: StateBlock(line=58,level=2,tokens=82), 59, 168, True
2025-12-28 19:38:45 - 20251228_193844_b08d403b - markdown_it.rules_block.list - DEBUG - list.list_block:102 - entering list: StateBlock(line=58,level=2,tokens=82), 59, 168, True
2025-12-28 19:38:45 - 20251228_193844_b08d403b - markdown_it.rules_block.fence - DEBUG - fence.fence:10 - entering fence: StateBlock(line=59,level=1,tokens=86), 59, 168, True
2025-12-28 19:38:45 - 20251228_193844_b08d403b - markdown_it.rules_block.blockquote - DEBUG - blockquote.blockquote:13 - entering blockquote: StateBlock(line=59,level=1,tokens=86), 59, 168, True
2025-12-28 19:38:45 - 20251228_193844_b08d403b - markdown_it.rules_block.hr - DEBUG - hr.hr:14 - entering hr: StateBlock(line=59,level=1,tokens=86), 59, 168, True
2025-12-28 19:38:45 - 20251228_193844_b08d403b - markdown_it.rules_block.code - DEBUG - code.code:10 - entering code: StateBlock(line=59,level=2,tokens=87), 59, 168, False
2025-12-28 19:38:45 - 20251228_193844_b08d403b - markdown_it.rules_block.fence - DEBUG - fence.fence:10 - entering fence: StateBlock(line=59,level=2,tokens=87), 59, 168, False
2025-12-28 19:38:45 - 20251228_193844_b08d403b - markdown_it.rules_block.blockquote - DEBUG - blockquote.blockquote:13 - entering blockquote: StateBlock(line=59,level=2,tokens=87), 59, 168, False
2025-12-28 19:38:45 - 20251228_193844_b08d403b - markdown_it.rules_block.hr - DEBUG - hr.hr:14 - entering hr: StateBlock(line=59,level=2,tokens=87), 59, 168, False
2025-12-28 19:38:45 - 20251228_193844_b08d403b - markdown_it.rules_block.list - DEBUG - list.list_block:102 - entering list: StateBlock(line=59,level=2,tokens=87), 59, 168, False
2025-12-28 19:38:45 - 20251228_193844_b08d403b - markdown_it.rules_block.reference - DEBUG - reference.reference:10 - entering reference: StateBlock(line=59,level=2,tokens=87), 59, 168, False
2025-12-28 19:38:45 - 20251228_193844_b08d403b - markdown_it.rules_block.html_block - DEBUG - html_block.html_block:35 - entering html_block: StateBlock(line=59,level=2,tokens=87), 59, 168, False
2025-12-28 19:38:45 - 20251228_193844_b08d403b - markdown_it.rules_block.heading - DEBUG - heading.heading:13 - entering heading: StateBlock(line=59,level=2,tokens=87), 59, 168, False
2025-12-28 19:38:45 - 20251228_193844_b08d403b - markdown_it.rules_block.lheading - DEBUG - lheading.lheading:10 - entering lheading: StateBlock(line=59,level=2,tokens=87), 59, 168, False
2025-12-28 19:38:45 - 20251228_193844_b08d403b - markdown_it.rules_block.paragraph - DEBUG - paragraph.paragraph:10 - entering paragraph: StateBlock(line=59,level=2,tokens=87), 59, 168, False
2025-12-28 19:38:45 - 20251228_193844_b08d403b - markdown_it.rules_block.fence - DEBUG - fence.fence:10 - entering fence: StateBlock(line=61,level=1,tokens=91), 61, 168, True
2025-12-28 19:38:45 - 20251228_193844_b08d403b - markdown_it.rules_block.blockquote - DEBUG - blockquote.blockquote:13 - entering blockquote: StateBlock(line=61,level=1,tokens=91), 61, 168, True
2025-12-28 19:38:45 - 20251228_193844_b08d403b - markdown_it.rules_block.hr - DEBUG - hr.hr:14 - entering hr: StateBlock(line=61,level=1,tokens=91), 61, 168, True
2025-12-28 19:38:45 - 20251228_193844_b08d403b - markdown_it.rules_block.code - DEBUG - code.code:10 - entering code: StateBlock(line=61,level=0,tokens=92), 61, 168, False
2025-12-28 19:38:45 - 20251228_193844_b08d403b - markdown_it.rules_block.fence - DEBUG - fence.fence:10 - entering fence: StateBlock(line=61,level=0,tokens=92), 61, 168, False
2025-12-28 19:38:45 - 20251228_193844_b08d403b - markdown_it.rules_block.blockquote - DEBUG - blockquote.blockquote:13 - entering blockquote: StateBlock(line=61,level=0,tokens=92), 61, 168, False
2025-12-28 19:38:45 - 20251228_193844_b08d403b - markdown_it.rules_block.hr - DEBUG - hr.hr:14 - entering hr: StateBlock(line=61,level=0,tokens=92), 61, 168, False
2025-12-28 19:38:45 - 20251228_193844_b08d403b - markdown_it.rules_block.list - DEBUG - list.list_block:102 - entering list: StateBlock(line=61,level=0,tokens=92), 61, 168, False
2025-12-28 19:38:45 - 20251228_193844_b08d403b - markdown_it.rules_block.reference - DEBUG - reference.reference:10 - entering reference: StateBlock(line=61,level=0,tokens=92), 61, 168, False
2025-12-28 19:38:45 - 20251228_193844_b08d403b - markdown_it.rules_block.html_block - DEBUG - html_block.html_block:35 - entering html_block: StateBlock(line=61,level=0,tokens=92), 61, 168, False
2025-12-28 19:38:45 - 20251228_193844_b08d403b - markdown_it.rules_block.heading - DEBUG - heading.heading:13 - entering heading: StateBlock(line=61,level=0,tokens=92), 61, 168, False
2025-12-28 19:38:45 - 20251228_193844_b08d403b - markdown_it.rules_block.lheading - DEBUG - lheading.lheading:10 - entering lheading: StateBlock(line=61,level=0,tokens=92), 61, 168, False
2025-12-28 19:38:45 - 20251228_193844_b08d403b - markdown_it.rules_block.paragraph - DEBUG - paragraph.paragraph:10 - entering paragraph: StateBlock(line=61,level=0,tokens=92), 61, 168, False
2025-12-28 19:38:45 - 20251228_193844_b08d403b - markdown_it.rules_block.fence - DEBUG - fence.fence:10 - entering fence: StateBlock(line=62,level=1,tokens=106), 64, 168, True
2025-12-28 19:38:45 - 20251228_193844_b08d403b - markdown_it.rules_block.blockquote - DEBUG - blockquote.blockquote:13 - entering blockquote: StateBlock(line=62,level=1,tokens=106), 64, 168, True
2025-12-28 19:38:45 - 20251228_193844_b08d403b - markdown_it.rules_block.hr - DEBUG - hr.hr:14 - entering hr: StateBlock(line=62,level=1,tokens=106), 64, 168, True
2025-12-28 19:38:45 - 20251228_193844_b08d403b - markdown_it.rules_block.list - DEBUG - list.list_block:102 - entering list: StateBlock(line=62,level=1,tokens=106), 64, 168, True
2025-12-28 19:38:45 - 20251228_193844_b08d403b - markdown_it.rules_block.html_block - DEBUG - html_block.html_block:35 - entering html_block: StateBlock(line=62,level=1,tokens=106), 64, 168, True
2025-12-28 19:38:45 - 20251228_193844_b08d403b - markdown_it.rules_block.heading - DEBUG - heading.heading:13 - entering heading: StateBlock(line=62,level=1,tokens=106), 64, 168, True
2025-12-28 19:38:45 - 20251228_193844_b08d403b - markdown_it.rules_block.fence - DEBUG - fence.fence:10 - entering fence: StateBlock(line=62,level=2,tokens=115), 65, 168, True
2025-12-28 19:38:45 - 20251228_193844_b08d403b - markdown_it.rules_block.blockquote - DEBUG - blockquote.blockquote:13 - entering blockquote: StateBlock(line=62,level=2,tokens=115), 65, 168, True
2025-12-28 19:38:45 - 20251228_193844_b08d403b - markdown_it.rules_block.hr - DEBUG - hr.hr:14 - entering hr: StateBlock(line=62,level=2,tokens=115), 65, 168, True
2025-12-28 19:38:45 - 20251228_193844_b08d403b - markdown_it.rules_block.list - DEBUG - list.list_block:102 - entering list: StateBlock(line=62,level=2,tokens=115), 65, 168, True
2025-12-28 19:38:45 - 20251228_193844_b08d403b - markdown_it.rules_block.html_block - DEBUG - html_block.html_block:35 - entering html_block: StateBlock(line=62,level=2,tokens=115), 65, 168, True
2025-12-28 19:38:45 - 20251228_193844_b08d403b - markdown_it.rules_block.heading - DEBUG - heading.heading:13 - entering heading: StateBlock(line=62,level=2,tokens=115), 65, 168, True
2025-12-28 19:38:45 - 20251228_193844_b08d403b - markdown_it.rules_block.fence - DEBUG - fence.fence:10 - entering fence: StateBlock(line=62,level=2,tokens=123), 66, 168, True
2025-12-28 19:38:45 - 20251228_193844_b08d403b - markdown_it.rules_block.blockquote - DEBUG - blockquote.blockquote:13 - entering blockquote: StateBlock(line=62,level=2,tokens=123), 66, 168, True
2025-12-28 19:38:45 - 20251228_193844_b08d403b - markdown_it.rules_block.hr - DEBUG - hr.hr:14 - entering hr: StateBlock(line=62,level=2,tokens=123), 66, 168, True
2025-12-28 19:38:45 - 20251228_193844_b08d403b - markdown_it.rules_block.list - DEBUG - list.list_block:102 - entering list: StateBlock(line=62,level=2,tokens=123), 66, 168, True
2025-12-28 19:38:45 - 20251228_193844_b08d403b - markdown_it.rules_block.html_block - DEBUG - html_block.html_block:35 - entering html_block: StateBlock(line=62,level=2,tokens=123), 66, 168, True
2025-12-28 19:38:45 - 20251228_193844_b08d403b - markdown_it.rules_block.heading - DEBUG - heading.heading:13 - entering heading: StateBlock(line=62,level=2,tokens=123), 66, 168, True
2025-12-28 19:38:45 - 20251228_193844_b08d403b - markdown_it.rules_block.fence - DEBUG - fence.fence:10 - entering fence: StateBlock(line=62,level=2,tokens=131), 67, 168, True
2025-12-28 19:38:45 - 20251228_193844_b08d403b - markdown_it.rules_block.blockquote - DEBUG - blockquote.blockquote:13 - entering blockquote: StateBlock(line=62,level=2,tokens=131), 67, 168, True
2025-12-28 19:38:45 - 20251228_193844_b08d403b - markdown_it.rules_block.hr - DEBUG - hr.hr:14 - entering hr: StateBlock(line=62,level=2,tokens=131), 67, 168, True
2025-12-28 19:38:45 - 20251228_193844_b08d403b - markdown_it.rules_block.list - DEBUG - list.list_block:102 - entering list: StateBlock(line=62,level=2,tokens=131), 67, 168, True
2025-12-28 19:38:45 - 20251228_193844_b08d403b - markdown_it.rules_block.html_block - DEBUG - html_block.html_block:35 - entering html_block: StateBlock(line=62,level=2,tokens=131), 67, 168, True
2025-12-28 19:38:45 - 20251228_193844_b08d403b - markdown_it.rules_block.heading - DEBUG - heading.heading:13 - entering heading: StateBlock(line=62,level=2,tokens=131), 67, 168, True
2025-12-28 19:38:45 - 20251228_193844_b08d403b - markdown_it.rules_block.fence - DEBUG - fence.fence:10 - entering fence: StateBlock(line=62,level=2,tokens=139), 68, 168, True
2025-12-28 19:38:45 - 20251228_193844_b08d403b - markdown_it.rules_block.blockquote - DEBUG - blockquote.blockquote:13 - entering blockquote: StateBlock(line=62,level=2,tokens=139), 68, 168, True
2025-12-28 19:38:45 - 20251228_193844_b08d403b - markdown_it.rules_block.hr - DEBUG - hr.hr:14 - entering hr: StateBlock(line=62,level=2,tokens=139), 68, 168, True
2025-12-28 19:38:45 - 20251228_193844_b08d403b - markdown_it.rules_block.list - DEBUG - list.list_block:102 - entering list: StateBlock(line=62,level=2,tokens=139), 68, 168, True
2025-12-28 19:38:45 - 20251228_193844_b08d403b - markdown_it.rules_block.html_block - DEBUG - html_block.html_block:35 - entering html_block: StateBlock(line=62,level=2,tokens=139), 68, 168, True
2025-12-28 19:38:45 - 20251228_193844_b08d403b - markdown_it.rules_block.heading - DEBUG - heading.heading:13 - entering heading: StateBlock(line=62,level=2,tokens=139), 68, 168, True
2025-12-28 19:38:45 - 20251228_193844_b08d403b - markdown_it.rules_block.code - DEBUG - code.code:10 - entering code: StateBlock(line=69,level=0,tokens=141), 69, 168, False
2025-12-28 19:38:45 - 20251228_193844_b08d403b - markdown_it.rules_block.fence - DEBUG - fence.fence:10 - entering fence: StateBlock(line=69,level=0,tokens=141), 69, 168, False
2025-12-28 19:38:45 - 20251228_193844_b08d403b - markdown_it.rules_block.blockquote - DEBUG - blockquote.blockquote:13 - entering blockquote: StateBlock(line=69,level=0,tokens=141), 69, 168, False
2025-12-28 19:38:45 - 20251228_193844_b08d403b - markdown_it.rules_block.hr - DEBUG - hr.hr:14 - entering hr: StateBlock(line=69,level=0,tokens=141), 69, 168, False
2025-12-28 19:38:45 - 20251228_193844_b08d403b - markdown_it.rules_block.list - DEBUG - list.list_block:102 - entering list: StateBlock(line=69,level=0,tokens=141), 69, 168, False
2025-12-28 19:38:45 - 20251228_193844_b08d403b - markdown_it.rules_block.reference - DEBUG - reference.reference:10 - entering reference: StateBlock(line=69,level=0,tokens=141), 69, 168, False
2025-12-28 19:38:45 - 20251228_193844_b08d403b - markdown_it.rules_block.html_block - DEBUG - html_block.html_block:35 - entering html_block: StateBlock(line=69,level=0,tokens=141), 69, 168, False
2025-12-28 19:38:45 - 20251228_193844_b08d403b - markdown_it.rules_block.heading - DEBUG - heading.heading:13 - entering heading: StateBlock(line=69,level=0,tokens=141), 69, 168, False
2025-12-28 19:38:45 - 20251228_193844_b08d403b - markdown_it.rules_block.code - DEBUG - code.code:10 - entering code: StateBlock(line=70,level=0,tokens=144), 70, 168, False
2025-12-28 19:38:45 - 20251228_193844_b08d403b - markdown_it.rules_block.fence - DEBUG - fence.fence:10 - entering fence: StateBlock(line=70,level=0,tokens=144), 70, 168, False
2025-12-28 19:38:45 - 20251228_193844_b08d403b - markdown_it.rules_block.blockquote - DEBUG - blockquote.blockquote:13 - entering blockquote: StateBlock(line=70,level=0,tokens=144), 70, 168, False
2025-12-28 19:38:45 - 20251228_193844_b08d403b - markdown_it.rules_block.hr - DEBUG - hr.hr:14 - entering hr: StateBlock(line=70,level=0,tokens=144), 70, 168, False
2025-12-28 19:38:45 - 20251228_193844_b08d403b - markdown_it.rules_block.list - DEBUG - list.list_block:102 - entering list: StateBlock(line=70,level=0,tokens=144), 70, 168, False
2025-12-28 19:38:45 - 20251228_193844_b08d403b - markdown_it.rules_block.code - DEBUG - code.code:10 - entering code: StateBlock(line=70,level=2,tokens=146), 70, 168, False
2025-12-28 19:38:45 - 20251228_193844_b08d403b - markdown_it.rules_block.fence - DEBUG - fence.fence:10 - entering fence: StateBlock(line=70,level=2,tokens=146), 70, 168, False
2025-12-28 19:38:45 - 20251228_193844_b08d403b - markdown_it.rules_block.blockquote - DEBUG - blockquote.blockquote:13 - entering blockquote: StateBlock(line=70,level=2,tokens=146), 70, 168, False
2025-12-28 19:38:45 - 20251228_193844_b08d403b - markdown_it.rules_block.hr - DEBUG - hr.hr:14 - entering hr: StateBlock(line=70,level=2,tokens=146), 70, 168, False
2025-12-28 19:38:45 - 20251228_193844_b08d403b - markdown_it.rules_block.list - DEBUG - list.list_block:102 - entering list: StateBlock(line=70,level=2,tokens=146), 70, 168, False
2025-12-28 19:38:45 - 20251228_193844_b08d403b - markdown_it.rules_block.reference - DEBUG - reference.reference:10 - entering reference: StateBlock(line=70,level=2,tokens=146), 70, 168, False
2025-12-28 19:38:45 - 20251228_193844_b08d403b - markdown_it.rules_block.html_block - DEBUG - html_block.html_block:35 - entering html_block: StateBlock(line=70,level=2,tokens=146), 70, 168, False
2025-12-28 19:38:45 - 20251228_193844_b08d403b - markdown_it.rules_block.heading - DEBUG - heading.heading:13 - entering heading: StateBlock(line=70,level=2,tokens=146), 70, 168, False
2025-12-28 19:38:45 - 20251228_193844_b08d403b - markdown_it.rules_block.lheading - DEBUG - lheading.lheading:10 - entering lheading: StateBlock(line=70,level=2,tokens=146), 70, 168, False
2025-12-28 19:38:45 - 20251228_193844_b08d403b - markdown_it.rules_block.fence - DEBUG - fence.fence:10 - entering fence: StateBlock(line=70,level=2,tokens=146), 71, 168, True
2025-12-28 19:38:45 - 20251228_193844_b08d403b - markdown_it.rules_block.blockquote - DEBUG - blockquote.blockquote:13 - entering blockquote: StateBlock(line=70,level=2,tokens=146), 71, 168, True
2025-12-28 19:38:45 - 20251228_193844_b08d403b - markdown_it.rules_block.hr - DEBUG - hr.hr:14 - entering hr: StateBlock(line=70,level=2,tokens=146), 71, 168, True
2025-12-28 19:38:45 - 20251228_193844_b08d403b - markdown_it.rules_block.list - DEBUG - list.list_block:102 - entering list: StateBlock(line=70,level=2,tokens=146), 71, 168, True
2025-12-28 19:38:45 - 20251228_193844_b08d403b - markdown_it.rules_block.paragraph - DEBUG - paragraph.paragraph:10 - entering paragraph: StateBlock(line=70,level=2,tokens=146), 70, 168, False
2025-12-28 19:38:45 - 20251228_193844_b08d403b - markdown_it.rules_block.fence - DEBUG - fence.fence:10 - entering fence: StateBlock(line=70,level=2,tokens=146), 71, 168, True
2025-12-28 19:38:45 - 20251228_193844_b08d403b - markdown_it.rules_block.blockquote - DEBUG - blockquote.blockquote:13 - entering blockquote: StateBlock(line=70,level=2,tokens=146), 71, 168, True
2025-12-28 19:38:45 - 20251228_193844_b08d403b - markdown_it.rules_block.hr - DEBUG - hr.hr:14 - entering hr: StateBlock(line=70,level=2,tokens=146), 71, 168, True
2025-12-28 19:38:45 - 20251228_193844_b08d403b - markdown_it.rules_block.list - DEBUG - list.list_block:102 - entering list: StateBlock(line=70,level=2,tokens=146), 71, 168, True
2025-12-28 19:38:45 - 20251228_193844_b08d403b - markdown_it.rules_block.fence - DEBUG - fence.fence:10 - entering fence: StateBlock(line=71,level=1,tokens=150), 71, 168, True
2025-12-28 19:38:45 - 20251228_193844_b08d403b - markdown_it.rules_block.blockquote - DEBUG - blockquote.blockquote:13 - entering blockquote: StateBlock(line=71,level=1,tokens=150), 71, 168, True
2025-12-28 19:38:45 - 20251228_193844_b08d403b - markdown_it.rules_block.hr - DEBUG - hr.hr:14 - entering hr: StateBlock(line=71,level=1,tokens=150), 71, 168, True
2025-12-28 19:38:45 - 20251228_193844_b08d403b - markdown_it.rules_block.code - DEBUG - code.code:10 - entering code: StateBlock(line=71,level=2,tokens=151), 71, 168, False
2025-12-28 19:38:45 - 20251228_193844_b08d403b - markdown_it.rules_block.fence - DEBUG - fence.fence:10 - entering fence: StateBlock(line=71,level=2,tokens=151), 71, 168, False
2025-12-28 19:38:45 - 20251228_193844_b08d403b - markdown_it.rules_block.blockquote - DEBUG - blockquote.blockquote:13 - entering blockquote: StateBlock(line=71,level=2,tokens=151), 71, 168, False
2025-12-28 19:38:45 - 20251228_193844_b08d403b - markdown_it.rules_block.hr - DEBUG - hr.hr:14 - entering hr: StateBlock(line=71,level=2,tokens=151), 71, 168, False
2025-12-28 19:38:45 - 20251228_193844_b08d403b - markdown_it.rules_block.list - DEBUG - list.list_block:102 - entering list: StateBlock(line=71,level=2,tokens=151), 71, 168, False
2025-12-28 19:38:45 - 20251228_193844_b08d403b - markdown_it.rules_block.reference - DEBUG - reference.reference:10 - entering reference: StateBlock(line=71,level=2,tokens=151), 71, 168, False
2025-12-28 19:38:45 - 20251228_193844_b08d403b - markdown_it.rules_block.html_block - DEBUG - html_block.html_block:35 - entering html_block: StateBlock(line=71,level=2,tokens=151), 71, 168, False
2025-12-28 19:38:45 - 20251228_193844_b08d403b - markdown_it.rules_block.heading - DEBUG - heading.heading:13 - entering heading: StateBlock(line=71,level=2,tokens=151), 71, 168, False
2025-12-28 19:38:45 - 20251228_193844_b08d403b - markdown_it.rules_block.lheading - DEBUG - lheading.lheading:10 - entering lheading: StateBlock(line=71,level=2,tokens=151), 71, 168, False
2025-12-28 19:38:45 - 20251228_193844_b08d403b - markdown_it.rules_block.fence - DEBUG - fence.fence:10 - entering fence: StateBlock(line=71,level=2,tokens=151), 72, 168, True
2025-12-28 19:38:45 - 20251228_193844_b08d403b - markdown_it.rules_block.blockquote - DEBUG - blockquote.blockquote:13 - entering blockquote: StateBlock(line=71,level=2,tokens=151), 72, 168, True
2025-12-28 19:38:45 - 20251228_193844_b08d403b - markdown_it.rules_block.hr - DEBUG - hr.hr:14 - entering hr: StateBlock(line=71,level=2,tokens=151), 72, 168, True
2025-12-28 19:38:45 - 20251228_193844_b08d403b - markdown_it.rules_block.list - DEBUG - list.list_block:102 - entering list: StateBlock(line=71,level=2,tokens=151), 72, 168, True
2025-12-28 19:38:45 - 20251228_193844_b08d403b - markdown_it.rules_block.paragraph - DEBUG - paragraph.paragraph:10 - entering paragraph: StateBlock(line=71,level=2,tokens=151), 71, 168, False
2025-12-28 19:38:45 - 20251228_193844_b08d403b - markdown_it.rules_block.fence - DEBUG - fence.fence:10 - entering fence: StateBlock(line=71,level=2,tokens=151), 72, 168, True
2025-12-28 19:38:45 - 20251228_193844_b08d403b - markdown_it.rules_block.blockquote - DEBUG - blockquote.blockquote:13 - entering blockquote: StateBlock(line=71,level=2,tokens=151), 72, 168, True
2025-12-28 19:38:45 - 20251228_193844_b08d403b - markdown_it.rules_block.hr - DEBUG - hr.hr:14 - entering hr: StateBlock(line=71,level=2,tokens=151), 72, 168, True
2025-12-28 19:38:45 - 20251228_193844_b08d403b - markdown_it.rules_block.list - DEBUG - list.list_block:102 - entering list: StateBlock(line=71,level=2,tokens=151), 72, 168, True
2025-12-28 19:38:45 - 20251228_193844_b08d403b - markdown_it.rules_block.fence - DEBUG - fence.fence:10 - entering fence: StateBlock(line=72,level=1,tokens=155), 72, 168, True
2025-12-28 19:38:45 - 20251228_193844_b08d403b - markdown_it.rules_block.blockquote - DEBUG - blockquote.blockquote:13 - entering blockquote: StateBlock(line=72,level=1,tokens=155), 72, 168, True
2025-12-28 19:38:45 - 20251228_193844_b08d403b - markdown_it.rules_block.hr - DEBUG - hr.hr:14 - entering hr: StateBlock(line=72,level=1,tokens=155), 72, 168, True
2025-12-28 19:38:45 - 20251228_193844_b08d403b - markdown_it.rules_block.code - DEBUG - code.code:10 - entering code: StateBlock(line=72,level=2,tokens=156), 72, 168, False
2025-12-28 19:38:45 - 20251228_193844_b08d403b - markdown_it.rules_block.fence - DEBUG - fence.fence:10 - entering fence: StateBlock(line=72,level=2,tokens=156), 72, 168, False
2025-12-28 19:38:45 - 20251228_193844_b08d403b - markdown_it.rules_block.blockquote - DEBUG - blockquote.blockquote:13 - entering blockquote: StateBlock(line=72,level=2,tokens=156), 72, 168, False
2025-12-28 19:38:45 - 20251228_193844_b08d403b - markdown_it.rules_block.hr - DEBUG - hr.hr:14 - entering hr: StateBlock(line=72,level=2,tokens=156), 72, 168, False
2025-12-28 19:38:45 - 20251228_193844_b08d403b - markdown_it.rules_block.list - DEBUG - list.list_block:102 - entering list: StateBlock(line=72,level=2,tokens=156), 72, 168, False
2025-12-28 19:38:45 - 20251228_193844_b08d403b - markdown_it.rules_block.reference - DEBUG - reference.reference:10 - entering reference: StateBlock(line=72,level=2,tokens=156), 72, 168, False
2025-12-28 19:38:45 - 20251228_193844_b08d403b - markdown_it.rules_block.html_block - DEBUG - html_block.html_block:35 - entering html_block: StateBlock(line=72,level=2,tokens=156), 72, 168, False
2025-12-28 19:38:45 - 20251228_193844_b08d403b - markdown_it.rules_block.heading - DEBUG - heading.heading:13 - entering heading: StateBlock(line=72,level=2,tokens=156), 72, 168, False
2025-12-28 19:38:45 - 20251228_193844_b08d403b - markdown_it.rules_block.lheading - DEBUG - lheading.lheading:10 - entering lheading: StateBlock(line=72,level=2,tokens=156), 72, 168, False
2025-12-28 19:38:45 - 20251228_193844_b08d403b - markdown_it.rules_block.fence - DEBUG - fence.fence:10 - entering fence: StateBlock(line=72,level=2,tokens=156), 73, 168, True
2025-12-28 19:38:45 - 20251228_193844_b08d403b - markdown_it.rules_block.blockquote - DEBUG - blockquote.blockquote:13 - entering blockquote: StateBlock(line=72,level=2,tokens=156), 73, 168, True
2025-12-28 19:38:45 - 20251228_193844_b08d403b - markdown_it.rules_block.hr - DEBUG - hr.hr:14 - entering hr: StateBlock(line=72,level=2,tokens=156), 73, 168, True
2025-12-28 19:38:45 - 20251228_193844_b08d403b - markdown_it.rules_block.list - DEBUG - list.list_block:102 - entering list: StateBlock(line=72,level=2,tokens=156), 73, 168, True
2025-12-28 19:38:45 - 20251228_193844_b08d403b - markdown_it.rules_block.paragraph - DEBUG - paragraph.paragraph:10 - entering paragraph: StateBlock(line=72,level=2,tokens=156), 72, 168, False
2025-12-28 19:38:45 - 20251228_193844_b08d403b - markdown_it.rules_block.fence - DEBUG - fence.fence:10 - entering fence: StateBlock(line=72,level=2,tokens=156), 73, 168, True
2025-12-28 19:38:45 - 20251228_193844_b08d403b - markdown_it.rules_block.blockquote - DEBUG - blockquote.blockquote:13 - entering blockquote: StateBlock(line=72,level=2,tokens=156), 73, 168, True
2025-12-28 19:38:45 - 20251228_193844_b08d403b - markdown_it.rules_block.hr - DEBUG - hr.hr:14 - entering hr: StateBlock(line=72,level=2,tokens=156), 73, 168, True
2025-12-28 19:38:45 - 20251228_193844_b08d403b - markdown_it.rules_block.list - DEBUG - list.list_block:102 - entering list: StateBlock(line=72,level=2,tokens=156), 73, 168, True
2025-12-28 19:38:45 - 20251228_193844_b08d403b - markdown_it.rules_block.fence - DEBUG - fence.fence:10 - entering fence: StateBlock(line=73,level=1,tokens=160), 73, 168, True
2025-12-28 19:38:45 - 20251228_193844_b08d403b - markdown_it.rules_block.blockquote - DEBUG - blockquote.blockquote:13 - entering blockquote: StateBlock(line=73,level=1,tokens=160), 73, 168, True
2025-12-28 19:38:45 - 20251228_193844_b08d403b - markdown_it.rules_block.hr - DEBUG - hr.hr:14 - entering hr: StateBlock(line=73,level=1,tokens=160), 73, 168, True
2025-12-28 19:38:45 - 20251228_193844_b08d403b - markdown_it.rules_block.code - DEBUG - code.code:10 - entering code: StateBlock(line=73,level=2,tokens=161), 73, 168, False
2025-12-28 19:38:45 - 20251228_193844_b08d403b - markdown_it.rules_block.fence - DEBUG - fence.fence:10 - entering fence: StateBlock(line=73,level=2,tokens=161), 73, 168, False
2025-12-28 19:38:45 - 20251228_193844_b08d403b - markdown_it.rules_block.blockquote - DEBUG - blockquote.blockquote:13 - entering blockquote: StateBlock(line=73,level=2,tokens=161), 73, 168, False
2025-12-28 19:38:45 - 20251228_193844_b08d403b - markdown_it.rules_block.hr - DEBUG - hr.hr:14 - entering hr: StateBlock(line=73,level=2,tokens=161), 73, 168, False
2025-12-28 19:38:45 - 20251228_193844_b08d403b - markdown_it.rules_block.list - DEBUG - list.list_block:102 - entering list: StateBlock(line=73,level=2,tokens=161), 73, 168, False
2025-12-28 19:38:45 - 20251228_193844_b08d403b - markdown_it.rules_block.reference - DEBUG - reference.reference:10 - entering reference: StateBlock(line=73,level=2,tokens=161), 73, 168, False
2025-12-28 19:38:45 - 20251228_193844_b08d403b - markdown_it.rules_block.html_block - DEBUG - html_block.html_block:35 - entering html_block: StateBlock(line=73,level=2,tokens=161), 73, 168, False
2025-12-28 19:38:45 - 20251228_193844_b08d403b - markdown_it.rules_block.heading - DEBUG - heading.heading:13 - entering heading: StateBlock(line=73,level=2,tokens=161), 73, 168, False
2025-12-28 19:38:45 - 20251228_193844_b08d403b - markdown_it.rules_block.lheading - DEBUG - lheading.lheading:10 - entering lheading: StateBlock(line=73,level=2,tokens=161), 73, 168, False
2025-12-28 19:38:45 - 20251228_193844_b08d403b - markdown_it.rules_block.fence - DEBUG - fence.fence:10 - entering fence: StateBlock(line=73,level=2,tokens=161), 74, 168, True
2025-12-28 19:38:45 - 20251228_193844_b08d403b - markdown_it.rules_block.blockquote - DEBUG - blockquote.blockquote:13 - entering blockquote: StateBlock(line=73,level=2,tokens=161), 74, 168, True
2025-12-28 19:38:45 - 20251228_193844_b08d403b - markdown_it.rules_block.hr - DEBUG - hr.hr:14 - entering hr: StateBlock(line=73,level=2,tokens=161), 74, 168, True
2025-12-28 19:38:45 - 20251228_193844_b08d403b - markdown_it.rules_block.list - DEBUG - list.list_block:102 - entering list: StateBlock(line=73,level=2,tokens=161), 74, 168, True
2025-12-28 19:38:45 - 20251228_193844_b08d403b - markdown_it.rules_block.paragraph - DEBUG - paragraph.paragraph:10 - entering paragraph: StateBlock(line=73,level=2,tokens=161), 73, 168, False
2025-12-28 19:38:45 - 20251228_193844_b08d403b - markdown_it.rules_block.fence - DEBUG - fence.fence:10 - entering fence: StateBlock(line=73,level=2,tokens=161), 74, 168, True
2025-12-28 19:38:45 - 20251228_193844_b08d403b - markdown_it.rules_block.blockquote - DEBUG - blockquote.blockquote:13 - entering blockquote: StateBlock(line=73,level=2,tokens=161), 74, 168, True
2025-12-28 19:38:45 - 20251228_193844_b08d403b - markdown_it.rules_block.hr - DEBUG - hr.hr:14 - entering hr: StateBlock(line=73,level=2,tokens=161), 74, 168, True
2025-12-28 19:38:45 - 20251228_193844_b08d403b - markdown_it.rules_block.list - DEBUG - list.list_block:102 - entering list: StateBlock(line=73,level=2,tokens=161), 74, 168, True
2025-12-28 19:38:45 - 20251228_193844_b08d403b - markdown_it.rules_block.fence - DEBUG - fence.fence:10 - entering fence: StateBlock(line=74,level=1,tokens=165), 74, 168, True
2025-12-28 19:38:45 - 20251228_193844_b08d403b - markdown_it.rules_block.blockquote - DEBUG - blockquote.blockquote:13 - entering blockquote: StateBlock(line=74,level=1,tokens=165), 74, 168, True
2025-12-28 19:38:45 - 20251228_193844_b08d403b - markdown_it.rules_block.hr - DEBUG - hr.hr:14 - entering hr: StateBlock(line=74,level=1,tokens=165), 74, 168, True
2025-12-28 19:38:45 - 20251228_193844_b08d403b - markdown_it.rules_block.code - DEBUG - code.code:10 - entering code: StateBlock(line=74,level=2,tokens=166), 74, 168, False
2025-12-28 19:38:45 - 20251228_193844_b08d403b - markdown_it.rules_block.fence - DEBUG - fence.fence:10 - entering fence: StateBlock(line=74,level=2,tokens=166), 74, 168, False
2025-12-28 19:38:45 - 20251228_193844_b08d403b - markdown_it.rules_block.blockquote - DEBUG - blockquote.blockquote:13 - entering blockquote: StateBlock(line=74,level=2,tokens=166), 74, 168, False
2025-12-28 19:38:45 - 20251228_193844_b08d403b - markdown_it.rules_block.hr - DEBUG - hr.hr:14 - entering hr: StateBlock(line=74,level=2,tokens=166), 74, 168, False
2025-12-28 19:38:45 - 20251228_193844_b08d403b - markdown_it.rules_block.list - DEBUG - list.list_block:102 - entering list: StateBlock(line=74,level=2,tokens=166), 74, 168, False
2025-12-28 19:38:45 - 20251228_193844_b08d403b - markdown_it.rules_block.reference - DEBUG - reference.reference:10 - entering reference: StateBlock(line=74,level=2,tokens=166), 74, 168, False
2025-12-28 19:38:45 - 20251228_193844_b08d403b - markdown_it.rules_block.html_block - DEBUG - html_block.html_block:35 - entering html_block: StateBlock(line=74,level=2,tokens=166), 74, 168, False
2025-12-28 19:38:45 - 20251228_193844_b08d403b - markdown_it.rules_block.heading - DEBUG - heading.heading:13 - entering heading: StateBlock(line=74,level=2,tokens=166), 74, 168, False
2025-12-28 19:38:45 - 20251228_193844_b08d403b - markdown_it.rules_block.lheading - DEBUG - lheading.lheading:10 - entering lheading: StateBlock(line=74,level=2,tokens=166), 74, 168, False
2025-12-28 19:38:45 - 20251228_193844_b08d403b - markdown_it.rules_block.fence - DEBUG - fence.fence:10 - entering fence: StateBlock(line=74,level=2,tokens=166), 75, 168, True
2025-12-28 19:38:45 - 20251228_193844_b08d403b - markdown_it.rules_block.blockquote - DEBUG - blockquote.blockquote:13 - entering blockquote: StateBlock(line=74,level=2,tokens=166), 75, 168, True
2025-12-28 19:38:45 - 20251228_193844_b08d403b - markdown_it.rules_block.hr - DEBUG - hr.hr:14 - entering hr: StateBlock(line=74,level=2,tokens=166), 75, 168, True
2025-12-28 19:38:45 - 20251228_193844_b08d403b - markdown_it.rules_block.list - DEBUG - list.list_block:102 - entering list: StateBlock(line=74,level=2,tokens=166), 75, 168, True
2025-12-28 19:38:45 - 20251228_193844_b08d403b - markdown_it.rules_block.paragraph - DEBUG - paragraph.paragraph:10 - entering paragraph: StateBlock(line=74,level=2,tokens=166), 74, 168, False
2025-12-28 19:38:45 - 20251228_193844_b08d403b - markdown_it.rules_block.fence - DEBUG - fence.fence:10 - entering fence: StateBlock(line=74,level=2,tokens=166), 75, 168, True
2025-12-28 19:38:45 - 20251228_193844_b08d403b - markdown_it.rules_block.blockquote - DEBUG - blockquote.blockquote:13 - entering blockquote: StateBlock(line=74,level=2,tokens=166), 75, 168, True
2025-12-28 19:38:45 - 20251228_193844_b08d403b - markdown_it.rules_block.hr - DEBUG - hr.hr:14 - entering hr: StateBlock(line=74,level=2,tokens=166), 75, 168, True
2025-12-28 19:38:45 - 20251228_193844_b08d403b - markdown_it.rules_block.list - DEBUG - list.list_block:102 - entering list: StateBlock(line=74,level=2,tokens=166), 75, 168, True
2025-12-28 19:38:45 - 20251228_193844_b08d403b - markdown_it.rules_block.fence - DEBUG - fence.fence:10 - entering fence: StateBlock(line=75,level=1,tokens=170), 75, 168, True
2025-12-28 19:38:45 - 20251228_193844_b08d403b - markdown_it.rules_block.blockquote - DEBUG - blockquote.blockquote:13 - entering blockquote: StateBlock(line=75,level=1,tokens=170), 75, 168, True
2025-12-28 19:38:45 - 20251228_193844_b08d403b - markdown_it.rules_block.hr - DEBUG - hr.hr:14 - entering hr: StateBlock(line=75,level=1,tokens=170), 75, 168, True
2025-12-28 19:38:45 - 20251228_193844_b08d403b - markdown_it.rules_block.code - DEBUG - code.code:10 - entering code: StateBlock(line=75,level=2,tokens=171), 75, 168, False
2025-12-28 19:38:45 - 20251228_193844_b08d403b - markdown_it.rules_block.fence - DEBUG - fence.fence:10 - entering fence: StateBlock(line=75,level=2,tokens=171), 75, 168, False
2025-12-28 19:38:45 - 20251228_193844_b08d403b - markdown_it.rules_block.blockquote - DEBUG - blockquote.blockquote:13 - entering blockquote: StateBlock(line=75,level=2,tokens=171), 75, 168, False
2025-12-28 19:38:45 - 20251228_193844_b08d403b - markdown_it.rules_block.hr - DEBUG - hr.hr:14 - entering hr: StateBlock(line=75,level=2,tokens=171), 75, 168, False
2025-12-28 19:38:45 - 20251228_193844_b08d403b - markdown_it.rules_block.list - DEBUG - list.list_block:102 - entering list: StateBlock(line=75,level=2,tokens=171), 75, 168, False
2025-12-28 19:38:45 - 20251228_193844_b08d403b - markdown_it.rules_block.reference - DEBUG - reference.reference:10 - entering reference: StateBlock(line=75,level=2,tokens=171), 75, 168, False
2025-12-28 19:38:45 - 20251228_193844_b08d403b - markdown_it.rules_block.html_block - DEBUG - html_block.html_block:35 - entering html_block: StateBlock(line=75,level=2,tokens=171), 75, 168, False
2025-12-28 19:38:45 - 20251228_193844_b08d403b - markdown_it.rules_block.heading - DEBUG - heading.heading:13 - entering heading: StateBlock(line=75,level=2,tokens=171), 75, 168, False
2025-12-28 19:38:45 - 20251228_193844_b08d403b - markdown_it.rules_block.lheading - DEBUG - lheading.lheading:10 - entering lheading: StateBlock(line=75,level=2,tokens=171), 75, 168, False
2025-12-28 19:38:45 - 20251228_193844_b08d403b - markdown_it.rules_block.paragraph - DEBUG - paragraph.paragraph:10 - entering paragraph: StateBlock(line=75,level=2,tokens=171), 75, 168, False
2025-12-28 19:38:45 - 20251228_193844_b08d403b - markdown_it.rules_block.fence - DEBUG - fence.fence:10 - entering fence: StateBlock(line=77,level=1,tokens=175), 77, 168, True
2025-12-28 19:38:45 - 20251228_193844_b08d403b - markdown_it.rules_block.blockquote - DEBUG - blockquote.blockquote:13 - entering blockquote: StateBlock(line=77,level=1,tokens=175), 77, 168, True
2025-12-28 19:38:45 - 20251228_193844_b08d403b - markdown_it.rules_block.hr - DEBUG - hr.hr:14 - entering hr: StateBlock(line=77,level=1,tokens=175), 77, 168, True
2025-12-28 19:38:45 - 20251228_193844_b08d403b - markdown_it.rules_block.code - DEBUG - code.code:10 - entering code: StateBlock(line=77,level=0,tokens=176), 77, 168, False
2025-12-28 19:38:45 - 20251228_193844_b08d403b - markdown_it.rules_block.fence - DEBUG - fence.fence:10 - entering fence: StateBlock(line=77,level=0,tokens=176), 77, 168, False
2025-12-28 19:38:45 - 20251228_193844_b08d403b - markdown_it.rules_block.blockquote - DEBUG - blockquote.blockquote:13 - entering blockquote: StateBlock(line=77,level=0,tokens=176), 77, 168, False
2025-12-28 19:38:45 - 20251228_193844_b08d403b - markdown_it.rules_block.hr - DEBUG - hr.hr:14 - entering hr: StateBlock(line=77,level=0,tokens=176), 77, 168, False
2025-12-28 19:38:45 - 20251228_193844_b08d403b - markdown_it.rules_block.list - DEBUG - list.list_block:102 - entering list: StateBlock(line=77,level=0,tokens=176), 77, 168, False
2025-12-28 19:38:45 - 20251228_193844_b08d403b - markdown_it.rules_block.reference - DEBUG - reference.reference:10 - entering reference: StateBlock(line=77,level=0,tokens=176), 77, 168, False
2025-12-28 19:38:45 - 20251228_193844_b08d403b - markdown_it.rules_block.html_block - DEBUG - html_block.html_block:35 - entering html_block: StateBlock(line=77,level=0,tokens=176), 77, 168, False
2025-12-28 19:38:45 - 20251228_193844_b08d403b - markdown_it.rules_block.heading - DEBUG - heading.heading:13 - entering heading: StateBlock(line=77,level=0,tokens=176), 77, 168, False
2025-12-28 19:38:45 - 20251228_193844_b08d403b - markdown_it.rules_block.code - DEBUG - code.code:10 - entering code: StateBlock(line=78,level=0,tokens=179), 78, 168, False
2025-12-28 19:38:45 - 20251228_193844_b08d403b - markdown_it.rules_block.fence - DEBUG - fence.fence:10 - entering fence: StateBlock(line=78,level=0,tokens=179), 78, 168, False
2025-12-28 19:38:45 - 20251228_193844_b08d403b - markdown_it.rules_block.blockquote - DEBUG - blockquote.blockquote:13 - entering blockquote: StateBlock(line=78,level=0,tokens=179), 78, 168, False
2025-12-28 19:38:45 - 20251228_193844_b08d403b - markdown_it.rules_block.hr - DEBUG - hr.hr:14 - entering hr: StateBlock(line=78,level=0,tokens=179), 78, 168, False
2025-12-28 19:38:45 - 20251228_193844_b08d403b - markdown_it.rules_block.list - DEBUG - list.list_block:102 - entering list: StateBlock(line=78,level=0,tokens=179), 78, 168, False
2025-12-28 19:38:45 - 20251228_193844_b08d403b - markdown_it.rules_block.code - DEBUG - code.code:10 - entering code: StateBlock(line=78,level=2,tokens=181), 78, 168, False
2025-12-28 19:38:45 - 20251228_193844_b08d403b - markdown_it.rules_block.fence - DEBUG - fence.fence:10 - entering fence: StateBlock(line=78,level=2,tokens=181), 78, 168, False
2025-12-28 19:38:45 - 20251228_193844_b08d403b - markdown_it.rules_block.blockquote - DEBUG - blockquote.blockquote:13 - entering blockquote: StateBlock(line=78,level=2,tokens=181), 78, 168, False
2025-12-28 19:38:45 - 20251228_193844_b08d403b - markdown_it.rules_block.hr - DEBUG - hr.hr:14 - entering hr: StateBlock(line=78,level=2,tokens=181), 78, 168, False
2025-12-28 19:38:45 - 20251228_193844_b08d403b - markdown_it.rules_block.list - DEBUG - list.list_block:102 - entering list: StateBlock(line=78,level=2,tokens=181), 78, 168, False
2025-12-28 19:38:45 - 20251228_193844_b08d403b - markdown_it.rules_block.reference - DEBUG - reference.reference:10 - entering reference: StateBlock(line=78,level=2,tokens=181), 78, 168, False
2025-12-28 19:38:45 - 20251228_193844_b08d403b - markdown_it.rules_block.html_block - DEBUG - html_block.html_block:35 - entering html_block: StateBlock(line=78,level=2,tokens=181), 78, 168, False
2025-12-28 19:38:45 - 20251228_193844_b08d403b - markdown_it.rules_block.heading - DEBUG - heading.heading:13 - entering heading: StateBlock(line=78,level=2,tokens=181), 78, 168, False
2025-12-28 19:38:45 - 20251228_193844_b08d403b - markdown_it.rules_block.lheading - DEBUG - lheading.lheading:10 - entering lheading: StateBlock(line=78,level=2,tokens=181), 78, 168, False
2025-12-28 19:38:45 - 20251228_193844_b08d403b - markdown_it.rules_block.fence - DEBUG - fence.fence:10 - entering fence: StateBlock(line=78,level=2,tokens=181), 79, 168, True
2025-12-28 19:38:45 - 20251228_193844_b08d403b - markdown_it.rules_block.blockquote - DEBUG - blockquote.blockquote:13 - entering blockquote: StateBlock(line=78,level=2,tokens=181), 79, 168, True
2025-12-28 19:38:45 - 20251228_193844_b08d403b - markdown_it.rules_block.hr - DEBUG - hr.hr:14 - entering hr: StateBlock(line=78,level=2,tokens=181), 79, 168, True
2025-12-28 19:38:45 - 20251228_193844_b08d403b - markdown_it.rules_block.list - DEBUG - list.list_block:102 - entering list: StateBlock(line=78,level=2,tokens=181), 79, 168, True
2025-12-28 19:38:45 - 20251228_193844_b08d403b - markdown_it.rules_block.paragraph - DEBUG - paragraph.paragraph:10 - entering paragraph: StateBlock(line=78,level=2,tokens=181), 78, 168, False
2025-12-28 19:38:45 - 20251228_193844_b08d403b - markdown_it.rules_block.fence - DEBUG - fence.fence:10 - entering fence: StateBlock(line=78,level=2,tokens=181), 79, 168, True
2025-12-28 19:38:45 - 20251228_193844_b08d403b - markdown_it.rules_block.blockquote - DEBUG - blockquote.blockquote:13 - entering blockquote: StateBlock(line=78,level=2,tokens=181), 79, 168, True
2025-12-28 19:38:45 - 20251228_193844_b08d403b - markdown_it.rules_block.hr - DEBUG - hr.hr:14 - entering hr: StateBlock(line=78,level=2,tokens=181), 79, 168, True
2025-12-28 19:38:45 - 20251228_193844_b08d403b - markdown_it.rules_block.list - DEBUG - list.list_block:102 - entering list: StateBlock(line=78,level=2,tokens=181), 79, 168, True
2025-12-28 19:38:45 - 20251228_193844_b08d403b - markdown_it.rules_block.fence - DEBUG - fence.fence:10 - entering fence: StateBlock(line=79,level=1,tokens=185), 79, 168, True
2025-12-28 19:38:45 - 20251228_193844_b08d403b - markdown_it.rules_block.blockquote - DEBUG - blockquote.blockquote:13 - entering blockquote: StateBlock(line=79,level=1,tokens=185), 79, 168, True
2025-12-28 19:38:45 - 20251228_193844_b08d403b - markdown_it.rules_block.hr - DEBUG - hr.hr:14 - entering hr: StateBlock(line=79,level=1,tokens=185), 79, 168, True
2025-12-28 19:38:45 - 20251228_193844_b08d403b - markdown_it.rules_block.code - DEBUG - code.code:10 - entering code: StateBlock(line=79,level=2,tokens=186), 79, 168, False
2025-12-28 19:38:45 - 20251228_193844_b08d403b - markdown_it.rules_block.fence - DEBUG - fence.fence:10 - entering fence: StateBlock(line=79,level=2,tokens=186), 79, 168, False
2025-12-28 19:38:45 - 20251228_193844_b08d403b - markdown_it.rules_block.blockquote - DEBUG - blockquote.blockquote:13 - entering blockquote: StateBlock(line=79,level=2,tokens=186), 79, 168, False
2025-12-28 19:38:45 - 20251228_193844_b08d403b - markdown_it.rules_block.hr - DEBUG - hr.hr:14 - entering hr: StateBlock(line=79,level=2,tokens=186), 79, 168, False
2025-12-28 19:38:45 - 20251228_193844_b08d403b - markdown_it.rules_block.list - DEBUG - list.list_block:102 - entering list: StateBlock(line=79,level=2,tokens=186), 79, 168, False
2025-12-28 19:38:45 - 20251228_193844_b08d403b - markdown_it.rules_block.reference - DEBUG - reference.reference:10 - entering reference: StateBlock(line=79,level=2,tokens=186), 79, 168, False
2025-12-28 19:38:45 - 20251228_193844_b08d403b - markdown_it.rules_block.html_block - DEBUG - html_block.html_block:35 - entering html_block: StateBlock(line=79,level=2,tokens=186), 79, 168, False
2025-12-28 19:38:45 - 20251228_193844_b08d403b - markdown_it.rules_block.heading - DEBUG - heading.heading:13 - entering heading: StateBlock(line=79,level=2,tokens=186), 79, 168, False
2025-12-28 19:38:45 - 20251228_193844_b08d403b - markdown_it.rules_block.lheading - DEBUG - lheading.lheading:10 - entering lheading: StateBlock(line=79,level=2,tokens=186), 79, 168, False
2025-12-28 19:38:45 - 20251228_193844_b08d403b - markdown_it.rules_block.paragraph - DEBUG - paragraph.paragraph:10 - entering paragraph: StateBlock(line=79,level=2,tokens=186), 79, 168, False
2025-12-28 19:38:45 - 20251228_193844_b08d403b - markdown_it.rules_block.fence - DEBUG - fence.fence:10 - entering fence: StateBlock(line=81,level=1,tokens=190), 81, 168, True
2025-12-28 19:38:45 - 20251228_193844_b08d403b - markdown_it.rules_block.blockquote - DEBUG - blockquote.blockquote:13 - entering blockquote: StateBlock(line=81,level=1,tokens=190), 81, 168, True
2025-12-28 19:38:45 - 20251228_193844_b08d403b - markdown_it.rules_block.hr - DEBUG - hr.hr:14 - entering hr: StateBlock(line=81,level=1,tokens=190), 81, 168, True
2025-12-28 19:38:45 - 20251228_193844_b08d403b - markdown_it.rules_block.code - DEBUG - code.code:10 - entering code: StateBlock(line=81,level=0,tokens=191), 81, 168, False
2025-12-28 19:38:45 - 20251228_193844_b08d403b - markdown_it.rules_block.fence - DEBUG - fence.fence:10 - entering fence: StateBlock(line=81,level=0,tokens=191), 81, 168, False
2025-12-28 19:38:45 - 20251228_193844_b08d403b - markdown_it.rules_block.blockquote - DEBUG - blockquote.blockquote:13 - entering blockquote: StateBlock(line=81,level=0,tokens=191), 81, 168, False
2025-12-28 19:38:45 - 20251228_193844_b08d403b - markdown_it.rules_block.hr - DEBUG - hr.hr:14 - entering hr: StateBlock(line=81,level=0,tokens=191), 81, 168, False
2025-12-28 19:38:45 - 20251228_193844_b08d403b - markdown_it.rules_block.list - DEBUG - list.list_block:102 - entering list: StateBlock(line=81,level=0,tokens=191), 81, 168, False
2025-12-28 19:38:45 - 20251228_193844_b08d403b - markdown_it.rules_block.reference - DEBUG - reference.reference:10 - entering reference: StateBlock(line=81,level=0,tokens=191), 81, 168, False
2025-12-28 19:38:45 - 20251228_193844_b08d403b - markdown_it.rules_block.html_block - DEBUG - html_block.html_block:35 - entering html_block: StateBlock(line=81,level=0,tokens=191), 81, 168, False
2025-12-28 19:38:45 - 20251228_193844_b08d403b - markdown_it.rules_block.heading - DEBUG - heading.heading:13 - entering heading: StateBlock(line=81,level=0,tokens=191), 81, 168, False
2025-12-28 19:38:45 - 20251228_193844_b08d403b - markdown_it.rules_block.code - DEBUG - code.code:10 - entering code: StateBlock(line=82,level=0,tokens=194), 82, 168, False
2025-12-28 19:38:45 - 20251228_193844_b08d403b - markdown_it.rules_block.fence - DEBUG - fence.fence:10 - entering fence: StateBlock(line=82,level=0,tokens=194), 82, 168, False
2025-12-28 19:38:45 - 20251228_193844_b08d403b - markdown_it.rules_block.blockquote - DEBUG - blockquote.blockquote:13 - entering blockquote: StateBlock(line=82,level=0,tokens=194), 82, 168, False
2025-12-28 19:38:45 - 20251228_193844_b08d403b - markdown_it.rules_block.hr - DEBUG - hr.hr:14 - entering hr: StateBlock(line=82,level=0,tokens=194), 82, 168, False
2025-12-28 19:38:45 - 20251228_193844_b08d403b - markdown_it.rules_block.list - DEBUG - list.list_block:102 - entering list: StateBlock(line=82,level=0,tokens=194), 82, 168, False
2025-12-28 19:38:45 - 20251228_193844_b08d403b - markdown_it.rules_block.code - DEBUG - code.code:10 - entering code: StateBlock(line=82,level=2,tokens=196), 82, 168, False
2025-12-28 19:38:45 - 20251228_193844_b08d403b - markdown_it.rules_block.fence - DEBUG - fence.fence:10 - entering fence: StateBlock(line=82,level=2,tokens=196), 82, 168, False
2025-12-28 19:38:45 - 20251228_193844_b08d403b - markdown_it.rules_block.blockquote - DEBUG - blockquote.blockquote:13 - entering blockquote: StateBlock(line=82,level=2,tokens=196), 82, 168, False
2025-12-28 19:38:45 - 20251228_193844_b08d403b - markdown_it.rules_block.hr - DEBUG - hr.hr:14 - entering hr: StateBlock(line=82,level=2,tokens=196), 82, 168, False
2025-12-28 19:38:45 - 20251228_193844_b08d403b - markdown_it.rules_block.list - DEBUG - list.list_block:102 - entering list: StateBlock(line=82,level=2,tokens=196), 82, 168, False
2025-12-28 19:38:45 - 20251228_193844_b08d403b - markdown_it.rules_block.reference - DEBUG - reference.reference:10 - entering reference: StateBlock(line=82,level=2,tokens=196), 82, 168, False
2025-12-28 19:38:45 - 20251228_193844_b08d403b - markdown_it.rules_block.html_block - DEBUG - html_block.html_block:35 - entering html_block: StateBlock(line=82,level=2,tokens=196), 82, 168, False
2025-12-28 19:38:45 - 20251228_193844_b08d403b - markdown_it.rules_block.heading - DEBUG - heading.heading:13 - entering heading: StateBlock(line=82,level=2,tokens=196), 82, 168, False
2025-12-28 19:38:45 - 20251228_193844_b08d403b - markdown_it.rules_block.lheading - DEBUG - lheading.lheading:10 - entering lheading: StateBlock(line=82,level=2,tokens=196), 82, 168, False
2025-12-28 19:38:45 - 20251228_193844_b08d403b - markdown_it.rules_block.fence - DEBUG - fence.fence:10 - entering fence: StateBlock(line=82,level=2,tokens=196), 83, 168, True
2025-12-28 19:38:45 - 20251228_193844_b08d403b - markdown_it.rules_block.blockquote - DEBUG - blockquote.blockquote:13 - entering blockquote: StateBlock(line=82,level=2,tokens=196), 83, 168, True
2025-12-28 19:38:45 - 20251228_193844_b08d403b - markdown_it.rules_block.hr - DEBUG - hr.hr:14 - entering hr: StateBlock(line=82,level=2,tokens=196), 83, 168, True
2025-12-28 19:38:45 - 20251228_193844_b08d403b - markdown_it.rules_block.list - DEBUG - list.list_block:102 - entering list: StateBlock(line=82,level=2,tokens=196), 83, 168, True
2025-12-28 19:38:45 - 20251228_193844_b08d403b - markdown_it.rules_block.paragraph - DEBUG - paragraph.paragraph:10 - entering paragraph: StateBlock(line=82,level=2,tokens=196), 82, 168, False
2025-12-28 19:38:45 - 20251228_193844_b08d403b - markdown_it.rules_block.fence - DEBUG - fence.fence:10 - entering fence: StateBlock(line=82,level=2,tokens=196), 83, 168, True
2025-12-28 19:38:45 - 20251228_193844_b08d403b - markdown_it.rules_block.blockquote - DEBUG - blockquote.blockquote:13 - entering blockquote: StateBlock(line=82,level=2,tokens=196), 83, 168, True
2025-12-28 19:38:45 - 20251228_193844_b08d403b - markdown_it.rules_block.hr - DEBUG - hr.hr:14 - entering hr: StateBlock(line=82,level=2,tokens=196), 83, 168, True
2025-12-28 19:38:45 - 20251228_193844_b08d403b - markdown_it.rules_block.list - DEBUG - list.list_block:102 - entering list: StateBlock(line=82,level=2,tokens=196), 83, 168, True
2025-12-28 19:38:45 - 20251228_193844_b08d403b - markdown_it.rules_block.fence - DEBUG - fence.fence:10 - entering fence: StateBlock(line=83,level=1,tokens=200), 83, 168, True
2025-12-28 19:38:45 - 20251228_193844_b08d403b - markdown_it.rules_block.blockquote - DEBUG - blockquote.blockquote:13 - entering blockquote: StateBlock(line=83,level=1,tokens=200), 83, 168, True
2025-12-28 19:38:45 - 20251228_193844_b08d403b - markdown_it.rules_block.hr - DEBUG - hr.hr:14 - entering hr: StateBlock(line=83,level=1,tokens=200), 83, 168, True
2025-12-28 19:38:45 - 20251228_193844_b08d403b - markdown_it.rules_block.code - DEBUG - code.code:10 - entering code: StateBlock(line=83,level=2,tokens=201), 83, 168, False
2025-12-28 19:38:45 - 20251228_193844_b08d403b - markdown_it.rules_block.fence - DEBUG - fence.fence:10 - entering fence: StateBlock(line=83,level=2,tokens=201), 83, 168, False
2025-12-28 19:38:45 - 20251228_193844_b08d403b - markdown_it.rules_block.blockquote - DEBUG - blockquote.blockquote:13 - entering blockquote: StateBlock(line=83,level=2,tokens=201), 83, 168, False
2025-12-28 19:38:45 - 20251228_193844_b08d403b - markdown_it.rules_block.hr - DEBUG - hr.hr:14 - entering hr: StateBlock(line=83,level=2,tokens=201), 83, 168, False
2025-12-28 19:38:45 - 20251228_193844_b08d403b - markdown_it.rules_block.list - DEBUG - list.list_block:102 - entering list: StateBlock(line=83,level=2,tokens=201), 83, 168, False
2025-12-28 19:38:45 - 20251228_193844_b08d403b - markdown_it.rules_block.reference - DEBUG - reference.reference:10 - entering reference: StateBlock(line=83,level=2,tokens=201), 83, 168, False
2025-12-28 19:38:45 - 20251228_193844_b08d403b - markdown_it.rules_block.html_block - DEBUG - html_block.html_block:35 - entering html_block: StateBlock(line=83,level=2,tokens=201), 83, 168, False
2025-12-28 19:38:45 - 20251228_193844_b08d403b - markdown_it.rules_block.heading - DEBUG - heading.heading:13 - entering heading: StateBlock(line=83,level=2,tokens=201), 83, 168, False
2025-12-28 19:38:45 - 20251228_193844_b08d403b - markdown_it.rules_block.lheading - DEBUG - lheading.lheading:10 - entering lheading: StateBlock(line=83,level=2,tokens=201), 83, 168, False
2025-12-28 19:38:45 - 20251228_193844_b08d403b - markdown_it.rules_block.fence - DEBUG - fence.fence:10 - entering fence: StateBlock(line=83,level=2,tokens=201), 84, 168, True
2025-12-28 19:38:45 - 20251228_193844_b08d403b - markdown_it.rules_block.blockquote - DEBUG - blockquote.blockquote:13 - entering blockquote: StateBlock(line=83,level=2,tokens=201), 84, 168, True
2025-12-28 19:38:45 - 20251228_193844_b08d403b - markdown_it.rules_block.hr - DEBUG - hr.hr:14 - entering hr: StateBlock(line=83,level=2,tokens=201), 84, 168, True
2025-12-28 19:38:45 - 20251228_193844_b08d403b - markdown_it.rules_block.list - DEBUG - list.list_block:102 - entering list: StateBlock(line=83,level=2,tokens=201), 84, 168, True
2025-12-28 19:38:45 - 20251228_193844_b08d403b - markdown_it.rules_block.paragraph - DEBUG - paragraph.paragraph:10 - entering paragraph: StateBlock(line=83,level=2,tokens=201), 83, 168, False
2025-12-28 19:38:45 - 20251228_193844_b08d403b - markdown_it.rules_block.fence - DEBUG - fence.fence:10 - entering fence: StateBlock(line=83,level=2,tokens=201), 84, 168, True
2025-12-28 19:38:45 - 20251228_193844_b08d403b - markdown_it.rules_block.blockquote - DEBUG - blockquote.blockquote:13 - entering blockquote: StateBlock(line=83,level=2,tokens=201), 84, 168, True
2025-12-28 19:38:45 - 20251228_193844_b08d403b - markdown_it.rules_block.hr - DEBUG - hr.hr:14 - entering hr: StateBlock(line=83,level=2,tokens=201), 84, 168, True
2025-12-28 19:38:45 - 20251228_193844_b08d403b - markdown_it.rules_block.list - DEBUG - list.list_block:102 - entering list: StateBlock(line=83,level=2,tokens=201), 84, 168, True
2025-12-28 19:38:45 - 20251228_193844_b08d403b - markdown_it.rules_block.fence - DEBUG - fence.fence:10 - entering fence: StateBlock(line=84,level=1,tokens=205), 84, 168, True
2025-12-28 19:38:45 - 20251228_193844_b08d403b - markdown_it.rules_block.blockquote - DEBUG - blockquote.blockquote:13 - entering blockquote: StateBlock(line=84,level=1,tokens=205), 84, 168, True
2025-12-28 19:38:45 - 20251228_193844_b08d403b - markdown_it.rules_block.hr - DEBUG - hr.hr:14 - entering hr: StateBlock(line=84,level=1,tokens=205), 84, 168, True
2025-12-28 19:38:45 - 20251228_193844_b08d403b - markdown_it.rules_block.code - DEBUG - code.code:10 - entering code: StateBlock(line=84,level=2,tokens=206), 84, 168, False
2025-12-28 19:38:45 - 20251228_193844_b08d403b - markdown_it.rules_block.fence - DEBUG - fence.fence:10 - entering fence: StateBlock(line=84,level=2,tokens=206), 84, 168, False
2025-12-28 19:38:45 - 20251228_193844_b08d403b - markdown_it.rules_block.blockquote - DEBUG - blockquote.blockquote:13 - entering blockquote: StateBlock(line=84,level=2,tokens=206), 84, 168, False
2025-12-28 19:38:45 - 20251228_193844_b08d403b - markdown_it.rules_block.hr - DEBUG - hr.hr:14 - entering hr: StateBlock(line=84,level=2,tokens=206), 84, 168, False
2025-12-28 19:38:45 - 20251228_193844_b08d403b - markdown_it.rules_block.list - DEBUG - list.list_block:102 - entering list: StateBlock(line=84,level=2,tokens=206), 84, 168, False
2025-12-28 19:38:45 - 20251228_193844_b08d403b - markdown_it.rules_block.reference - DEBUG - reference.reference:10 - entering reference: StateBlock(line=84,level=2,tokens=206), 84, 168, False
2025-12-28 19:38:45 - 20251228_193844_b08d403b - markdown_it.rules_block.html_block - DEBUG - html_block.html_block:35 - entering html_block: StateBlock(line=84,level=2,tokens=206), 84, 168, False
2025-12-28 19:38:45 - 20251228_193844_b08d403b - markdown_it.rules_block.heading - DEBUG - heading.heading:13 - entering heading: StateBlock(line=84,level=2,tokens=206), 84, 168, False
2025-12-28 19:38:45 - 20251228_193844_b08d403b - markdown_it.rules_block.lheading - DEBUG - lheading.lheading:10 - entering lheading: StateBlock(line=84,level=2,tokens=206), 84, 168, False
2025-12-28 19:38:45 - 20251228_193844_b08d403b - markdown_it.rules_block.paragraph - DEBUG - paragraph.paragraph:10 - entering paragraph: StateBlock(line=84,level=2,tokens=206), 84, 168, False
2025-12-28 19:38:45 - 20251228_193844_b08d403b - markdown_it.rules_block.fence - DEBUG - fence.fence:10 - entering fence: StateBlock(line=86,level=1,tokens=210), 86, 168, True
2025-12-28 19:38:45 - 20251228_193844_b08d403b - markdown_it.rules_block.blockquote - DEBUG - blockquote.blockquote:13 - entering blockquote: StateBlock(line=86,level=1,tokens=210), 86, 168, True
2025-12-28 19:38:45 - 20251228_193844_b08d403b - markdown_it.rules_block.hr - DEBUG - hr.hr:14 - entering hr: StateBlock(line=86,level=1,tokens=210), 86, 168, True
2025-12-28 19:38:45 - 20251228_193844_b08d403b - markdown_it.rules_block.code - DEBUG - code.code:10 - entering code: StateBlock(line=86,level=0,tokens=211), 86, 168, False
2025-12-28 19:38:45 - 20251228_193844_b08d403b - markdown_it.rules_block.fence - DEBUG - fence.fence:10 - entering fence: StateBlock(line=86,level=0,tokens=211), 86, 168, False
2025-12-28 19:38:45 - 20251228_193844_b08d403b - markdown_it.rules_block.blockquote - DEBUG - blockquote.blockquote:13 - entering blockquote: StateBlock(line=86,level=0,tokens=211), 86, 168, False
2025-12-28 19:38:45 - 20251228_193844_b08d403b - markdown_it.rules_block.hr - DEBUG - hr.hr:14 - entering hr: StateBlock(line=86,level=0,tokens=211), 86, 168, False
2025-12-28 19:38:45 - 20251228_193844_b08d403b - markdown_it.rules_block.list - DEBUG - list.list_block:102 - entering list: StateBlock(line=86,level=0,tokens=211), 86, 168, False
2025-12-28 19:38:45 - 20251228_193844_b08d403b - markdown_it.rules_block.reference - DEBUG - reference.reference:10 - entering reference: StateBlock(line=86,level=0,tokens=211), 86, 168, False
2025-12-28 19:38:45 - 20251228_193844_b08d403b - markdown_it.rules_block.html_block - DEBUG - html_block.html_block:35 - entering html_block: StateBlock(line=86,level=0,tokens=211), 86, 168, False
2025-12-28 19:38:45 - 20251228_193844_b08d403b - markdown_it.rules_block.heading - DEBUG - heading.heading:13 - entering heading: StateBlock(line=86,level=0,tokens=211), 86, 168, False
2025-12-28 19:38:45 - 20251228_193844_b08d403b - markdown_it.rules_block.code - DEBUG - code.code:10 - entering code: StateBlock(line=87,level=0,tokens=214), 87, 168, False
2025-12-28 19:38:45 - 20251228_193844_b08d403b - markdown_it.rules_block.fence - DEBUG - fence.fence:10 - entering fence: StateBlock(line=87,level=0,tokens=214), 87, 168, False
2025-12-28 19:38:45 - 20251228_193844_b08d403b - markdown_it.rules_block.blockquote - DEBUG - blockquote.blockquote:13 - entering blockquote: StateBlock(line=87,level=0,tokens=214), 87, 168, False
2025-12-28 19:38:45 - 20251228_193844_b08d403b - markdown_it.rules_block.hr - DEBUG - hr.hr:14 - entering hr: StateBlock(line=87,level=0,tokens=214), 87, 168, False
2025-12-28 19:38:45 - 20251228_193844_b08d403b - markdown_it.rules_block.list - DEBUG - list.list_block:102 - entering list: StateBlock(line=87,level=0,tokens=214), 87, 168, False
2025-12-28 19:38:45 - 20251228_193844_b08d403b - markdown_it.rules_block.code - DEBUG - code.code:10 - entering code: StateBlock(line=87,level=2,tokens=216), 87, 168, False
2025-12-28 19:38:45 - 20251228_193844_b08d403b - markdown_it.rules_block.fence - DEBUG - fence.fence:10 - entering fence: StateBlock(line=87,level=2,tokens=216), 87, 168, False
2025-12-28 19:38:45 - 20251228_193844_b08d403b - markdown_it.rules_block.blockquote - DEBUG - blockquote.blockquote:13 - entering blockquote: StateBlock(line=87,level=2,tokens=216), 87, 168, False
2025-12-28 19:38:45 - 20251228_193844_b08d403b - markdown_it.rules_block.hr - DEBUG - hr.hr:14 - entering hr: StateBlock(line=87,level=2,tokens=216), 87, 168, False
2025-12-28 19:38:45 - 20251228_193844_b08d403b - markdown_it.rules_block.list - DEBUG - list.list_block:102 - entering list: StateBlock(line=87,level=2,tokens=216), 87, 168, False
2025-12-28 19:38:45 - 20251228_193844_b08d403b - markdown_it.rules_block.reference - DEBUG - reference.reference:10 - entering reference: StateBlock(line=87,level=2,tokens=216), 87, 168, False
2025-12-28 19:38:45 - 20251228_193844_b08d403b - markdown_it.rules_block.html_block - DEBUG - html_block.html_block:35 - entering html_block: StateBlock(line=87,level=2,tokens=216), 87, 168, False
2025-12-28 19:38:45 - 20251228_193844_b08d403b - markdown_it.rules_block.heading - DEBUG - heading.heading:13 - entering heading: StateBlock(line=87,level=2,tokens=216), 87, 168, False
2025-12-28 19:38:45 - 20251228_193844_b08d403b - markdown_it.rules_block.lheading - DEBUG - lheading.lheading:10 - entering lheading: StateBlock(line=87,level=2,tokens=216), 87, 168, False
2025-12-28 19:38:45 - 20251228_193844_b08d403b - markdown_it.rules_block.paragraph - DEBUG - paragraph.paragraph:10 - entering paragraph: StateBlock(line=87,level=2,tokens=216), 87, 168, False
2025-12-28 19:38:45 - 20251228_193844_b08d403b - markdown_it.rules_block.fence - DEBUG - fence.fence:10 - entering fence: StateBlock(line=89,level=1,tokens=220), 89, 168, True
2025-12-28 19:38:45 - 20251228_193844_b08d403b - markdown_it.rules_block.blockquote - DEBUG - blockquote.blockquote:13 - entering blockquote: StateBlock(line=89,level=1,tokens=220), 89, 168, True
2025-12-28 19:38:45 - 20251228_193844_b08d403b - markdown_it.rules_block.hr - DEBUG - hr.hr:14 - entering hr: StateBlock(line=89,level=1,tokens=220), 89, 168, True
2025-12-28 19:38:45 - 20251228_193844_b08d403b - markdown_it.rules_block.code - DEBUG - code.code:10 - entering code: StateBlock(line=89,level=0,tokens=221), 89, 168, False
2025-12-28 19:38:45 - 20251228_193844_b08d403b - markdown_it.rules_block.fence - DEBUG - fence.fence:10 - entering fence: StateBlock(line=89,level=0,tokens=221), 89, 168, False
2025-12-28 19:38:45 - 20251228_193844_b08d403b - markdown_it.rules_block.blockquote - DEBUG - blockquote.blockquote:13 - entering blockquote: StateBlock(line=89,level=0,tokens=221), 89, 168, False
2025-12-28 19:38:45 - 20251228_193844_b08d403b - markdown_it.rules_block.hr - DEBUG - hr.hr:14 - entering hr: StateBlock(line=89,level=0,tokens=221), 89, 168, False
2025-12-28 19:38:45 - 20251228_193844_b08d403b - markdown_it.rules_block.list - DEBUG - list.list_block:102 - entering list: StateBlock(line=89,level=0,tokens=221), 89, 168, False
2025-12-28 19:38:45 - 20251228_193844_b08d403b - markdown_it.rules_block.reference - DEBUG - reference.reference:10 - entering reference: StateBlock(line=89,level=0,tokens=221), 89, 168, False
2025-12-28 19:38:45 - 20251228_193844_b08d403b - markdown_it.rules_block.html_block - DEBUG - html_block.html_block:35 - entering html_block: StateBlock(line=89,level=0,tokens=221), 89, 168, False
2025-12-28 19:38:45 - 20251228_193844_b08d403b - markdown_it.rules_block.heading - DEBUG - heading.heading:13 - entering heading: StateBlock(line=89,level=0,tokens=221), 89, 168, False
2025-12-28 19:38:45 - 20251228_193844_b08d403b - markdown_it.rules_block.code - DEBUG - code.code:10 - entering code: StateBlock(line=90,level=0,tokens=224), 90, 168, False
2025-12-28 19:38:45 - 20251228_193844_b08d403b - markdown_it.rules_block.fence - DEBUG - fence.fence:10 - entering fence: StateBlock(line=90,level=0,tokens=224), 90, 168, False
2025-12-28 19:38:45 - 20251228_193844_b08d403b - markdown_it.rules_block.blockquote - DEBUG - blockquote.blockquote:13 - entering blockquote: StateBlock(line=90,level=0,tokens=224), 90, 168, False
2025-12-28 19:38:45 - 20251228_193844_b08d403b - markdown_it.rules_block.hr - DEBUG - hr.hr:14 - entering hr: StateBlock(line=90,level=0,tokens=224), 90, 168, False
2025-12-28 19:38:45 - 20251228_193844_b08d403b - markdown_it.rules_block.list - DEBUG - list.list_block:102 - entering list: StateBlock(line=90,level=0,tokens=224), 90, 168, False
2025-12-28 19:38:45 - 20251228_193844_b08d403b - markdown_it.rules_block.code - DEBUG - code.code:10 - entering code: StateBlock(line=90,level=2,tokens=226), 90, 168, False
2025-12-28 19:38:45 - 20251228_193844_b08d403b - markdown_it.rules_block.fence - DEBUG - fence.fence:10 - entering fence: StateBlock(line=90,level=2,tokens=226), 90, 168, False
2025-12-28 19:38:45 - 20251228_193844_b08d403b - markdown_it.rules_block.blockquote - DEBUG - blockquote.blockquote:13 - entering blockquote: StateBlock(line=90,level=2,tokens=226), 90, 168, False
2025-12-28 19:38:45 - 20251228_193844_b08d403b - markdown_it.rules_block.hr - DEBUG - hr.hr:14 - entering hr: StateBlock(line=90,level=2,tokens=226), 90, 168, False
2025-12-28 19:38:45 - 20251228_193844_b08d403b - markdown_it.rules_block.list - DEBUG - list.list_block:102 - entering list: StateBlock(line=90,level=2,tokens=226), 90, 168, False
2025-12-28 19:38:45 - 20251228_193844_b08d403b - markdown_it.rules_block.reference - DEBUG - reference.reference:10 - entering reference: StateBlock(line=90,level=2,tokens=226), 90, 168, False
2025-12-28 19:38:45 - 20251228_193844_b08d403b - markdown_it.rules_block.html_block - DEBUG - html_block.html_block:35 - entering html_block: StateBlock(line=90,level=2,tokens=226), 90, 168, False
2025-12-28 19:38:45 - 20251228_193844_b08d403b - markdown_it.rules_block.heading - DEBUG - heading.heading:13 - entering heading: StateBlock(line=90,level=2,tokens=226), 90, 168, False
2025-12-28 19:38:45 - 20251228_193844_b08d403b - markdown_it.rules_block.lheading - DEBUG - lheading.lheading:10 - entering lheading: StateBlock(line=90,level=2,tokens=226), 90, 168, False
2025-12-28 19:38:45 - 20251228_193844_b08d403b - markdown_it.rules_block.paragraph - DEBUG - paragraph.paragraph:10 - entering paragraph: StateBlock(line=90,level=2,tokens=226), 90, 168, False
2025-12-28 19:38:45 - 20251228_193844_b08d403b - markdown_it.rules_block.fence - DEBUG - fence.fence:10 - entering fence: StateBlock(line=92,level=1,tokens=230), 92, 168, True
2025-12-28 19:38:45 - 20251228_193844_b08d403b - markdown_it.rules_block.blockquote - DEBUG - blockquote.blockquote:13 - entering blockquote: StateBlock(line=92,level=1,tokens=230), 92, 168, True
2025-12-28 19:38:45 - 20251228_193844_b08d403b - markdown_it.rules_block.hr - DEBUG - hr.hr:14 - entering hr: StateBlock(line=92,level=1,tokens=230), 92, 168, True
2025-12-28 19:38:45 - 20251228_193844_b08d403b - markdown_it.rules_block.code - DEBUG - code.code:10 - entering code: StateBlock(line=92,level=0,tokens=231), 92, 168, False
2025-12-28 19:38:45 - 20251228_193844_b08d403b - markdown_it.rules_block.fence - DEBUG - fence.fence:10 - entering fence: StateBlock(line=92,level=0,tokens=231), 92, 168, False
2025-12-28 19:38:45 - 20251228_193844_b08d403b - markdown_it.rules_block.blockquote - DEBUG - blockquote.blockquote:13 - entering blockquote: StateBlock(line=92,level=0,tokens=231), 92, 168, False
2025-12-28 19:38:45 - 20251228_193844_b08d403b - markdown_it.rules_block.hr - DEBUG - hr.hr:14 - entering hr: StateBlock(line=92,level=0,tokens=231), 92, 168, False
2025-12-28 19:38:45 - 20251228_193844_b08d403b - markdown_it.rules_block.list - DEBUG - list.list_block:102 - entering list: StateBlock(line=92,level=0,tokens=231), 92, 168, False
2025-12-28 19:38:45 - 20251228_193844_b08d403b - markdown_it.rules_block.reference - DEBUG - reference.reference:10 - entering reference: StateBlock(line=92,level=0,tokens=231), 92, 168, False
2025-12-28 19:38:45 - 20251228_193844_b08d403b - markdown_it.rules_block.html_block - DEBUG - html_block.html_block:35 - entering html_block: StateBlock(line=92,level=0,tokens=231), 92, 168, False
2025-12-28 19:38:45 - 20251228_193844_b08d403b - markdown_it.rules_block.heading - DEBUG - heading.heading:13 - entering heading: StateBlock(line=92,level=0,tokens=231), 92, 168, False
2025-12-28 19:38:45 - 20251228_193844_b08d403b - markdown_it.rules_block.code - DEBUG - code.code:10 - entering code: StateBlock(line=93,level=0,tokens=234), 93, 168, False
2025-12-28 19:38:45 - 20251228_193844_b08d403b - markdown_it.rules_block.fence - DEBUG - fence.fence:10 - entering fence: StateBlock(line=93,level=0,tokens=234), 93, 168, False
2025-12-28 19:38:45 - 20251228_193844_b08d403b - markdown_it.rules_block.blockquote - DEBUG - blockquote.blockquote:13 - entering blockquote: StateBlock(line=93,level=0,tokens=234), 93, 168, False
2025-12-28 19:38:45 - 20251228_193844_b08d403b - markdown_it.rules_block.hr - DEBUG - hr.hr:14 - entering hr: StateBlock(line=93,level=0,tokens=234), 93, 168, False
2025-12-28 19:38:45 - 20251228_193844_b08d403b - markdown_it.rules_block.list - DEBUG - list.list_block:102 - entering list: StateBlock(line=93,level=0,tokens=234), 93, 168, False
2025-12-28 19:38:45 - 20251228_193844_b08d403b - markdown_it.rules_block.code - DEBUG - code.code:10 - entering code: StateBlock(line=93,level=2,tokens=236), 93, 168, False
2025-12-28 19:38:45 - 20251228_193844_b08d403b - markdown_it.rules_block.fence - DEBUG - fence.fence:10 - entering fence: StateBlock(line=93,level=2,tokens=236), 93, 168, False
2025-12-28 19:38:45 - 20251228_193844_b08d403b - markdown_it.rules_block.blockquote - DEBUG - blockquote.blockquote:13 - entering blockquote: StateBlock(line=93,level=2,tokens=236), 93, 168, False
2025-12-28 19:38:45 - 20251228_193844_b08d403b - markdown_it.rules_block.hr - DEBUG - hr.hr:14 - entering hr: StateBlock(line=93,level=2,tokens=236), 93, 168, False
2025-12-28 19:38:45 - 20251228_193844_b08d403b - markdown_it.rules_block.list - DEBUG - list.list_block:102 - entering list: StateBlock(line=93,level=2,tokens=236), 93, 168, False
2025-12-28 19:38:45 - 20251228_193844_b08d403b - markdown_it.rules_block.reference - DEBUG - reference.reference:10 - entering reference: StateBlock(line=93,level=2,tokens=236), 93, 168, False
2025-12-28 19:38:45 - 20251228_193844_b08d403b - markdown_it.rules_block.html_block - DEBUG - html_block.html_block:35 - entering html_block: StateBlock(line=93,level=2,tokens=236), 93, 168, False
2025-12-28 19:38:45 - 20251228_193844_b08d403b - markdown_it.rules_block.heading - DEBUG - heading.heading:13 - entering heading: StateBlock(line=93,level=2,tokens=236), 93, 168, False
2025-12-28 19:38:45 - 20251228_193844_b08d403b - markdown_it.rules_block.lheading - DEBUG - lheading.lheading:10 - entering lheading: StateBlock(line=93,level=2,tokens=236), 93, 168, False
2025-12-28 19:38:45 - 20251228_193844_b08d403b - markdown_it.rules_block.fence - DEBUG - fence.fence:10 - entering fence: StateBlock(line=93,level=2,tokens=236), 94, 168, True
2025-12-28 19:38:45 - 20251228_193844_b08d403b - markdown_it.rules_block.blockquote - DEBUG - blockquote.blockquote:13 - entering blockquote: StateBlock(line=93,level=2,tokens=236), 94, 168, True
2025-12-28 19:38:45 - 20251228_193844_b08d403b - markdown_it.rules_block.hr - DEBUG - hr.hr:14 - entering hr: StateBlock(line=93,level=2,tokens=236), 94, 168, True
2025-12-28 19:38:45 - 20251228_193844_b08d403b - markdown_it.rules_block.list - DEBUG - list.list_block:102 - entering list: StateBlock(line=93,level=2,tokens=236), 94, 168, True
2025-12-28 19:38:45 - 20251228_193844_b08d403b - markdown_it.rules_block.paragraph - DEBUG - paragraph.paragraph:10 - entering paragraph: StateBlock(line=93,level=2,tokens=236), 93, 168, False
2025-12-28 19:38:45 - 20251228_193844_b08d403b - markdown_it.rules_block.fence - DEBUG - fence.fence:10 - entering fence: StateBlock(line=93,level=2,tokens=236), 94, 168, True
2025-12-28 19:38:45 - 20251228_193844_b08d403b - markdown_it.rules_block.blockquote - DEBUG - blockquote.blockquote:13 - entering blockquote: StateBlock(line=93,level=2,tokens=236), 94, 168, True
2025-12-28 19:38:45 - 20251228_193844_b08d403b - markdown_it.rules_block.hr - DEBUG - hr.hr:14 - entering hr: StateBlock(line=93,level=2,tokens=236), 94, 168, True
2025-12-28 19:38:45 - 20251228_193844_b08d403b - markdown_it.rules_block.list - DEBUG - list.list_block:102 - entering list: StateBlock(line=93,level=2,tokens=236), 94, 168, True
2025-12-28 19:38:45 - 20251228_193844_b08d403b - markdown_it.rules_block.fence - DEBUG - fence.fence:10 - entering fence: StateBlock(line=94,level=1,tokens=240), 94, 168, True
2025-12-28 19:38:45 - 20251228_193844_b08d403b - markdown_it.rules_block.blockquote - DEBUG - blockquote.blockquote:13 - entering blockquote: StateBlock(line=94,level=1,tokens=240), 94, 168, True
2025-12-28 19:38:45 - 20251228_193844_b08d403b - markdown_it.rules_block.hr - DEBUG - hr.hr:14 - entering hr: StateBlock(line=94,level=1,tokens=240), 94, 168, True
2025-12-28 19:38:45 - 20251228_193844_b08d403b - markdown_it.rules_block.code - DEBUG - code.code:10 - entering code: StateBlock(line=94,level=2,tokens=241), 94, 168, False
2025-12-28 19:38:45 - 20251228_193844_b08d403b - markdown_it.rules_block.fence - DEBUG - fence.fence:10 - entering fence: StateBlock(line=94,level=2,tokens=241), 94, 168, False
2025-12-28 19:38:45 - 20251228_193844_b08d403b - markdown_it.rules_block.blockquote - DEBUG - blockquote.blockquote:13 - entering blockquote: StateBlock(line=94,level=2,tokens=241), 94, 168, False
2025-12-28 19:38:45 - 20251228_193844_b08d403b - markdown_it.rules_block.hr - DEBUG - hr.hr:14 - entering hr: StateBlock(line=94,level=2,tokens=241), 94, 168, False
2025-12-28 19:38:45 - 20251228_193844_b08d403b - markdown_it.rules_block.list - DEBUG - list.list_block:102 - entering list: StateBlock(line=94,level=2,tokens=241), 94, 168, False
2025-12-28 19:38:45 - 20251228_193844_b08d403b - markdown_it.rules_block.reference - DEBUG - reference.reference:10 - entering reference: StateBlock(line=94,level=2,tokens=241), 94, 168, False
2025-12-28 19:38:45 - 20251228_193844_b08d403b - markdown_it.rules_block.html_block - DEBUG - html_block.html_block:35 - entering html_block: StateBlock(line=94,level=2,tokens=241), 94, 168, False
2025-12-28 19:38:45 - 20251228_193844_b08d403b - markdown_it.rules_block.heading - DEBUG - heading.heading:13 - entering heading: StateBlock(line=94,level=2,tokens=241), 94, 168, False
2025-12-28 19:38:45 - 20251228_193844_b08d403b - markdown_it.rules_block.lheading - DEBUG - lheading.lheading:10 - entering lheading: StateBlock(line=94,level=2,tokens=241), 94, 168, False
2025-12-28 19:38:45 - 20251228_193844_b08d403b - markdown_it.rules_block.paragraph - DEBUG - paragraph.paragraph:10 - entering paragraph: StateBlock(line=94,level=2,tokens=241), 94, 168, False
2025-12-28 19:38:45 - 20251228_193844_b08d403b - markdown_it.rules_block.fence - DEBUG - fence.fence:10 - entering fence: StateBlock(line=96,level=1,tokens=245), 96, 168, True
2025-12-28 19:38:45 - 20251228_193844_b08d403b - markdown_it.rules_block.blockquote - DEBUG - blockquote.blockquote:13 - entering blockquote: StateBlock(line=96,level=1,tokens=245), 96, 168, True
2025-12-28 19:38:45 - 20251228_193844_b08d403b - markdown_it.rules_block.hr - DEBUG - hr.hr:14 - entering hr: StateBlock(line=96,level=1,tokens=245), 96, 168, True
2025-12-28 19:38:45 - 20251228_193844_b08d403b - markdown_it.rules_block.code - DEBUG - code.code:10 - entering code: StateBlock(line=96,level=0,tokens=246), 96, 168, False
2025-12-28 19:38:45 - 20251228_193844_b08d403b - markdown_it.rules_block.fence - DEBUG - fence.fence:10 - entering fence: StateBlock(line=96,level=0,tokens=246), 96, 168, False
2025-12-28 19:38:45 - 20251228_193844_b08d403b - markdown_it.rules_block.blockquote - DEBUG - blockquote.blockquote:13 - entering blockquote: StateBlock(line=96,level=0,tokens=246), 96, 168, False
2025-12-28 19:38:45 - 20251228_193844_b08d403b - markdown_it.rules_block.hr - DEBUG - hr.hr:14 - entering hr: StateBlock(line=96,level=0,tokens=246), 96, 168, False
2025-12-28 19:38:45 - 20251228_193844_b08d403b - markdown_it.rules_block.list - DEBUG - list.list_block:102 - entering list: StateBlock(line=96,level=0,tokens=246), 96, 168, False
2025-12-28 19:38:45 - 20251228_193844_b08d403b - markdown_it.rules_block.reference - DEBUG - reference.reference:10 - entering reference: StateBlock(line=96,level=0,tokens=246), 96, 168, False
2025-12-28 19:38:45 - 20251228_193844_b08d403b - markdown_it.rules_block.html_block - DEBUG - html_block.html_block:35 - entering html_block: StateBlock(line=96,level=0,tokens=246), 96, 168, False
2025-12-28 19:38:45 - 20251228_193844_b08d403b - markdown_it.rules_block.heading - DEBUG - heading.heading:13 - entering heading: StateBlock(line=96,level=0,tokens=246), 96, 168, False
2025-12-28 19:38:45 - 20251228_193844_b08d403b - markdown_it.rules_block.code - DEBUG - code.code:10 - entering code: StateBlock(line=97,level=0,tokens=249), 97, 168, False
2025-12-28 19:38:45 - 20251228_193844_b08d403b - markdown_it.rules_block.fence - DEBUG - fence.fence:10 - entering fence: StateBlock(line=97,level=0,tokens=249), 97, 168, False
2025-12-28 19:38:45 - 20251228_193844_b08d403b - markdown_it.rules_block.blockquote - DEBUG - blockquote.blockquote:13 - entering blockquote: StateBlock(line=97,level=0,tokens=249), 97, 168, False
2025-12-28 19:38:45 - 20251228_193844_b08d403b - markdown_it.rules_block.hr - DEBUG - hr.hr:14 - entering hr: StateBlock(line=97,level=0,tokens=249), 97, 168, False
2025-12-28 19:38:45 - 20251228_193844_b08d403b - markdown_it.rules_block.list - DEBUG - list.list_block:102 - entering list: StateBlock(line=97,level=0,tokens=249), 97, 168, False
2025-12-28 19:38:45 - 20251228_193844_b08d403b - markdown_it.rules_block.code - DEBUG - code.code:10 - entering code: StateBlock(line=97,level=2,tokens=251), 97, 168, False
2025-12-28 19:38:45 - 20251228_193844_b08d403b - markdown_it.rules_block.fence - DEBUG - fence.fence:10 - entering fence: StateBlock(line=97,level=2,tokens=251), 97, 168, False
2025-12-28 19:38:45 - 20251228_193844_b08d403b - markdown_it.rules_block.blockquote - DEBUG - blockquote.blockquote:13 - entering blockquote: StateBlock(line=97,level=2,tokens=251), 97, 168, False
2025-12-28 19:38:45 - 20251228_193844_b08d403b - markdown_it.rules_block.hr - DEBUG - hr.hr:14 - entering hr: StateBlock(line=97,level=2,tokens=251), 97, 168, False
2025-12-28 19:38:45 - 20251228_193844_b08d403b - markdown_it.rules_block.list - DEBUG - list.list_block:102 - entering list: StateBlock(line=97,level=2,tokens=251), 97, 168, False
2025-12-28 19:38:45 - 20251228_193844_b08d403b - markdown_it.rules_block.reference - DEBUG - reference.reference:10 - entering reference: StateBlock(line=97,level=2,tokens=251), 97, 168, False
2025-12-28 19:38:45 - 20251228_193844_b08d403b - markdown_it.rules_block.html_block - DEBUG - html_block.html_block:35 - entering html_block: StateBlock(line=97,level=2,tokens=251), 97, 168, False
2025-12-28 19:38:45 - 20251228_193844_b08d403b - markdown_it.rules_block.heading - DEBUG - heading.heading:13 - entering heading: StateBlock(line=97,level=2,tokens=251), 97, 168, False
2025-12-28 19:38:45 - 20251228_193844_b08d403b - markdown_it.rules_block.lheading - DEBUG - lheading.lheading:10 - entering lheading: StateBlock(line=97,level=2,tokens=251), 97, 168, False
2025-12-28 19:38:45 - 20251228_193844_b08d403b - markdown_it.rules_block.fence - DEBUG - fence.fence:10 - entering fence: StateBlock(line=97,level=2,tokens=251), 98, 168, True
2025-12-28 19:38:45 - 20251228_193844_b08d403b - markdown_it.rules_block.blockquote - DEBUG - blockquote.blockquote:13 - entering blockquote: StateBlock(line=97,level=2,tokens=251), 98, 168, True
2025-12-28 19:38:45 - 20251228_193844_b08d403b - markdown_it.rules_block.hr - DEBUG - hr.hr:14 - entering hr: StateBlock(line=97,level=2,tokens=251), 98, 168, True
2025-12-28 19:38:45 - 20251228_193844_b08d403b - markdown_it.rules_block.list - DEBUG - list.list_block:102 - entering list: StateBlock(line=97,level=2,tokens=251), 98, 168, True
2025-12-28 19:38:45 - 20251228_193844_b08d403b - markdown_it.rules_block.paragraph - DEBUG - paragraph.paragraph:10 - entering paragraph: StateBlock(line=97,level=2,tokens=251), 97, 168, False
2025-12-28 19:38:45 - 20251228_193844_b08d403b - markdown_it.rules_block.fence - DEBUG - fence.fence:10 - entering fence: StateBlock(line=97,level=2,tokens=251), 98, 168, True
2025-12-28 19:38:45 - 20251228_193844_b08d403b - markdown_it.rules_block.blockquote - DEBUG - blockquote.blockquote:13 - entering blockquote: StateBlock(line=97,level=2,tokens=251), 98, 168, True
2025-12-28 19:38:45 - 20251228_193844_b08d403b - markdown_it.rules_block.hr - DEBUG - hr.hr:14 - entering hr: StateBlock(line=97,level=2,tokens=251), 98, 168, True
2025-12-28 19:38:45 - 20251228_193844_b08d403b - markdown_it.rules_block.list - DEBUG - list.list_block:102 - entering list: StateBlock(line=97,level=2,tokens=251), 98, 168, True
2025-12-28 19:38:45 - 20251228_193844_b08d403b - markdown_it.rules_block.fence - DEBUG - fence.fence:10 - entering fence: StateBlock(line=98,level=1,tokens=255), 98, 168, True
2025-12-28 19:38:45 - 20251228_193844_b08d403b - markdown_it.rules_block.blockquote - DEBUG - blockquote.blockquote:13 - entering blockquote: StateBlock(line=98,level=1,tokens=255), 98, 168, True
2025-12-28 19:38:45 - 20251228_193844_b08d403b - markdown_it.rules_block.hr - DEBUG - hr.hr:14 - entering hr: StateBlock(line=98,level=1,tokens=255), 98, 168, True
2025-12-28 19:38:45 - 20251228_193844_b08d403b - markdown_it.rules_block.code - DEBUG - code.code:10 - entering code: StateBlock(line=98,level=2,tokens=256), 98, 168, False
2025-12-28 19:38:45 - 20251228_193844_b08d403b - markdown_it.rules_block.fence - DEBUG - fence.fence:10 - entering fence: StateBlock(line=98,level=2,tokens=256), 98, 168, False
2025-12-28 19:38:45 - 20251228_193844_b08d403b - markdown_it.rules_block.blockquote - DEBUG - blockquote.blockquote:13 - entering blockquote: StateBlock(line=98,level=2,tokens=256), 98, 168, False
2025-12-28 19:38:45 - 20251228_193844_b08d403b - markdown_it.rules_block.hr - DEBUG - hr.hr:14 - entering hr: StateBlock(line=98,level=2,tokens=256), 98, 168, False
2025-12-28 19:38:45 - 20251228_193844_b08d403b - markdown_it.rules_block.list - DEBUG - list.list_block:102 - entering list: StateBlock(line=98,level=2,tokens=256), 98, 168, False
2025-12-28 19:38:45 - 20251228_193844_b08d403b - markdown_it.rules_block.reference - DEBUG - reference.reference:10 - entering reference: StateBlock(line=98,level=2,tokens=256), 98, 168, False
2025-12-28 19:38:45 - 20251228_193844_b08d403b - markdown_it.rules_block.html_block - DEBUG - html_block.html_block:35 - entering html_block: StateBlock(line=98,level=2,tokens=256), 98, 168, False
2025-12-28 19:38:45 - 20251228_193844_b08d403b - markdown_it.rules_block.heading - DEBUG - heading.heading:13 - entering heading: StateBlock(line=98,level=2,tokens=256), 98, 168, False
2025-12-28 19:38:45 - 20251228_193844_b08d403b - markdown_it.rules_block.lheading - DEBUG - lheading.lheading:10 - entering lheading: StateBlock(line=98,level=2,tokens=256), 98, 168, False
2025-12-28 19:38:45 - 20251228_193844_b08d403b - markdown_it.rules_block.fence - DEBUG - fence.fence:10 - entering fence: StateBlock(line=98,level=2,tokens=256), 99, 168, True
2025-12-28 19:38:45 - 20251228_193844_b08d403b - markdown_it.rules_block.blockquote - DEBUG - blockquote.blockquote:13 - entering blockquote: StateBlock(line=98,level=2,tokens=256), 99, 168, True
2025-12-28 19:38:45 - 20251228_193844_b08d403b - markdown_it.rules_block.hr - DEBUG - hr.hr:14 - entering hr: StateBlock(line=98,level=2,tokens=256), 99, 168, True
2025-12-28 19:38:45 - 20251228_193844_b08d403b - markdown_it.rules_block.list - DEBUG - list.list_block:102 - entering list: StateBlock(line=98,level=2,tokens=256), 99, 168, True
2025-12-28 19:38:45 - 20251228_193844_b08d403b - markdown_it.rules_block.paragraph - DEBUG - paragraph.paragraph:10 - entering paragraph: StateBlock(line=98,level=2,tokens=256), 98, 168, False
2025-12-28 19:38:45 - 20251228_193844_b08d403b - markdown_it.rules_block.fence - DEBUG - fence.fence:10 - entering fence: StateBlock(line=98,level=2,tokens=256), 99, 168, True
2025-12-28 19:38:45 - 20251228_193844_b08d403b - markdown_it.rules_block.blockquote - DEBUG - blockquote.blockquote:13 - entering blockquote: StateBlock(line=98,level=2,tokens=256), 99, 168, True
2025-12-28 19:38:45 - 20251228_193844_b08d403b - markdown_it.rules_block.hr - DEBUG - hr.hr:14 - entering hr: StateBlock(line=98,level=2,tokens=256), 99, 168, True
2025-12-28 19:38:45 - 20251228_193844_b08d403b - markdown_it.rules_block.list - DEBUG - list.list_block:102 - entering list: StateBlock(line=98,level=2,tokens=256), 99, 168, True
2025-12-28 19:38:45 - 20251228_193844_b08d403b - markdown_it.rules_block.fence - DEBUG - fence.fence:10 - entering fence: StateBlock(line=99,level=1,tokens=260), 99, 168, True
2025-12-28 19:38:45 - 20251228_193844_b08d403b - markdown_it.rules_block.blockquote - DEBUG - blockquote.blockquote:13 - entering blockquote: StateBlock(line=99,level=1,tokens=260), 99, 168, True
2025-12-28 19:38:45 - 20251228_193844_b08d403b - markdown_it.rules_block.hr - DEBUG - hr.hr:14 - entering hr: StateBlock(line=99,level=1,tokens=260), 99, 168, True
2025-12-28 19:38:45 - 20251228_193844_b08d403b - markdown_it.rules_block.code - DEBUG - code.code:10 - entering code: StateBlock(line=99,level=2,tokens=261), 99, 168, False
2025-12-28 19:38:45 - 20251228_193844_b08d403b - markdown_it.rules_block.fence - DEBUG - fence.fence:10 - entering fence: StateBlock(line=99,level=2,tokens=261), 99, 168, False
2025-12-28 19:38:45 - 20251228_193844_b08d403b - markdown_it.rules_block.blockquote - DEBUG - blockquote.blockquote:13 - entering blockquote: StateBlock(line=99,level=2,tokens=261), 99, 168, False
2025-12-28 19:38:45 - 20251228_193844_b08d403b - markdown_it.rules_block.hr - DEBUG - hr.hr:14 - entering hr: StateBlock(line=99,level=2,tokens=261), 99, 168, False
2025-12-28 19:38:45 - 20251228_193844_b08d403b - markdown_it.rules_block.list - DEBUG - list.list_block:102 - entering list: StateBlock(line=99,level=2,tokens=261), 99, 168, False
2025-12-28 19:38:45 - 20251228_193844_b08d403b - markdown_it.rules_block.reference - DEBUG - reference.reference:10 - entering reference: StateBlock(line=99,level=2,tokens=261), 99, 168, False
2025-12-28 19:38:45 - 20251228_193844_b08d403b - markdown_it.rules_block.html_block - DEBUG - html_block.html_block:35 - entering html_block: StateBlock(line=99,level=2,tokens=261), 99, 168, False
2025-12-28 19:38:45 - 20251228_193844_b08d403b - markdown_it.rules_block.heading - DEBUG - heading.heading:13 - entering heading: StateBlock(line=99,level=2,tokens=261), 99, 168, False
2025-12-28 19:38:45 - 20251228_193844_b08d403b - markdown_it.rules_block.lheading - DEBUG - lheading.lheading:10 - entering lheading: StateBlock(line=99,level=2,tokens=261), 99, 168, False
2025-12-28 19:38:45 - 20251228_193844_b08d403b - markdown_it.rules_block.fence - DEBUG - fence.fence:10 - entering fence: StateBlock(line=99,level=2,tokens=261), 100, 168, True
2025-12-28 19:38:45 - 20251228_193844_b08d403b - markdown_it.rules_block.blockquote - DEBUG - blockquote.blockquote:13 - entering blockquote: StateBlock(line=99,level=2,tokens=261), 100, 168, True
2025-12-28 19:38:45 - 20251228_193844_b08d403b - markdown_it.rules_block.hr - DEBUG - hr.hr:14 - entering hr: StateBlock(line=99,level=2,tokens=261), 100, 168, True
2025-12-28 19:38:45 - 20251228_193844_b08d403b - markdown_it.rules_block.list - DEBUG - list.list_block:102 - entering list: StateBlock(line=99,level=2,tokens=261), 100, 168, True
2025-12-28 19:38:45 - 20251228_193844_b08d403b - markdown_it.rules_block.paragraph - DEBUG - paragraph.paragraph:10 - entering paragraph: StateBlock(line=99,level=2,tokens=261), 99, 168, False
2025-12-28 19:38:45 - 20251228_193844_b08d403b - markdown_it.rules_block.fence - DEBUG - fence.fence:10 - entering fence: StateBlock(line=99,level=2,tokens=261), 100, 168, True
2025-12-28 19:38:45 - 20251228_193844_b08d403b - markdown_it.rules_block.blockquote - DEBUG - blockquote.blockquote:13 - entering blockquote: StateBlock(line=99,level=2,tokens=261), 100, 168, True
2025-12-28 19:38:45 - 20251228_193844_b08d403b - markdown_it.rules_block.hr - DEBUG - hr.hr:14 - entering hr: StateBlock(line=99,level=2,tokens=261), 100, 168, True
2025-12-28 19:38:45 - 20251228_193844_b08d403b - markdown_it.rules_block.list - DEBUG - list.list_block:102 - entering list: StateBlock(line=99,level=2,tokens=261), 100, 168, True
2025-12-28 19:38:45 - 20251228_193844_b08d403b - markdown_it.rules_block.fence - DEBUG - fence.fence:10 - entering fence: StateBlock(line=100,level=1,tokens=265), 100, 168, True
2025-12-28 19:38:45 - 20251228_193844_b08d403b - markdown_it.rules_block.blockquote - DEBUG - blockquote.blockquote:13 - entering blockquote: StateBlock(line=100,level=1,tokens=265), 100, 168, True
2025-12-28 19:38:45 - 20251228_193844_b08d403b - markdown_it.rules_block.hr - DEBUG - hr.hr:14 - entering hr: StateBlock(line=100,level=1,tokens=265), 100, 168, True
2025-12-28 19:38:45 - 20251228_193844_b08d403b - markdown_it.rules_block.code - DEBUG - code.code:10 - entering code: StateBlock(line=100,level=2,tokens=266), 100, 168, False
2025-12-28 19:38:45 - 20251228_193844_b08d403b - markdown_it.rules_block.fence - DEBUG - fence.fence:10 - entering fence: StateBlock(line=100,level=2,tokens=266), 100, 168, False
2025-12-28 19:38:45 - 20251228_193844_b08d403b - markdown_it.rules_block.blockquote - DEBUG - blockquote.blockquote:13 - entering blockquote: StateBlock(line=100,level=2,tokens=266), 100, 168, False
2025-12-28 19:38:45 - 20251228_193844_b08d403b - markdown_it.rules_block.hr - DEBUG - hr.hr:14 - entering hr: StateBlock(line=100,level=2,tokens=266), 100, 168, False
2025-12-28 19:38:45 - 20251228_193844_b08d403b - markdown_it.rules_block.list - DEBUG - list.list_block:102 - entering list: StateBlock(line=100,level=2,tokens=266), 100, 168, False
2025-12-28 19:38:45 - 20251228_193844_b08d403b - markdown_it.rules_block.reference - DEBUG - reference.reference:10 - entering reference: StateBlock(line=100,level=2,tokens=266), 100, 168, False
2025-12-28 19:38:45 - 20251228_193844_b08d403b - markdown_it.rules_block.html_block - DEBUG - html_block.html_block:35 - entering html_block: StateBlock(line=100,level=2,tokens=266), 100, 168, False
2025-12-28 19:38:45 - 20251228_193844_b08d403b - markdown_it.rules_block.heading - DEBUG - heading.heading:13 - entering heading: StateBlock(line=100,level=2,tokens=266), 100, 168, False
2025-12-28 19:38:45 - 20251228_193844_b08d403b - markdown_it.rules_block.lheading - DEBUG - lheading.lheading:10 - entering lheading: StateBlock(line=100,level=2,tokens=266), 100, 168, False
2025-12-28 19:38:45 - 20251228_193844_b08d403b - markdown_it.rules_block.fence - DEBUG - fence.fence:10 - entering fence: StateBlock(line=100,level=2,tokens=266), 101, 168, True
2025-12-28 19:38:45 - 20251228_193844_b08d403b - markdown_it.rules_block.blockquote - DEBUG - blockquote.blockquote:13 - entering blockquote: StateBlock(line=100,level=2,tokens=266), 101, 168, True
2025-12-28 19:38:45 - 20251228_193844_b08d403b - markdown_it.rules_block.hr - DEBUG - hr.hr:14 - entering hr: StateBlock(line=100,level=2,tokens=266), 101, 168, True
2025-12-28 19:38:45 - 20251228_193844_b08d403b - markdown_it.rules_block.list - DEBUG - list.list_block:102 - entering list: StateBlock(line=100,level=2,tokens=266), 101, 168, True
2025-12-28 19:38:45 - 20251228_193844_b08d403b - markdown_it.rules_block.paragraph - DEBUG - paragraph.paragraph:10 - entering paragraph: StateBlock(line=100,level=2,tokens=266), 100, 168, False
2025-12-28 19:38:45 - 20251228_193844_b08d403b - markdown_it.rules_block.fence - DEBUG - fence.fence:10 - entering fence: StateBlock(line=100,level=2,tokens=266), 101, 168, True
2025-12-28 19:38:45 - 20251228_193844_b08d403b - markdown_it.rules_block.blockquote - DEBUG - blockquote.blockquote:13 - entering blockquote: StateBlock(line=100,level=2,tokens=266), 101, 168, True
2025-12-28 19:38:45 - 20251228_193844_b08d403b - markdown_it.rules_block.hr - DEBUG - hr.hr:14 - entering hr: StateBlock(line=100,level=2,tokens=266), 101, 168, True
2025-12-28 19:38:45 - 20251228_193844_b08d403b - markdown_it.rules_block.list - DEBUG - list.list_block:102 - entering list: StateBlock(line=100,level=2,tokens=266), 101, 168, True
2025-12-28 19:38:45 - 20251228_193844_b08d403b - markdown_it.rules_block.fence - DEBUG - fence.fence:10 - entering fence: StateBlock(line=101,level=1,tokens=270), 101, 168, True
2025-12-28 19:38:45 - 20251228_193844_b08d403b - markdown_it.rules_block.blockquote - DEBUG - blockquote.blockquote:13 - entering blockquote: StateBlock(line=101,level=1,tokens=270), 101, 168, True
2025-12-28 19:38:45 - 20251228_193844_b08d403b - markdown_it.rules_block.hr - DEBUG - hr.hr:14 - entering hr: StateBlock(line=101,level=1,tokens=270), 101, 168, True
2025-12-28 19:38:45 - 20251228_193844_b08d403b - markdown_it.rules_block.code - DEBUG - code.code:10 - entering code: StateBlock(line=101,level=2,tokens=271), 101, 168, False
2025-12-28 19:38:45 - 20251228_193844_b08d403b - markdown_it.rules_block.fence - DEBUG - fence.fence:10 - entering fence: StateBlock(line=101,level=2,tokens=271), 101, 168, False
2025-12-28 19:38:45 - 20251228_193844_b08d403b - markdown_it.rules_block.blockquote - DEBUG - blockquote.blockquote:13 - entering blockquote: StateBlock(line=101,level=2,tokens=271), 101, 168, False
2025-12-28 19:38:45 - 20251228_193844_b08d403b - markdown_it.rules_block.hr - DEBUG - hr.hr:14 - entering hr: StateBlock(line=101,level=2,tokens=271), 101, 168, False
2025-12-28 19:38:45 - 20251228_193844_b08d403b - markdown_it.rules_block.list - DEBUG - list.list_block:102 - entering list: StateBlock(line=101,level=2,tokens=271), 101, 168, False
2025-12-28 19:38:45 - 20251228_193844_b08d403b - markdown_it.rules_block.reference - DEBUG - reference.reference:10 - entering reference: StateBlock(line=101,level=2,tokens=271), 101, 168, False
2025-12-28 19:38:45 - 20251228_193844_b08d403b - markdown_it.rules_block.html_block - DEBUG - html_block.html_block:35 - entering html_block: StateBlock(line=101,level=2,tokens=271), 101, 168, False
2025-12-28 19:38:45 - 20251228_193844_b08d403b - markdown_it.rules_block.heading - DEBUG - heading.heading:13 - entering heading: StateBlock(line=101,level=2,tokens=271), 101, 168, False
2025-12-28 19:38:45 - 20251228_193844_b08d403b - markdown_it.rules_block.lheading - DEBUG - lheading.lheading:10 - entering lheading: StateBlock(line=101,level=2,tokens=271), 101, 168, False
2025-12-28 19:38:45 - 20251228_193844_b08d403b - markdown_it.rules_block.paragraph - DEBUG - paragraph.paragraph:10 - entering paragraph: StateBlock(line=101,level=2,tokens=271), 101, 168, False
2025-12-28 19:38:45 - 20251228_193844_b08d403b - markdown_it.rules_block.fence - DEBUG - fence.fence:10 - entering fence: StateBlock(line=103,level=1,tokens=275), 103, 168, True
2025-12-28 19:38:45 - 20251228_193844_b08d403b - markdown_it.rules_block.blockquote - DEBUG - blockquote.blockquote:13 - entering blockquote: StateBlock(line=103,level=1,tokens=275), 103, 168, True
2025-12-28 19:38:45 - 20251228_193844_b08d403b - markdown_it.rules_block.hr - DEBUG - hr.hr:14 - entering hr: StateBlock(line=103,level=1,tokens=275), 103, 168, True
2025-12-28 19:38:45 - 20251228_193844_b08d403b - markdown_it.rules_block.code - DEBUG - code.code:10 - entering code: StateBlock(line=103,level=0,tokens=276), 103, 168, False
2025-12-28 19:38:45 - 20251228_193844_b08d403b - markdown_it.rules_block.fence - DEBUG - fence.fence:10 - entering fence: StateBlock(line=103,level=0,tokens=276), 103, 168, False
2025-12-28 19:38:45 - 20251228_193844_b08d403b - markdown_it.rules_block.blockquote - DEBUG - blockquote.blockquote:13 - entering blockquote: StateBlock(line=103,level=0,tokens=276), 103, 168, False
2025-12-28 19:38:45 - 20251228_193844_b08d403b - markdown_it.rules_block.hr - DEBUG - hr.hr:14 - entering hr: StateBlock(line=103,level=0,tokens=276), 103, 168, False
2025-12-28 19:38:45 - 20251228_193844_b08d403b - markdown_it.rules_block.code - DEBUG - code.code:10 - entering code: StateBlock(line=105,level=0,tokens=277), 105, 168, False
2025-12-28 19:38:45 - 20251228_193844_b08d403b - markdown_it.rules_block.fence - DEBUG - fence.fence:10 - entering fence: StateBlock(line=105,level=0,tokens=277), 105, 168, False
2025-12-28 19:38:45 - 20251228_193844_b08d403b - markdown_it.rules_block.blockquote - DEBUG - blockquote.blockquote:13 - entering blockquote: StateBlock(line=105,level=0,tokens=277), 105, 168, False
2025-12-28 19:38:45 - 20251228_193844_b08d403b - markdown_it.rules_block.hr - DEBUG - hr.hr:14 - entering hr: StateBlock(line=105,level=0,tokens=277), 105, 168, False
2025-12-28 19:38:45 - 20251228_193844_b08d403b - markdown_it.rules_block.list - DEBUG - list.list_block:102 - entering list: StateBlock(line=105,level=0,tokens=277), 105, 168, False
2025-12-28 19:38:45 - 20251228_193844_b08d403b - markdown_it.rules_block.reference - DEBUG - reference.reference:10 - entering reference: StateBlock(line=105,level=0,tokens=277), 105, 168, False
2025-12-28 19:38:45 - 20251228_193844_b08d403b - markdown_it.rules_block.html_block - DEBUG - html_block.html_block:35 - entering html_block: StateBlock(line=105,level=0,tokens=277), 105, 168, False
2025-12-28 19:38:45 - 20251228_193844_b08d403b - markdown_it.rules_block.heading - DEBUG - heading.heading:13 - entering heading: StateBlock(line=105,level=0,tokens=277), 105, 168, False
2025-12-28 19:38:45 - 20251228_193844_b08d403b - markdown_it.rules_block.fence - DEBUG - fence.fence:10 - entering fence: StateBlock(line=107,level=1,tokens=291), 109, 168, True
2025-12-28 19:38:45 - 20251228_193844_b08d403b - markdown_it.rules_block.blockquote - DEBUG - blockquote.blockquote:13 - entering blockquote: StateBlock(line=107,level=1,tokens=291), 109, 168, True
2025-12-28 19:38:45 - 20251228_193844_b08d403b - markdown_it.rules_block.hr - DEBUG - hr.hr:14 - entering hr: StateBlock(line=107,level=1,tokens=291), 109, 168, True
2025-12-28 19:38:45 - 20251228_193844_b08d403b - markdown_it.rules_block.list - DEBUG - list.list_block:102 - entering list: StateBlock(line=107,level=1,tokens=291), 109, 168, True
2025-12-28 19:38:45 - 20251228_193844_b08d403b - markdown_it.rules_block.html_block - DEBUG - html_block.html_block:35 - entering html_block: StateBlock(line=107,level=1,tokens=291), 109, 168, True
2025-12-28 19:38:45 - 20251228_193844_b08d403b - markdown_it.rules_block.heading - DEBUG - heading.heading:13 - entering heading: StateBlock(line=107,level=1,tokens=291), 109, 168, True
2025-12-28 19:38:45 - 20251228_193844_b08d403b - markdown_it.rules_block.fence - DEBUG - fence.fence:10 - entering fence: StateBlock(line=107,level=2,tokens=300), 110, 168, True
2025-12-28 19:38:45 - 20251228_193844_b08d403b - markdown_it.rules_block.blockquote - DEBUG - blockquote.blockquote:13 - entering blockquote: StateBlock(line=107,level=2,tokens=300), 110, 168, True
2025-12-28 19:38:45 - 20251228_193844_b08d403b - markdown_it.rules_block.hr - DEBUG - hr.hr:14 - entering hr: StateBlock(line=107,level=2,tokens=300), 110, 168, True
2025-12-28 19:38:45 - 20251228_193844_b08d403b - markdown_it.rules_block.list - DEBUG - list.list_block:102 - entering list: StateBlock(line=107,level=2,tokens=300), 110, 168, True
2025-12-28 19:38:45 - 20251228_193844_b08d403b - markdown_it.rules_block.html_block - DEBUG - html_block.html_block:35 - entering html_block: StateBlock(line=107,level=2,tokens=300), 110, 168, True
2025-12-28 19:38:45 - 20251228_193844_b08d403b - markdown_it.rules_block.heading - DEBUG - heading.heading:13 - entering heading: StateBlock(line=107,level=2,tokens=300), 110, 168, True
2025-12-28 19:38:45 - 20251228_193844_b08d403b - markdown_it.rules_block.fence - DEBUG - fence.fence:10 - entering fence: StateBlock(line=107,level=2,tokens=308), 111, 168, True
2025-12-28 19:38:45 - 20251228_193844_b08d403b - markdown_it.rules_block.blockquote - DEBUG - blockquote.blockquote:13 - entering blockquote: StateBlock(line=107,level=2,tokens=308), 111, 168, True
2025-12-28 19:38:45 - 20251228_193844_b08d403b - markdown_it.rules_block.hr - DEBUG - hr.hr:14 - entering hr: StateBlock(line=107,level=2,tokens=308), 111, 168, True
2025-12-28 19:38:45 - 20251228_193844_b08d403b - markdown_it.rules_block.list - DEBUG - list.list_block:102 - entering list: StateBlock(line=107,level=2,tokens=308), 111, 168, True
2025-12-28 19:38:45 - 20251228_193844_b08d403b - markdown_it.rules_block.html_block - DEBUG - html_block.html_block:35 - entering html_block: StateBlock(line=107,level=2,tokens=308), 111, 168, True
2025-12-28 19:38:45 - 20251228_193844_b08d403b - markdown_it.rules_block.heading - DEBUG - heading.heading:13 - entering heading: StateBlock(line=107,level=2,tokens=308), 111, 168, True
2025-12-28 19:38:45 - 20251228_193844_b08d403b - markdown_it.rules_block.fence - DEBUG - fence.fence:10 - entering fence: StateBlock(line=107,level=2,tokens=316), 112, 168, True
2025-12-28 19:38:45 - 20251228_193844_b08d403b - markdown_it.rules_block.blockquote - DEBUG - blockquote.blockquote:13 - entering blockquote: StateBlock(line=107,level=2,tokens=316), 112, 168, True
2025-12-28 19:38:45 - 20251228_193844_b08d403b - markdown_it.rules_block.hr - DEBUG - hr.hr:14 - entering hr: StateBlock(line=107,level=2,tokens=316), 112, 168, True
2025-12-28 19:38:45 - 20251228_193844_b08d403b - markdown_it.rules_block.list - DEBUG - list.list_block:102 - entering list: StateBlock(line=107,level=2,tokens=316), 112, 168, True
2025-12-28 19:38:45 - 20251228_193844_b08d403b - markdown_it.rules_block.html_block - DEBUG - html_block.html_block:35 - entering html_block: StateBlock(line=107,level=2,tokens=316), 112, 168, True
2025-12-28 19:38:45 - 20251228_193844_b08d403b - markdown_it.rules_block.heading - DEBUG - heading.heading:13 - entering heading: StateBlock(line=107,level=2,tokens=316), 112, 168, True
2025-12-28 19:38:45 - 20251228_193844_b08d403b - markdown_it.rules_block.fence - DEBUG - fence.fence:10 - entering fence: StateBlock(line=107,level=2,tokens=324), 113, 168, True
2025-12-28 19:38:45 - 20251228_193844_b08d403b - markdown_it.rules_block.blockquote - DEBUG - blockquote.blockquote:13 - entering blockquote: StateBlock(line=107,level=2,tokens=324), 113, 168, True
2025-12-28 19:38:45 - 20251228_193844_b08d403b - markdown_it.rules_block.hr - DEBUG - hr.hr:14 - entering hr: StateBlock(line=107,level=2,tokens=324), 113, 168, True
2025-12-28 19:38:45 - 20251228_193844_b08d403b - markdown_it.rules_block.list - DEBUG - list.list_block:102 - entering list: StateBlock(line=107,level=2,tokens=324), 113, 168, True
2025-12-28 19:38:45 - 20251228_193844_b08d403b - markdown_it.rules_block.html_block - DEBUG - html_block.html_block:35 - entering html_block: StateBlock(line=107,level=2,tokens=324), 113, 168, True
2025-12-28 19:38:45 - 20251228_193844_b08d403b - markdown_it.rules_block.heading - DEBUG - heading.heading:13 - entering heading: StateBlock(line=107,level=2,tokens=324), 113, 168, True
2025-12-28 19:38:45 - 20251228_193844_b08d403b - markdown_it.rules_block.fence - DEBUG - fence.fence:10 - entering fence: StateBlock(line=107,level=2,tokens=332), 114, 168, True
2025-12-28 19:38:45 - 20251228_193844_b08d403b - markdown_it.rules_block.blockquote - DEBUG - blockquote.blockquote:13 - entering blockquote: StateBlock(line=107,level=2,tokens=332), 114, 168, True
2025-12-28 19:38:45 - 20251228_193844_b08d403b - markdown_it.rules_block.hr - DEBUG - hr.hr:14 - entering hr: StateBlock(line=107,level=2,tokens=332), 114, 168, True
2025-12-28 19:38:45 - 20251228_193844_b08d403b - markdown_it.rules_block.list - DEBUG - list.list_block:102 - entering list: StateBlock(line=107,level=2,tokens=332), 114, 168, True
2025-12-28 19:38:45 - 20251228_193844_b08d403b - markdown_it.rules_block.html_block - DEBUG - html_block.html_block:35 - entering html_block: StateBlock(line=107,level=2,tokens=332), 114, 168, True
2025-12-28 19:38:45 - 20251228_193844_b08d403b - markdown_it.rules_block.heading - DEBUG - heading.heading:13 - entering heading: StateBlock(line=107,level=2,tokens=332), 114, 168, True
2025-12-28 19:38:45 - 20251228_193844_b08d403b - markdown_it.rules_block.fence - DEBUG - fence.fence:10 - entering fence: StateBlock(line=107,level=2,tokens=340), 115, 168, True
2025-12-28 19:38:45 - 20251228_193844_b08d403b - markdown_it.rules_block.blockquote - DEBUG - blockquote.blockquote:13 - entering blockquote: StateBlock(line=107,level=2,tokens=340), 115, 168, True
2025-12-28 19:38:45 - 20251228_193844_b08d403b - markdown_it.rules_block.hr - DEBUG - hr.hr:14 - entering hr: StateBlock(line=107,level=2,tokens=340), 115, 168, True
2025-12-28 19:38:45 - 20251228_193844_b08d403b - markdown_it.rules_block.list - DEBUG - list.list_block:102 - entering list: StateBlock(line=107,level=2,tokens=340), 115, 168, True
2025-12-28 19:38:45 - 20251228_193844_b08d403b - markdown_it.rules_block.html_block - DEBUG - html_block.html_block:35 - entering html_block: StateBlock(line=107,level=2,tokens=340), 115, 168, True
2025-12-28 19:38:45 - 20251228_193844_b08d403b - markdown_it.rules_block.heading - DEBUG - heading.heading:13 - entering heading: StateBlock(line=107,level=2,tokens=340), 115, 168, True
2025-12-28 19:38:45 - 20251228_193844_b08d403b - markdown_it.rules_block.code - DEBUG - code.code:10 - entering code: StateBlock(line=116,level=0,tokens=342), 116, 168, False
2025-12-28 19:38:45 - 20251228_193844_b08d403b - markdown_it.rules_block.fence - DEBUG - fence.fence:10 - entering fence: StateBlock(line=116,level=0,tokens=342), 116, 168, False
2025-12-28 19:38:45 - 20251228_193844_b08d403b - markdown_it.rules_block.blockquote - DEBUG - blockquote.blockquote:13 - entering blockquote: StateBlock(line=116,level=0,tokens=342), 116, 168, False
2025-12-28 19:38:45 - 20251228_193844_b08d403b - markdown_it.rules_block.hr - DEBUG - hr.hr:14 - entering hr: StateBlock(line=116,level=0,tokens=342), 116, 168, False
2025-12-28 19:38:45 - 20251228_193844_b08d403b - markdown_it.rules_block.code - DEBUG - code.code:10 - entering code: StateBlock(line=118,level=0,tokens=343), 118, 168, False
2025-12-28 19:38:45 - 20251228_193844_b08d403b - markdown_it.rules_block.fence - DEBUG - fence.fence:10 - entering fence: StateBlock(line=118,level=0,tokens=343), 118, 168, False
2025-12-28 19:38:45 - 20251228_193844_b08d403b - markdown_it.rules_block.blockquote - DEBUG - blockquote.blockquote:13 - entering blockquote: StateBlock(line=118,level=0,tokens=343), 118, 168, False
2025-12-28 19:38:45 - 20251228_193844_b08d403b - markdown_it.rules_block.hr - DEBUG - hr.hr:14 - entering hr: StateBlock(line=118,level=0,tokens=343), 118, 168, False
2025-12-28 19:38:45 - 20251228_193844_b08d403b - markdown_it.rules_block.list - DEBUG - list.list_block:102 - entering list: StateBlock(line=118,level=0,tokens=343), 118, 168, False
2025-12-28 19:38:45 - 20251228_193844_b08d403b - markdown_it.rules_block.reference - DEBUG - reference.reference:10 - entering reference: StateBlock(line=118,level=0,tokens=343), 118, 168, False
2025-12-28 19:38:45 - 20251228_193844_b08d403b - markdown_it.rules_block.html_block - DEBUG - html_block.html_block:35 - entering html_block: StateBlock(line=118,level=0,tokens=343), 118, 168, False
2025-12-28 19:38:45 - 20251228_193844_b08d403b - markdown_it.rules_block.heading - DEBUG - heading.heading:13 - entering heading: StateBlock(line=118,level=0,tokens=343), 118, 168, False
2025-12-28 19:38:45 - 20251228_193844_b08d403b - markdown_it.rules_block.code - DEBUG - code.code:10 - entering code: StateBlock(line=120,level=0,tokens=346), 120, 168, False
2025-12-28 19:38:45 - 20251228_193844_b08d403b - markdown_it.rules_block.fence - DEBUG - fence.fence:10 - entering fence: StateBlock(line=120,level=0,tokens=346), 120, 168, False
2025-12-28 19:38:45 - 20251228_193844_b08d403b - markdown_it.rules_block.blockquote - DEBUG - blockquote.blockquote:13 - entering blockquote: StateBlock(line=120,level=0,tokens=346), 120, 168, False
2025-12-28 19:38:45 - 20251228_193844_b08d403b - markdown_it.rules_block.hr - DEBUG - hr.hr:14 - entering hr: StateBlock(line=120,level=0,tokens=346), 120, 168, False
2025-12-28 19:38:45 - 20251228_193844_b08d403b - markdown_it.rules_block.list - DEBUG - list.list_block:102 - entering list: StateBlock(line=120,level=0,tokens=346), 120, 168, False
2025-12-28 19:38:45 - 20251228_193844_b08d403b - markdown_it.rules_block.reference - DEBUG - reference.reference:10 - entering reference: StateBlock(line=120,level=0,tokens=346), 120, 168, False
2025-12-28 19:38:45 - 20251228_193844_b08d403b - markdown_it.rules_block.html_block - DEBUG - html_block.html_block:35 - entering html_block: StateBlock(line=120,level=0,tokens=346), 120, 168, False
2025-12-28 19:38:45 - 20251228_193844_b08d403b - markdown_it.rules_block.heading - DEBUG - heading.heading:13 - entering heading: StateBlock(line=120,level=0,tokens=346), 120, 168, False
2025-12-28 19:38:45 - 20251228_193844_b08d403b - markdown_it.rules_block.lheading - DEBUG - lheading.lheading:10 - entering lheading: StateBlock(line=120,level=0,tokens=346), 120, 168, False
2025-12-28 19:38:45 - 20251228_193844_b08d403b - markdown_it.rules_block.paragraph - DEBUG - paragraph.paragraph:10 - entering paragraph: StateBlock(line=120,level=0,tokens=346), 120, 168, False
2025-12-28 19:38:45 - 20251228_193844_b08d403b - markdown_it.rules_block.code - DEBUG - code.code:10 - entering code: StateBlock(line=122,level=0,tokens=349), 122, 168, False
2025-12-28 19:38:45 - 20251228_193844_b08d403b - markdown_it.rules_block.fence - DEBUG - fence.fence:10 - entering fence: StateBlock(line=122,level=0,tokens=349), 122, 168, False
2025-12-28 19:38:45 - 20251228_193844_b08d403b - markdown_it.rules_block.blockquote - DEBUG - blockquote.blockquote:13 - entering blockquote: StateBlock(line=122,level=0,tokens=349), 122, 168, False
2025-12-28 19:38:45 - 20251228_193844_b08d403b - markdown_it.rules_block.hr - DEBUG - hr.hr:14 - entering hr: StateBlock(line=122,level=0,tokens=349), 122, 168, False
2025-12-28 19:38:45 - 20251228_193844_b08d403b - markdown_it.rules_block.list - DEBUG - list.list_block:102 - entering list: StateBlock(line=122,level=0,tokens=349), 122, 168, False
2025-12-28 19:38:45 - 20251228_193844_b08d403b - markdown_it.rules_block.code - DEBUG - code.code:10 - entering code: StateBlock(line=122,level=2,tokens=351), 122, 168, False
2025-12-28 19:38:45 - 20251228_193844_b08d403b - markdown_it.rules_block.fence - DEBUG - fence.fence:10 - entering fence: StateBlock(line=122,level=2,tokens=351), 122, 168, False
2025-12-28 19:38:45 - 20251228_193844_b08d403b - markdown_it.rules_block.blockquote - DEBUG - blockquote.blockquote:13 - entering blockquote: StateBlock(line=122,level=2,tokens=351), 122, 168, False
2025-12-28 19:38:45 - 20251228_193844_b08d403b - markdown_it.rules_block.hr - DEBUG - hr.hr:14 - entering hr: StateBlock(line=122,level=2,tokens=351), 122, 168, False
2025-12-28 19:38:45 - 20251228_193844_b08d403b - markdown_it.rules_block.list - DEBUG - list.list_block:102 - entering list: StateBlock(line=122,level=2,tokens=351), 122, 168, False
2025-12-28 19:38:45 - 20251228_193844_b08d403b - markdown_it.rules_block.reference - DEBUG - reference.reference:10 - entering reference: StateBlock(line=122,level=2,tokens=351), 122, 168, False
2025-12-28 19:38:45 - 20251228_193844_b08d403b - markdown_it.rules_block.html_block - DEBUG - html_block.html_block:35 - entering html_block: StateBlock(line=122,level=2,tokens=351), 122, 168, False
2025-12-28 19:38:45 - 20251228_193844_b08d403b - markdown_it.rules_block.heading - DEBUG - heading.heading:13 - entering heading: StateBlock(line=122,level=2,tokens=351), 122, 168, False
2025-12-28 19:38:45 - 20251228_193844_b08d403b - markdown_it.rules_block.lheading - DEBUG - lheading.lheading:10 - entering lheading: StateBlock(line=122,level=2,tokens=351), 122, 168, False
2025-12-28 19:38:45 - 20251228_193844_b08d403b - markdown_it.rules_block.fence - DEBUG - fence.fence:10 - entering fence: StateBlock(line=122,level=2,tokens=351), 123, 168, True
2025-12-28 19:38:45 - 20251228_193844_b08d403b - markdown_it.rules_block.blockquote - DEBUG - blockquote.blockquote:13 - entering blockquote: StateBlock(line=122,level=2,tokens=351), 123, 168, True
2025-12-28 19:38:45 - 20251228_193844_b08d403b - markdown_it.rules_block.hr - DEBUG - hr.hr:14 - entering hr: StateBlock(line=122,level=2,tokens=351), 123, 168, True
2025-12-28 19:38:45 - 20251228_193844_b08d403b - markdown_it.rules_block.list - DEBUG - list.list_block:102 - entering list: StateBlock(line=122,level=2,tokens=351), 123, 168, True
2025-12-28 19:38:45 - 20251228_193844_b08d403b - markdown_it.rules_block.paragraph - DEBUG - paragraph.paragraph:10 - entering paragraph: StateBlock(line=122,level=2,tokens=351), 122, 168, False
2025-12-28 19:38:45 - 20251228_193844_b08d403b - markdown_it.rules_block.fence - DEBUG - fence.fence:10 - entering fence: StateBlock(line=122,level=2,tokens=351), 123, 168, True
2025-12-28 19:38:45 - 20251228_193844_b08d403b - markdown_it.rules_block.blockquote - DEBUG - blockquote.blockquote:13 - entering blockquote: StateBlock(line=122,level=2,tokens=351), 123, 168, True
2025-12-28 19:38:45 - 20251228_193844_b08d403b - markdown_it.rules_block.hr - DEBUG - hr.hr:14 - entering hr: StateBlock(line=122,level=2,tokens=351), 123, 168, True
2025-12-28 19:38:45 - 20251228_193844_b08d403b - markdown_it.rules_block.list - DEBUG - list.list_block:102 - entering list: StateBlock(line=122,level=2,tokens=351), 123, 168, True
2025-12-28 19:38:45 - 20251228_193844_b08d403b - markdown_it.rules_block.fence - DEBUG - fence.fence:10 - entering fence: StateBlock(line=123,level=1,tokens=355), 123, 168, True
2025-12-28 19:38:45 - 20251228_193844_b08d403b - markdown_it.rules_block.blockquote - DEBUG - blockquote.blockquote:13 - entering blockquote: StateBlock(line=123,level=1,tokens=355), 123, 168, True
2025-12-28 19:38:45 - 20251228_193844_b08d403b - markdown_it.rules_block.hr - DEBUG - hr.hr:14 - entering hr: StateBlock(line=123,level=1,tokens=355), 123, 168, True
2025-12-28 19:38:45 - 20251228_193844_b08d403b - markdown_it.rules_block.code - DEBUG - code.code:10 - entering code: StateBlock(line=123,level=2,tokens=356), 123, 168, False
2025-12-28 19:38:45 - 20251228_193844_b08d403b - markdown_it.rules_block.fence - DEBUG - fence.fence:10 - entering fence: StateBlock(line=123,level=2,tokens=356), 123, 168, False
2025-12-28 19:38:45 - 20251228_193844_b08d403b - markdown_it.rules_block.blockquote - DEBUG - blockquote.blockquote:13 - entering blockquote: StateBlock(line=123,level=2,tokens=356), 123, 168, False
2025-12-28 19:38:45 - 20251228_193844_b08d403b - markdown_it.rules_block.hr - DEBUG - hr.hr:14 - entering hr: StateBlock(line=123,level=2,tokens=356), 123, 168, False
2025-12-28 19:38:45 - 20251228_193844_b08d403b - markdown_it.rules_block.list - DEBUG - list.list_block:102 - entering list: StateBlock(line=123,level=2,tokens=356), 123, 168, False
2025-12-28 19:38:45 - 20251228_193844_b08d403b - markdown_it.rules_block.reference - DEBUG - reference.reference:10 - entering reference: StateBlock(line=123,level=2,tokens=356), 123, 168, False
2025-12-28 19:38:45 - 20251228_193844_b08d403b - markdown_it.rules_block.html_block - DEBUG - html_block.html_block:35 - entering html_block: StateBlock(line=123,level=2,tokens=356), 123, 168, False
2025-12-28 19:38:45 - 20251228_193844_b08d403b - markdown_it.rules_block.heading - DEBUG - heading.heading:13 - entering heading: StateBlock(line=123,level=2,tokens=356), 123, 168, False
2025-12-28 19:38:45 - 20251228_193844_b08d403b - markdown_it.rules_block.lheading - DEBUG - lheading.lheading:10 - entering lheading: StateBlock(line=123,level=2,tokens=356), 123, 168, False
2025-12-28 19:38:45 - 20251228_193844_b08d403b - markdown_it.rules_block.fence - DEBUG - fence.fence:10 - entering fence: StateBlock(line=123,level=2,tokens=356), 124, 168, True
2025-12-28 19:38:45 - 20251228_193844_b08d403b - markdown_it.rules_block.blockquote - DEBUG - blockquote.blockquote:13 - entering blockquote: StateBlock(line=123,level=2,tokens=356), 124, 168, True
2025-12-28 19:38:45 - 20251228_193844_b08d403b - markdown_it.rules_block.hr - DEBUG - hr.hr:14 - entering hr: StateBlock(line=123,level=2,tokens=356), 124, 168, True
2025-12-28 19:38:45 - 20251228_193844_b08d403b - markdown_it.rules_block.list - DEBUG - list.list_block:102 - entering list: StateBlock(line=123,level=2,tokens=356), 124, 168, True
2025-12-28 19:38:45 - 20251228_193844_b08d403b - markdown_it.rules_block.paragraph - DEBUG - paragraph.paragraph:10 - entering paragraph: StateBlock(line=123,level=2,tokens=356), 123, 168, False
2025-12-28 19:38:45 - 20251228_193844_b08d403b - markdown_it.rules_block.fence - DEBUG - fence.fence:10 - entering fence: StateBlock(line=123,level=2,tokens=356), 124, 168, True
2025-12-28 19:38:45 - 20251228_193844_b08d403b - markdown_it.rules_block.blockquote - DEBUG - blockquote.blockquote:13 - entering blockquote: StateBlock(line=123,level=2,tokens=356), 124, 168, True
2025-12-28 19:38:45 - 20251228_193844_b08d403b - markdown_it.rules_block.hr - DEBUG - hr.hr:14 - entering hr: StateBlock(line=123,level=2,tokens=356), 124, 168, True
2025-12-28 19:38:45 - 20251228_193844_b08d403b - markdown_it.rules_block.list - DEBUG - list.list_block:102 - entering list: StateBlock(line=123,level=2,tokens=356), 124, 168, True
2025-12-28 19:38:45 - 20251228_193844_b08d403b - markdown_it.rules_block.fence - DEBUG - fence.fence:10 - entering fence: StateBlock(line=124,level=1,tokens=360), 124, 168, True
2025-12-28 19:38:45 - 20251228_193844_b08d403b - markdown_it.rules_block.blockquote - DEBUG - blockquote.blockquote:13 - entering blockquote: StateBlock(line=124,level=1,tokens=360), 124, 168, True
2025-12-28 19:38:45 - 20251228_193844_b08d403b - markdown_it.rules_block.hr - DEBUG - hr.hr:14 - entering hr: StateBlock(line=124,level=1,tokens=360), 124, 168, True
2025-12-28 19:38:45 - 20251228_193844_b08d403b - markdown_it.rules_block.code - DEBUG - code.code:10 - entering code: StateBlock(line=124,level=2,tokens=361), 124, 168, False
2025-12-28 19:38:45 - 20251228_193844_b08d403b - markdown_it.rules_block.fence - DEBUG - fence.fence:10 - entering fence: StateBlock(line=124,level=2,tokens=361), 124, 168, False
2025-12-28 19:38:45 - 20251228_193844_b08d403b - markdown_it.rules_block.blockquote - DEBUG - blockquote.blockquote:13 - entering blockquote: StateBlock(line=124,level=2,tokens=361), 124, 168, False
2025-12-28 19:38:45 - 20251228_193844_b08d403b - markdown_it.rules_block.hr - DEBUG - hr.hr:14 - entering hr: StateBlock(line=124,level=2,tokens=361), 124, 168, False
2025-12-28 19:38:45 - 20251228_193844_b08d403b - markdown_it.rules_block.list - DEBUG - list.list_block:102 - entering list: StateBlock(line=124,level=2,tokens=361), 124, 168, False
2025-12-28 19:38:45 - 20251228_193844_b08d403b - markdown_it.rules_block.reference - DEBUG - reference.reference:10 - entering reference: StateBlock(line=124,level=2,tokens=361), 124, 168, False
2025-12-28 19:38:45 - 20251228_193844_b08d403b - markdown_it.rules_block.html_block - DEBUG - html_block.html_block:35 - entering html_block: StateBlock(line=124,level=2,tokens=361), 124, 168, False
2025-12-28 19:38:45 - 20251228_193844_b08d403b - markdown_it.rules_block.heading - DEBUG - heading.heading:13 - entering heading: StateBlock(line=124,level=2,tokens=361), 124, 168, False
2025-12-28 19:38:45 - 20251228_193844_b08d403b - markdown_it.rules_block.lheading - DEBUG - lheading.lheading:10 - entering lheading: StateBlock(line=124,level=2,tokens=361), 124, 168, False
2025-12-28 19:38:45 - 20251228_193844_b08d403b - markdown_it.rules_block.paragraph - DEBUG - paragraph.paragraph:10 - entering paragraph: StateBlock(line=124,level=2,tokens=361), 124, 168, False
2025-12-28 19:38:45 - 20251228_193844_b08d403b - markdown_it.rules_block.fence - DEBUG - fence.fence:10 - entering fence: StateBlock(line=126,level=1,tokens=365), 126, 168, True
2025-12-28 19:38:45 - 20251228_193844_b08d403b - markdown_it.rules_block.blockquote - DEBUG - blockquote.blockquote:13 - entering blockquote: StateBlock(line=126,level=1,tokens=365), 126, 168, True
2025-12-28 19:38:45 - 20251228_193844_b08d403b - markdown_it.rules_block.hr - DEBUG - hr.hr:14 - entering hr: StateBlock(line=126,level=1,tokens=365), 126, 168, True
2025-12-28 19:38:45 - 20251228_193844_b08d403b - markdown_it.rules_block.code - DEBUG - code.code:10 - entering code: StateBlock(line=126,level=0,tokens=366), 126, 168, False
2025-12-28 19:38:45 - 20251228_193844_b08d403b - markdown_it.rules_block.fence - DEBUG - fence.fence:10 - entering fence: StateBlock(line=126,level=0,tokens=366), 126, 168, False
2025-12-28 19:38:45 - 20251228_193844_b08d403b - markdown_it.rules_block.blockquote - DEBUG - blockquote.blockquote:13 - entering blockquote: StateBlock(line=126,level=0,tokens=366), 126, 168, False
2025-12-28 19:38:45 - 20251228_193844_b08d403b - markdown_it.rules_block.hr - DEBUG - hr.hr:14 - entering hr: StateBlock(line=126,level=0,tokens=366), 126, 168, False
2025-12-28 19:38:45 - 20251228_193844_b08d403b - markdown_it.rules_block.list - DEBUG - list.list_block:102 - entering list: StateBlock(line=126,level=0,tokens=366), 126, 168, False
2025-12-28 19:38:45 - 20251228_193844_b08d403b - markdown_it.rules_block.reference - DEBUG - reference.reference:10 - entering reference: StateBlock(line=126,level=0,tokens=366), 126, 168, False
2025-12-28 19:38:45 - 20251228_193844_b08d403b - markdown_it.rules_block.html_block - DEBUG - html_block.html_block:35 - entering html_block: StateBlock(line=126,level=0,tokens=366), 126, 168, False
2025-12-28 19:38:45 - 20251228_193844_b08d403b - markdown_it.rules_block.heading - DEBUG - heading.heading:13 - entering heading: StateBlock(line=126,level=0,tokens=366), 126, 168, False
2025-12-28 19:38:45 - 20251228_193844_b08d403b - markdown_it.rules_block.lheading - DEBUG - lheading.lheading:10 - entering lheading: StateBlock(line=126,level=0,tokens=366), 126, 168, False
2025-12-28 19:38:45 - 20251228_193844_b08d403b - markdown_it.rules_block.paragraph - DEBUG - paragraph.paragraph:10 - entering paragraph: StateBlock(line=126,level=0,tokens=366), 126, 168, False
2025-12-28 19:38:45 - 20251228_193844_b08d403b - markdown_it.rules_block.code - DEBUG - code.code:10 - entering code: StateBlock(line=128,level=0,tokens=369), 128, 168, False
2025-12-28 19:38:45 - 20251228_193844_b08d403b - markdown_it.rules_block.fence - DEBUG - fence.fence:10 - entering fence: StateBlock(line=128,level=0,tokens=369), 128, 168, False
2025-12-28 19:38:45 - 20251228_193844_b08d403b - markdown_it.rules_block.blockquote - DEBUG - blockquote.blockquote:13 - entering blockquote: StateBlock(line=128,level=0,tokens=369), 128, 168, False
2025-12-28 19:38:45 - 20251228_193844_b08d403b - markdown_it.rules_block.hr - DEBUG - hr.hr:14 - entering hr: StateBlock(line=128,level=0,tokens=369), 128, 168, False
2025-12-28 19:38:45 - 20251228_193844_b08d403b - markdown_it.rules_block.code - DEBUG - code.code:10 - entering code: StateBlock(line=130,level=0,tokens=370), 130, 168, False
2025-12-28 19:38:45 - 20251228_193844_b08d403b - markdown_it.rules_block.fence - DEBUG - fence.fence:10 - entering fence: StateBlock(line=130,level=0,tokens=370), 130, 168, False
2025-12-28 19:38:45 - 20251228_193844_b08d403b - markdown_it.rules_block.blockquote - DEBUG - blockquote.blockquote:13 - entering blockquote: StateBlock(line=130,level=0,tokens=370), 130, 168, False
2025-12-28 19:38:45 - 20251228_193844_b08d403b - markdown_it.rules_block.hr - DEBUG - hr.hr:14 - entering hr: StateBlock(line=130,level=0,tokens=370), 130, 168, False
2025-12-28 19:38:45 - 20251228_193844_b08d403b - markdown_it.rules_block.list - DEBUG - list.list_block:102 - entering list: StateBlock(line=130,level=0,tokens=370), 130, 168, False
2025-12-28 19:38:45 - 20251228_193844_b08d403b - markdown_it.rules_block.reference - DEBUG - reference.reference:10 - entering reference: StateBlock(line=130,level=0,tokens=370), 130, 168, False
2025-12-28 19:38:45 - 20251228_193844_b08d403b - markdown_it.rules_block.html_block - DEBUG - html_block.html_block:35 - entering html_block: StateBlock(line=130,level=0,tokens=370), 130, 168, False
2025-12-28 19:38:45 - 20251228_193844_b08d403b - markdown_it.rules_block.heading - DEBUG - heading.heading:13 - entering heading: StateBlock(line=130,level=0,tokens=370), 130, 168, False
2025-12-28 19:38:45 - 20251228_193844_b08d403b - markdown_it.rules_block.code - DEBUG - code.code:10 - entering code: StateBlock(line=132,level=0,tokens=373), 132, 168, False
2025-12-28 19:38:45 - 20251228_193844_b08d403b - markdown_it.rules_block.fence - DEBUG - fence.fence:10 - entering fence: StateBlock(line=132,level=0,tokens=373), 132, 168, False
2025-12-28 19:38:45 - 20251228_193844_b08d403b - markdown_it.rules_block.blockquote - DEBUG - blockquote.blockquote:13 - entering blockquote: StateBlock(line=132,level=0,tokens=373), 132, 168, False
2025-12-28 19:38:45 - 20251228_193844_b08d403b - markdown_it.rules_block.hr - DEBUG - hr.hr:14 - entering hr: StateBlock(line=132,level=0,tokens=373), 132, 168, False
2025-12-28 19:38:45 - 20251228_193844_b08d403b - markdown_it.rules_block.list - DEBUG - list.list_block:102 - entering list: StateBlock(line=132,level=0,tokens=373), 132, 168, False
2025-12-28 19:38:45 - 20251228_193844_b08d403b - markdown_it.rules_block.reference - DEBUG - reference.reference:10 - entering reference: StateBlock(line=132,level=0,tokens=373), 132, 168, False
2025-12-28 19:38:45 - 20251228_193844_b08d403b - markdown_it.rules_block.html_block - DEBUG - html_block.html_block:35 - entering html_block: StateBlock(line=132,level=0,tokens=373), 132, 168, False
2025-12-28 19:38:45 - 20251228_193844_b08d403b - markdown_it.rules_block.heading - DEBUG - heading.heading:13 - entering heading: StateBlock(line=132,level=0,tokens=373), 132, 168, False
2025-12-28 19:38:45 - 20251228_193844_b08d403b - markdown_it.rules_block.lheading - DEBUG - lheading.lheading:10 - entering lheading: StateBlock(line=132,level=0,tokens=373), 132, 168, False
2025-12-28 19:38:45 - 20251228_193844_b08d403b - markdown_it.rules_block.fence - DEBUG - fence.fence:10 - entering fence: StateBlock(line=132,level=0,tokens=373), 133, 168, True
2025-12-28 19:38:45 - 20251228_193844_b08d403b - markdown_it.rules_block.blockquote - DEBUG - blockquote.blockquote:13 - entering blockquote: StateBlock(line=132,level=0,tokens=373), 133, 168, True
2025-12-28 19:38:45 - 20251228_193844_b08d403b - markdown_it.rules_block.hr - DEBUG - hr.hr:14 - entering hr: StateBlock(line=132,level=0,tokens=373), 133, 168, True
2025-12-28 19:38:45 - 20251228_193844_b08d403b - markdown_it.rules_block.list - DEBUG - list.list_block:102 - entering list: StateBlock(line=132,level=0,tokens=373), 133, 168, True
2025-12-28 19:38:45 - 20251228_193844_b08d403b - markdown_it.rules_block.paragraph - DEBUG - paragraph.paragraph:10 - entering paragraph: StateBlock(line=132,level=0,tokens=373), 132, 168, False
2025-12-28 19:38:45 - 20251228_193844_b08d403b - markdown_it.rules_block.fence - DEBUG - fence.fence:10 - entering fence: StateBlock(line=132,level=0,tokens=373), 133, 168, True
2025-12-28 19:38:45 - 20251228_193844_b08d403b - markdown_it.rules_block.blockquote - DEBUG - blockquote.blockquote:13 - entering blockquote: StateBlock(line=132,level=0,tokens=373), 133, 168, True
2025-12-28 19:38:45 - 20251228_193844_b08d403b - markdown_it.rules_block.hr - DEBUG - hr.hr:14 - entering hr: StateBlock(line=132,level=0,tokens=373), 133, 168, True
2025-12-28 19:38:45 - 20251228_193844_b08d403b - markdown_it.rules_block.list - DEBUG - list.list_block:102 - entering list: StateBlock(line=132,level=0,tokens=373), 133, 168, True
2025-12-28 19:38:45 - 20251228_193844_b08d403b - markdown_it.rules_block.code - DEBUG - code.code:10 - entering code: StateBlock(line=133,level=0,tokens=376), 133, 168, False
2025-12-28 19:38:45 - 20251228_193844_b08d403b - markdown_it.rules_block.fence - DEBUG - fence.fence:10 - entering fence: StateBlock(line=133,level=0,tokens=376), 133, 168, False
2025-12-28 19:38:45 - 20251228_193844_b08d403b - markdown_it.rules_block.blockquote - DEBUG - blockquote.blockquote:13 - entering blockquote: StateBlock(line=133,level=0,tokens=376), 133, 168, False
2025-12-28 19:38:45 - 20251228_193844_b08d403b - markdown_it.rules_block.hr - DEBUG - hr.hr:14 - entering hr: StateBlock(line=133,level=0,tokens=376), 133, 168, False
2025-12-28 19:38:45 - 20251228_193844_b08d403b - markdown_it.rules_block.list - DEBUG - list.list_block:102 - entering list: StateBlock(line=133,level=0,tokens=376), 133, 168, False
2025-12-28 19:38:45 - 20251228_193844_b08d403b - markdown_it.rules_block.code - DEBUG - code.code:10 - entering code: StateBlock(line=133,level=2,tokens=378), 133, 168, False
2025-12-28 19:38:45 - 20251228_193844_b08d403b - markdown_it.rules_block.fence - DEBUG - fence.fence:10 - entering fence: StateBlock(line=133,level=2,tokens=378), 133, 168, False
2025-12-28 19:38:45 - 20251228_193844_b08d403b - markdown_it.rules_block.blockquote - DEBUG - blockquote.blockquote:13 - entering blockquote: StateBlock(line=133,level=2,tokens=378), 133, 168, False
2025-12-28 19:38:45 - 20251228_193844_b08d403b - markdown_it.rules_block.hr - DEBUG - hr.hr:14 - entering hr: StateBlock(line=133,level=2,tokens=378), 133, 168, False
2025-12-28 19:38:45 - 20251228_193844_b08d403b - markdown_it.rules_block.list - DEBUG - list.list_block:102 - entering list: StateBlock(line=133,level=2,tokens=378), 133, 168, False
2025-12-28 19:38:45 - 20251228_193844_b08d403b - markdown_it.rules_block.reference - DEBUG - reference.reference:10 - entering reference: StateBlock(line=133,level=2,tokens=378), 133, 168, False
2025-12-28 19:38:45 - 20251228_193844_b08d403b - markdown_it.rules_block.html_block - DEBUG - html_block.html_block:35 - entering html_block: StateBlock(line=133,level=2,tokens=378), 133, 168, False
2025-12-28 19:38:45 - 20251228_193844_b08d403b - markdown_it.rules_block.heading - DEBUG - heading.heading:13 - entering heading: StateBlock(line=133,level=2,tokens=378), 133, 168, False
2025-12-28 19:38:45 - 20251228_193844_b08d403b - markdown_it.rules_block.lheading - DEBUG - lheading.lheading:10 - entering lheading: StateBlock(line=133,level=2,tokens=378), 133, 168, False
2025-12-28 19:38:45 - 20251228_193844_b08d403b - markdown_it.rules_block.fence - DEBUG - fence.fence:10 - entering fence: StateBlock(line=133,level=2,tokens=378), 134, 168, True
2025-12-28 19:38:45 - 20251228_193844_b08d403b - markdown_it.rules_block.blockquote - DEBUG - blockquote.blockquote:13 - entering blockquote: StateBlock(line=133,level=2,tokens=378), 134, 168, True
2025-12-28 19:38:45 - 20251228_193844_b08d403b - markdown_it.rules_block.hr - DEBUG - hr.hr:14 - entering hr: StateBlock(line=133,level=2,tokens=378), 134, 168, True
2025-12-28 19:38:45 - 20251228_193844_b08d403b - markdown_it.rules_block.list - DEBUG - list.list_block:102 - entering list: StateBlock(line=133,level=2,tokens=378), 134, 168, True
2025-12-28 19:38:45 - 20251228_193844_b08d403b - markdown_it.rules_block.paragraph - DEBUG - paragraph.paragraph:10 - entering paragraph: StateBlock(line=133,level=2,tokens=378), 133, 168, False
2025-12-28 19:38:45 - 20251228_193844_b08d403b - markdown_it.rules_block.fence - DEBUG - fence.fence:10 - entering fence: StateBlock(line=133,level=2,tokens=378), 134, 168, True
2025-12-28 19:38:45 - 20251228_193844_b08d403b - markdown_it.rules_block.blockquote - DEBUG - blockquote.blockquote:13 - entering blockquote: StateBlock(line=133,level=2,tokens=378), 134, 168, True
2025-12-28 19:38:45 - 20251228_193844_b08d403b - markdown_it.rules_block.hr - DEBUG - hr.hr:14 - entering hr: StateBlock(line=133,level=2,tokens=378), 134, 168, True
2025-12-28 19:38:45 - 20251228_193844_b08d403b - markdown_it.rules_block.list - DEBUG - list.list_block:102 - entering list: StateBlock(line=133,level=2,tokens=378), 134, 168, True
2025-12-28 19:38:45 - 20251228_193844_b08d403b - markdown_it.rules_block.fence - DEBUG - fence.fence:10 - entering fence: StateBlock(line=134,level=1,tokens=382), 134, 168, True
2025-12-28 19:38:45 - 20251228_193844_b08d403b - markdown_it.rules_block.blockquote - DEBUG - blockquote.blockquote:13 - entering blockquote: StateBlock(line=134,level=1,tokens=382), 134, 168, True
2025-12-28 19:38:45 - 20251228_193844_b08d403b - markdown_it.rules_block.hr - DEBUG - hr.hr:14 - entering hr: StateBlock(line=134,level=1,tokens=382), 134, 168, True
2025-12-28 19:38:45 - 20251228_193844_b08d403b - markdown_it.rules_block.code - DEBUG - code.code:10 - entering code: StateBlock(line=134,level=2,tokens=383), 134, 168, False
2025-12-28 19:38:45 - 20251228_193844_b08d403b - markdown_it.rules_block.fence - DEBUG - fence.fence:10 - entering fence: StateBlock(line=134,level=2,tokens=383), 134, 168, False
2025-12-28 19:38:45 - 20251228_193844_b08d403b - markdown_it.rules_block.blockquote - DEBUG - blockquote.blockquote:13 - entering blockquote: StateBlock(line=134,level=2,tokens=383), 134, 168, False
2025-12-28 19:38:45 - 20251228_193844_b08d403b - markdown_it.rules_block.hr - DEBUG - hr.hr:14 - entering hr: StateBlock(line=134,level=2,tokens=383), 134, 168, False
2025-12-28 19:38:45 - 20251228_193844_b08d403b - markdown_it.rules_block.list - DEBUG - list.list_block:102 - entering list: StateBlock(line=134,level=2,tokens=383), 134, 168, False
2025-12-28 19:38:45 - 20251228_193844_b08d403b - markdown_it.rules_block.reference - DEBUG - reference.reference:10 - entering reference: StateBlock(line=134,level=2,tokens=383), 134, 168, False
2025-12-28 19:38:45 - 20251228_193844_b08d403b - markdown_it.rules_block.html_block - DEBUG - html_block.html_block:35 - entering html_block: StateBlock(line=134,level=2,tokens=383), 134, 168, False
2025-12-28 19:38:45 - 20251228_193844_b08d403b - markdown_it.rules_block.heading - DEBUG - heading.heading:13 - entering heading: StateBlock(line=134,level=2,tokens=383), 134, 168, False
2025-12-28 19:38:45 - 20251228_193844_b08d403b - markdown_it.rules_block.lheading - DEBUG - lheading.lheading:10 - entering lheading: StateBlock(line=134,level=2,tokens=383), 134, 168, False
2025-12-28 19:38:45 - 20251228_193844_b08d403b - markdown_it.rules_block.fence - DEBUG - fence.fence:10 - entering fence: StateBlock(line=134,level=2,tokens=383), 135, 168, True
2025-12-28 19:38:45 - 20251228_193844_b08d403b - markdown_it.rules_block.blockquote - DEBUG - blockquote.blockquote:13 - entering blockquote: StateBlock(line=134,level=2,tokens=383), 135, 168, True
2025-12-28 19:38:45 - 20251228_193844_b08d403b - markdown_it.rules_block.hr - DEBUG - hr.hr:14 - entering hr: StateBlock(line=134,level=2,tokens=383), 135, 168, True
2025-12-28 19:38:45 - 20251228_193844_b08d403b - markdown_it.rules_block.list - DEBUG - list.list_block:102 - entering list: StateBlock(line=134,level=2,tokens=383), 135, 168, True
2025-12-28 19:38:45 - 20251228_193844_b08d403b - markdown_it.rules_block.paragraph - DEBUG - paragraph.paragraph:10 - entering paragraph: StateBlock(line=134,level=2,tokens=383), 134, 168, False
2025-12-28 19:38:45 - 20251228_193844_b08d403b - markdown_it.rules_block.fence - DEBUG - fence.fence:10 - entering fence: StateBlock(line=134,level=2,tokens=383), 135, 168, True
2025-12-28 19:38:45 - 20251228_193844_b08d403b - markdown_it.rules_block.blockquote - DEBUG - blockquote.blockquote:13 - entering blockquote: StateBlock(line=134,level=2,tokens=383), 135, 168, True
2025-12-28 19:38:45 - 20251228_193844_b08d403b - markdown_it.rules_block.hr - DEBUG - hr.hr:14 - entering hr: StateBlock(line=134,level=2,tokens=383), 135, 168, True
2025-12-28 19:38:45 - 20251228_193844_b08d403b - markdown_it.rules_block.list - DEBUG - list.list_block:102 - entering list: StateBlock(line=134,level=2,tokens=383), 135, 168, True
2025-12-28 19:38:45 - 20251228_193844_b08d403b - markdown_it.rules_block.fence - DEBUG - fence.fence:10 - entering fence: StateBlock(line=135,level=1,tokens=387), 135, 168, True
2025-12-28 19:38:45 - 20251228_193844_b08d403b - markdown_it.rules_block.blockquote - DEBUG - blockquote.blockquote:13 - entering blockquote: StateBlock(line=135,level=1,tokens=387), 135, 168, True
2025-12-28 19:38:45 - 20251228_193844_b08d403b - markdown_it.rules_block.hr - DEBUG - hr.hr:14 - entering hr: StateBlock(line=135,level=1,tokens=387), 135, 168, True
2025-12-28 19:38:45 - 20251228_193844_b08d403b - markdown_it.rules_block.code - DEBUG - code.code:10 - entering code: StateBlock(line=135,level=2,tokens=388), 135, 168, False
2025-12-28 19:38:45 - 20251228_193844_b08d403b - markdown_it.rules_block.fence - DEBUG - fence.fence:10 - entering fence: StateBlock(line=135,level=2,tokens=388), 135, 168, False
2025-12-28 19:38:45 - 20251228_193844_b08d403b - markdown_it.rules_block.blockquote - DEBUG - blockquote.blockquote:13 - entering blockquote: StateBlock(line=135,level=2,tokens=388), 135, 168, False
2025-12-28 19:38:45 - 20251228_193844_b08d403b - markdown_it.rules_block.hr - DEBUG - hr.hr:14 - entering hr: StateBlock(line=135,level=2,tokens=388), 135, 168, False
2025-12-28 19:38:45 - 20251228_193844_b08d403b - markdown_it.rules_block.list - DEBUG - list.list_block:102 - entering list: StateBlock(line=135,level=2,tokens=388), 135, 168, False
2025-12-28 19:38:45 - 20251228_193844_b08d403b - markdown_it.rules_block.reference - DEBUG - reference.reference:10 - entering reference: StateBlock(line=135,level=2,tokens=388), 135, 168, False
2025-12-28 19:38:45 - 20251228_193844_b08d403b - markdown_it.rules_block.html_block - DEBUG - html_block.html_block:35 - entering html_block: StateBlock(line=135,level=2,tokens=388), 135, 168, False
2025-12-28 19:38:45 - 20251228_193844_b08d403b - markdown_it.rules_block.heading - DEBUG - heading.heading:13 - entering heading: StateBlock(line=135,level=2,tokens=388), 135, 168, False
2025-12-28 19:38:45 - 20251228_193844_b08d403b - markdown_it.rules_block.lheading - DEBUG - lheading.lheading:10 - entering lheading: StateBlock(line=135,level=2,tokens=388), 135, 168, False
2025-12-28 19:38:45 - 20251228_193844_b08d403b - markdown_it.rules_block.fence - DEBUG - fence.fence:10 - entering fence: StateBlock(line=135,level=2,tokens=388), 136, 168, True
2025-12-28 19:38:45 - 20251228_193844_b08d403b - markdown_it.rules_block.blockquote - DEBUG - blockquote.blockquote:13 - entering blockquote: StateBlock(line=135,level=2,tokens=388), 136, 168, True
2025-12-28 19:38:45 - 20251228_193844_b08d403b - markdown_it.rules_block.hr - DEBUG - hr.hr:14 - entering hr: StateBlock(line=135,level=2,tokens=388), 136, 168, True
2025-12-28 19:38:45 - 20251228_193844_b08d403b - markdown_it.rules_block.list - DEBUG - list.list_block:102 - entering list: StateBlock(line=135,level=2,tokens=388), 136, 168, True
2025-12-28 19:38:45 - 20251228_193844_b08d403b - markdown_it.rules_block.paragraph - DEBUG - paragraph.paragraph:10 - entering paragraph: StateBlock(line=135,level=2,tokens=388), 135, 168, False
2025-12-28 19:38:45 - 20251228_193844_b08d403b - markdown_it.rules_block.fence - DEBUG - fence.fence:10 - entering fence: StateBlock(line=135,level=2,tokens=388), 136, 168, True
2025-12-28 19:38:45 - 20251228_193844_b08d403b - markdown_it.rules_block.blockquote - DEBUG - blockquote.blockquote:13 - entering blockquote: StateBlock(line=135,level=2,tokens=388), 136, 168, True
2025-12-28 19:38:45 - 20251228_193844_b08d403b - markdown_it.rules_block.hr - DEBUG - hr.hr:14 - entering hr: StateBlock(line=135,level=2,tokens=388), 136, 168, True
2025-12-28 19:38:45 - 20251228_193844_b08d403b - markdown_it.rules_block.list - DEBUG - list.list_block:102 - entering list: StateBlock(line=135,level=2,tokens=388), 136, 168, True
2025-12-28 19:38:45 - 20251228_193844_b08d403b - markdown_it.rules_block.fence - DEBUG - fence.fence:10 - entering fence: StateBlock(line=136,level=1,tokens=392), 136, 168, True
2025-12-28 19:38:45 - 20251228_193844_b08d403b - markdown_it.rules_block.blockquote - DEBUG - blockquote.blockquote:13 - entering blockquote: StateBlock(line=136,level=1,tokens=392), 136, 168, True
2025-12-28 19:38:45 - 20251228_193844_b08d403b - markdown_it.rules_block.hr - DEBUG - hr.hr:14 - entering hr: StateBlock(line=136,level=1,tokens=392), 136, 168, True
2025-12-28 19:38:45 - 20251228_193844_b08d403b - markdown_it.rules_block.code - DEBUG - code.code:10 - entering code: StateBlock(line=136,level=2,tokens=393), 136, 168, False
2025-12-28 19:38:45 - 20251228_193844_b08d403b - markdown_it.rules_block.fence - DEBUG - fence.fence:10 - entering fence: StateBlock(line=136,level=2,tokens=393), 136, 168, False
2025-12-28 19:38:45 - 20251228_193844_b08d403b - markdown_it.rules_block.blockquote - DEBUG - blockquote.blockquote:13 - entering blockquote: StateBlock(line=136,level=2,tokens=393), 136, 168, False
2025-12-28 19:38:45 - 20251228_193844_b08d403b - markdown_it.rules_block.hr - DEBUG - hr.hr:14 - entering hr: StateBlock(line=136,level=2,tokens=393), 136, 168, False
2025-12-28 19:38:45 - 20251228_193844_b08d403b - markdown_it.rules_block.list - DEBUG - list.list_block:102 - entering list: StateBlock(line=136,level=2,tokens=393), 136, 168, False
2025-12-28 19:38:45 - 20251228_193844_b08d403b - markdown_it.rules_block.reference - DEBUG - reference.reference:10 - entering reference: StateBlock(line=136,level=2,tokens=393), 136, 168, False
2025-12-28 19:38:45 - 20251228_193844_b08d403b - markdown_it.rules_block.html_block - DEBUG - html_block.html_block:35 - entering html_block: StateBlock(line=136,level=2,tokens=393), 136, 168, False
2025-12-28 19:38:45 - 20251228_193844_b08d403b - markdown_it.rules_block.heading - DEBUG - heading.heading:13 - entering heading: StateBlock(line=136,level=2,tokens=393), 136, 168, False
2025-12-28 19:38:45 - 20251228_193844_b08d403b - markdown_it.rules_block.lheading - DEBUG - lheading.lheading:10 - entering lheading: StateBlock(line=136,level=2,tokens=393), 136, 168, False
2025-12-28 19:38:45 - 20251228_193844_b08d403b - markdown_it.rules_block.paragraph - DEBUG - paragraph.paragraph:10 - entering paragraph: StateBlock(line=136,level=2,tokens=393), 136, 168, False
2025-12-28 19:38:45 - 20251228_193844_b08d403b - markdown_it.rules_block.fence - DEBUG - fence.fence:10 - entering fence: StateBlock(line=138,level=1,tokens=397), 138, 168, True
2025-12-28 19:38:45 - 20251228_193844_b08d403b - markdown_it.rules_block.blockquote - DEBUG - blockquote.blockquote:13 - entering blockquote: StateBlock(line=138,level=1,tokens=397), 138, 168, True
2025-12-28 19:38:45 - 20251228_193844_b08d403b - markdown_it.rules_block.hr - DEBUG - hr.hr:14 - entering hr: StateBlock(line=138,level=1,tokens=397), 138, 168, True
2025-12-28 19:38:45 - 20251228_193844_b08d403b - markdown_it.rules_block.code - DEBUG - code.code:10 - entering code: StateBlock(line=138,level=0,tokens=398), 138, 168, False
2025-12-28 19:38:45 - 20251228_193844_b08d403b - markdown_it.rules_block.fence - DEBUG - fence.fence:10 - entering fence: StateBlock(line=138,level=0,tokens=398), 138, 168, False
2025-12-28 19:38:45 - 20251228_193844_b08d403b - markdown_it.rules_block.blockquote - DEBUG - blockquote.blockquote:13 - entering blockquote: StateBlock(line=138,level=0,tokens=398), 138, 168, False
2025-12-28 19:38:45 - 20251228_193844_b08d403b - markdown_it.rules_block.hr - DEBUG - hr.hr:14 - entering hr: StateBlock(line=138,level=0,tokens=398), 138, 168, False
2025-12-28 19:38:45 - 20251228_193844_b08d403b - markdown_it.rules_block.list - DEBUG - list.list_block:102 - entering list: StateBlock(line=138,level=0,tokens=398), 138, 168, False
2025-12-28 19:38:45 - 20251228_193844_b08d403b - markdown_it.rules_block.reference - DEBUG - reference.reference:10 - entering reference: StateBlock(line=138,level=0,tokens=398), 138, 168, False
2025-12-28 19:38:45 - 20251228_193844_b08d403b - markdown_it.rules_block.html_block - DEBUG - html_block.html_block:35 - entering html_block: StateBlock(line=138,level=0,tokens=398), 138, 168, False
2025-12-28 19:38:45 - 20251228_193844_b08d403b - markdown_it.rules_block.heading - DEBUG - heading.heading:13 - entering heading: StateBlock(line=138,level=0,tokens=398), 138, 168, False
2025-12-28 19:38:45 - 20251228_193844_b08d403b - markdown_it.rules_block.lheading - DEBUG - lheading.lheading:10 - entering lheading: StateBlock(line=138,level=0,tokens=398), 138, 168, False
2025-12-28 19:38:45 - 20251228_193844_b08d403b - markdown_it.rules_block.paragraph - DEBUG - paragraph.paragraph:10 - entering paragraph: StateBlock(line=138,level=0,tokens=398), 138, 168, False
2025-12-28 19:38:45 - 20251228_193844_b08d403b - markdown_it.rules_block.fence - DEBUG - fence.fence:10 - entering fence: StateBlock(line=139,level=1,tokens=412), 141, 168, True
2025-12-28 19:38:45 - 20251228_193844_b08d403b - markdown_it.rules_block.blockquote - DEBUG - blockquote.blockquote:13 - entering blockquote: StateBlock(line=139,level=1,tokens=412), 141, 168, True
2025-12-28 19:38:45 - 20251228_193844_b08d403b - markdown_it.rules_block.hr - DEBUG - hr.hr:14 - entering hr: StateBlock(line=139,level=1,tokens=412), 141, 168, True
2025-12-28 19:38:45 - 20251228_193844_b08d403b - markdown_it.rules_block.list - DEBUG - list.list_block:102 - entering list: StateBlock(line=139,level=1,tokens=412), 141, 168, True
2025-12-28 19:38:45 - 20251228_193844_b08d403b - markdown_it.rules_block.html_block - DEBUG - html_block.html_block:35 - entering html_block: StateBlock(line=139,level=1,tokens=412), 141, 168, True
2025-12-28 19:38:45 - 20251228_193844_b08d403b - markdown_it.rules_block.heading - DEBUG - heading.heading:13 - entering heading: StateBlock(line=139,level=1,tokens=412), 141, 168, True
2025-12-28 19:38:45 - 20251228_193844_b08d403b - markdown_it.rules_block.fence - DEBUG - fence.fence:10 - entering fence: StateBlock(line=139,level=2,tokens=421), 142, 168, True
2025-12-28 19:38:45 - 20251228_193844_b08d403b - markdown_it.rules_block.blockquote - DEBUG - blockquote.blockquote:13 - entering blockquote: StateBlock(line=139,level=2,tokens=421), 142, 168, True
2025-12-28 19:38:45 - 20251228_193844_b08d403b - markdown_it.rules_block.hr - DEBUG - hr.hr:14 - entering hr: StateBlock(line=139,level=2,tokens=421), 142, 168, True
2025-12-28 19:38:45 - 20251228_193844_b08d403b - markdown_it.rules_block.list - DEBUG - list.list_block:102 - entering list: StateBlock(line=139,level=2,tokens=421), 142, 168, True
2025-12-28 19:38:45 - 20251228_193844_b08d403b - markdown_it.rules_block.html_block - DEBUG - html_block.html_block:35 - entering html_block: StateBlock(line=139,level=2,tokens=421), 142, 168, True
2025-12-28 19:38:45 - 20251228_193844_b08d403b - markdown_it.rules_block.heading - DEBUG - heading.heading:13 - entering heading: StateBlock(line=139,level=2,tokens=421), 142, 168, True
2025-12-28 19:38:45 - 20251228_193844_b08d403b - markdown_it.rules_block.fence - DEBUG - fence.fence:10 - entering fence: StateBlock(line=139,level=2,tokens=429), 143, 168, True
2025-12-28 19:38:45 - 20251228_193844_b08d403b - markdown_it.rules_block.blockquote - DEBUG - blockquote.blockquote:13 - entering blockquote: StateBlock(line=139,level=2,tokens=429), 143, 168, True
2025-12-28 19:38:45 - 20251228_193844_b08d403b - markdown_it.rules_block.hr - DEBUG - hr.hr:14 - entering hr: StateBlock(line=139,level=2,tokens=429), 143, 168, True
2025-12-28 19:38:45 - 20251228_193844_b08d403b - markdown_it.rules_block.list - DEBUG - list.list_block:102 - entering list: StateBlock(line=139,level=2,tokens=429), 143, 168, True
2025-12-28 19:38:45 - 20251228_193844_b08d403b - markdown_it.rules_block.html_block - DEBUG - html_block.html_block:35 - entering html_block: StateBlock(line=139,level=2,tokens=429), 143, 168, True
2025-12-28 19:38:45 - 20251228_193844_b08d403b - markdown_it.rules_block.heading - DEBUG - heading.heading:13 - entering heading: StateBlock(line=139,level=2,tokens=429), 143, 168, True
2025-12-28 19:38:45 - 20251228_193844_b08d403b - markdown_it.rules_block.fence - DEBUG - fence.fence:10 - entering fence: StateBlock(line=139,level=2,tokens=437), 144, 168, True
2025-12-28 19:38:45 - 20251228_193844_b08d403b - markdown_it.rules_block.blockquote - DEBUG - blockquote.blockquote:13 - entering blockquote: StateBlock(line=139,level=2,tokens=437), 144, 168, True
2025-12-28 19:38:45 - 20251228_193844_b08d403b - markdown_it.rules_block.hr - DEBUG - hr.hr:14 - entering hr: StateBlock(line=139,level=2,tokens=437), 144, 168, True
2025-12-28 19:38:45 - 20251228_193844_b08d403b - markdown_it.rules_block.list - DEBUG - list.list_block:102 - entering list: StateBlock(line=139,level=2,tokens=437), 144, 168, True
2025-12-28 19:38:45 - 20251228_193844_b08d403b - markdown_it.rules_block.html_block - DEBUG - html_block.html_block:35 - entering html_block: StateBlock(line=139,level=2,tokens=437), 144, 168, True
2025-12-28 19:38:45 - 20251228_193844_b08d403b - markdown_it.rules_block.heading - DEBUG - heading.heading:13 - entering heading: StateBlock(line=139,level=2,tokens=437), 144, 168, True
2025-12-28 19:38:45 - 20251228_193844_b08d403b - markdown_it.rules_block.fence - DEBUG - fence.fence:10 - entering fence: StateBlock(line=139,level=2,tokens=445), 145, 168, True
2025-12-28 19:38:45 - 20251228_193844_b08d403b - markdown_it.rules_block.blockquote - DEBUG - blockquote.blockquote:13 - entering blockquote: StateBlock(line=139,level=2,tokens=445), 145, 168, True
2025-12-28 19:38:45 - 20251228_193844_b08d403b - markdown_it.rules_block.hr - DEBUG - hr.hr:14 - entering hr: StateBlock(line=139,level=2,tokens=445), 145, 168, True
2025-12-28 19:38:45 - 20251228_193844_b08d403b - markdown_it.rules_block.list - DEBUG - list.list_block:102 - entering list: StateBlock(line=139,level=2,tokens=445), 145, 168, True
2025-12-28 19:38:45 - 20251228_193844_b08d403b - markdown_it.rules_block.html_block - DEBUG - html_block.html_block:35 - entering html_block: StateBlock(line=139,level=2,tokens=445), 145, 168, True
2025-12-28 19:38:45 - 20251228_193844_b08d403b - markdown_it.rules_block.heading - DEBUG - heading.heading:13 - entering heading: StateBlock(line=139,level=2,tokens=445), 145, 168, True
2025-12-28 19:38:45 - 20251228_193844_b08d403b - markdown_it.rules_block.code - DEBUG - code.code:10 - entering code: StateBlock(line=146,level=0,tokens=447), 146, 168, False
2025-12-28 19:38:45 - 20251228_193844_b08d403b - markdown_it.rules_block.fence - DEBUG - fence.fence:10 - entering fence: StateBlock(line=146,level=0,tokens=447), 146, 168, False
2025-12-28 19:38:45 - 20251228_193844_b08d403b - markdown_it.rules_block.blockquote - DEBUG - blockquote.blockquote:13 - entering blockquote: StateBlock(line=146,level=0,tokens=447), 146, 168, False
2025-12-28 19:38:45 - 20251228_193844_b08d403b - markdown_it.rules_block.hr - DEBUG - hr.hr:14 - entering hr: StateBlock(line=146,level=0,tokens=447), 146, 168, False
2025-12-28 19:38:45 - 20251228_193844_b08d403b - markdown_it.rules_block.code - DEBUG - code.code:10 - entering code: StateBlock(line=148,level=0,tokens=448), 148, 168, False
2025-12-28 19:38:45 - 20251228_193844_b08d403b - markdown_it.rules_block.fence - DEBUG - fence.fence:10 - entering fence: StateBlock(line=148,level=0,tokens=448), 148, 168, False
2025-12-28 19:38:45 - 20251228_193844_b08d403b - markdown_it.rules_block.blockquote - DEBUG - blockquote.blockquote:13 - entering blockquote: StateBlock(line=148,level=0,tokens=448), 148, 168, False
2025-12-28 19:38:45 - 20251228_193844_b08d403b - markdown_it.rules_block.hr - DEBUG - hr.hr:14 - entering hr: StateBlock(line=148,level=0,tokens=448), 148, 168, False
2025-12-28 19:38:45 - 20251228_193844_b08d403b - markdown_it.rules_block.list - DEBUG - list.list_block:102 - entering list: StateBlock(line=148,level=0,tokens=448), 148, 168, False
2025-12-28 19:38:45 - 20251228_193844_b08d403b - markdown_it.rules_block.reference - DEBUG - reference.reference:10 - entering reference: StateBlock(line=148,level=0,tokens=448), 148, 168, False
2025-12-28 19:38:45 - 20251228_193844_b08d403b - markdown_it.rules_block.html_block - DEBUG - html_block.html_block:35 - entering html_block: StateBlock(line=148,level=0,tokens=448), 148, 168, False
2025-12-28 19:38:45 - 20251228_193844_b08d403b - markdown_it.rules_block.heading - DEBUG - heading.heading:13 - entering heading: StateBlock(line=148,level=0,tokens=448), 148, 168, False
2025-12-28 19:38:45 - 20251228_193844_b08d403b - markdown_it.rules_block.code - DEBUG - code.code:10 - entering code: StateBlock(line=150,level=0,tokens=451), 150, 168, False
2025-12-28 19:38:45 - 20251228_193844_b08d403b - markdown_it.rules_block.fence - DEBUG - fence.fence:10 - entering fence: StateBlock(line=150,level=0,tokens=451), 150, 168, False
2025-12-28 19:38:45 - 20251228_193844_b08d403b - markdown_it.rules_block.blockquote - DEBUG - blockquote.blockquote:13 - entering blockquote: StateBlock(line=150,level=0,tokens=451), 150, 168, False
2025-12-28 19:38:45 - 20251228_193844_b08d403b - markdown_it.rules_block.hr - DEBUG - hr.hr:14 - entering hr: StateBlock(line=150,level=0,tokens=451), 150, 168, False
2025-12-28 19:38:45 - 20251228_193844_b08d403b - markdown_it.rules_block.list - DEBUG - list.list_block:102 - entering list: StateBlock(line=150,level=0,tokens=451), 150, 168, False
2025-12-28 19:38:45 - 20251228_193844_b08d403b - markdown_it.rules_block.reference - DEBUG - reference.reference:10 - entering reference: StateBlock(line=150,level=0,tokens=451), 150, 168, False
2025-12-28 19:38:45 - 20251228_193844_b08d403b - markdown_it.rules_block.html_block - DEBUG - html_block.html_block:35 - entering html_block: StateBlock(line=150,level=0,tokens=451), 150, 168, False
2025-12-28 19:38:45 - 20251228_193844_b08d403b - markdown_it.rules_block.heading - DEBUG - heading.heading:13 - entering heading: StateBlock(line=150,level=0,tokens=451), 150, 168, False
2025-12-28 19:38:45 - 20251228_193844_b08d403b - markdown_it.rules_block.lheading - DEBUG - lheading.lheading:10 - entering lheading: StateBlock(line=150,level=0,tokens=451), 150, 168, False
2025-12-28 19:38:45 - 20251228_193844_b08d403b - markdown_it.rules_block.fence - DEBUG - fence.fence:10 - entering fence: StateBlock(line=150,level=0,tokens=451), 151, 168, True
2025-12-28 19:38:45 - 20251228_193844_b08d403b - markdown_it.rules_block.blockquote - DEBUG - blockquote.blockquote:13 - entering blockquote: StateBlock(line=150,level=0,tokens=451), 151, 168, True
2025-12-28 19:38:45 - 20251228_193844_b08d403b - markdown_it.rules_block.hr - DEBUG - hr.hr:14 - entering hr: StateBlock(line=150,level=0,tokens=451), 151, 168, True
2025-12-28 19:38:45 - 20251228_193844_b08d403b - markdown_it.rules_block.list - DEBUG - list.list_block:102 - entering list: StateBlock(line=150,level=0,tokens=451), 151, 168, True
2025-12-28 19:38:45 - 20251228_193844_b08d403b - markdown_it.rules_block.html_block - DEBUG - html_block.html_block:35 - entering html_block: StateBlock(line=150,level=0,tokens=451), 151, 168, True
2025-12-28 19:38:45 - 20251228_193844_b08d403b - markdown_it.rules_block.heading - DEBUG - heading.heading:13 - entering heading: StateBlock(line=150,level=0,tokens=451), 151, 168, True
2025-12-28 19:38:45 - 20251228_193844_b08d403b - markdown_it.rules_block.fence - DEBUG - fence.fence:10 - entering fence: StateBlock(line=150,level=0,tokens=451), 152, 168, True
2025-12-28 19:38:45 - 20251228_193844_b08d403b - markdown_it.rules_block.blockquote - DEBUG - blockquote.blockquote:13 - entering blockquote: StateBlock(line=150,level=0,tokens=451), 152, 168, True
2025-12-28 19:38:45 - 20251228_193844_b08d403b - markdown_it.rules_block.hr - DEBUG - hr.hr:14 - entering hr: StateBlock(line=150,level=0,tokens=451), 152, 168, True
2025-12-28 19:38:45 - 20251228_193844_b08d403b - markdown_it.rules_block.list - DEBUG - list.list_block:102 - entering list: StateBlock(line=150,level=0,tokens=451), 152, 168, True
2025-12-28 19:38:45 - 20251228_193844_b08d403b - markdown_it.rules_block.html_block - DEBUG - html_block.html_block:35 - entering html_block: StateBlock(line=150,level=0,tokens=451), 152, 168, True
2025-12-28 19:38:45 - 20251228_193844_b08d403b - markdown_it.rules_block.heading - DEBUG - heading.heading:13 - entering heading: StateBlock(line=150,level=0,tokens=451), 152, 168, True
2025-12-28 19:38:45 - 20251228_193844_b08d403b - markdown_it.rules_block.paragraph - DEBUG - paragraph.paragraph:10 - entering paragraph: StateBlock(line=150,level=0,tokens=451), 150, 168, False
2025-12-28 19:38:45 - 20251228_193844_b08d403b - markdown_it.rules_block.fence - DEBUG - fence.fence:10 - entering fence: StateBlock(line=150,level=0,tokens=451), 151, 168, True
2025-12-28 19:38:45 - 20251228_193844_b08d403b - markdown_it.rules_block.blockquote - DEBUG - blockquote.blockquote:13 - entering blockquote: StateBlock(line=150,level=0,tokens=451), 151, 168, True
2025-12-28 19:38:45 - 20251228_193844_b08d403b - markdown_it.rules_block.hr - DEBUG - hr.hr:14 - entering hr: StateBlock(line=150,level=0,tokens=451), 151, 168, True
2025-12-28 19:38:45 - 20251228_193844_b08d403b - markdown_it.rules_block.list - DEBUG - list.list_block:102 - entering list: StateBlock(line=150,level=0,tokens=451), 151, 168, True
2025-12-28 19:38:45 - 20251228_193844_b08d403b - markdown_it.rules_block.html_block - DEBUG - html_block.html_block:35 - entering html_block: StateBlock(line=150,level=0,tokens=451), 151, 168, True
2025-12-28 19:38:45 - 20251228_193844_b08d403b - markdown_it.rules_block.heading - DEBUG - heading.heading:13 - entering heading: StateBlock(line=150,level=0,tokens=451), 151, 168, True
2025-12-28 19:38:45 - 20251228_193844_b08d403b - markdown_it.rules_block.fence - DEBUG - fence.fence:10 - entering fence: StateBlock(line=150,level=0,tokens=451), 152, 168, True
2025-12-28 19:38:45 - 20251228_193844_b08d403b - markdown_it.rules_block.blockquote - DEBUG - blockquote.blockquote:13 - entering blockquote: StateBlock(line=150,level=0,tokens=451), 152, 168, True
2025-12-28 19:38:45 - 20251228_193844_b08d403b - markdown_it.rules_block.hr - DEBUG - hr.hr:14 - entering hr: StateBlock(line=150,level=0,tokens=451), 152, 168, True
2025-12-28 19:38:45 - 20251228_193844_b08d403b - markdown_it.rules_block.list - DEBUG - list.list_block:102 - entering list: StateBlock(line=150,level=0,tokens=451), 152, 168, True
2025-12-28 19:38:45 - 20251228_193844_b08d403b - markdown_it.rules_block.html_block - DEBUG - html_block.html_block:35 - entering html_block: StateBlock(line=150,level=0,tokens=451), 152, 168, True
2025-12-28 19:38:45 - 20251228_193844_b08d403b - markdown_it.rules_block.heading - DEBUG - heading.heading:13 - entering heading: StateBlock(line=150,level=0,tokens=451), 152, 168, True
2025-12-28 19:38:45 - 20251228_193844_b08d403b - markdown_it.rules_block.code - DEBUG - code.code:10 - entering code: StateBlock(line=154,level=0,tokens=454), 154, 168, False
2025-12-28 19:38:45 - 20251228_193844_b08d403b - markdown_it.rules_block.fence - DEBUG - fence.fence:10 - entering fence: StateBlock(line=154,level=0,tokens=454), 154, 168, False
2025-12-28 19:38:45 - 20251228_193844_b08d403b - markdown_it.rules_block.blockquote - DEBUG - blockquote.blockquote:13 - entering blockquote: StateBlock(line=154,level=0,tokens=454), 154, 168, False
2025-12-28 19:38:45 - 20251228_193844_b08d403b - markdown_it.rules_block.hr - DEBUG - hr.hr:14 - entering hr: StateBlock(line=154,level=0,tokens=454), 154, 168, False
2025-12-28 19:38:45 - 20251228_193844_b08d403b - markdown_it.rules_block.list - DEBUG - list.list_block:102 - entering list: StateBlock(line=154,level=0,tokens=454), 154, 168, False
2025-12-28 19:38:45 - 20251228_193844_b08d403b - markdown_it.rules_block.reference - DEBUG - reference.reference:10 - entering reference: StateBlock(line=154,level=0,tokens=454), 154, 168, False
2025-12-28 19:38:45 - 20251228_193844_b08d403b - markdown_it.rules_block.html_block - DEBUG - html_block.html_block:35 - entering html_block: StateBlock(line=154,level=0,tokens=454), 154, 168, False
2025-12-28 19:38:45 - 20251228_193844_b08d403b - markdown_it.rules_block.heading - DEBUG - heading.heading:13 - entering heading: StateBlock(line=154,level=0,tokens=454), 154, 168, False
2025-12-28 19:38:45 - 20251228_193844_b08d403b - markdown_it.rules_block.lheading - DEBUG - lheading.lheading:10 - entering lheading: StateBlock(line=154,level=0,tokens=454), 154, 168, False
2025-12-28 19:38:45 - 20251228_193844_b08d403b - markdown_it.rules_block.paragraph - DEBUG - paragraph.paragraph:10 - entering paragraph: StateBlock(line=154,level=0,tokens=454), 154, 168, False
2025-12-28 19:38:45 - 20251228_193844_b08d403b - markdown_it.rules_block.code - DEBUG - code.code:10 - entering code: StateBlock(line=156,level=0,tokens=457), 156, 168, False
2025-12-28 19:38:45 - 20251228_193844_b08d403b - markdown_it.rules_block.fence - DEBUG - fence.fence:10 - entering fence: StateBlock(line=156,level=0,tokens=457), 156, 168, False
2025-12-28 19:38:45 - 20251228_193844_b08d403b - markdown_it.rules_block.blockquote - DEBUG - blockquote.blockquote:13 - entering blockquote: StateBlock(line=156,level=0,tokens=457), 156, 168, False
2025-12-28 19:38:45 - 20251228_193844_b08d403b - markdown_it.rules_block.hr - DEBUG - hr.hr:14 - entering hr: StateBlock(line=156,level=0,tokens=457), 156, 168, False
2025-12-28 19:38:45 - 20251228_193844_b08d403b - markdown_it.rules_block.code - DEBUG - code.code:10 - entering code: StateBlock(line=158,level=0,tokens=458), 158, 168, False
2025-12-28 19:38:45 - 20251228_193844_b08d403b - markdown_it.rules_block.fence - DEBUG - fence.fence:10 - entering fence: StateBlock(line=158,level=0,tokens=458), 158, 168, False
2025-12-28 19:38:45 - 20251228_193844_b08d403b - markdown_it.rules_block.blockquote - DEBUG - blockquote.blockquote:13 - entering blockquote: StateBlock(line=158,level=0,tokens=458), 158, 168, False
2025-12-28 19:38:45 - 20251228_193844_b08d403b - markdown_it.rules_block.hr - DEBUG - hr.hr:14 - entering hr: StateBlock(line=158,level=0,tokens=458), 158, 168, False
2025-12-28 19:38:45 - 20251228_193844_b08d403b - markdown_it.rules_block.list - DEBUG - list.list_block:102 - entering list: StateBlock(line=158,level=0,tokens=458), 158, 168, False
2025-12-28 19:38:45 - 20251228_193844_b08d403b - markdown_it.rules_block.reference - DEBUG - reference.reference:10 - entering reference: StateBlock(line=158,level=0,tokens=458), 158, 168, False
2025-12-28 19:38:45 - 20251228_193844_b08d403b - markdown_it.rules_block.html_block - DEBUG - html_block.html_block:35 - entering html_block: StateBlock(line=158,level=0,tokens=458), 158, 168, False
2025-12-28 19:38:45 - 20251228_193844_b08d403b - markdown_it.rules_block.heading - DEBUG - heading.heading:13 - entering heading: StateBlock(line=158,level=0,tokens=458), 158, 168, False
2025-12-28 19:38:45 - 20251228_193844_b08d403b - markdown_it.rules_block.code - DEBUG - code.code:10 - entering code: StateBlock(line=160,level=0,tokens=461), 160, 168, False
2025-12-28 19:38:45 - 20251228_193844_b08d403b - markdown_it.rules_block.fence - DEBUG - fence.fence:10 - entering fence: StateBlock(line=160,level=0,tokens=461), 160, 168, False
2025-12-28 19:38:45 - 20251228_193844_b08d403b - markdown_it.rules_block.blockquote - DEBUG - blockquote.blockquote:13 - entering blockquote: StateBlock(line=160,level=0,tokens=461), 160, 168, False
2025-12-28 19:38:45 - 20251228_193844_b08d403b - markdown_it.rules_block.hr - DEBUG - hr.hr:14 - entering hr: StateBlock(line=160,level=0,tokens=461), 160, 168, False
2025-12-28 19:38:45 - 20251228_193844_b08d403b - markdown_it.rules_block.list - DEBUG - list.list_block:102 - entering list: StateBlock(line=160,level=0,tokens=461), 160, 168, False
2025-12-28 19:38:45 - 20251228_193844_b08d403b - markdown_it.rules_block.code - DEBUG - code.code:10 - entering code: StateBlock(line=160,level=2,tokens=463), 160, 168, False
2025-12-28 19:38:45 - 20251228_193844_b08d403b - markdown_it.rules_block.fence - DEBUG - fence.fence:10 - entering fence: StateBlock(line=160,level=2,tokens=463), 160, 168, False
2025-12-28 19:38:45 - 20251228_193844_b08d403b - markdown_it.rules_block.blockquote - DEBUG - blockquote.blockquote:13 - entering blockquote: StateBlock(line=160,level=2,tokens=463), 160, 168, False
2025-12-28 19:38:45 - 20251228_193844_b08d403b - markdown_it.rules_block.hr - DEBUG - hr.hr:14 - entering hr: StateBlock(line=160,level=2,tokens=463), 160, 168, False
2025-12-28 19:38:45 - 20251228_193844_b08d403b - markdown_it.rules_block.list - DEBUG - list.list_block:102 - entering list: StateBlock(line=160,level=2,tokens=463), 160, 168, False
2025-12-28 19:38:45 - 20251228_193844_b08d403b - markdown_it.rules_block.reference - DEBUG - reference.reference:10 - entering reference: StateBlock(line=160,level=2,tokens=463), 160, 168, False
2025-12-28 19:38:45 - 20251228_193844_b08d403b - markdown_it.rules_block.html_block - DEBUG - html_block.html_block:35 - entering html_block: StateBlock(line=160,level=2,tokens=463), 160, 168, False
2025-12-28 19:38:45 - 20251228_193844_b08d403b - markdown_it.rules_block.heading - DEBUG - heading.heading:13 - entering heading: StateBlock(line=160,level=2,tokens=463), 160, 168, False
2025-12-28 19:38:45 - 20251228_193844_b08d403b - markdown_it.rules_block.lheading - DEBUG - lheading.lheading:10 - entering lheading: StateBlock(line=160,level=2,tokens=463), 160, 168, False
2025-12-28 19:38:45 - 20251228_193844_b08d403b - markdown_it.rules_block.fence - DEBUG - fence.fence:10 - entering fence: StateBlock(line=160,level=2,tokens=463), 161, 168, True
2025-12-28 19:38:45 - 20251228_193844_b08d403b - markdown_it.rules_block.blockquote - DEBUG - blockquote.blockquote:13 - entering blockquote: StateBlock(line=160,level=2,tokens=463), 161, 168, True
2025-12-28 19:38:45 - 20251228_193844_b08d403b - markdown_it.rules_block.hr - DEBUG - hr.hr:14 - entering hr: StateBlock(line=160,level=2,tokens=463), 161, 168, True
2025-12-28 19:38:45 - 20251228_193844_b08d403b - markdown_it.rules_block.list - DEBUG - list.list_block:102 - entering list: StateBlock(line=160,level=2,tokens=463), 161, 168, True
2025-12-28 19:38:45 - 20251228_193844_b08d403b - markdown_it.rules_block.paragraph - DEBUG - paragraph.paragraph:10 - entering paragraph: StateBlock(line=160,level=2,tokens=463), 160, 168, False
2025-12-28 19:38:45 - 20251228_193844_b08d403b - markdown_it.rules_block.fence - DEBUG - fence.fence:10 - entering fence: StateBlock(line=160,level=2,tokens=463), 161, 168, True
2025-12-28 19:38:45 - 20251228_193844_b08d403b - markdown_it.rules_block.blockquote - DEBUG - blockquote.blockquote:13 - entering blockquote: StateBlock(line=160,level=2,tokens=463), 161, 168, True
2025-12-28 19:38:45 - 20251228_193844_b08d403b - markdown_it.rules_block.hr - DEBUG - hr.hr:14 - entering hr: StateBlock(line=160,level=2,tokens=463), 161, 168, True
2025-12-28 19:38:45 - 20251228_193844_b08d403b - markdown_it.rules_block.list - DEBUG - list.list_block:102 - entering list: StateBlock(line=160,level=2,tokens=463), 161, 168, True
2025-12-28 19:38:45 - 20251228_193844_b08d403b - markdown_it.rules_block.fence - DEBUG - fence.fence:10 - entering fence: StateBlock(line=161,level=1,tokens=467), 161, 168, True
2025-12-28 19:38:45 - 20251228_193844_b08d403b - markdown_it.rules_block.blockquote - DEBUG - blockquote.blockquote:13 - entering blockquote: StateBlock(line=161,level=1,tokens=467), 161, 168, True
2025-12-28 19:38:45 - 20251228_193844_b08d403b - markdown_it.rules_block.hr - DEBUG - hr.hr:14 - entering hr: StateBlock(line=161,level=1,tokens=467), 161, 168, True
2025-12-28 19:38:45 - 20251228_193844_b08d403b - markdown_it.rules_block.code - DEBUG - code.code:10 - entering code: StateBlock(line=161,level=2,tokens=468), 161, 168, False
2025-12-28 19:38:45 - 20251228_193844_b08d403b - markdown_it.rules_block.fence - DEBUG - fence.fence:10 - entering fence: StateBlock(line=161,level=2,tokens=468), 161, 168, False
2025-12-28 19:38:45 - 20251228_193844_b08d403b - markdown_it.rules_block.blockquote - DEBUG - blockquote.blockquote:13 - entering blockquote: StateBlock(line=161,level=2,tokens=468), 161, 168, False
2025-12-28 19:38:45 - 20251228_193844_b08d403b - markdown_it.rules_block.hr - DEBUG - hr.hr:14 - entering hr: StateBlock(line=161,level=2,tokens=468), 161, 168, False
2025-12-28 19:38:45 - 20251228_193844_b08d403b - markdown_it.rules_block.list - DEBUG - list.list_block:102 - entering list: StateBlock(line=161,level=2,tokens=468), 161, 168, False
2025-12-28 19:38:45 - 20251228_193844_b08d403b - markdown_it.rules_block.reference - DEBUG - reference.reference:10 - entering reference: StateBlock(line=161,level=2,tokens=468), 161, 168, False
2025-12-28 19:38:45 - 20251228_193844_b08d403b - markdown_it.rules_block.html_block - DEBUG - html_block.html_block:35 - entering html_block: StateBlock(line=161,level=2,tokens=468), 161, 168, False
2025-12-28 19:38:45 - 20251228_193844_b08d403b - markdown_it.rules_block.heading - DEBUG - heading.heading:13 - entering heading: StateBlock(line=161,level=2,tokens=468), 161, 168, False
2025-12-28 19:38:45 - 20251228_193844_b08d403b - markdown_it.rules_block.lheading - DEBUG - lheading.lheading:10 - entering lheading: StateBlock(line=161,level=2,tokens=468), 161, 168, False
2025-12-28 19:38:45 - 20251228_193844_b08d403b - markdown_it.rules_block.fence - DEBUG - fence.fence:10 - entering fence: StateBlock(line=161,level=2,tokens=468), 162, 168, True
2025-12-28 19:38:45 - 20251228_193844_b08d403b - markdown_it.rules_block.blockquote - DEBUG - blockquote.blockquote:13 - entering blockquote: StateBlock(line=161,level=2,tokens=468), 162, 168, True
2025-12-28 19:38:45 - 20251228_193844_b08d403b - markdown_it.rules_block.hr - DEBUG - hr.hr:14 - entering hr: StateBlock(line=161,level=2,tokens=468), 162, 168, True
2025-12-28 19:38:45 - 20251228_193844_b08d403b - markdown_it.rules_block.list - DEBUG - list.list_block:102 - entering list: StateBlock(line=161,level=2,tokens=468), 162, 168, True
2025-12-28 19:38:45 - 20251228_193844_b08d403b - markdown_it.rules_block.paragraph - DEBUG - paragraph.paragraph:10 - entering paragraph: StateBlock(line=161,level=2,tokens=468), 161, 168, False
2025-12-28 19:38:45 - 20251228_193844_b08d403b - markdown_it.rules_block.fence - DEBUG - fence.fence:10 - entering fence: StateBlock(line=161,level=2,tokens=468), 162, 168, True
2025-12-28 19:38:45 - 20251228_193844_b08d403b - markdown_it.rules_block.blockquote - DEBUG - blockquote.blockquote:13 - entering blockquote: StateBlock(line=161,level=2,tokens=468), 162, 168, True
2025-12-28 19:38:45 - 20251228_193844_b08d403b - markdown_it.rules_block.hr - DEBUG - hr.hr:14 - entering hr: StateBlock(line=161,level=2,tokens=468), 162, 168, True
2025-12-28 19:38:45 - 20251228_193844_b08d403b - markdown_it.rules_block.list - DEBUG - list.list_block:102 - entering list: StateBlock(line=161,level=2,tokens=468), 162, 168, True
2025-12-28 19:38:45 - 20251228_193844_b08d403b - markdown_it.rules_block.fence - DEBUG - fence.fence:10 - entering fence: StateBlock(line=162,level=1,tokens=472), 162, 168, True
2025-12-28 19:38:45 - 20251228_193844_b08d403b - markdown_it.rules_block.blockquote - DEBUG - blockquote.blockquote:13 - entering blockquote: StateBlock(line=162,level=1,tokens=472), 162, 168, True
2025-12-28 19:38:45 - 20251228_193844_b08d403b - markdown_it.rules_block.hr - DEBUG - hr.hr:14 - entering hr: StateBlock(line=162,level=1,tokens=472), 162, 168, True
2025-12-28 19:38:45 - 20251228_193844_b08d403b - markdown_it.rules_block.code - DEBUG - code.code:10 - entering code: StateBlock(line=162,level=2,tokens=473), 162, 168, False
2025-12-28 19:38:45 - 20251228_193844_b08d403b - markdown_it.rules_block.fence - DEBUG - fence.fence:10 - entering fence: StateBlock(line=162,level=2,tokens=473), 162, 168, False
2025-12-28 19:38:45 - 20251228_193844_b08d403b - markdown_it.rules_block.blockquote - DEBUG - blockquote.blockquote:13 - entering blockquote: StateBlock(line=162,level=2,tokens=473), 162, 168, False
2025-12-28 19:38:45 - 20251228_193844_b08d403b - markdown_it.rules_block.hr - DEBUG - hr.hr:14 - entering hr: StateBlock(line=162,level=2,tokens=473), 162, 168, False
2025-12-28 19:38:45 - 20251228_193844_b08d403b - markdown_it.rules_block.list - DEBUG - list.list_block:102 - entering list: StateBlock(line=162,level=2,tokens=473), 162, 168, False
2025-12-28 19:38:45 - 20251228_193844_b08d403b - markdown_it.rules_block.reference - DEBUG - reference.reference:10 - entering reference: StateBlock(line=162,level=2,tokens=473), 162, 168, False
2025-12-28 19:38:45 - 20251228_193844_b08d403b - markdown_it.rules_block.html_block - DEBUG - html_block.html_block:35 - entering html_block: StateBlock(line=162,level=2,tokens=473), 162, 168, False
2025-12-28 19:38:45 - 20251228_193844_b08d403b - markdown_it.rules_block.heading - DEBUG - heading.heading:13 - entering heading: StateBlock(line=162,level=2,tokens=473), 162, 168, False
2025-12-28 19:38:45 - 20251228_193844_b08d403b - markdown_it.rules_block.lheading - DEBUG - lheading.lheading:10 - entering lheading: StateBlock(line=162,level=2,tokens=473), 162, 168, False
2025-12-28 19:38:45 - 20251228_193844_b08d403b - markdown_it.rules_block.fence - DEBUG - fence.fence:10 - entering fence: StateBlock(line=162,level=2,tokens=473), 163, 168, True
2025-12-28 19:38:45 - 20251228_193844_b08d403b - markdown_it.rules_block.blockquote - DEBUG - blockquote.blockquote:13 - entering blockquote: StateBlock(line=162,level=2,tokens=473), 163, 168, True
2025-12-28 19:38:45 - 20251228_193844_b08d403b - markdown_it.rules_block.hr - DEBUG - hr.hr:14 - entering hr: StateBlock(line=162,level=2,tokens=473), 163, 168, True
2025-12-28 19:38:45 - 20251228_193844_b08d403b - markdown_it.rules_block.list - DEBUG - list.list_block:102 - entering list: StateBlock(line=162,level=2,tokens=473), 163, 168, True
2025-12-28 19:38:45 - 20251228_193844_b08d403b - markdown_it.rules_block.paragraph - DEBUG - paragraph.paragraph:10 - entering paragraph: StateBlock(line=162,level=2,tokens=473), 162, 168, False
2025-12-28 19:38:45 - 20251228_193844_b08d403b - markdown_it.rules_block.fence - DEBUG - fence.fence:10 - entering fence: StateBlock(line=162,level=2,tokens=473), 163, 168, True
2025-12-28 19:38:45 - 20251228_193844_b08d403b - markdown_it.rules_block.blockquote - DEBUG - blockquote.blockquote:13 - entering blockquote: StateBlock(line=162,level=2,tokens=473), 163, 168, True
2025-12-28 19:38:45 - 20251228_193844_b08d403b - markdown_it.rules_block.hr - DEBUG - hr.hr:14 - entering hr: StateBlock(line=162,level=2,tokens=473), 163, 168, True
2025-12-28 19:38:45 - 20251228_193844_b08d403b - markdown_it.rules_block.list - DEBUG - list.list_block:102 - entering list: StateBlock(line=162,level=2,tokens=473), 163, 168, True
2025-12-28 19:38:45 - 20251228_193844_b08d403b - markdown_it.rules_block.fence - DEBUG - fence.fence:10 - entering fence: StateBlock(line=163,level=1,tokens=477), 163, 168, True
2025-12-28 19:38:45 - 20251228_193844_b08d403b - markdown_it.rules_block.blockquote - DEBUG - blockquote.blockquote:13 - entering blockquote: StateBlock(line=163,level=1,tokens=477), 163, 168, True
2025-12-28 19:38:45 - 20251228_193844_b08d403b - markdown_it.rules_block.hr - DEBUG - hr.hr:14 - entering hr: StateBlock(line=163,level=1,tokens=477), 163, 168, True
2025-12-28 19:38:45 - 20251228_193844_b08d403b - markdown_it.rules_block.code - DEBUG - code.code:10 - entering code: StateBlock(line=163,level=2,tokens=478), 163, 168, False
2025-12-28 19:38:45 - 20251228_193844_b08d403b - markdown_it.rules_block.fence - DEBUG - fence.fence:10 - entering fence: StateBlock(line=163,level=2,tokens=478), 163, 168, False
2025-12-28 19:38:45 - 20251228_193844_b08d403b - markdown_it.rules_block.blockquote - DEBUG - blockquote.blockquote:13 - entering blockquote: StateBlock(line=163,level=2,tokens=478), 163, 168, False
2025-12-28 19:38:45 - 20251228_193844_b08d403b - markdown_it.rules_block.hr - DEBUG - hr.hr:14 - entering hr: StateBlock(line=163,level=2,tokens=478), 163, 168, False
2025-12-28 19:38:45 - 20251228_193844_b08d403b - markdown_it.rules_block.list - DEBUG - list.list_block:102 - entering list: StateBlock(line=163,level=2,tokens=478), 163, 168, False
2025-12-28 19:38:45 - 20251228_193844_b08d403b - markdown_it.rules_block.reference - DEBUG - reference.reference:10 - entering reference: StateBlock(line=163,level=2,tokens=478), 163, 168, False
2025-12-28 19:38:45 - 20251228_193844_b08d403b - markdown_it.rules_block.html_block - DEBUG - html_block.html_block:35 - entering html_block: StateBlock(line=163,level=2,tokens=478), 163, 168, False
2025-12-28 19:38:45 - 20251228_193844_b08d403b - markdown_it.rules_block.heading - DEBUG - heading.heading:13 - entering heading: StateBlock(line=163,level=2,tokens=478), 163, 168, False
2025-12-28 19:38:45 - 20251228_193844_b08d403b - markdown_it.rules_block.lheading - DEBUG - lheading.lheading:10 - entering lheading: StateBlock(line=163,level=2,tokens=478), 163, 168, False
2025-12-28 19:38:45 - 20251228_193844_b08d403b - markdown_it.rules_block.paragraph - DEBUG - paragraph.paragraph:10 - entering paragraph: StateBlock(line=163,level=2,tokens=478), 163, 168, False
2025-12-28 19:38:45 - 20251228_193844_b08d403b - markdown_it.rules_block.fence - DEBUG - fence.fence:10 - entering fence: StateBlock(line=165,level=1,tokens=482), 165, 168, True
2025-12-28 19:38:45 - 20251228_193844_b08d403b - markdown_it.rules_block.blockquote - DEBUG - blockquote.blockquote:13 - entering blockquote: StateBlock(line=165,level=1,tokens=482), 165, 168, True
2025-12-28 19:38:45 - 20251228_193844_b08d403b - markdown_it.rules_block.hr - DEBUG - hr.hr:14 - entering hr: StateBlock(line=165,level=1,tokens=482), 165, 168, True
2025-12-28 19:38:45 - 20251228_193844_b08d403b - markdown_it.rules_block.code - DEBUG - code.code:10 - entering code: StateBlock(line=165,level=0,tokens=483), 165, 168, False
2025-12-28 19:38:45 - 20251228_193844_b08d403b - markdown_it.rules_block.fence - DEBUG - fence.fence:10 - entering fence: StateBlock(line=165,level=0,tokens=483), 165, 168, False
2025-12-28 19:38:45 - 20251228_193844_b08d403b - markdown_it.rules_block.blockquote - DEBUG - blockquote.blockquote:13 - entering blockquote: StateBlock(line=165,level=0,tokens=483), 165, 168, False
2025-12-28 19:38:45 - 20251228_193844_b08d403b - markdown_it.rules_block.hr - DEBUG - hr.hr:14 - entering hr: StateBlock(line=165,level=0,tokens=483), 165, 168, False
2025-12-28 19:38:45 - 20251228_193844_b08d403b - markdown_it.rules_block.code - DEBUG - code.code:10 - entering code: StateBlock(line=167,level=0,tokens=484), 167, 168, False
2025-12-28 19:38:45 - 20251228_193844_b08d403b - markdown_it.rules_block.fence - DEBUG - fence.fence:10 - entering fence: StateBlock(line=167,level=0,tokens=484), 167, 168, False
2025-12-28 19:38:45 - 20251228_193844_b08d403b - markdown_it.rules_block.blockquote - DEBUG - blockquote.blockquote:13 - entering blockquote: StateBlock(line=167,level=0,tokens=484), 167, 168, False
2025-12-28 19:38:45 - 20251228_193844_b08d403b - markdown_it.rules_block.hr - DEBUG - hr.hr:14 - entering hr: StateBlock(line=167,level=0,tokens=484), 167, 168, False
2025-12-28 19:38:45 - 20251228_193844_b08d403b - markdown_it.rules_block.list - DEBUG - list.list_block:102 - entering list: StateBlock(line=167,level=0,tokens=484), 167, 168, False
2025-12-28 19:38:45 - 20251228_193844_b08d403b - markdown_it.rules_block.reference - DEBUG - reference.reference:10 - entering reference: StateBlock(line=167,level=0,tokens=484), 167, 168, False
2025-12-28 19:38:45 - 20251228_193844_b08d403b - markdown_it.rules_block.html_block - DEBUG - html_block.html_block:35 - entering html_block: StateBlock(line=167,level=0,tokens=484), 167, 168, False
2025-12-28 19:38:45 - 20251228_193844_b08d403b - markdown_it.rules_block.heading - DEBUG - heading.heading:13 - entering heading: StateBlock(line=167,level=0,tokens=484), 167, 168, False
2025-12-28 19:38:45 - 20251228_193844_b08d403b - markdown_it.rules_block.lheading - DEBUG - lheading.lheading:10 - entering lheading: StateBlock(line=167,level=0,tokens=484), 167, 168, False
2025-12-28 19:38:45 - 20251228_193844_b08d403b - markdown_it.rules_block.paragraph - DEBUG - paragraph.paragraph:10 - entering paragraph: StateBlock(line=167,level=0,tokens=484), 167, 168, False
2025-12-28 19:38:45 - 20251228_193844_b08d403b - aichemist_codex.converters.md2pdf - DEBUG - to_pdf.convert_md_to_pdf:258 - Saving PDF to: D:\Steve\Documents\HumanRights\00_CLINIC_COVER_SHEET.pdf
2025-12-28 19:38:45 - 20251228_193844_b08d403b - aichemist_codex.converters.md2pdf - DEBUG - to_pdf.convert_md_to_pdf:262 - Successfully saved PDF to: D:\Steve\Documents\HumanRights\00_CLINIC_COVER_SHEET.pdf
2025-12-28 19:38:45 - 20251228_193844_b08d403b - aichemist_codex.converters.md2pdf - ERROR - to_pdf.convert_md_to_pdf:295 - [CONVERSION_MD2PDF_003] Error converting Markdown to PDF: record_conversion_attempt() missing 1 required positional argument: 'conversion_type'
Traceback (most recent call last):
  File "D:\Coding\SafeAppeals2.0\python\transmutation_codex\plugins\markdown\to_pdf.py", line 275, in convert_md_to_pdf
    record_conversion_attempt(
    ~~~~~~~~~~~~~~~~~~~~~~~~~^
        converter_name="md2pdf",
        ^^^^^^^^^^^^^^^^^^^^^^^^
    ...<2 lines>...
        success=True,
        ^^^^^^^^^^^^^
    )
    ^
TypeError: record_conversion_attempt() missing 1 required positional argument: 'conversion_type'
2025-12-28 19:38:45 - 20251228_193844_b08d403b - aichemist_codex.electron_bridge - WARNING - conversion_handler.handle_single_conversion:121 - Initial conversion attempt failed: Markdown to PDF conversion failed: record_conversion_attempt() missing 1 required positional argument: 'conversion_type' (source_format=md, target_format=pdf, source_file=D:\Steve\Documents\HumanRights\For_Clinic\00_CLINIC_COVER_SHEET.md, error_code=CONVERSION_MD2PDF_003)
Traceback (most recent call last):
  File "D:\Coding\SafeAppeals2.0\python\transmutation_codex\plugins\markdown\to_pdf.py", line 275, in convert_md_to_pdf
    record_conversion_attempt(
    ~~~~~~~~~~~~~~~~~~~~~~~~~^
        converter_name="md2pdf",
        ^^^^^^^^^^^^^^^^^^^^^^^^
    ...<2 lines>...
        success=True,
        ^^^^^^^^^^^^^
    )
    ^
TypeError: record_conversion_attempt() missing 1 required positional argument: 'conversion_type'

During handling of the above exception, another exception occurred:

Traceback (most recent call last):
  File "D:\Coding\SafeAppeals2.0\python\transmutation_codex\adapters\bridges\conversion_handler.py", line 116, in handle_single_conversion
    result_path = converter_callable(
        str(input_path), str(output_path), **args.options
    )
  File "D:\Coding\SafeAppeals2.0\python\transmutation_codex\core\decorators.py", line 113, in wrapper
    return func(input_path, output_path, **kwargs)
  File "D:\Coding\SafeAppeals2.0\python\transmutation_codex\plugins\markdown\to_pdf.py", line 297, in convert_md_to_pdf
    raise_conversion_error(
    ~~~~~~~~~~~~~~~~~~~~~~^
        f"Markdown to PDF conversion failed: {e}",
        ^^^^^^^^^^^^^^^^^^^^^^^^^^^^^^^^^^^^^^^^^^
    ...<3 lines>...
        error_code=error_code,
        ^^^^^^^^^^^^^^^^^^^^^^
    )
    ^
  File "D:\Coding\SafeAppeals2.0\python\transmutation_codex\core\exceptions.py", line 563, in raise_conversion_error
    raise ConversionError(message, source_format, target_format, source_file, error_code)
transmutation_codex.core.exceptions.ConversionError: Markdown to PDF conversion failed: record_conversion_attempt() missing 1 required positional argument: 'conversion_type' (source_format=md, target_format=pdf, source_file=D:\Steve\Documents\HumanRights\For_Clinic\00_CLINIC_COVER_SHEET.md, error_code=CONVERSION_MD2PDF_003)
2025-12-28 19:38:45 - 20251228_193844_b08d403b - aichemist_codex.electron_bridge - ERROR - conversion_handler.handle_single_conversion:176 - [BRIDGE_004] Conversion failed: Markdown to PDF conversion failed: record_conversion_attempt() missing 1 required positional argument: 'conversion_type' (source_format=md, target_format=pdf, source_file=D:\Steve\Documents\HumanRights\For_Clinic\00_CLINIC_COVER_SHEET.md, error_code=CONVERSION_MD2PDF_003)
Traceback (most recent call last):
  File "D:\Coding\SafeAppeals2.0\python\transmutation_codex\plugins\markdown\to_pdf.py", line 275, in convert_md_to_pdf
    record_conversion_attempt(
    ~~~~~~~~~~~~~~~~~~~~~~~~~^
        converter_name="md2pdf",
        ^^^^^^^^^^^^^^^^^^^^^^^^
    ...<2 lines>...
        success=True,
        ^^^^^^^^^^^^^
    )
    ^
TypeError: record_conversion_attempt() missing 1 required positional argument: 'conversion_type'

During handling of the above exception, another exception occurred:

Traceback (most recent call last):
  File "D:\Coding\SafeAppeals2.0\python\transmutation_codex\adapters\bridges\conversion_handler.py", line 116, in handle_single_conversion
    result_path = converter_callable(
        str(input_path), str(output_path), **args.options
    )
  File "D:\Coding\SafeAppeals2.0\python\transmutation_codex\core\decorators.py", line 113, in wrapper
    return func(input_path, output_path, **kwargs)
  File "D:\Coding\SafeAppeals2.0\python\transmutation_codex\plugins\markdown\to_pdf.py", line 297, in convert_md_to_pdf
    raise_conversion_error(
    ~~~~~~~~~~~~~~~~~~~~~~^
        f"Markdown to PDF conversion failed: {e}",
        ^^^^^^^^^^^^^^^^^^^^^^^^^^^^^^^^^^^^^^^^^^
    ...<3 lines>...
        error_code=error_code,
        ^^^^^^^^^^^^^^^^^^^^^^
    )
    ^
  File "D:\Coding\SafeAppeals2.0\python\transmutation_codex\core\exceptions.py", line 563, in raise_conversion_error
    raise ConversionError(message, source_format, target_format, source_file, error_code)
transmutation_codex.core.exceptions.ConversionError: Markdown to PDF conversion failed: record_conversion_attempt() missing 1 required positional argument: 'conversion_type' (source_format=md, target_format=pdf, source_file=D:\Steve\Documents\HumanRights\For_Clinic\00_CLINIC_COVER_SHEET.md, error_code=CONVERSION_MD2PDF_003)
2025-12-28 19:38:45 - 20251228_193844_b08d403b - aichemist_codex.electron_bridge - ERROR - progress_reporter.report_error:97 - Reporting error (conversion): Markdown to PDF conversion failed: record_conversion_attempt() missing 1 required positional argument: 'conversion_type' (source_format=md, target_format=pdf, source_file=D:\Steve\Documents\HumanRights\For_Clinic\00_CLINIC_COVER_SHEET.md, error_code=CONVERSION_MD2PDF_003)
2025-12-28 19:38:45 - 20251228_193844_b08d403b - aichemist_codex.electron_bridge - DEBUG - base.send_json_message:49 - Sending PROGRESS message: {"current": 30, "total": 100, "message": "Error: Markdown to PDF conversion failed: record_conversion_attempt() missing 1 required positional argument: 'conversion_type' (source_format=md, target_form...
2025-12-28 19:38:45 - 20251228_193844_b08d403b - aichemist_codex.electron_bridge - DEBUG - base.send_json_message:49 - Sending ERROR message: {"error": "Markdown to PDF conversion failed: record_conversion_attempt() missing 1 required positional argument: 'conversion_type' (source_format=md, target_format=pdf, source_file=D:\\Steve\\Documen...
2025-12-28 19:38:45 - 20251228_193844_b08d403b - aichemist_codex.electron_bridge - DEBUG - base.send_json_message:49 - Sending RESULT message: {"success": false, "message": "Conversion failed: Markdown to PDF conversion failed: record_conversion_attempt() missing 1 required positional argument: 'conversion_type' (source_format=md, target_for...
2025-12-28 19:38:45 - 20251228_193844_b08d403b - aichemist_codex.electron_bridge - ERROR - conversion_handler.handle_conversion:411 - [BRIDGE_004] Conversion error: Conversion failed: Markdown to PDF conversion failed: record_conversion_attempt() missing 1 required positional argument: 'conversion_type' (source_format=md, target_format=pdf, source_file=D:\Steve\Documents\HumanRights\For_Clinic\00_CLINIC_COVER_SHEET.md, error_code=CONVERSION_MD2PDF_003)
Traceback (most recent call last):
  File "D:\Coding\SafeAppeals2.0\python\transmutation_codex\plugins\markdown\to_pdf.py", line 275, in convert_md_to_pdf
    record_conversion_attempt(
    ~~~~~~~~~~~~~~~~~~~~~~~~~^
        converter_name="md2pdf",
        ^^^^^^^^^^^^^^^^^^^^^^^^
    ...<2 lines>...
        success=True,
        ^^^^^^^^^^^^^
    )
    ^
TypeError: record_conversion_attempt() missing 1 required positional argument: 'conversion_type'

During handling of the above exception, another exception occurred:

Traceback (most recent call last):
  File "D:\Coding\SafeAppeals2.0\python\transmutation_codex\adapters\bridges\conversion_handler.py", line 116, in handle_single_conversion
    result_path = converter_callable(
        str(input_path), str(output_path), **args.options
    )
  File "D:\Coding\SafeAppeals2.0\python\transmutation_codex\core\decorators.py", line 113, in wrapper
    return func(input_path, output_path, **kwargs)
  File "D:\Coding\SafeAppeals2.0\python\transmutation_codex\plugins\markdown\to_pdf.py", line 297, in convert_md_to_pdf
    raise_conversion_error(
    ~~~~~~~~~~~~~~~~~~~~~~^
        f"Markdown to PDF conversion failed: {e}",
        ^^^^^^^^^^^^^^^^^^^^^^^^^^^^^^^^^^^^^^^^^^
    ...<3 lines>...
        error_code=error_code,
        ^^^^^^^^^^^^^^^^^^^^^^
    )
    ^
  File "D:\Coding\SafeAppeals2.0\python\transmutation_codex\core\exceptions.py", line 563, in raise_conversion_error
    raise ConversionError(message, source_format, target_format, source_file, error_code)
transmutation_codex.core.exceptions.ConversionError: Markdown to PDF conversion failed: record_conversion_attempt() missing 1 required positional argument: 'conversion_type' (source_format=md, target_format=pdf, source_file=D:\Steve\Documents\HumanRights\For_Clinic\00_CLINIC_COVER_SHEET.md, error_code=CONVERSION_MD2PDF_003)

The above exception was the direct cause of the following exception:

Traceback (most recent call last):
  File "D:\Coding\SafeAppeals2.0\python\transmutation_codex\adapters\bridges\conversion_handler.py", line 391, in handle_conversion
    handle_single_conversion(args, reporter)
    ~~~~~~~~~~~~~~~~~~~~~~~~^^^^^^^^^^^^^^^^
  File "D:\Coding\SafeAppeals2.0\python\transmutation_codex\adapters\bridges\conversion_handler.py", line 189, in handle_single_conversion
    raise BridgeConversionError(f"Conversion failed: {e}") from e
transmutation_codex.adapters.bridges.base.BridgeConversionError: Conversion failed: Markdown to PDF conversion failed: record_conversion_attempt() missing 1 required positional argument: 'conversion_type' (source_format=md, target_format=pdf, source_file=D:\Steve\Documents\HumanRights\For_Clinic\00_CLINIC_COVER_SHEET.md, error_code=CONVERSION_MD2PDF_003)
2025-12-28 19:38:45 - 20251228_193844_b08d403b - aichemist_codex.electron_bridge - INFO - electron_bridge.main:50 - Electron bridge exiting with code 1
